BEGIN	1757694291.2123165
EXEC	/work1/grodgers/git/tr-aomp/TheRock/build/ml-libs/composable_kernel/build	/usr/bin/cmake -E env --unset=ROCM_PATH --unset=ROCM_DIR --unset=HIP_PATH --unset=HIP_DIR -- /usr/bin/cmake --build /work/grodgers/git/tr-aomp/TheRock/build/ml-libs/composable_kernel/build
0.2	[1/1191] cd /work/grodgers/git/tr-aomp/TheRock/build/ml-libs/composable_kernel/build && /usr/bin/cmake -E rm -f /work/grodgers/git/tr-aomp/TheRock/build/ml-libs/composable_kernel/stamp/stage.stamp
27.7	[2/1191] Building CXX object library/src/tensor_operation_instance/gpu/grouped_conv2d_fwd/CMakeFiles/device_grouped_conv2d_fwd_instance.dir/generated/xdl/device_grouped_conv2d_fwd_xdl_ngchw_gkcyx_ngkhw_f16_instances.cpp.o
27.8	[3/1191] Building CXX object library/src/tensor_operation_instance/gpu/grouped_conv2d_fwd/CMakeFiles/device_grouped_conv2d_fwd_instance.dir/generated/xdl/device_grouped_conv2d_fwd_xdl_ngchw_gkcyx_ngkhw_bf16_instances.cpp.o
28.2	[4/1191] Building CXX object library/src/tensor_operation_instance/gpu/grouped_conv2d_fwd/CMakeFiles/device_grouped_conv2d_fwd_instance.dir/generated/xdl/comp/device_grouped_conv2d_fwd_xdl_ngchw_gkcyx_ngkhw_bf16_comp_instances_shard_13.cpp.o
28.8	[5/1191] Building CXX object library/src/tensor_operation_instance/gpu/grouped_conv2d_fwd/CMakeFiles/device_grouped_conv2d_fwd_instance.dir/generated/xdl/comp/device_grouped_conv2d_fwd_xdl_ngchw_gkcyx_ngkhw_bf16_comp_instances_shard_15.cpp.o
29.0	[6/1191] Building CXX object library/src/tensor_operation_instance/gpu/grouped_conv2d_fwd/CMakeFiles/device_grouped_conv2d_fwd_instance.dir/generated/xdl/comp/device_grouped_conv2d_fwd_xdl_ngchw_gkcyx_ngkhw_bf16_comp_instances_shard_11.cpp.o
29.1	[7/1191] Building CXX object library/src/tensor_operation_instance/gpu/grouped_conv2d_fwd/CMakeFiles/device_grouped_conv2d_fwd_instance.dir/generated/xdl/mem/device_grouped_conv2d_fwd_xdl_nhwgc_gkyxc_nhwgk_int8_mem_inter_instances.cpp.o
29.9	[8/1191] Building CXX object library/src/tensor_operation_instance/gpu/grouped_conv2d_fwd/CMakeFiles/device_grouped_conv2d_fwd_instance.dir/generated/xdl/mem/device_grouped_conv2d_fwd_xdl_nhwgc_gkyxc_nhwgk_int8_mem_inter_instances_shard_20.cpp.o
30.0	[9/1191] Building CXX object library/src/tensor_operation_instance/gpu/grouped_conv2d_fwd/CMakeFiles/device_grouped_conv2d_fwd_instance.dir/generated/xdl/comp/device_grouped_conv2d_fwd_xdl_ngchw_gkcyx_ngkhw_bf16_comp_instances_shard_14.cpp.o
30.5	[10/1191] Building CXX object library/src/tensor_operation_instance/gpu/grouped_conv2d_fwd/CMakeFiles/device_grouped_conv2d_fwd_instance.dir/xdl/comp/device_grouped_conv2d_fwd_xdl_ngchw_gkcyx_ngkhw_bf16_comp_part2_instance.cpp.o
30.9	[11/1191] Building CXX object library/src/tensor_operation_instance/gpu/grouped_conv2d_fwd/CMakeFiles/device_grouped_conv2d_fwd_instance.dir/xdl/comp/device_grouped_conv2d_fwd_xdl_ngchw_gkcyx_ngkhw_f16_comp_part2_instance.cpp.o
31.0	[12/1191] Building CXX object library/src/tensor_operation_instance/gpu/grouped_conv2d_fwd/CMakeFiles/device_grouped_conv2d_fwd_instance.dir/generated/xdl/comp/device_grouped_conv2d_fwd_xdl_ngchw_gkcyx_ngkhw_bf16_comp_instances_shard_12.cpp.o
31.7	[13/1191] Building CXX object library/src/tensor_operation_instance/gpu/grouped_conv2d_fwd/CMakeFiles/device_grouped_conv2d_fwd_instance.dir/generated/xdl/comp/device_grouped_conv2d_fwd_xdl_ngchw_gkcyx_ngkhw_bf16_comp_instances.cpp.o
56.7	[14/1191] Building CXX object library/src/tensor_operation_instance/gpu/grouped_conv2d_fwd/CMakeFiles/device_grouped_conv2d_fwd_instance.dir/generated/xdl/mem/device_grouped_conv2d_fwd_xdl_nhwgc_gkyxc_nhwgk_int8_mem_intra_instances_shard_20.cpp.o
61.6	[15/1191] Building CXX object library/src/tensor_operation_instance/gpu/grouped_conv2d_fwd/CMakeFiles/device_grouped_conv2d_fwd_instance.dir/generated/xdl/mem/device_grouped_conv2d_fwd_xdl_nhwgc_gkyxc_nhwgk_int8_mem_intra_instances.cpp.o
99.9	[16/1191] Building CXX object library/src/tensor_operation_instance/gpu/grouped_conv2d_bwd_weight/CMakeFiles/device_grouped_conv2d_bwd_weight_instance.dir/xdl/gnhwc_gkyxc_gnhwk/device_grouped_conv2d_bwd_weight_xdl_gnhwc_gkyxc_gnhwk_f32_pad0_pipev1_instance.cpp.o
105.5	[17/1191] Building CXX object library/src/tensor_operation_instance/gpu/grouped_conv2d_fwd/CMakeFiles/device_grouped_conv2d_fwd_instance.dir/generated/xdl/mem/device_grouped_conv2d_fwd_xdl_nhwgc_gkyxc_nhwgk_int8_mem_intra_instances_shard_3.cpp.o
107.7	[18/1191] Building CXX object library/src/tensor_operation_instance/gpu/grouped_conv2d_fwd/CMakeFiles/device_grouped_conv2d_fwd_instance.dir/generated/xdl/mem/device_grouped_conv2d_fwd_xdl_nhwgc_gkyxc_nhwgk_int8_mem_intra_instances_shard_2.cpp.o
108.2	[19/1191] Building CXX object library/src/tensor_operation_instance/gpu/grouped_conv2d_fwd/CMakeFiles/device_grouped_conv2d_fwd_instance.dir/generated/xdl/mem/device_grouped_conv2d_fwd_xdl_nhwgc_gkyxc_nhwgk_int8_mem_inter_instances_shard_3.cpp.o
108.7	[20/1191] Building CXX object library/src/tensor_operation_instance/gpu/grouped_conv2d_fwd/CMakeFiles/device_grouped_conv2d_fwd_instance.dir/generated/xdl/mem/device_grouped_conv2d_fwd_xdl_nhwgc_gkyxc_nhwgk_int8_mem_inter_instances_shard_0.cpp.o
110.9	[21/1191] Building CXX object library/src/tensor_operation_instance/gpu/grouped_conv2d_bwd_weight/CMakeFiles/device_grouped_conv2d_bwd_weight_instance.dir/xdl/nhwgc_gkyxc_nhwgk/device_grouped_conv2d_bwd_weight_xdl_nhwgc_gkyxc_nhwgk_f32_pad0_pipev2_instance.cpp.o
111.4	[22/1191] Building CXX object library/src/tensor_operation_instance/gpu/grouped_conv2d_fwd/CMakeFiles/device_grouped_conv2d_fwd_instance.dir/generated/xdl/mem/device_grouped_conv2d_fwd_xdl_nhwgc_gkyxc_nhwgk_int8_mem_inter_instances_shard_2.cpp.o
117.4	[23/1191] Building CXX object library/src/tensor_operation_instance/gpu/grouped_conv2d_fwd/CMakeFiles/device_grouped_conv2d_fwd_instance.dir/generated/xdl/mem/device_grouped_conv2d_fwd_xdl_nhwgc_gkyxc_nhwgk_int8_mem_intra_instances_shard_0.cpp.o
120.5	[24/1191] Building CXX object library/src/tensor_operation_instance/gpu/grouped_conv2d_fwd/CMakeFiles/device_grouped_conv2d_fwd_instance.dir/generated/xdl/mem/device_grouped_conv2d_fwd_xdl_nhwgc_gkyxc_nhwgk_int8_mem_intra_instances_shard_1.cpp.o
120.5	[25/1191] Building CXX object library/src/tensor_operation_instance/gpu/grouped_conv2d_fwd/CMakeFiles/device_grouped_conv2d_fwd_instance.dir/generated/xdl/mem/device_grouped_conv2d_fwd_xdl_nhwgc_gkyxc_nhwgk_int8_mem_inter_instances_shard_1.cpp.o
120.6	[26/1191] Building CXX object library/src/tensor_operation_instance/gpu/grouped_conv2d_bwd_weight/CMakeFiles/device_grouped_conv2d_bwd_weight_instance.dir/xdl/gnhwc_gkyxc_gnhwk/device_grouped_conv2d_bwd_weight_xdl_gnhwc_gkyxc_gnhwk_f32_default_pipev1_instance.cpp.o
121.5	[27/1191] Building CXX object library/src/tensor_operation_instance/gpu/grouped_conv2d_bwd_weight/CMakeFiles/device_grouped_conv2d_bwd_weight_instance.dir/xdl/nhwgc_gkyxc_nhwgk/device_grouped_conv2d_bwd_weight_xdl_nhwgc_gkyxc_nhwgk_f32_pad0_pipev5_instance.cpp.o
124.2	[28/1191] Building CXX object library/src/tensor_operation_instance/gpu/grouped_conv2d_fwd/CMakeFiles/device_grouped_conv2d_fwd_instance.dir/xdl/merged_groups/device_grouped_conv2d_fwd_xdl_merged_groups_nhwgc_gkyxc_nhwgk_f32_instance.cpp.o
131.9	[29/1191] Building CXX object library/src/tensor_operation_instance/gpu/grouped_conv2d_fwd/CMakeFiles/device_grouped_conv2d_fwd_instance.dir/xdl/merged_groups/device_grouped_conv2d_fwd_xdl_merged_groups_nhwgc_gkyxc_nhwgk_int8_instance.cpp.o
134.1	[30/1191] Building CXX object library/src/tensor_operation_instance/gpu/grouped_conv2d_bwd_weight/CMakeFiles/device_grouped_conv2d_bwd_weight_instance.dir/xdl/gnhwc_gkyxc_gnhwk/device_grouped_conv2d_bwd_weight_xdl_gnhwc_gkyxc_gnhwk_f16_instance.cpp.o
134.3	[31/1191] Building CXX object library/src/tensor_operation_instance/gpu/grouped_conv2d_bwd_weight/CMakeFiles/device_grouped_conv2d_bwd_weight_instance.dir/xdl/gnhwc_gkyxc_gnhwk/device_grouped_conv2d_bwd_weight_xdl_gnhwc_gkyxc_gnhwk_f32_instance.cpp.o
137.9	[32/1191] Building CXX object library/src/tensor_operation_instance/gpu/grouped_conv2d_fwd/CMakeFiles/device_grouped_conv2d_fwd_instance.dir/xdl/large_tensor/device_grouped_conv2d_fwd_xdl_large_tensor_nhwgc_gkyxc_nhwgk_f32_instance.cpp.o
139.1	[33/1191] Building CXX object library/src/tensor_operation_instance/gpu/grouped_conv2d_fwd/CMakeFiles/device_grouped_conv2d_fwd_instance.dir/xdl/device_grouped_conv2d_fwd_xdl_nhwgc_gkyxc_nhwgk_f32_16x16_instance.cpp.o
144.8	[34/1191] Building CXX object library/src/tensor_operation_instance/gpu/grouped_conv1d_bwd_weight/CMakeFiles/device_grouped_conv1d_bwd_weight_instance.dir/dl/device_grouped_conv1d_bwd_weight_dl_gnwc_gkxc_gnwk_f32_instance.cpp.o
146.0	[35/1191] Building CXX object library/src/tensor_operation_instance/gpu/grouped_conv1d_bwd_weight/CMakeFiles/device_grouped_conv1d_bwd_weight_instance.dir/dl/device_grouped_conv1d_bwd_weight_dl_nwgc_gkxc_nwgk_f32_instance.cpp.o
148.3	[36/1191] Building CXX object library/src/tensor_operation_instance/gpu/grouped_conv2d_fwd_bias_bnorm_clamp/CMakeFiles/device_grouped_conv2d_fwd_bias_bnorm_clamp_instance.dir/generated/xdl/device_grouped_conv2d_fwd_bias_bn_clamp_xdl_nhwgc_gkyxc_nhwgk_bf16_instances.cpp.o
149.4	[37/1191] Building CXX object library/src/tensor_operation_instance/gpu/grouped_conv2d_bwd_weight/CMakeFiles/device_grouped_conv2d_bwd_weight_instance.dir/xdl/ngchw_gkyxc_ngkhw/device_grouped_conv2d_bwd_weight_two_stage_xdl_ngchw_gkyxc_ngkhw_bf16_pipev1_instance.cpp.o
150.0	[38/1191] Building CXX object library/src/tensor_operation_instance/gpu/grouped_conv1d_bwd_weight/CMakeFiles/device_grouped_conv1d_bwd_weight_instance.dir/dl/device_grouped_conv1d_bwd_weight_dl_nwgc_gkxc_nwgk_bf16_f32_bf16_instance.cpp.o
150.1	[39/1191] Building CXX object library/src/tensor_operation_instance/gpu/grouped_conv1d_bwd_weight/CMakeFiles/device_grouped_conv1d_bwd_weight_instance.dir/dl/device_grouped_conv1d_bwd_weight_dl_gnwc_gkxc_gnwk_f16_instance.cpp.o
150.4	[40/1191] Building CXX object library/src/tensor_operation_instance/gpu/grouped_conv2d_bwd_weight/CMakeFiles/device_grouped_conv2d_bwd_weight_instance.dir/xdl/nhwgc_gkyxc_nhwgk/device_grouped_conv2d_bwd_weight_xdl_nhwgc_gkyxc_nhwgk_f32_default_pipev2_instance.cpp.o
151.1	[41/1191] Building CXX object library/src/tensor_operation_instance/gpu/grouped_conv2d_fwd/CMakeFiles/device_grouped_conv2d_fwd_instance.dir/xdl/device_grouped_conv2d_fwd_xdl_nhwgc_gkyxc_nhwgk_bf16_16x16_instance.cpp.o
151.4	[42/1191] Building CXX object library/src/tensor_operation_instance/gpu/grouped_conv1d_bwd_weight/CMakeFiles/device_grouped_conv1d_bwd_weight_instance.dir/dl/device_grouped_conv1d_bwd_weight_dl_nwgc_gkxc_nwgk_f16_instance.cpp.o
151.9	[43/1191] Building CXX object library/src/tensor_operation_instance/gpu/grouped_conv2d_fwd/CMakeFiles/device_grouped_conv2d_fwd_instance.dir/xdl/merged_groups/device_grouped_conv2d_fwd_xdl_merged_groups_ngchw_gkcyx_ngkhw_bf16_instance.cpp.o
152.1	[44/1191] Building CXX object library/src/tensor_operation_instance/gpu/grouped_conv2d_bwd_weight/CMakeFiles/device_grouped_conv2d_bwd_weight_instance.dir/xdl/ngchw_gkyxc_ngkhw/device_grouped_conv2d_bwd_weight_two_stage_xdl_ngchw_gkyxc_ngkhw_f16_pipev1_instance.cpp.o
152.1	[45/1191] Building CXX object library/src/tensor_operation_instance/gpu/grouped_conv2d_fwd/CMakeFiles/device_grouped_conv2d_fwd_instance.dir/xdl/device_grouped_conv2d_fwd_xdl_nhwgc_gkyxc_nhwgk_f16_16x16_instance.cpp.o
152.7	[46/1191] Building CXX object library/src/tensor_operation_instance/gpu/grouped_conv2d_fwd/CMakeFiles/device_grouped_conv2d_fwd_instance.dir/generated/xdl/comp/device_grouped_conv2d_fwd_xdl_ngchw_gkcyx_ngkhw_bf16_comp_instances_shard_10.cpp.o
155.5	[47/1191] Building CXX object library/src/tensor_operation_instance/gpu/grouped_conv1d_bwd_weight/CMakeFiles/device_grouped_conv1d_bwd_weight_instance.dir/dl/device_grouped_conv1d_bwd_weight_dl_gnwc_gkxc_gnwk_bf16_f32_bf16_instance.cpp.o
156.4	[48/1191] Building CXX object library/src/tensor_operation_instance/gpu/grouped_conv2d_bwd_weight/CMakeFiles/device_grouped_conv2d_bwd_weight_instance.dir/dl/device_grouped_conv2d_bwd_weight_dl_nhwgc_gkyxc_nhwgk_f16_instance.cpp.o
156.5	[49/1191] Building CXX object library/src/tensor_operation_instance/gpu/grouped_conv2d_fwd/CMakeFiles/device_grouped_conv2d_fwd_instance.dir/xdl/merged_groups/device_grouped_conv2d_fwd_xdl_merged_groups_ngchw_gkcyx_ngkhw_f16_instance.cpp.o
157.0	[50/1191] Building CXX object library/src/tensor_operation_instance/gpu/grouped_conv2d_fwd/CMakeFiles/device_grouped_conv2d_fwd_instance.dir/generated/xdl/device_grouped_conv2d_fwd_xdl_ngchw_gkcyx_ngkhw_bf16_instances_shard_10.cpp.o
157.1	[51/1191] Building CXX object library/src/tensor_operation_instance/gpu/grouped_conv2d_bwd_weight/CMakeFiles/device_grouped_conv2d_bwd_weight_instance.dir/dl/device_grouped_conv2d_bwd_weight_dl_nhwgc_gkyxc_nhwgk_f32_instance.cpp.o
158.0	[52/1191] Building CXX object library/src/tensor_operation_instance/gpu/grouped_conv2d_bwd_weight/CMakeFiles/device_grouped_conv2d_bwd_weight_instance.dir/dl/device_grouped_conv2d_bwd_weight_dl_gnhwc_gkyxc_gnhwk_f32_instance.cpp.o
158.0	[53/1191] Building CXX object library/src/tensor_operation_instance/gpu/grouped_conv2d_fwd/CMakeFiles/device_grouped_conv2d_fwd_instance.dir/xdl/merged_groups/device_grouped_conv2d_fwd_xdl_merged_groups_ngchw_gkcyx_ngkhw_f32_instance.cpp.o
159.4	[54/1191] Building CXX object library/src/tensor_operation_instance/gpu/grouped_conv2d_fwd/CMakeFiles/device_grouped_conv2d_fwd_instance.dir/xdl/comp/device_grouped_conv2d_fwd_xdl_nhwgc_gkyxc_nhwgk_bf16_comp_2x_instance.cpp.o
159.8	[55/1191] Building CXX object library/src/tensor_operation_instance/gpu/grouped_conv2d_fwd/CMakeFiles/device_grouped_conv2d_fwd_instance.dir/xdl/comp/device_grouped_conv2d_fwd_xdl_nhwgc_gkyxc_nhwgk_f16_comp_2x_instance.cpp.o
160.5	[56/1191] Building CXX object library/src/tensor_operation_instance/gpu/grouped_conv2d_bwd_weight/CMakeFiles/device_grouped_conv2d_bwd_weight_instance.dir/dl/device_grouped_conv2d_bwd_weight_dl_gnhwc_gkyxc_gnhwk_f16_instance.cpp.o
160.7	[57/1191] Building CXX object library/src/tensor_operation_instance/gpu/grouped_conv2d_fwd/CMakeFiles/device_grouped_conv2d_fwd_instance.dir/generated/xdl/device_grouped_conv2d_fwd_xdl_ngchw_gkcyx_ngkhw_bf16_instances_shard_12.cpp.o
161.0	[58/1191] Building CXX object library/src/tensor_operation_instance/gpu/grouped_conv2d_fwd/CMakeFiles/device_grouped_conv2d_fwd_instance.dir/generated/xdl/mem/device_grouped_conv2d_fwd_xdl_nhwgc_gkyxc_nhwgk_int8_mem_intra_instances_shard_11.cpp.o
161.4	[59/1191] Building CXX object library/src/tensor_operation_instance/gpu/grouped_conv2d_fwd/CMakeFiles/device_grouped_conv2d_fwd_instance.dir/xdl/large_tensor/device_grouped_conv2d_fwd_xdl_large_tensor_nhwgc_gkyxc_nhwgk_int8_instance.cpp.o
163.5	[60/1191] Building CXX object library/src/tensor_operation_instance/gpu/grouped_conv2d_bwd_weight/CMakeFiles/device_grouped_conv2d_bwd_weight_instance.dir/dl/device_grouped_conv2d_bwd_weight_dl_nhwgc_gkyxc_nhwgk_bf16_f32_bf16_instance.cpp.o
163.7	[61/1191] Building CXX object library/src/tensor_operation_instance/gpu/grouped_conv2d_fwd/CMakeFiles/device_grouped_conv2d_fwd_instance.dir/generated/xdl/mem/device_grouped_conv2d_fwd_xdl_nhwgc_gkyxc_nhwgk_int8_mem_inter_instances_shard_11.cpp.o
164.1	[62/1191] Building CXX object library/src/tensor_operation_instance/gpu/grouped_conv2d_fwd/CMakeFiles/device_grouped_conv2d_fwd_instance.dir/generated/xdl/device_grouped_conv2d_fwd_xdl_ngchw_gkcyx_ngkhw_f16_instances_shard_14.cpp.o
164.8	[63/1191] Building CXX object library/src/tensor_operation_instance/gpu/grouped_conv2d_bwd_weight/CMakeFiles/device_grouped_conv2d_bwd_weight_instance.dir/dl/device_grouped_conv2d_bwd_weight_dl_gnhwc_gkyxc_gnhwk_bf16_f32_bf16_instance.cpp.o
165.9	[64/1191] Building CXX object library/src/tensor_operation_instance/gpu/grouped_conv2d_fwd/CMakeFiles/device_grouped_conv2d_fwd_instance.dir/xdl/merged_groups/device_grouped_conv2d_fwd_xdl_merged_groups_nhwgc_gkyxc_nhwgk_f16_instance.cpp.o
168.2	[65/1191] Building CXX object library/src/tensor_operation_instance/gpu/grouped_conv2d_fwd_bias_bnorm_clamp/CMakeFiles/device_grouped_conv2d_fwd_bias_bnorm_clamp_instance.dir/generated/xdl/device_grouped_conv2d_fwd_bias_bn_clamp_xdl_nhwgc_gkyxc_nhwgk_bf16_instances_shard_1.cpp.o
169.4	[66/1191] Building CXX object library/src/tensor_operation_instance/gpu/grouped_conv2d_fwd/CMakeFiles/device_grouped_conv2d_fwd_instance.dir/generated/xdl/device_grouped_conv2d_fwd_xdl_ngchw_gkcyx_ngkhw_f16_instances_shard_12.cpp.o
169.4	[67/1191] Building CXX object library/src/tensor_operation_instance/gpu/grouped_conv2d_bwd_weight/CMakeFiles/device_grouped_conv2d_bwd_weight_instance.dir/xdl/gnhwc_gkyxc_gnhwk/device_grouped_conv2d_bwd_weight_xdl_gnhwc_gkyxc_gnhwk_bf16_f32_bf16_instance.cpp.o
170.1	[68/1191] Building CXX object library/src/tensor_operation_instance/gpu/grouped_conv2d_bwd_weight/CMakeFiles/device_grouped_conv2d_bwd_weight_instance.dir/xdl/nhwgc_gkyxc_nhwgk/device_grouped_conv2d_bwd_weight_xdl_nhwgc_gkyxc_nhwgk_f32_default_pipev5_instance.cpp.o
170.2	[69/1191] Building CXX object library/src/tensor_operation_instance/gpu/grouped_conv2d_fwd/CMakeFiles/device_grouped_conv2d_fwd_instance.dir/generated/xdl/comp/device_grouped_conv2d_fwd_xdl_ngchw_gkcyx_ngkhw_bf16_comp_instances_shard_8.cpp.o
170.2	[70/1191] Building CXX object library/src/tensor_operation_instance/gpu/grouped_conv2d_fwd/CMakeFiles/device_grouped_conv2d_fwd_instance.dir/generated/xdl/device_grouped_conv2d_fwd_xdl_ngchw_gkcyx_ngkhw_bf16_instances_shard_14.cpp.o
175.0	[71/1191] Building CXX object library/src/tensor_operation_instance/gpu/grouped_conv2d_fwd/CMakeFiles/device_grouped_conv2d_fwd_instance.dir/xdl/merged_groups/device_grouped_conv2d_fwd_xdl_merged_groups_nhwgc_gkyxc_nhwgk_bf16_instance.cpp.o
176.8	[72/1191] Building CXX object library/src/tensor_operation_instance/gpu/grouped_conv2d_bwd_weight/CMakeFiles/device_grouped_conv2d_bwd_weight_instance.dir/xdl/ngchw_gkyxc_ngkhw/device_grouped_conv2d_bwd_weight_xdl_ngchw_gkyxc_ngkhw_f32_instance.cpp.o
177.3	[73/1191] Building CXX object library/src/tensor_operation_instance/gpu/grouped_conv2d_fwd_bias_bnorm_clamp/CMakeFiles/device_grouped_conv2d_fwd_bias_bnorm_clamp_instance.dir/generated/xdl/device_grouped_conv2d_fwd_bias_bn_clamp_xdl_nhwgc_gkyxc_nhwgk_bf16_instances_shard_2.cpp.o
178.7	[74/1191] Building CXX object library/src/tensor_operation_instance/gpu/grouped_conv2d_fwd_bias_bnorm_clamp/CMakeFiles/device_grouped_conv2d_fwd_bias_bnorm_clamp_instance.dir/generated/xdl/device_grouped_conv2d_fwd_bias_bn_clamp_xdl_nhwgc_gkyxc_nhwgk_bf16_instances_shard_6.cpp.o
180.0	[75/1191] Building CXX object library/src/tensor_operation_instance/gpu/grouped_conv2d_fwd_bias_bnorm_clamp/CMakeFiles/device_grouped_conv2d_fwd_bias_bnorm_clamp_instance.dir/generated/xdl/device_grouped_conv2d_fwd_bias_bn_clamp_xdl_nhwgc_gkyxc_nhwgk_f16_instances.cpp.o
182.5	[76/1191] Building CXX object library/src/tensor_operation_instance/gpu/grouped_conv2d_fwd_bias_bnorm_clamp/CMakeFiles/device_grouped_conv2d_fwd_bias_bnorm_clamp_instance.dir/generated/xdl/device_grouped_conv2d_fwd_bias_bn_clamp_xdl_nhwgc_gkyxc_nhwgk_bf16_instances_shard_4.cpp.o
188.3	[77/1191] Building CXX object library/src/tensor_operation_instance/gpu/grouped_conv2d_fwd/CMakeFiles/device_grouped_conv2d_fwd_instance.dir/generated/xdl/device_grouped_conv2d_fwd_xdl_ngchw_gkcyx_ngkhw_f16_instances_shard_10.cpp.o
189.1	[78/1191] Building CXX object library/src/tensor_operation_instance/gpu/grouped_conv2d_fwd_bias_bnorm_clamp/CMakeFiles/device_grouped_conv2d_fwd_bias_bnorm_clamp_instance.dir/generated/xdl/device_grouped_conv2d_fwd_bias_bn_clamp_xdl_nhwgc_gkyxc_nhwgk_f32_instances.cpp.o
192.3	[79/1191] Building CXX object library/src/tensor_operation_instance/gpu/grouped_conv2d_fwd/CMakeFiles/device_grouped_conv2d_fwd_instance.dir/xdl/large_tensor/device_grouped_conv2d_fwd_xdl_large_tensor_nhwgc_gkyxc_nhwgk_f16_instance.cpp.o
192.6	[80/1191] Building CXX object library/src/tensor_operation_instance/gpu/grouped_conv2d_fwd_bias_bnorm_clamp/CMakeFiles/device_grouped_conv2d_fwd_bias_bnorm_clamp_instance.dir/generated/xdl/device_grouped_conv2d_fwd_bias_bn_clamp_xdl_nhwgc_gkyxc_nhwgk_bf16_16x16_instances.cpp.o
193.0	[81/1191] Building CXX object library/src/tensor_operation_instance/gpu/grouped_conv2d_fwd_bias_bnorm_clamp/CMakeFiles/device_grouped_conv2d_fwd_bias_bnorm_clamp_instance.dir/generated/xdl/device_grouped_conv2d_fwd_bias_bn_clamp_xdl_nhwgc_gkyxc_nhwgk_bf16_instances_shard_3.cpp.o
195.7	[82/1191] Building CXX object library/src/tensor_operation_instance/gpu/grouped_conv2d_fwd/CMakeFiles/device_grouped_conv2d_fwd_instance.dir/generated/xdl/mem/device_grouped_conv2d_fwd_xdl_nhwgc_gkyxc_nhwgk_int8_mem_intra_instances_shard_12.cpp.o
195.7	[83/1191] Building CXX object library/src/tensor_operation_instance/gpu/grouped_conv2d_fwd/CMakeFiles/device_grouped_conv2d_fwd_instance.dir/xdl/large_tensor/device_grouped_conv2d_fwd_xdl_large_tensor_nhwgc_gkyxc_nhwgk_bf16_instance.cpp.o
198.6	[84/1191] Building CXX object library/src/tensor_operation_instance/gpu/grouped_conv2d_fwd_bias_bnorm_clamp/CMakeFiles/device_grouped_conv2d_fwd_bias_bnorm_clamp_instance.dir/generated/xdl/device_grouped_conv2d_fwd_bias_bn_clamp_xdl_nhwgc_gkyxc_nhwgk_f16_16x16_instances.cpp.o
198.9	[85/1191] Building CXX object library/src/tensor_operation_instance/gpu/grouped_conv2d_fwd/CMakeFiles/device_grouped_conv2d_fwd_instance.dir/generated/xdl/mem/device_grouped_conv2d_fwd_xdl_nhwgc_gkyxc_nhwgk_int8_mem_inter_instances_shard_16.cpp.o
204.2	[86/1191] Building CXX object library/src/tensor_operation_instance/gpu/grouped_conv2d_fwd_bias_bnorm_clamp/CMakeFiles/device_grouped_conv2d_fwd_bias_bnorm_clamp_instance.dir/generated/xdl/large_tensor/device_grouped_conv2d_fwd_bias_bn_clamp_xdl_large_tensor_nhwgc_gkyxc_nhwgk_bf16_instances.cpp.o
205.7	[87/1191] Building CXX object library/src/tensor_operation_instance/gpu/grouped_conv2d_fwd_bias_bnorm_clamp/CMakeFiles/device_grouped_conv2d_fwd_bias_bnorm_clamp_instance.dir/generated/xdl/device_grouped_conv2d_fwd_bias_bn_clamp_xdl_nhwgc_gkyxc_nhwgk_f32_16x16_instances.cpp.o
206.0	[88/1191] Building CXX object library/src/tensor_operation_instance/gpu/conv2d_bwd_data/CMakeFiles/device_conv2d_bwd_data_instance.dir/device_conv2d_bwd_data_dl_nhwc_kyxc_nhwk_f16_instance.cpp.o
206.0	/work/grodgers/git/tr-aomp/TheRock/ml-libs/composable_kernel/library/src/tensor_operation_instance/gpu/conv2d_bwd_data/device_conv2d_bwd_data_dl_nhwc_kyxc_nhwk_f16_instance.cpp:75:9: warning: These instances are getting deprecated [-W#pragma-messages]
206.0	   75 | #pragma message "These instances are getting deprecated"
206.0	      |         ^
206.0	1 warning generated when compiling for gfx908.
206.0	/work/grodgers/git/tr-aomp/TheRock/ml-libs/composable_kernel/library/src/tensor_operation_instance/gpu/conv2d_bwd_data/device_conv2d_bwd_data_dl_nhwc_kyxc_nhwk_f16_instance.cpp:75:9: warning: These instances are getting deprecated [-W#pragma-messages]
206.0	   75 | #pragma message "These instances are getting deprecated"
206.0	      |         ^
206.0	1 warning generated when compiling for gfx90a.
206.0	/work/grodgers/git/tr-aomp/TheRock/ml-libs/composable_kernel/library/src/tensor_operation_instance/gpu/conv2d_bwd_data/device_conv2d_bwd_data_dl_nhwc_kyxc_nhwk_f16_instance.cpp:75:9: warning: These instances are getting deprecated [-W#pragma-messages]
206.0	   75 | #pragma message "These instances are getting deprecated"
206.0	      |         ^
206.0	1 warning generated when compiling for gfx942.
206.0	/work/grodgers/git/tr-aomp/TheRock/ml-libs/composable_kernel/library/src/tensor_operation_instance/gpu/conv2d_bwd_data/device_conv2d_bwd_data_dl_nhwc_kyxc_nhwk_f16_instance.cpp:75:9: warning: These instances are getting deprecated [-W#pragma-messages]
206.0	   75 | #pragma message "These instances are getting deprecated"
206.0	      |         ^
206.0	1 warning generated when compiling for host.
208.0	[89/1191] Building CXX object library/src/tensor_operation_instance/gpu/grouped_conv2d_fwd/CMakeFiles/device_grouped_conv2d_fwd_instance.dir/generated/xdl/mem/device_grouped_conv2d_fwd_xdl_nhwgc_gkyxc_nhwgk_int8_mem_intra_instances_shard_16.cpp.o
208.8	[90/1191] Building CXX object library/src/tensor_operation_instance/gpu/grouped_conv2d_fwd/CMakeFiles/device_grouped_conv2d_fwd_instance.dir/generated/xdl/mem/device_grouped_conv2d_fwd_xdl_nhwgc_gkyxc_nhwgk_int8_mem_inter_instances_shard_12.cpp.o
209.6	[91/1191] Building CXX object library/src/tensor_operation_instance/gpu/grouped_conv2d_fwd_bias_bnorm_clamp/CMakeFiles/device_grouped_conv2d_fwd_bias_bnorm_clamp_instance.dir/generated/xdl/device_grouped_conv2d_fwd_bias_bn_clamp_xdl_nhwgc_gkyxc_nhwgk_bf16_instances_shard_10.cpp.o
210.1	[92/1191] Building CXX object library/src/tensor_operation_instance/gpu/grouped_conv2d_fwd_bias_bnorm_clamp/CMakeFiles/device_grouped_conv2d_fwd_bias_bnorm_clamp_instance.dir/generated/xdl/large_tensor/device_grouped_conv2d_fwd_bias_bn_clamp_xdl_large_tensor_nhwgc_gkyxc_nhwgk_f16_instances.cpp.o
210.9	[93/1191] Building CXX object library/src/tensor_operation_instance/gpu/grouped_conv2d_fwd_bias_bnorm_clamp/CMakeFiles/device_grouped_conv2d_fwd_bias_bnorm_clamp_instance.dir/generated/xdl/device_grouped_conv2d_fwd_bias_bn_clamp_xdl_nhwgc_gkyxc_nhwgk_bf16_instances_shard_11.cpp.o
211.8	[94/1191] Building CXX object library/src/tensor_operation_instance/gpu/grouped_conv2d_fwd/CMakeFiles/device_grouped_conv2d_fwd_instance.dir/generated/xdl/mem/device_grouped_conv2d_fwd_xdl_nhwgc_gkyxc_nhwgk_int8_mem_intra_instances_shard_5.cpp.o
212.0	[95/1191] Building CXX object library/src/tensor_operation_instance/gpu/grouped_conv2d_fwd/CMakeFiles/device_grouped_conv2d_fwd_instance.dir/generated/xdl/mem/device_grouped_conv2d_fwd_xdl_nhwgc_gkyxc_nhwgk_int8_mem_inter_instances_shard_19.cpp.o
215.2	[96/1191] Building CXX object library/src/tensor_operation_instance/gpu/conv2d_bwd_data/CMakeFiles/device_conv2d_bwd_data_instance.dir/device_conv2d_bwd_data_dl_nhwc_kyxc_nhwk_f32_instance.cpp.o
215.2	/work/grodgers/git/tr-aomp/TheRock/ml-libs/composable_kernel/library/src/tensor_operation_instance/gpu/conv2d_bwd_data/device_conv2d_bwd_data_dl_nhwc_kyxc_nhwk_f32_instance.cpp:75:9: warning: These instances are getting deprecated [-W#pragma-messages]
215.2	   75 | #pragma message "These instances are getting deprecated"
215.2	      |         ^
215.2	1 warning generated when compiling for gfx908.
215.2	/work/grodgers/git/tr-aomp/TheRock/ml-libs/composable_kernel/library/src/tensor_operation_instance/gpu/conv2d_bwd_data/device_conv2d_bwd_data_dl_nhwc_kyxc_nhwk_f32_instance.cpp:75:9: warning: These instances are getting deprecated [-W#pragma-messages]
215.2	   75 | #pragma message "These instances are getting deprecated"
215.2	      |         ^
215.2	1 warning generated when compiling for gfx90a.
215.2	/work/grodgers/git/tr-aomp/TheRock/ml-libs/composable_kernel/library/src/tensor_operation_instance/gpu/conv2d_bwd_data/device_conv2d_bwd_data_dl_nhwc_kyxc_nhwk_f32_instance.cpp:75:9: warning: These instances are getting deprecated [-W#pragma-messages]
215.2	   75 | #pragma message "These instances are getting deprecated"
215.2	      |         ^
215.2	1 warning generated when compiling for gfx942.
215.2	/work/grodgers/git/tr-aomp/TheRock/ml-libs/composable_kernel/library/src/tensor_operation_instance/gpu/conv2d_bwd_data/device_conv2d_bwd_data_dl_nhwc_kyxc_nhwk_f32_instance.cpp:75:9: warning: These instances are getting deprecated [-W#pragma-messages]
215.2	   75 | #pragma message "These instances are getting deprecated"
215.2	      |         ^
215.2	1 warning generated when compiling for host.
215.4	[97/1191] Building CXX object library/src/tensor_operation_instance/gpu/grouped_conv2d_fwd/CMakeFiles/device_grouped_conv2d_fwd_instance.dir/xdl/comp/device_grouped_conv2d_fwd_xdl_nhwgc_gkyxc_nhwgk_f16_comp_instance.cpp.o
216.3	[98/1191] Building CXX object library/src/tensor_operation_instance/gpu/grouped_conv2d_fwd_bias_bnorm_clamp/CMakeFiles/device_grouped_conv2d_fwd_bias_bnorm_clamp_instance.dir/generated/xdl/device_grouped_conv2d_fwd_bias_bn_clamp_xdl_nhwgc_gkyxc_nhwgk_bf16_instances_shard_5.cpp.o
216.4	[99/1191] Building CXX object library/src/tensor_operation_instance/gpu/grouped_conv2d_fwd_bias_bnorm_clamp/CMakeFiles/device_grouped_conv2d_fwd_bias_bnorm_clamp_instance.dir/generated/xdl/large_tensor/device_grouped_conv2d_fwd_bias_bn_clamp_xdl_large_tensor_nhwgc_gkyxc_nhwgk_f32_instances.cpp.o
217.2	[100/1191] Building CXX object library/src/tensor_operation_instance/gpu/grouped_conv2d_fwd/CMakeFiles/device_grouped_conv2d_fwd_instance.dir/generated/xdl/mem/device_grouped_conv2d_fwd_xdl_nhwgc_gkyxc_nhwgk_int8_mem_intra_instances_shard_7.cpp.o
219.5	[101/1191] Building CXX object library/src/tensor_operation_instance/gpu/grouped_conv2d_fwd_bias_bnorm_clamp/CMakeFiles/device_grouped_conv2d_fwd_bias_bnorm_clamp_instance.dir/generated/xdl/device_grouped_conv2d_fwd_bias_bn_clamp_xdl_nhwgc_gkyxc_nhwgk_bf16_instances_shard_13.cpp.o
221.7	[102/1191] Building CXX object library/src/tensor_operation_instance/gpu/grouped_conv2d_fwd/CMakeFiles/device_grouped_conv2d_fwd_instance.dir/generated/xdl/mem/device_grouped_conv2d_fwd_xdl_nhwgc_gkyxc_nhwgk_int8_mem_inter_instances_shard_17.cpp.o
226.8	[103/1191] Building CXX object library/src/tensor_operation_instance/gpu/grouped_conv2d_fwd_bias_bnorm_clamp/CMakeFiles/device_grouped_conv2d_fwd_bias_bnorm_clamp_instance.dir/generated/xdl/device_grouped_conv2d_fwd_bias_bn_clamp_xdl_nhwgc_gkyxc_nhwgk_bf16_instances_shard_12.cpp.o
228.0	[104/1191] Building CXX object library/src/tensor_operation_instance/gpu/grouped_conv2d_fwd/CMakeFiles/device_grouped_conv2d_fwd_instance.dir/generated/xdl/mem/device_grouped_conv2d_fwd_xdl_nhwgc_gkyxc_nhwgk_int8_mem_inter_instances_shard_5.cpp.o
228.4	[105/1191] Building CXX object library/src/tensor_operation_instance/gpu/grouped_conv2d_fwd/CMakeFiles/device_grouped_conv2d_fwd_instance.dir/generated/xdl/mem/device_grouped_conv2d_fwd_xdl_nhwgc_gkyxc_nhwgk_int8_mem_intra_instances_shard_19.cpp.o
229.4	[106/1191] Building CXX object library/src/tensor_operation_instance/gpu/grouped_conv2d_fwd/CMakeFiles/device_grouped_conv2d_fwd_instance.dir/generated/xdl/mem/device_grouped_conv2d_fwd_xdl_nhwgc_gkyxc_nhwgk_int8_mem_intra_instances_shard_8.cpp.o
229.9	[107/1191] Building CXX object library/src/tensor_operation_instance/gpu/grouped_conv2d_fwd/CMakeFiles/device_grouped_conv2d_fwd_instance.dir/generated/xdl/mem/device_grouped_conv2d_fwd_xdl_nhwgc_gkyxc_nhwgk_int8_mem_intra_instances_shard_6.cpp.o
230.3	[108/1191] Building CXX object library/src/tensor_operation_instance/gpu/grouped_conv2d_fwd/CMakeFiles/device_grouped_conv2d_fwd_instance.dir/generated/xdl/mem/device_grouped_conv2d_fwd_xdl_nhwgc_gkyxc_nhwgk_int8_mem_inter_instances_shard_15.cpp.o
231.2	[109/1191] Building CXX object library/src/tensor_operation_instance/gpu/grouped_conv2d_fwd_bias_bnorm_clamp/CMakeFiles/device_grouped_conv2d_fwd_bias_bnorm_clamp_instance.dir/generated/xdl/device_grouped_conv2d_fwd_bias_bn_clamp_xdl_nhwgc_gkyxc_nhwgk_bf16_instances_shard_15.cpp.o
231.4	[110/1191] Building CXX object library/src/tensor_operation_instance/gpu/grouped_conv2d_fwd_bias_bnorm_clamp/CMakeFiles/device_grouped_conv2d_fwd_bias_bnorm_clamp_instance.dir/generated/xdl/device_grouped_conv2d_fwd_bias_bn_clamp_xdl_nhwgc_gkyxc_nhwgk_bf16_instances_shard_9.cpp.o
231.7	[111/1191] Building CXX object library/src/tensor_operation_instance/gpu/grouped_conv2d_fwd_bias_bnorm_clamp/CMakeFiles/device_grouped_conv2d_fwd_bias_bnorm_clamp_instance.dir/generated/xdl/device_grouped_conv2d_fwd_bias_bn_clamp_xdl_nhwgc_gkyxc_nhwgk_bf16_instances_shard_8.cpp.o
232.5	[112/1191] Building CXX object library/src/tensor_operation_instance/gpu/grouped_conv2d_fwd/CMakeFiles/device_grouped_conv2d_fwd_instance.dir/generated/xdl/mem/device_grouped_conv2d_fwd_xdl_nhwgc_gkyxc_nhwgk_int8_mem_intra_instances_shard_4.cpp.o
233.0	[113/1191] Building CXX object library/src/tensor_operation_instance/gpu/grouped_conv2d_fwd/CMakeFiles/device_grouped_conv2d_fwd_instance.dir/xdl/device_grouped_conv2d_fwd_xdl_ngchw_gkyxc_ngkhw_f32_instance.cpp.o
233.2	[114/1191] Building CXX object library/src/tensor_operation_instance/gpu/grouped_conv2d_fwd/CMakeFiles/device_grouped_conv2d_fwd_instance.dir/generated/xdl/mem/device_grouped_conv2d_fwd_xdl_nhwgc_gkyxc_nhwgk_int8_mem_intra_instances_shard_17.cpp.o
233.7	[115/1191] Building CXX object library/src/tensor_operation_instance/gpu/grouped_conv2d_fwd_bias_bnorm_clamp/CMakeFiles/device_grouped_conv2d_fwd_bias_bnorm_clamp_instance.dir/generated/xdl/merged_groups/device_grouped_conv2d_fwd_bias_bn_clamp_xdl_merged_groups_nhwgc_gkyxc_nhwgk_bf16_instances.cpp.o
235.0	[116/1191] Building CXX object library/src/tensor_operation_instance/gpu/grouped_conv2d_fwd_bias_bnorm_clamp/CMakeFiles/device_grouped_conv2d_fwd_bias_bnorm_clamp_instance.dir/generated/xdl/device_grouped_conv2d_fwd_bias_bn_clamp_xdl_nhwgc_gkyxc_nhwgk_bf16_instances_shard_7.cpp.o
235.1	[117/1191] Building CXX object library/src/tensor_operation_instance/gpu/grouped_conv2d_fwd/CMakeFiles/device_grouped_conv2d_fwd_instance.dir/generated/xdl/mem/device_grouped_conv2d_fwd_xdl_nhwgc_gkyxc_nhwgk_int8_mem_inter_instances_shard_7.cpp.o
236.7	[118/1191] Building CXX object library/src/tensor_operation_instance/gpu/grouped_conv2d_fwd_bias_bnorm_clamp/CMakeFiles/device_grouped_conv2d_fwd_bias_bnorm_clamp_instance.dir/generated/xdl/device_grouped_conv2d_fwd_bias_bn_clamp_xdl_nhwgc_gkyxc_nhwgk_bf16_instances_shard_14.cpp.o
237.7	[119/1191] Building CXX object library/src/tensor_operation_instance/gpu/grouped_conv2d_fwd_bias_bnorm_clamp/CMakeFiles/device_grouped_conv2d_fwd_bias_bnorm_clamp_instance.dir/generated/xdl/merged_groups/device_grouped_conv2d_fwd_bias_bn_clamp_xdl_merged_groups_nhwgc_gkyxc_nhwgk_f16_instances.cpp.o
237.9	[120/1191] Building CXX object library/src/tensor_operation_instance/gpu/grouped_conv2d_fwd/CMakeFiles/device_grouped_conv2d_fwd_instance.dir/generated/xdl/mem/device_grouped_conv2d_fwd_xdl_nhwgc_gkyxc_nhwgk_int8_mem_inter_instances_shard_18.cpp.o
239.5	[121/1191] Building CXX object library/src/tensor_operation_instance/gpu/grouped_conv2d_fwd/CMakeFiles/device_grouped_conv2d_fwd_instance.dir/generated/xdl/mem/device_grouped_conv2d_fwd_xdl_nhwgc_gkyxc_nhwgk_int8_mem_intra_instances_shard_15.cpp.o
240.2	[122/1191] Building CXX object library/src/tensor_operation_instance/gpu/grouped_conv2d_fwd/CMakeFiles/device_grouped_conv2d_fwd_instance.dir/generated/xdl/device_grouped_conv2d_fwd_xdl_ngchw_gkcyx_ngkhw_bf16_instances_shard_1.cpp.o
240.5	[123/1191] Building CXX object library/src/tensor_operation_instance/gpu/grouped_conv2d_fwd/CMakeFiles/device_grouped_conv2d_fwd_instance.dir/generated/xdl/mem/device_grouped_conv2d_fwd_xdl_nhwgc_gkyxc_nhwgk_int8_mem_intra_instances_shard_18.cpp.o
241.7	[124/1191] Building CXX object library/src/tensor_operation_instance/gpu/conv2d_bwd_data/CMakeFiles/device_conv2d_bwd_data_instance.dir/device_conv2d_bwd_data_dl_nhwc_kyxc_nhwk_int8_instance.cpp.o
241.7	/work/grodgers/git/tr-aomp/TheRock/ml-libs/composable_kernel/library/src/tensor_operation_instance/gpu/conv2d_bwd_data/device_conv2d_bwd_data_dl_nhwc_kyxc_nhwk_int8_instance.cpp:75:9: warning: These instances are getting deprecated [-W#pragma-messages]
241.7	   75 | #pragma message "These instances are getting deprecated"
241.7	      |         ^
241.7	1 warning generated when compiling for gfx908.
241.7	/work/grodgers/git/tr-aomp/TheRock/ml-libs/composable_kernel/library/src/tensor_operation_instance/gpu/conv2d_bwd_data/device_conv2d_bwd_data_dl_nhwc_kyxc_nhwk_int8_instance.cpp:75:9: warning: These instances are getting deprecated [-W#pragma-messages]
241.7	   75 | #pragma message "These instances are getting deprecated"
241.7	      |         ^
241.7	1 warning generated when compiling for gfx90a.
241.7	/work/grodgers/git/tr-aomp/TheRock/ml-libs/composable_kernel/library/src/tensor_operation_instance/gpu/conv2d_bwd_data/device_conv2d_bwd_data_dl_nhwc_kyxc_nhwk_int8_instance.cpp:75:9: warning: These instances are getting deprecated [-W#pragma-messages]
241.7	   75 | #pragma message "These instances are getting deprecated"
241.7	      |         ^
241.7	1 warning generated when compiling for gfx942.
241.7	/work/grodgers/git/tr-aomp/TheRock/ml-libs/composable_kernel/library/src/tensor_operation_instance/gpu/conv2d_bwd_data/device_conv2d_bwd_data_dl_nhwc_kyxc_nhwk_int8_instance.cpp:75:9: warning: These instances are getting deprecated [-W#pragma-messages]
241.7	   75 | #pragma message "These instances are getting deprecated"
241.7	      |         ^
241.7	1 warning generated when compiling for host.
244.2	[125/1191] Building CXX object library/src/tensor_operation_instance/gpu/grouped_conv2d_fwd/CMakeFiles/device_grouped_conv2d_fwd_instance.dir/generated/xdl/mem/device_grouped_conv2d_fwd_xdl_nhwgc_gkyxc_nhwgk_int8_mem_inter_instances_shard_4.cpp.o
244.9	[126/1191] Building CXX object library/src/tensor_operation_instance/gpu/grouped_conv2d_fwd/CMakeFiles/device_grouped_conv2d_fwd_instance.dir/generated/xdl/mem/device_grouped_conv2d_fwd_xdl_nhwgc_gkyxc_nhwgk_int8_mem_inter_instances_shard_8.cpp.o
245.3	[127/1191] Building CXX object library/src/tensor_operation_instance/gpu/grouped_conv2d_fwd_bias_bnorm_clamp/CMakeFiles/device_grouped_conv2d_fwd_bias_bnorm_clamp_instance.dir/generated/xdl/merged_groups/device_grouped_conv2d_fwd_bias_bn_clamp_xdl_merged_groups_nhwgc_gkyxc_nhwgk_f32_instances.cpp.o
247.0	[128/1191] Building CXX object library/src/tensor_operation_instance/gpu/grouped_conv2d_fwd_bias_bnorm_clamp/CMakeFiles/device_grouped_conv2d_fwd_bias_bnorm_clamp_instance.dir/generated/xdl/device_grouped_conv2d_fwd_bias_bn_clamp_xdl_nhwgc_gkyxc_nhwgk_f16_instances_shard_1.cpp.o
247.8	[129/1191] Building CXX object library/src/tensor_operation_instance/gpu/grouped_conv2d_fwd/CMakeFiles/device_grouped_conv2d_fwd_instance.dir/generated/xdl/mem/device_grouped_conv2d_fwd_xdl_nhwgc_gkyxc_nhwgk_int8_mem_inter_instances_shard_6.cpp.o
247.9	[130/1191] Building CXX object library/src/tensor_operation_instance/gpu/grouped_conv2d_fwd/CMakeFiles/device_grouped_conv2d_fwd_instance.dir/generated/xdl/mem/device_grouped_conv2d_fwd_xdl_nhwgc_gkyxc_nhwgk_int8_mem_intra_instances_shard_14.cpp.o
248.9	[131/1191] Building CXX object library/src/tensor_operation_instance/gpu/grouped_conv2d_fwd_bias_bnorm_clamp/CMakeFiles/device_grouped_conv2d_fwd_bias_bnorm_clamp_instance.dir/generated/xdl/device_grouped_conv2d_fwd_bias_bn_clamp_xdl_nhwgc_gkyxc_nhwgk_f16_instances_shard_6.cpp.o
249.2	[132/1191] Building CXX object library/src/tensor_operation_instance/gpu/grouped_conv2d_fwd_bias_bnorm_clamp/CMakeFiles/device_grouped_conv2d_fwd_bias_bnorm_clamp_instance.dir/generated/xdl/device_grouped_conv2d_fwd_bias_bn_clamp_xdl_nhwgc_gkyxc_nhwgk_bf16_instances_shard_0.cpp.o
251.2	[133/1191] Building CXX object library/src/tensor_operation_instance/gpu/grouped_conv2d_fwd_bias_bnorm_clamp/CMakeFiles/device_grouped_conv2d_fwd_bias_bnorm_clamp_instance.dir/generated/xdl/device_grouped_conv2d_fwd_bias_bn_clamp_xdl_nhwgc_gkyxc_nhwgk_f16_instances_shard_10.cpp.o
253.9	[134/1191] Building CXX object library/src/tensor_operation_instance/gpu/grouped_conv2d_fwd_bias_bnorm_clamp/CMakeFiles/device_grouped_conv2d_fwd_bias_bnorm_clamp_instance.dir/generated/xdl/device_grouped_conv2d_fwd_bias_bn_clamp_xdl_nhwgc_gkyxc_nhwgk_f16_instances_shard_11.cpp.o
256.7	[135/1191] Building CXX object library/src/tensor_operation_instance/gpu/grouped_conv2d_fwd_bias_bnorm_clamp/CMakeFiles/device_grouped_conv2d_fwd_bias_bnorm_clamp_instance.dir/generated/xdl/device_grouped_conv2d_fwd_bias_bn_clamp_xdl_nhwgc_gkyxc_nhwgk_f16_instances_shard_14.cpp.o
260.4	[136/1191] Building CXX object library/src/tensor_operation_instance/gpu/grouped_conv2d_fwd_bias_bnorm_clamp/CMakeFiles/device_grouped_conv2d_fwd_bias_bnorm_clamp_instance.dir/generated/xdl/device_grouped_conv2d_fwd_bias_bn_clamp_xdl_nhwgc_gkyxc_nhwgk_f16_instances_shard_13.cpp.o
260.4	[137/1191] Building CXX object library/src/tensor_operation_instance/gpu/grouped_conv2d_fwd_bias_bnorm_clamp/CMakeFiles/device_grouped_conv2d_fwd_bias_bnorm_clamp_instance.dir/generated/xdl/device_grouped_conv2d_fwd_bias_bn_clamp_xdl_nhwgc_gkyxc_nhwgk_f32_instances_shard_10.cpp.o
261.2	[138/1191] Building CXX object library/src/tensor_operation_instance/gpu/grouped_conv2d_fwd_bias_bnorm_clamp/CMakeFiles/device_grouped_conv2d_fwd_bias_bnorm_clamp_instance.dir/generated/xdl/device_grouped_conv2d_fwd_bias_bn_clamp_xdl_nhwgc_gkyxc_nhwgk_bf16_16x16_instances_shard_3.cpp.o
261.9	[139/1191] Building CXX object library/src/tensor_operation_instance/gpu/grouped_conv2d_fwd_bias_bnorm_clamp/CMakeFiles/device_grouped_conv2d_fwd_bias_bnorm_clamp_instance.dir/generated/xdl/device_grouped_conv2d_fwd_bias_bn_clamp_xdl_nhwgc_gkyxc_nhwgk_f16_instances_shard_15.cpp.o
262.5	[140/1191] Building CXX object library/src/tensor_operation_instance/gpu/grouped_conv2d_fwd_bias_bnorm_clamp/CMakeFiles/device_grouped_conv2d_fwd_bias_bnorm_clamp_instance.dir/generated/xdl/device_grouped_conv2d_fwd_bias_bn_clamp_xdl_nhwgc_gkyxc_nhwgk_bf16_16x16_instances_shard_2.cpp.o
263.1	[141/1191] Building CXX object library/src/tensor_operation_instance/gpu/grouped_conv2d_fwd_bias_bnorm_clamp/CMakeFiles/device_grouped_conv2d_fwd_bias_bnorm_clamp_instance.dir/generated/xdl/device_grouped_conv2d_fwd_bias_bn_clamp_xdl_nhwgc_gkyxc_nhwgk_f32_instances_shard_13.cpp.o
264.1	[142/1191] Building CXX object library/src/tensor_operation_instance/gpu/grouped_conv2d_fwd_bias_bnorm_clamp/CMakeFiles/device_grouped_conv2d_fwd_bias_bnorm_clamp_instance.dir/generated/xdl/device_grouped_conv2d_fwd_bias_bn_clamp_xdl_nhwgc_gkyxc_nhwgk_f16_16x16_instances_shard_3.cpp.o
264.9	[143/1191] Building CXX object library/src/tensor_operation_instance/gpu/grouped_conv2d_fwd_bias_bnorm_clamp/CMakeFiles/device_grouped_conv2d_fwd_bias_bnorm_clamp_instance.dir/generated/xdl/device_grouped_conv2d_fwd_bias_bn_clamp_xdl_nhwgc_gkyxc_nhwgk_f16_instances_shard_9.cpp.o
265.0	[144/1191] Building CXX object library/src/tensor_operation_instance/gpu/grouped_conv2d_fwd_bias_bnorm_clamp/CMakeFiles/device_grouped_conv2d_fwd_bias_bnorm_clamp_instance.dir/generated/xdl/mem/device_grouped_conv2d_fwd_bias_bn_clamp_xdl_nhwgc_gkyxc_nhwgk_bf16_mem_intra_instances.cpp.o
265.1	[145/1191] Building CXX object library/src/tensor_operation_instance/gpu/grouped_conv2d_fwd_bias_bnorm_clamp/CMakeFiles/device_grouped_conv2d_fwd_bias_bnorm_clamp_instance.dir/generated/xdl/device_grouped_conv2d_fwd_bias_bn_clamp_xdl_nhwgc_gkyxc_nhwgk_f16_instances_shard_7.cpp.o
265.1	[146/1191] Building CXX object library/src/tensor_operation_instance/gpu/grouped_conv2d_fwd_bias_bnorm_clamp/CMakeFiles/device_grouped_conv2d_fwd_bias_bnorm_clamp_instance.dir/generated/xdl/device_grouped_conv2d_fwd_bias_bn_clamp_xdl_nhwgc_gkyxc_nhwgk_f16_16x16_instances_shard_2.cpp.o
265.5	[147/1191] Building CXX object library/src/tensor_operation_instance/gpu/grouped_conv2d_fwd_bias_bnorm_clamp/CMakeFiles/device_grouped_conv2d_fwd_bias_bnorm_clamp_instance.dir/generated/xdl/device_grouped_conv2d_fwd_bias_bn_clamp_xdl_nhwgc_gkyxc_nhwgk_f16_instances_shard_12.cpp.o
265.6	[148/1191] Building CXX object library/src/tensor_operation_instance/gpu/grouped_conv2d_fwd_bias_bnorm_clamp/CMakeFiles/device_grouped_conv2d_fwd_bias_bnorm_clamp_instance.dir/generated/xdl/device_grouped_conv2d_fwd_bias_bn_clamp_xdl_nhwgc_gkyxc_nhwgk_f32_instances_shard_6.cpp.o
266.1	[149/1191] Building CXX object library/src/tensor_operation_instance/gpu/grouped_conv2d_fwd_bias_bnorm_clamp/CMakeFiles/device_grouped_conv2d_fwd_bias_bnorm_clamp_instance.dir/generated/xdl/device_grouped_conv2d_fwd_bias_bn_clamp_xdl_nhwgc_gkyxc_nhwgk_f32_instances_shard_11.cpp.o
267.6	[150/1191] Building CXX object library/src/tensor_operation_instance/gpu/grouped_conv2d_fwd_bias_bnorm_clamp/CMakeFiles/device_grouped_conv2d_fwd_bias_bnorm_clamp_instance.dir/generated/xdl/device_grouped_conv2d_fwd_bias_bn_clamp_xdl_nhwgc_gkyxc_nhwgk_f16_instances_shard_8.cpp.o
267.8	[151/1191] Building CXX object library/src/tensor_operation_instance/gpu/grouped_conv2d_fwd_bias_bnorm_clamp/CMakeFiles/device_grouped_conv2d_fwd_bias_bnorm_clamp_instance.dir/generated/xdl/device_grouped_conv2d_fwd_bias_bn_clamp_xdl_nhwgc_gkyxc_nhwgk_f32_instances_shard_15.cpp.o
271.2	[152/1191] Building CXX object library/src/tensor_operation_instance/gpu/grouped_conv2d_fwd_bias_bnorm_clamp/CMakeFiles/device_grouped_conv2d_fwd_bias_bnorm_clamp_instance.dir/generated/xdl/device_grouped_conv2d_fwd_bias_bn_clamp_xdl_nhwgc_gkyxc_nhwgk_f32_instances_shard_12.cpp.o
272.1	[153/1191] Building CXX object library/src/tensor_operation_instance/gpu/grouped_conv2d_fwd/CMakeFiles/device_grouped_conv2d_fwd_instance.dir/generated/xdl/device_grouped_conv2d_fwd_xdl_ngchw_gkcyx_ngkhw_f16_instances_shard_1.cpp.o
272.8	[154/1191] Building CXX object library/src/tensor_operation_instance/gpu/grouped_conv2d_fwd_bias_bnorm_clamp/CMakeFiles/device_grouped_conv2d_fwd_bias_bnorm_clamp_instance.dir/generated/xdl/device_grouped_conv2d_fwd_bias_bn_clamp_xdl_nhwgc_gkyxc_nhwgk_f32_instances_shard_14.cpp.o
273.5	[155/1191] Building CXX object library/src/tensor_operation_instance/gpu/grouped_conv2d_fwd_bias_bnorm_clamp/CMakeFiles/device_grouped_conv2d_fwd_bias_bnorm_clamp_instance.dir/generated/xdl/device_grouped_conv2d_fwd_bias_bn_clamp_xdl_nhwgc_gkyxc_nhwgk_f16_instances_shard_2.cpp.o
273.6	[156/1191] Building CXX object library/src/tensor_operation_instance/gpu/grouped_conv2d_fwd_bias_bnorm_clamp/CMakeFiles/device_grouped_conv2d_fwd_bias_bnorm_clamp_instance.dir/generated/xdl/device_grouped_conv2d_fwd_bias_bn_clamp_xdl_nhwgc_gkyxc_nhwgk_bf16_16x16_instances_shard_1.cpp.o
275.8	[157/1191] Building CXX object library/src/tensor_operation_instance/gpu/grouped_conv2d_fwd_bias_bnorm_clamp/CMakeFiles/device_grouped_conv2d_fwd_bias_bnorm_clamp_instance.dir/generated/xdl/device_grouped_conv2d_fwd_bias_bn_clamp_xdl_nhwgc_gkyxc_nhwgk_f16_instances_shard_4.cpp.o
277.4	[158/1191] Building CXX object library/src/tensor_operation_instance/gpu/grouped_conv2d_fwd_bias_bnorm_clamp/CMakeFiles/device_grouped_conv2d_fwd_bias_bnorm_clamp_instance.dir/generated/xdl/device_grouped_conv2d_fwd_bias_bn_clamp_xdl_nhwgc_gkyxc_nhwgk_f32_instances_shard_8.cpp.o
277.8	[159/1191] Building CXX object library/src/tensor_operation_instance/gpu/grouped_conv2d_fwd_bias_bnorm_clamp/CMakeFiles/device_grouped_conv2d_fwd_bias_bnorm_clamp_instance.dir/generated/xdl/device_grouped_conv2d_fwd_bias_bn_clamp_xdl_nhwgc_gkyxc_nhwgk_f32_instances_shard_1.cpp.o
278.4	[160/1191] Building CXX object library/src/tensor_operation_instance/gpu/grouped_conv2d_fwd_bias_bnorm_clamp/CMakeFiles/device_grouped_conv2d_fwd_bias_bnorm_clamp_instance.dir/generated/xdl/device_grouped_conv2d_fwd_bias_bn_clamp_xdl_nhwgc_gkyxc_nhwgk_f16_instances_shard_3.cpp.o
279.0	[161/1191] Building CXX object library/src/tensor_operation_instance/gpu/grouped_conv2d_fwd_bias_bnorm_clamp/CMakeFiles/device_grouped_conv2d_fwd_bias_bnorm_clamp_instance.dir/generated/xdl/device_grouped_conv2d_fwd_bias_bn_clamp_xdl_nhwgc_gkyxc_nhwgk_f32_16x16_instances_shard_2.cpp.o
279.9	[162/1191] Building CXX object library/src/tensor_operation_instance/gpu/grouped_conv2d_fwd_bias_bnorm_clamp/CMakeFiles/device_grouped_conv2d_fwd_bias_bnorm_clamp_instance.dir/generated/xdl/device_grouped_conv2d_fwd_bias_bn_clamp_xdl_nhwgc_gkyxc_nhwgk_f16_16x16_instances_shard_1.cpp.o
280.0	[163/1191] Building CXX object library/src/tensor_operation_instance/gpu/grouped_conv2d_fwd/CMakeFiles/device_grouped_conv2d_fwd_instance.dir/generated/xdl/mem/device_grouped_conv2d_fwd_xdl_nhwgc_gkyxc_nhwgk_int8_mem_intra_instances_shard_9.cpp.o
280.1	[164/1191] Building CXX object library/src/tensor_operation_instance/gpu/grouped_conv2d_fwd_bias_bnorm_clamp/CMakeFiles/device_grouped_conv2d_fwd_bias_bnorm_clamp_instance.dir/generated/xdl/device_grouped_conv2d_fwd_bias_bn_clamp_xdl_nhwgc_gkyxc_nhwgk_f32_instances_shard_2.cpp.o
281.2	[165/1191] Building CXX object library/src/tensor_operation_instance/gpu/grouped_conv2d_fwd_bias_bnorm_clamp/CMakeFiles/device_grouped_conv2d_fwd_bias_bnorm_clamp_instance.dir/generated/xdl/device_grouped_conv2d_fwd_bias_bn_clamp_xdl_nhwgc_gkyxc_nhwgk_f32_instances_shard_9.cpp.o
281.9	[166/1191] Building CXX object library/src/tensor_operation_instance/gpu/grouped_conv2d_fwd_bias_bnorm_clamp/CMakeFiles/device_grouped_conv2d_fwd_bias_bnorm_clamp_instance.dir/generated/xdl/device_grouped_conv2d_fwd_bias_bn_clamp_xdl_nhwgc_gkyxc_nhwgk_f32_16x16_instances_shard_1.cpp.o
283.7	[167/1191] Building CXX object library/src/tensor_operation_instance/gpu/grouped_conv2d_fwd_bias_bnorm_clamp/CMakeFiles/device_grouped_conv2d_fwd_bias_bnorm_clamp_instance.dir/generated/xdl/device_grouped_conv2d_fwd_bias_bn_clamp_xdl_nhwgc_gkyxc_nhwgk_f16_instances_shard_5.cpp.o
284.0	[168/1191] Building CXX object library/src/tensor_operation_instance/gpu/grouped_conv2d_fwd_bias_bnorm_clamp/CMakeFiles/device_grouped_conv2d_fwd_bias_bnorm_clamp_instance.dir/generated/xdl/device_grouped_conv2d_fwd_bias_bn_clamp_xdl_nhwgc_gkyxc_nhwgk_f32_instances_shard_7.cpp.o
284.2	[169/1191] Building CXX object library/src/tensor_operation_instance/gpu/grouped_conv2d_fwd/CMakeFiles/device_grouped_conv2d_fwd_instance.dir/generated/xdl/mem/device_grouped_conv2d_fwd_xdl_nhwgc_gkyxc_nhwgk_int8_mem_intra_instances_shard_13.cpp.o
286.5	[170/1191] Building CXX object library/src/tensor_operation_instance/gpu/grouped_conv2d_fwd_bias_bnorm_clamp/CMakeFiles/device_grouped_conv2d_fwd_bias_bnorm_clamp_instance.dir/generated/xdl/large_tensor/device_grouped_conv2d_fwd_bias_bn_clamp_xdl_large_tensor_nhwgc_gkyxc_nhwgk_bf16_instances_shard_2.cpp.o
287.3	[171/1191] Building CXX object library/src/tensor_operation_instance/gpu/grouped_conv2d_fwd_bias_bnorm_clamp/CMakeFiles/device_grouped_conv2d_fwd_bias_bnorm_clamp_instance.dir/generated/xdl/device_grouped_conv2d_fwd_bias_bn_clamp_xdl_nhwgc_gkyxc_nhwgk_bf16_16x16_instances_shard_0.cpp.o
287.8	[172/1191] Building CXX object library/src/tensor_operation_instance/gpu/grouped_conv2d_fwd/CMakeFiles/device_grouped_conv2d_fwd_instance.dir/generated/xdl/mem/device_grouped_conv2d_fwd_xdl_nhwgc_gkyxc_nhwgk_int8_mem_inter_instances_shard_14.cpp.o
290.1	[173/1191] Building CXX object library/src/tensor_operation_instance/gpu/grouped_conv2d_fwd_bias_bnorm_clamp/CMakeFiles/device_grouped_conv2d_fwd_bias_bnorm_clamp_instance.dir/generated/xdl/device_grouped_conv2d_fwd_bias_bn_clamp_xdl_nhwgc_gkyxc_nhwgk_f32_16x16_instances_shard_0.cpp.o
290.4	[174/1191] Building CXX object library/src/tensor_operation_instance/gpu/grouped_conv2d_fwd_bias_bnorm_clamp/CMakeFiles/device_grouped_conv2d_fwd_bias_bnorm_clamp_instance.dir/generated/xdl/device_grouped_conv2d_fwd_bias_bn_clamp_xdl_nhwgc_gkyxc_nhwgk_f16_16x16_instances_shard_0.cpp.o
291.3	[175/1191] Building CXX object library/src/tensor_operation_instance/gpu/grouped_conv2d_fwd_bias_bnorm_clamp/CMakeFiles/device_grouped_conv2d_fwd_bias_bnorm_clamp_instance.dir/generated/xdl/mem/device_grouped_conv2d_fwd_bias_bn_clamp_xdl_nhwgc_gkyxc_nhwgk_f16_mem_intra_instances.cpp.o
297.1	[176/1191] Building CXX object library/src/tensor_operation_instance/gpu/grouped_conv2d_fwd_bias_bnorm_clamp/CMakeFiles/device_grouped_conv2d_fwd_bias_bnorm_clamp_instance.dir/generated/xdl/device_grouped_conv2d_fwd_bias_bn_clamp_xdl_nhwgc_gkyxc_nhwgk_f32_instances_shard_3.cpp.o
297.6	[177/1191] Building CXX object library/src/tensor_operation_instance/gpu/grouped_conv2d_fwd_bias_bnorm_clamp/CMakeFiles/device_grouped_conv2d_fwd_bias_bnorm_clamp_instance.dir/generated/xdl/large_tensor/device_grouped_conv2d_fwd_bias_bn_clamp_xdl_large_tensor_nhwgc_gkyxc_nhwgk_f32_instances_shard_1.cpp.o
298.0	[178/1191] Building CXX object library/src/tensor_operation_instance/gpu/grouped_conv2d_fwd_bias_bnorm_clamp/CMakeFiles/device_grouped_conv2d_fwd_bias_bnorm_clamp_instance.dir/generated/xdl/large_tensor/device_grouped_conv2d_fwd_bias_bn_clamp_xdl_large_tensor_nhwgc_gkyxc_nhwgk_f16_instances_shard_2.cpp.o
299.2	[179/1191] Building CXX object library/src/tensor_operation_instance/gpu/grouped_conv2d_fwd_bias_bnorm_clamp/CMakeFiles/device_grouped_conv2d_fwd_bias_bnorm_clamp_instance.dir/generated/xdl/device_grouped_conv2d_fwd_bias_bn_clamp_xdl_nhwgc_gkyxc_nhwgk_f32_instances_shard_4.cpp.o
302.6	[180/1191] Building CXX object library/src/tensor_operation_instance/gpu/grouped_conv2d_fwd_bias_bnorm_clamp/CMakeFiles/device_grouped_conv2d_fwd_bias_bnorm_clamp_instance.dir/generated/xdl/mem/device_grouped_conv2d_fwd_bias_bn_clamp_xdl_nhwgc_gkyxc_nhwgk_f32_mem_intra_instances.cpp.o
303.7	[181/1191] Building CXX object library/src/tensor_operation_instance/gpu/grouped_conv2d_fwd_bias_bnorm_clamp/CMakeFiles/device_grouped_conv2d_fwd_bias_bnorm_clamp_instance.dir/generated/xdl/device_grouped_conv2d_fwd_bias_bn_clamp_xdl_nhwgc_gkyxc_nhwgk_f32_instances_shard_5.cpp.o
305.1	[182/1191] Building CXX object library/src/tensor_operation_instance/gpu/grouped_conv2d_fwd/CMakeFiles/device_grouped_conv2d_fwd_instance.dir/generated/xdl/mem/device_grouped_conv2d_fwd_xdl_nhwgc_gkyxc_nhwgk_int8_mem_intra_instances_shard_10.cpp.o
308.0	[183/1191] Building CXX object library/src/tensor_operation_instance/gpu/grouped_conv2d_fwd/CMakeFiles/device_grouped_conv2d_fwd_instance.dir/generated/xdl/mem/device_grouped_conv2d_fwd_xdl_nhwgc_gkyxc_nhwgk_int8_mem_inter_instances_shard_9.cpp.o
308.8	[184/1191] Building CXX object library/src/tensor_operation_instance/gpu/grouped_conv2d_fwd/CMakeFiles/device_grouped_conv2d_fwd_instance.dir/generated/xdl/mem/device_grouped_conv2d_fwd_xdl_nhwgc_gkyxc_nhwgk_int8_mem_inter_instances_shard_13.cpp.o
309.9	[185/1191] Building CXX object library/src/tensor_operation_instance/gpu/grouped_conv2d_fwd_bias_bnorm_clamp/CMakeFiles/device_grouped_conv2d_fwd_bias_bnorm_clamp_instance.dir/generated/xdl/large_tensor/device_grouped_conv2d_fwd_bias_bn_clamp_xdl_large_tensor_nhwgc_gkyxc_nhwgk_f32_instances_shard_0.cpp.o
315.9	[186/1191] Building CXX object library/src/tensor_operation_instance/gpu/grouped_conv2d_fwd_bias_bnorm_clamp/CMakeFiles/device_grouped_conv2d_fwd_bias_bnorm_clamp_instance.dir/generated/xdl/large_tensor/device_grouped_conv2d_fwd_bias_bn_clamp_xdl_large_tensor_nhwgc_gkyxc_nhwgk_bf16_instances_shard_0.cpp.o
316.2	[187/1191] Building CXX object library/src/tensor_operation_instance/gpu/grouped_conv2d_fwd_bias_bnorm_clamp/CMakeFiles/device_grouped_conv2d_fwd_bias_bnorm_clamp_instance.dir/generated/xdl/device_grouped_conv2d_fwd_bias_bn_clamp_xdl_nhwgc_gkyxc_nhwgk_f32_instances_shard_0.cpp.o
316.6	[188/1191] Building CXX object library/src/tensor_operation_instance/gpu/grouped_conv2d_fwd_bias_bnorm_clamp/CMakeFiles/device_grouped_conv2d_fwd_bias_bnorm_clamp_instance.dir/generated/xdl/large_tensor/device_grouped_conv2d_fwd_bias_bn_clamp_xdl_large_tensor_nhwgc_gkyxc_nhwgk_bf16_instances_shard_1.cpp.o
321.8	[189/1191] Building CXX object library/src/tensor_operation_instance/gpu/grouped_conv2d_fwd_bias_bnorm_clamp/CMakeFiles/device_grouped_conv2d_fwd_bias_bnorm_clamp_instance.dir/generated/xdl/mem/device_grouped_conv2d_fwd_bias_bn_clamp_xdl_nhwgc_gkyxc_nhwgk_bf16_mem_intra_instances_shard_2.cpp.o
322.0	[190/1191] Building CXX object library/src/tensor_operation_instance/gpu/grouped_conv2d_fwd_bias_bnorm_clamp/CMakeFiles/device_grouped_conv2d_fwd_bias_bnorm_clamp_instance.dir/generated/xdl/large_tensor/device_grouped_conv2d_fwd_bias_bn_clamp_xdl_large_tensor_nhwgc_gkyxc_nhwgk_f16_instances_shard_0.cpp.o
322.9	[191/1191] Building CXX object library/src/tensor_operation_instance/gpu/grouped_conv2d_fwd_bias_bnorm_clamp/CMakeFiles/device_grouped_conv2d_fwd_bias_bnorm_clamp_instance.dir/generated/xdl/large_tensor/device_grouped_conv2d_fwd_bias_bn_clamp_xdl_large_tensor_nhwgc_gkyxc_nhwgk_f16_instances_shard_1.cpp.o
324.0	[192/1191] Building CXX object library/src/tensor_operation_instance/gpu/grouped_conv2d_fwd_bias_bnorm_clamp/CMakeFiles/device_grouped_conv2d_fwd_bias_bnorm_clamp_instance.dir/generated/xdl/device_grouped_conv2d_fwd_bias_bn_clamp_xdl_nhwgc_gkyxc_nhwgk_f16_instances_shard_0.cpp.o
324.5	[193/1191] Building CXX object library/src/tensor_operation_instance/gpu/grouped_conv2d_fwd_bias_bnorm_clamp/CMakeFiles/device_grouped_conv2d_fwd_bias_bnorm_clamp_instance.dir/generated/xdl/mem/device_grouped_conv2d_fwd_bias_bn_clamp_xdl_nhwgc_gkyxc_nhwgk_bf16_mem_intra_instances_shard_0.cpp.o
325.0	[194/1191] Building CXX object library/src/tensor_operation_instance/gpu/grouped_conv2d_fwd_bias_bnorm_clamp/CMakeFiles/device_grouped_conv2d_fwd_bias_bnorm_clamp_instance.dir/generated/xdl/mem/device_grouped_conv2d_fwd_bias_bn_clamp_xdl_nhwgc_gkyxc_nhwgk_bf16_mem_inter_instances.cpp.o
325.7	[195/1191] Building CXX object library/src/tensor_operation_instance/gpu/grouped_conv2d_fwd_bias_bnorm_clamp/CMakeFiles/device_grouped_conv2d_fwd_bias_bnorm_clamp_instance.dir/generated/xdl/mem/device_grouped_conv2d_fwd_bias_bn_clamp_xdl_nhwgc_gkyxc_nhwgk_bf16_mem_intra_instances_shard_3.cpp.o
328.5	[196/1191] Building CXX object library/src/tensor_operation_instance/gpu/grouped_conv2d_fwd/CMakeFiles/device_grouped_conv2d_fwd_instance.dir/generated/xdl/device_grouped_conv2d_fwd_xdl_ngchw_gkcyx_ngkhw_bf16_instances_shard_13.cpp.o
331.8	[197/1191] Building CXX object library/src/tensor_operation_instance/gpu/grouped_conv2d_fwd/CMakeFiles/device_grouped_conv2d_fwd_instance.dir/generated/xdl/mem/device_grouped_conv2d_fwd_xdl_nhwgc_gkyxc_nhwgk_int8_mem_inter_instances_shard_10.cpp.o
333.0	[198/1191] Building CXX object library/src/tensor_operation_instance/gpu/grouped_conv2d_fwd/CMakeFiles/device_grouped_conv2d_fwd_instance.dir/generated/xdl/device_grouped_conv2d_fwd_xdl_ngchw_gkcyx_ngkhw_bf16_instances_shard_11.cpp.o
334.0	[199/1191] Building CXX object library/src/tensor_operation_instance/gpu/grouped_conv2d_fwd/CMakeFiles/device_grouped_conv2d_fwd_instance.dir/generated/xdl/device_grouped_conv2d_fwd_xdl_ngchw_gkcyx_ngkhw_bf16_instances_shard_6.cpp.o
334.8	[200/1191] Building CXX object library/src/tensor_operation_instance/gpu/grouped_conv2d_fwd/CMakeFiles/device_grouped_conv2d_fwd_instance.dir/generated/xdl/device_grouped_conv2d_fwd_xdl_ngchw_gkcyx_ngkhw_bf16_instances_shard_15.cpp.o
337.3	[201/1191] Building CXX object library/src/tensor_operation_instance/gpu/grouped_conv2d_fwd/CMakeFiles/device_grouped_conv2d_fwd_instance.dir/generated/xdl/device_grouped_conv2d_fwd_xdl_ngchw_gkcyx_ngkhw_f16_instances_shard_15.cpp.o
337.9	[202/1191] Building CXX object library/src/tensor_operation_instance/gpu/grouped_conv2d_fwd_bias_bnorm_clamp/CMakeFiles/device_grouped_conv2d_fwd_bias_bnorm_clamp_instance.dir/generated/xdl/mem/device_grouped_conv2d_fwd_bias_bn_clamp_xdl_nhwgc_gkyxc_nhwgk_bf16_mem_intra_instances_shard_1.cpp.o
338.3	[203/1191] Building CXX object library/src/tensor_operation_instance/gpu/grouped_conv2d_fwd/CMakeFiles/device_grouped_conv2d_fwd_instance.dir/xdl/comp/device_grouped_conv2d_fwd_xdl_ngchw_gkcyx_ngkhw_f16_comp_2x_instance.cpp.o
342.5	[204/1191] Building CXX object library/src/tensor_operation_instance/gpu/grouped_conv2d_fwd/CMakeFiles/device_grouped_conv2d_fwd_instance.dir/generated/xdl/device_grouped_conv2d_fwd_xdl_ngchw_gkcyx_ngkhw_f16_instances_shard_13.cpp.o
342.8	[205/1191] Building CXX object library/src/tensor_operation_instance/gpu/grouped_conv2d_fwd/CMakeFiles/device_grouped_conv2d_fwd_instance.dir/xdl/comp/device_grouped_conv2d_fwd_xdl_ngchw_gkcyx_ngkhw_bf16_comp_2x_instance.cpp.o
345.7	[206/1191] Building CXX object library/src/tensor_operation_instance/gpu/grouped_conv2d_fwd_bias_bnorm_clamp/CMakeFiles/device_grouped_conv2d_fwd_bias_bnorm_clamp_instance.dir/generated/xdl/merged_groups/device_grouped_conv2d_fwd_bias_bn_clamp_xdl_merged_groups_nhwgc_gkyxc_nhwgk_f32_instances_shard_1.cpp.o
345.7	[207/1191] Building CXX object library/src/tensor_operation_instance/gpu/grouped_conv2d_fwd/CMakeFiles/device_grouped_conv2d_fwd_instance.dir/generated/xdl/device_grouped_conv2d_fwd_xdl_ngchw_gkcyx_ngkhw_bf16_instances_shard_7.cpp.o
345.9	[208/1191] Building CXX object library/src/tensor_operation_instance/gpu/grouped_conv2d_fwd_bias_bnorm_clamp/CMakeFiles/device_grouped_conv2d_fwd_bias_bnorm_clamp_instance.dir/generated/xdl/mem/device_grouped_conv2d_fwd_bias_bn_clamp_xdl_nhwgc_gkyxc_nhwgk_f16_mem_intra_instances_shard_2.cpp.o
349.6	[209/1191] Building CXX object library/src/tensor_operation_instance/gpu/grouped_conv2d_fwd_bias_bnorm_clamp/CMakeFiles/device_grouped_conv2d_fwd_bias_bnorm_clamp_instance.dir/generated/xdl/merged_groups/device_grouped_conv2d_fwd_bias_bn_clamp_xdl_merged_groups_nhwgc_gkyxc_nhwgk_f32_instances_shard_0.cpp.o
349.7	[210/1191] Building CXX object library/src/tensor_operation_instance/gpu/grouped_conv2d_fwd_bias_bnorm_clamp/CMakeFiles/device_grouped_conv2d_fwd_bias_bnorm_clamp_instance.dir/generated/xdl/mem/device_grouped_conv2d_fwd_bias_bn_clamp_xdl_nhwgc_gkyxc_nhwgk_f16_mem_intra_instances_shard_3.cpp.o
351.1	[211/1191] Building CXX object library/src/tensor_operation_instance/gpu/grouped_conv2d_fwd_bias_bnorm_clamp/CMakeFiles/device_grouped_conv2d_fwd_bias_bnorm_clamp_instance.dir/generated/xdl/mem/device_grouped_conv2d_fwd_bias_bn_clamp_xdl_nhwgc_gkyxc_nhwgk_f16_mem_intra_instances_shard_0.cpp.o
351.3	[212/1191] Building CXX object library/src/tensor_operation_instance/gpu/grouped_conv2d_fwd/CMakeFiles/device_grouped_conv2d_fwd_instance.dir/generated/xdl/comp/device_grouped_conv2d_fwd_xdl_ngchw_gkcyx_ngkhw_bf16_comp_instances_shard_2.cpp.o
354.5	[213/1191] Building CXX object library/src/tensor_operation_instance/gpu/grouped_conv2d_fwd/CMakeFiles/device_grouped_conv2d_fwd_instance.dir/generated/xdl/device_grouped_conv2d_fwd_xdl_ngchw_gkcyx_ngkhw_bf16_instances_shard_9.cpp.o
355.3	[214/1191] Building CXX object library/src/tensor_operation_instance/gpu/grouped_conv2d_fwd_bias_bnorm_clamp/CMakeFiles/device_grouped_conv2d_fwd_bias_bnorm_clamp_instance.dir/generated/xdl/merged_groups/device_grouped_conv2d_fwd_bias_bn_clamp_xdl_merged_groups_nhwgc_gkyxc_nhwgk_f32_instances_shard_2.cpp.o
356.1	[215/1191] Building CXX object library/src/tensor_operation_instance/gpu/grouped_conv2d_fwd/CMakeFiles/device_grouped_conv2d_fwd_instance.dir/generated/xdl/device_grouped_conv2d_fwd_xdl_ngchw_gkcyx_ngkhw_bf16_instances_shard_8.cpp.o
357.9	[216/1191] Building CXX object library/src/tensor_operation_instance/gpu/grouped_conv2d_bwd_data/CMakeFiles/device_grouped_conv2d_bwd_data_instance.dir/xdl/device_grouped_conv2d_bwd_data_xdl_ngchw_gkyxc_ngkhw_f32_instance.cpp.o
359.4	[217/1191] Building CXX object library/src/tensor_operation_instance/gpu/grouped_conv2d_fwd_bias_bnorm_clamp/CMakeFiles/device_grouped_conv2d_fwd_bias_bnorm_clamp_instance.dir/generated/xdl/mem/device_grouped_conv2d_fwd_bias_bn_clamp_xdl_nhwgc_gkyxc_nhwgk_f16_mem_inter_instances.cpp.o
359.9	[218/1191] Building CXX object library/src/tensor_operation_instance/gpu/grouped_conv2d_fwd_bias_bnorm_clamp/CMakeFiles/device_grouped_conv2d_fwd_bias_bnorm_clamp_instance.dir/generated/xdl/mem/device_grouped_conv2d_fwd_bias_bn_clamp_xdl_nhwgc_gkyxc_nhwgk_bf16_mem_intra_instances_shard_12.cpp.o
360.1	[219/1191] Building CXX object library/src/tensor_operation_instance/gpu/grouped_conv2d_bwd_data/CMakeFiles/device_grouped_conv2d_bwd_data_instance.dir/xdl/device_grouped_conv2d_bwd_data_xdl_ngchw_gkyxc_ngkhw_f16_instance.cpp.o
362.1	[220/1191] Building CXX object library/src/tensor_operation_instance/gpu/grouped_conv2d_fwd_bias_bnorm_clamp/CMakeFiles/device_grouped_conv2d_fwd_bias_bnorm_clamp_instance.dir/generated/xdl/mem/device_grouped_conv2d_fwd_bias_bn_clamp_xdl_nhwgc_gkyxc_nhwgk_f16_mem_intra_instances_shard_1.cpp.o
362.1	[221/1191] Building CXX object library/src/tensor_operation_instance/gpu/grouped_conv2d_bwd_data/CMakeFiles/device_grouped_conv2d_bwd_data_instance.dir/xdl/device_grouped_conv2d_bwd_data_xdl_ngchw_gkyxc_ngkhw_bf16_instance.cpp.o
362.3	[222/1191] Building CXX object library/src/tensor_operation_instance/gpu/grouped_conv2d_fwd/CMakeFiles/device_grouped_conv2d_fwd_instance.dir/generated/xdl/comp/device_grouped_conv2d_fwd_xdl_ngchw_gkcyx_ngkhw_bf16_comp_instances_shard_7.cpp.o
367.7	[223/1191] Building CXX object library/src/tensor_operation_instance/gpu/grouped_conv2d_fwd/CMakeFiles/device_grouped_conv2d_fwd_instance.dir/generated/xdl/comp/device_grouped_conv2d_fwd_xdl_ngchw_gkcyx_ngkhw_bf16_comp_instances_shard_9.cpp.o
370.3	[224/1191] Building CXX object library/src/tensor_operation_instance/gpu/grouped_conv2d_bwd_data/CMakeFiles/device_grouped_conv2d_bwd_data_instance.dir/xdl/device_grouped_conv2d_bwd_data_xdl_gnhwc_gkyxc_gnhwk_f16_instance.cpp.o
373.3	[225/1191] Building CXX object library/src/tensor_operation_instance/gpu/grouped_conv2d_fwd/CMakeFiles/device_grouped_conv2d_fwd_instance.dir/generated/xdl/device_grouped_conv2d_fwd_xdl_ngchw_gkcyx_ngkhw_f16_instances_shard_6.cpp.o
373.4	[226/1191] Building CXX object library/src/tensor_operation_instance/gpu/grouped_conv2d_fwd_bias_bnorm_clamp/CMakeFiles/device_grouped_conv2d_fwd_bias_bnorm_clamp_instance.dir/generated/xdl/mem/device_grouped_conv2d_fwd_bias_bn_clamp_xdl_nhwgc_gkyxc_nhwgk_f32_mem_intra_instances_shard_0.cpp.o
374.7	[227/1191] Building CXX object library/src/tensor_operation_instance/gpu/grouped_conv2d_fwd_bias_bnorm_clamp/CMakeFiles/device_grouped_conv2d_fwd_bias_bnorm_clamp_instance.dir/generated/xdl/mem/device_grouped_conv2d_fwd_bias_bn_clamp_xdl_nhwgc_gkyxc_nhwgk_bf16_mem_intra_instances_shard_14.cpp.o
375.9	[228/1191] Building CXX object library/src/tensor_operation_instance/gpu/grouped_conv2d_fwd/CMakeFiles/device_grouped_conv2d_fwd_instance.dir/xdl/comp/device_grouped_conv2d_fwd_xdl_ngchw_gkcyx_ngkhw_f16_comp_instance.cpp.o
376.2	[229/1191] Building CXX object library/src/tensor_operation_instance/gpu/grouped_conv2d_fwd_bias_bnorm_clamp/CMakeFiles/device_grouped_conv2d_fwd_bias_bnorm_clamp_instance.dir/generated/xdl/mem/device_grouped_conv2d_fwd_bias_bn_clamp_xdl_nhwgc_gkyxc_nhwgk_f32_mem_intra_instances_shard_2.cpp.o
376.4	[230/1191] Building CXX object library/src/tensor_operation_instance/gpu/grouped_conv2d_fwd/CMakeFiles/device_grouped_conv2d_fwd_instance.dir/generated/xdl/device_grouped_conv2d_fwd_xdl_ngchw_gkcyx_ngkhw_bf16_instances_shard_2.cpp.o
376.8	[231/1191] Building CXX object library/src/tensor_operation_instance/gpu/grouped_conv2d_fwd_bias_bnorm_clamp/CMakeFiles/device_grouped_conv2d_fwd_bias_bnorm_clamp_instance.dir/generated/xdl/mem/device_grouped_conv2d_fwd_bias_bn_clamp_xdl_nhwgc_gkyxc_nhwgk_f16_mem_intra_instances_shard_12.cpp.o
378.0	[232/1191] Building CXX object library/src/tensor_operation_instance/gpu/grouped_conv2d_bwd_data/CMakeFiles/device_grouped_conv2d_bwd_data_instance.dir/xdl/device_grouped_conv2d_bwd_data_xdl_nhwgc_gkyxc_nhwgk_f16_16_16_instance.cpp.o
378.4	[233/1191] Building CXX object library/src/tensor_operation_instance/gpu/grouped_conv2d_fwd/CMakeFiles/device_grouped_conv2d_fwd_instance.dir/generated/xdl/device_grouped_conv2d_fwd_xdl_ngchw_gkcyx_ngkhw_bf16_instances_shard_5.cpp.o
379.9	[234/1191] Building CXX object library/src/tensor_operation_instance/gpu/grouped_conv2d_bwd_data/CMakeFiles/device_grouped_conv2d_bwd_data_instance.dir/xdl/device_grouped_conv2d_bwd_data_xdl_nhwgc_gkyxc_nhwgk_bf16_16_16_instance.cpp.o
380.0	[235/1191] Building CXX object library/src/tensor_operation_instance/gpu/grouped_conv2d_fwd_bias_bnorm_clamp/CMakeFiles/device_grouped_conv2d_fwd_bias_bnorm_clamp_instance.dir/generated/xdl/mem/device_grouped_conv2d_fwd_bias_bn_clamp_xdl_nhwgc_gkyxc_nhwgk_f32_mem_intra_instances_shard_3.cpp.o
380.1	[236/1191] Building CXX object library/src/tensor_operation_instance/gpu/grouped_conv2d_fwd/CMakeFiles/device_grouped_conv2d_fwd_instance.dir/generated/xdl/device_grouped_conv2d_fwd_xdl_ngchw_gkcyx_ngkhw_f16_instances_shard_11.cpp.o
381.0	[237/1191] Building CXX object library/src/tensor_operation_instance/gpu/grouped_conv2d_fwd/CMakeFiles/device_grouped_conv2d_fwd_instance.dir/generated/xdl/device_grouped_conv2d_fwd_xdl_ngchw_gkcyx_ngkhw_bf16_instances_shard_3.cpp.o
381.5	[238/1191] Building CXX object library/src/tensor_operation_instance/gpu/grouped_conv2d_fwd/CMakeFiles/device_grouped_conv2d_fwd_instance.dir/generated/xdl/comp/device_grouped_conv2d_fwd_xdl_ngchw_gkcyx_ngkhw_bf16_comp_instances_shard_1.cpp.o
382.2	[239/1191] Building CXX object library/src/tensor_operation_instance/gpu/grouped_conv2d_fwd_bias_bnorm_clamp/CMakeFiles/device_grouped_conv2d_fwd_bias_bnorm_clamp_instance.dir/generated/xdl/mem/device_grouped_conv2d_fwd_bias_bn_clamp_xdl_nhwgc_gkyxc_nhwgk_bf16_mem_intra_instances_shard_13.cpp.o
384.2	[240/1191] Building CXX object library/src/tensor_operation_instance/gpu/grouped_conv2d_fwd/CMakeFiles/device_grouped_conv2d_fwd_instance.dir/generated/xdl/comp/device_grouped_conv2d_fwd_xdl_ngchw_gkcyx_ngkhw_bf16_comp_instances_shard_6.cpp.o
384.3	[241/1191] Building CXX object library/src/tensor_operation_instance/gpu/grouped_conv2d_fwd_bias_bnorm_clamp/CMakeFiles/device_grouped_conv2d_fwd_bias_bnorm_clamp_instance.dir/generated/xdl/mem/device_grouped_conv2d_fwd_bias_bn_clamp_xdl_nhwgc_gkyxc_nhwgk_f32_mem_inter_instances.cpp.o
385.5	[242/1191] Building CXX object library/src/tensor_operation_instance/gpu/grouped_conv2d_bwd_data/CMakeFiles/device_grouped_conv2d_bwd_data_instance.dir/xdl/device_grouped_conv2d_bwd_data_xdl_gnhwc_gkyxc_gnhwk_bf16_instance.cpp.o
386.3	[243/1191] Building CXX object library/src/tensor_operation_instance/gpu/grouped_conv2d_fwd/CMakeFiles/device_grouped_conv2d_fwd_instance.dir/generated/xdl/device_grouped_conv2d_fwd_xdl_ngchw_gkcyx_ngkhw_f16_instances_shard_9.cpp.o
386.4	[244/1191] Building CXX object library/src/tensor_operation_instance/gpu/grouped_conv2d_fwd_bias_bnorm_clamp/CMakeFiles/device_grouped_conv2d_fwd_bias_bnorm_clamp_instance.dir/generated/xdl/mem/device_grouped_conv2d_fwd_bias_bn_clamp_xdl_nhwgc_gkyxc_nhwgk_bf16_mem_inter_instances_shard_2.cpp.o
387.5	[245/1191] Building CXX object library/src/tensor_operation_instance/gpu/grouped_conv2d_fwd_bias_bnorm_clamp/CMakeFiles/device_grouped_conv2d_fwd_bias_bnorm_clamp_instance.dir/generated/xdl/mem/device_grouped_conv2d_fwd_bias_bn_clamp_xdl_nhwgc_gkyxc_nhwgk_bf16_mem_inter_instances_shard_0.cpp.o
388.1	[246/1191] Building CXX object library/src/tensor_operation_instance/gpu/grouped_conv2d_bwd_data/CMakeFiles/device_grouped_conv2d_bwd_data_instance.dir/xdl/device_grouped_conv2d_bwd_data_xdl_nhwgc_gkyxc_nhwgk_f32_16_16_instance.cpp.o
388.4	[247/1191] Building CXX object library/src/tensor_operation_instance/gpu/grouped_conv2d_fwd_bias_bnorm_clamp/CMakeFiles/device_grouped_conv2d_fwd_bias_bnorm_clamp_instance.dir/generated/xdl/mem/device_grouped_conv2d_fwd_bias_bn_clamp_xdl_nhwgc_gkyxc_nhwgk_bf16_mem_intra_instances_shard_10.cpp.o
388.5	[248/1191] Building CXX object library/src/tensor_operation_instance/gpu/grouped_conv2d_fwd_bias_bnorm_clamp/CMakeFiles/device_grouped_conv2d_fwd_bias_bnorm_clamp_instance.dir/generated/xdl/mem/device_grouped_conv2d_fwd_bias_bn_clamp_xdl_nhwgc_gkyxc_nhwgk_bf16_mem_intra_instances_shard_11.cpp.o
391.2	[249/1191] Building CXX object library/src/tensor_operation_instance/gpu/grouped_conv2d_bwd_data/CMakeFiles/device_grouped_conv2d_bwd_data_instance.dir/xdl/device_grouped_conv2d_bwd_data_xdl_ngchw_gkcyx_ngkhw_f16_16_16_instance.cpp.o
392.2	[250/1191] Building CXX object library/src/tensor_operation_instance/gpu/grouped_conv2d_bwd_data/CMakeFiles/device_grouped_conv2d_bwd_data_instance.dir/xdl/device_grouped_conv2d_bwd_data_xdl_gnhwc_gkyxc_gnhwk_f32_instance.cpp.o
394.2	[251/1191] Building CXX object library/src/tensor_operation_instance/gpu/grouped_conv2d_fwd_bias_bnorm_clamp/CMakeFiles/device_grouped_conv2d_fwd_bias_bnorm_clamp_instance.dir/generated/xdl/mem/device_grouped_conv2d_fwd_bias_bn_clamp_xdl_nhwgc_gkyxc_nhwgk_bf16_mem_inter_instances_shard_3.cpp.o
394.7	[252/1191] Building CXX object library/src/tensor_operation_instance/gpu/grouped_conv2d_fwd_bias_bnorm_clamp/CMakeFiles/device_grouped_conv2d_fwd_bias_bnorm_clamp_instance.dir/generated/xdl/mem/device_grouped_conv2d_fwd_bias_bn_clamp_xdl_nhwgc_gkyxc_nhwgk_bf16_mem_intra_instances_shard_9.cpp.o
395.4	[253/1191] Building CXX object library/src/tensor_operation_instance/gpu/grouped_conv2d_fwd_bias_bnorm_clamp/CMakeFiles/device_grouped_conv2d_fwd_bias_bnorm_clamp_instance.dir/generated/xdl/mem/device_grouped_conv2d_fwd_bias_bn_clamp_xdl_nhwgc_gkyxc_nhwgk_f16_mem_intra_instances_shard_14.cpp.o
398.8	[254/1191] Building CXX object library/src/tensor_operation_instance/gpu/grouped_conv2d_fwd_bias_bnorm_clamp/CMakeFiles/device_grouped_conv2d_fwd_bias_bnorm_clamp_instance.dir/generated/xdl/merged_groups/device_grouped_conv2d_fwd_bias_bn_clamp_xdl_merged_groups_nhwgc_gkyxc_nhwgk_bf16_instances_shard_0.cpp.o
398.8	[255/1191] Building CXX object library/src/tensor_operation_instance/gpu/grouped_conv2d_fwd_bias_bnorm_clamp/CMakeFiles/device_grouped_conv2d_fwd_bias_bnorm_clamp_instance.dir/generated/xdl/mem/device_grouped_conv2d_fwd_bias_bn_clamp_xdl_nhwgc_gkyxc_nhwgk_f32_mem_intra_instances_shard_1.cpp.o
398.8	[256/1191] Building CXX object library/src/tensor_operation_instance/gpu/grouped_conv2d_fwd/CMakeFiles/device_grouped_conv2d_fwd_instance.dir/generated/xdl/device_grouped_conv2d_fwd_xdl_ngchw_gkcyx_ngkhw_f16_instances_shard_8.cpp.o
399.5	[257/1191] Building CXX object library/src/tensor_operation_instance/gpu/grouped_conv2d_fwd_bias_bnorm_clamp/CMakeFiles/device_grouped_conv2d_fwd_bias_bnorm_clamp_instance.dir/generated/xdl/mem/device_grouped_conv2d_fwd_bias_bn_clamp_xdl_nhwgc_gkyxc_nhwgk_bf16_mem_intra_instances_shard_15.cpp.o
399.7	[258/1191] Building CXX object library/src/tensor_operation_instance/gpu/grouped_conv2d_fwd_bias_bnorm_clamp/CMakeFiles/device_grouped_conv2d_fwd_bias_bnorm_clamp_instance.dir/generated/xdl/mem/device_grouped_conv2d_fwd_bias_bn_clamp_xdl_nhwgc_gkyxc_nhwgk_f16_mem_intra_instances_shard_9.cpp.o
399.8	[259/1191] Building CXX object library/src/tensor_operation_instance/gpu/grouped_conv2d_fwd/CMakeFiles/device_grouped_conv2d_fwd_instance.dir/generated/xdl/device_grouped_conv2d_fwd_xdl_ngchw_gkcyx_ngkhw_f16_instances_shard_7.cpp.o
401.1	[260/1191] Building CXX object library/src/tensor_operation_instance/gpu/grouped_conv2d_fwd_bias_bnorm_clamp/CMakeFiles/device_grouped_conv2d_fwd_bias_bnorm_clamp_instance.dir/generated/xdl/mem/device_grouped_conv2d_fwd_bias_bn_clamp_xdl_nhwgc_gkyxc_nhwgk_f16_mem_intra_instances_shard_11.cpp.o
401.2	[261/1191] Building CXX object library/src/tensor_operation_instance/gpu/grouped_conv2d_fwd_bias_bnorm_clamp/CMakeFiles/device_grouped_conv2d_fwd_bias_bnorm_clamp_instance.dir/generated/xdl/mem/device_grouped_conv2d_fwd_bias_bn_clamp_xdl_nhwgc_gkyxc_nhwgk_f32_mem_intra_instances_shard_11.cpp.o
401.6	[262/1191] Building CXX object library/src/tensor_operation_instance/gpu/grouped_conv2d_fwd_bias_bnorm_clamp/CMakeFiles/device_grouped_conv2d_fwd_bias_bnorm_clamp_instance.dir/generated/xdl/mem/device_grouped_conv2d_fwd_bias_bn_clamp_xdl_nhwgc_gkyxc_nhwgk_bf16_mem_inter_instances_shard_1.cpp.o
401.7	[263/1191] Building CXX object library/src/tensor_operation_instance/gpu/grouped_conv2d_fwd_bias_bnorm_clamp/CMakeFiles/device_grouped_conv2d_fwd_bias_bnorm_clamp_instance.dir/generated/xdl/mem/device_grouped_conv2d_fwd_bias_bn_clamp_xdl_nhwgc_gkyxc_nhwgk_f16_mem_intra_instances_shard_13.cpp.o
401.8	[264/1191] Building CXX object library/src/tensor_operation_instance/gpu/grouped_conv2d_bwd_data/CMakeFiles/device_grouped_conv2d_bwd_data_instance.dir/xdl/device_grouped_conv2d_bwd_data_xdl_ngchw_gkcyx_ngkhw_bf16_16_16_instance.cpp.o
401.8	[265/1191] Building CXX object library/src/tensor_operation_instance/gpu/grouped_conv2d_fwd_bias_bnorm_clamp/CMakeFiles/device_grouped_conv2d_fwd_bias_bnorm_clamp_instance.dir/generated/xdl/mem/device_grouped_conv2d_fwd_bias_bn_clamp_xdl_nhwgc_gkyxc_nhwgk_f32_mem_intra_instances_shard_10.cpp.o
401.9	[266/1191] Building CXX object library/src/tensor_operation_instance/gpu/grouped_conv2d_fwd_bias_bnorm_clamp/CMakeFiles/device_grouped_conv2d_fwd_bias_bnorm_clamp_instance.dir/generated/xdl/comp/device_grouped_conv2d_fwd_bias_bn_clamp_xdl_nhwgc_gkyxc_nhwgk_bf16_comp_instances.cpp.o
402.1	[267/1191] Building CXX object library/src/tensor_operation_instance/gpu/grouped_conv2d_bwd_data/CMakeFiles/device_grouped_conv2d_bwd_data_instance.dir/xdl/device_grouped_conv2d_bwd_data_xdl_ngchw_gkcyx_ngkhw_f32_16_16_instance.cpp.o
403.2	[268/1191] Building CXX object library/src/tensor_operation_instance/gpu/grouped_conv2d_fwd_bias_bnorm_clamp/CMakeFiles/device_grouped_conv2d_fwd_bias_bnorm_clamp_instance.dir/generated/xdl/mem/device_grouped_conv2d_fwd_bias_bn_clamp_xdl_nhwgc_gkyxc_nhwgk_f16_mem_intra_instances_shard_10.cpp.o
405.2	[269/1191] Building CXX object library/src/tensor_operation_instance/gpu/grouped_conv2d_fwd_bias_bnorm_clamp/CMakeFiles/device_grouped_conv2d_fwd_bias_bnorm_clamp_instance.dir/generated/xdl/comp/device_grouped_conv2d_fwd_bias_bn_clamp_xdl_nhwgc_gkyxc_nhwgk_f32_comp_instances.cpp.o
405.6	[270/1191] Building CXX object library/src/tensor_operation_instance/gpu/grouped_conv2d_fwd_bias_bnorm_clamp/CMakeFiles/device_grouped_conv2d_fwd_bias_bnorm_clamp_instance.dir/generated/xdl/mem/device_grouped_conv2d_fwd_bias_bn_clamp_xdl_nhwgc_gkyxc_nhwgk_f32_mem_intra_instances_shard_8.cpp.o
405.9	[271/1191] Building CXX object library/src/tensor_operation_instance/gpu/grouped_conv2d_fwd_bias_bnorm_clamp/CMakeFiles/device_grouped_conv2d_fwd_bias_bnorm_clamp_instance.dir/generated/xdl/mem/device_grouped_conv2d_fwd_bias_bn_clamp_xdl_nhwgc_gkyxc_nhwgk_bf16_mem_intra_instances_shard_8.cpp.o
406.9	[272/1191] Building CXX object library/src/tensor_operation_instance/gpu/grouped_conv2d_fwd_bias_bnorm_clamp/CMakeFiles/device_grouped_conv2d_fwd_bias_bnorm_clamp_instance.dir/generated/xdl/merged_groups/device_grouped_conv2d_fwd_bias_bn_clamp_xdl_merged_groups_nhwgc_gkyxc_nhwgk_bf16_instances_shard_1.cpp.o
407.1	[273/1191] Building CXX object library/src/tensor_operation_instance/gpu/grouped_conv2d_fwd_bias_bnorm_clamp/CMakeFiles/device_grouped_conv2d_fwd_bias_bnorm_clamp_instance.dir/generated/xdl/comp/device_grouped_conv2d_fwd_bias_bn_clamp_xdl_nhwgc_gkyxc_nhwgk_f16_comp_instances.cpp.o
409.1	[274/1191] Building CXX object library/src/tensor_operation_instance/gpu/grouped_conv2d_fwd_bias_bnorm_clamp/CMakeFiles/device_grouped_conv2d_fwd_bias_bnorm_clamp_instance.dir/generated/xdl/mem/device_grouped_conv2d_fwd_bias_bn_clamp_xdl_nhwgc_gkyxc_nhwgk_f16_mem_intra_instances_shard_15.cpp.o
409.7	[275/1191] Building CXX object library/src/tensor_operation_instance/gpu/grouped_conv2d_fwd_bias_bnorm_clamp/CMakeFiles/device_grouped_conv2d_fwd_bias_bnorm_clamp_instance.dir/generated/xdl/merged_groups/device_grouped_conv2d_fwd_bias_bn_clamp_xdl_merged_groups_nhwgc_gkyxc_nhwgk_f16_instances_shard_0.cpp.o
410.3	[276/1191] Building CXX object library/src/tensor_operation_instance/gpu/grouped_conv2d_fwd_bias_bnorm_clamp/CMakeFiles/device_grouped_conv2d_fwd_bias_bnorm_clamp_instance.dir/generated/xdl/mem/device_grouped_conv2d_fwd_bias_bn_clamp_xdl_nhwgc_gkyxc_nhwgk_f16_mem_inter_instances_shard_0.cpp.o
410.3	[277/1191] Building CXX object library/src/tensor_operation_instance/gpu/grouped_conv2d_fwd_bias_bnorm_clamp/CMakeFiles/device_grouped_conv2d_fwd_bias_bnorm_clamp_instance.dir/generated/xdl/mem/device_grouped_conv2d_fwd_bias_bn_clamp_xdl_nhwgc_gkyxc_nhwgk_f16_mem_inter_instances_shard_2.cpp.o
410.4	[278/1191] Building CXX object library/src/tensor_operation_instance/gpu/grouped_conv2d_fwd/CMakeFiles/device_grouped_conv2d_fwd_instance.dir/dl/device_grouped_conv2d_fwd_dl_nhwgc_gkyxc_nhwgk_f32_instance.cpp.o
410.4	[279/1191] Building CXX object library/src/tensor_operation_instance/gpu/grouped_conv2d_fwd_bias_bnorm_clamp/CMakeFiles/device_grouped_conv2d_fwd_bias_bnorm_clamp_instance.dir/generated/xdl/merged_groups/device_grouped_conv2d_fwd_bias_bn_clamp_xdl_merged_groups_nhwgc_gkyxc_nhwgk_f16_instances_shard_2.cpp.o
410.6	[280/1191] Building CXX object library/src/tensor_operation_instance/gpu/grouped_conv2d_fwd_bias_bnorm_clamp/CMakeFiles/device_grouped_conv2d_fwd_bias_bnorm_clamp_instance.dir/generated/xdl/comp/device_grouped_conv2d_fwd_bias_bn_clamp_xdl_nhwgc_gkyxc_nhwgk_bf16_comp_2x_instances.cpp.o
412.0	[281/1191] Building CXX object library/src/tensor_operation_instance/gpu/grouped_conv2d_fwd_bias_bnorm_clamp/CMakeFiles/device_grouped_conv2d_fwd_bias_bnorm_clamp_instance.dir/generated/xdl/comp/device_grouped_conv2d_fwd_bias_bn_clamp_xdl_nhwgc_gkyxc_nhwgk_f16_comp_2x_instances.cpp.o
413.1	[282/1191] Building CXX object library/src/tensor_operation_instance/gpu/grouped_conv2d_fwd_bias_bnorm_clamp/CMakeFiles/device_grouped_conv2d_fwd_bias_bnorm_clamp_instance.dir/generated/xdl/merged_groups/device_grouped_conv2d_fwd_bias_bn_clamp_xdl_merged_groups_nhwgc_gkyxc_nhwgk_bf16_instances_shard_2.cpp.o
413.8	[283/1191] Building CXX object library/src/tensor_operation_instance/gpu/grouped_conv2d_fwd_bias_bnorm_clamp/CMakeFiles/device_grouped_conv2d_fwd_bias_bnorm_clamp_instance.dir/generated/xdl/merged_groups/device_grouped_conv2d_fwd_bias_bn_clamp_xdl_merged_groups_nhwgc_gkyxc_nhwgk_f16_instances_shard_1.cpp.o
414.4	[284/1191] Building CXX object library/src/tensor_operation_instance/gpu/grouped_conv2d_fwd_bias_bnorm_clamp/CMakeFiles/device_grouped_conv2d_fwd_bias_bnorm_clamp_instance.dir/generated/xdl/mem/device_grouped_conv2d_fwd_bias_bn_clamp_xdl_nhwgc_gkyxc_nhwgk_f16_mem_inter_instances_shard_3.cpp.o
415.6	[285/1191] Building CXX object library/src/tensor_operation_instance/gpu/grouped_conv2d_fwd_bias_bnorm_clamp/CMakeFiles/device_grouped_conv2d_fwd_bias_bnorm_clamp_instance.dir/generated/xdl/comp/device_grouped_conv2d_fwd_bias_bn_clamp_xdl_nhwgc_gkyxc_nhwgk_bf16_comp_part2_instances.cpp.o
416.2	[286/1191] Building CXX object library/src/tensor_operation_instance/gpu/grouped_conv2d_fwd_bias_bnorm_clamp/CMakeFiles/device_grouped_conv2d_fwd_bias_bnorm_clamp_instance.dir/generated/xdl/mem/device_grouped_conv2d_fwd_bias_bn_clamp_xdl_nhwgc_gkyxc_nhwgk_bf16_mem_inter_instances_shard_12.cpp.o
416.9	[287/1191] Building CXX object library/src/tensor_operation_instance/gpu/grouped_conv2d_bwd_weight/CMakeFiles/device_grouped_conv2d_bwd_weight_instance.dir/xdl/gnhwc_gkyxc_gnhwk/device_grouped_conv2d_bwd_weight_xdl_gnhwc_gkyxc_gnhwk_f16_pad0_pipev1_instance.cpp.o
421.4	[288/1191] Building CXX object library/src/tensor_operation_instance/gpu/grouped_conv2d_fwd_bias_bnorm_clamp/CMakeFiles/device_grouped_conv2d_fwd_bias_bnorm_clamp_instance.dir/generated/xdl/mem/device_grouped_conv2d_fwd_bias_bn_clamp_xdl_nhwgc_gkyxc_nhwgk_f16_mem_inter_instances_shard_1.cpp.o
421.4	[289/1191] Building CXX object library/src/tensor_operation_instance/gpu/grouped_conv2d_fwd_bias_bnorm_clamp/CMakeFiles/device_grouped_conv2d_fwd_bias_bnorm_clamp_instance.dir/generated/xdl/mem/device_grouped_conv2d_fwd_bias_bn_clamp_xdl_nhwgc_gkyxc_nhwgk_f32_mem_intra_instances_shard_12.cpp.o
422.2	[290/1191] Building CXX object library/src/tensor_operation_instance/gpu/grouped_conv2d_fwd_bias_bnorm_clamp/CMakeFiles/device_grouped_conv2d_fwd_bias_bnorm_clamp_instance.dir/generated/xdl/mem/device_grouped_conv2d_fwd_bias_bn_clamp_xdl_nhwgc_gkyxc_nhwgk_f16_mem_intra_instances_shard_8.cpp.o
423.2	[291/1191] Building CXX object library/src/tensor_operation_instance/gpu/grouped_conv2d_fwd_bias_bnorm_clamp/CMakeFiles/device_grouped_conv2d_fwd_bias_bnorm_clamp_instance.dir/generated/xdl/mem/device_grouped_conv2d_fwd_bias_bn_clamp_xdl_nhwgc_gkyxc_nhwgk_bf16_mem_intra_instances_shard_16.cpp.o
426.2	[292/1191] Building CXX object library/src/tensor_operation_instance/gpu/grouped_conv2d_fwd/CMakeFiles/device_grouped_conv2d_fwd_instance.dir/generated/xdl/device_grouped_conv2d_fwd_xdl_ngchw_gkcyx_ngkhw_f16_instances_shard_2.cpp.o
427.5	[293/1191] Building CXX object library/src/tensor_operation_instance/gpu/grouped_conv2d_fwd_bias_bnorm_clamp/CMakeFiles/device_grouped_conv2d_fwd_bias_bnorm_clamp_instance.dir/generated/xdl/comp/device_grouped_conv2d_fwd_bias_bn_clamp_xdl_nhwgc_gkyxc_nhwgk_f16_comp_part2_instances.cpp.o
428.9	[294/1191] Building CXX object library/src/tensor_operation_instance/gpu/grouped_conv2d_fwd/CMakeFiles/device_grouped_conv2d_fwd_instance.dir/generated/xdl/device_grouped_conv2d_fwd_xdl_ngchw_gkcyx_ngkhw_f16_instances_shard_5.cpp.o
430.7	[295/1191] Building CXX object library/src/tensor_operation_instance/gpu/grouped_conv2d_fwd/CMakeFiles/device_grouped_conv2d_fwd_instance.dir/dl/device_grouped_conv2d_fwd_dl_nhwgc_gkyxc_nhwgk_f16_instance.cpp.o
430.8	[296/1191] Building CXX object library/src/tensor_operation_instance/gpu/grouped_conv2d_fwd/CMakeFiles/device_grouped_conv2d_fwd_instance.dir/dl/device_grouped_conv2d_fwd_dl_gnhwc_gkyxc_gnhwk_f32_instance.cpp.o
433.5	[297/1191] Building CXX object library/src/tensor_operation_instance/gpu/grouped_conv2d_fwd/CMakeFiles/device_grouped_conv2d_fwd_instance.dir/generated/xdl/device_grouped_conv2d_fwd_xdl_ngchw_gkcyx_ngkhw_f16_instances_shard_3.cpp.o
435.0	[298/1191] Building CXX object library/src/tensor_operation_instance/gpu/grouped_conv2d_fwd_bias_bnorm_clamp/CMakeFiles/device_grouped_conv2d_fwd_bias_bnorm_clamp_instance.dir/generated/xdl/mem/device_grouped_conv2d_fwd_bias_bn_clamp_xdl_nhwgc_gkyxc_nhwgk_f16_mem_intra_instances_shard_16.cpp.o
435.3	[299/1191] Building CXX object library/src/tensor_operation_instance/gpu/grouped_conv2d_fwd_bias_bnorm_clamp/CMakeFiles/device_grouped_conv2d_fwd_bias_bnorm_clamp_instance.dir/generated/xdl/mem/device_grouped_conv2d_fwd_bias_bn_clamp_xdl_nhwgc_gkyxc_nhwgk_bf16_mem_intra_instances_shard_5.cpp.o
438.9	[300/1191] Building CXX object library/src/tensor_operation_instance/gpu/grouped_conv2d_fwd_bias_bnorm_clamp/CMakeFiles/device_grouped_conv2d_fwd_bias_bnorm_clamp_instance.dir/generated/xdl/mem/device_grouped_conv2d_fwd_bias_bn_clamp_xdl_nhwgc_gkyxc_nhwgk_bf16_mem_intra_instances_shard_19.cpp.o
442.1	[301/1191] Building CXX object library/src/tensor_operation_instance/gpu/grouped_conv2d_fwd_bias_bnorm_clamp/CMakeFiles/device_grouped_conv2d_fwd_bias_bnorm_clamp_instance.dir/generated/xdl/mem/device_grouped_conv2d_fwd_bias_bn_clamp_xdl_nhwgc_gkyxc_nhwgk_bf16_mem_inter_instances_shard_14.cpp.o
443.1	[302/1191] Building CXX object library/src/tensor_operation_instance/gpu/grouped_conv2d_fwd_bias_bnorm_clamp/CMakeFiles/device_grouped_conv2d_fwd_bias_bnorm_clamp_instance.dir/generated/xdl/mem/device_grouped_conv2d_fwd_bias_bn_clamp_xdl_nhwgc_gkyxc_nhwgk_bf16_mem_intra_instances_shard_17.cpp.o
443.4	[303/1191] Building CXX object library/src/tensor_operation_instance/gpu/grouped_conv2d_fwd_bias_bnorm_clamp/CMakeFiles/device_grouped_conv2d_fwd_bias_bnorm_clamp_instance.dir/generated/xdl/mem/device_grouped_conv2d_fwd_bias_bn_clamp_xdl_nhwgc_gkyxc_nhwgk_bf16_mem_intra_instances_shard_18.cpp.o
444.2	[304/1191] Building CXX object library/src/tensor_operation_instance/gpu/conv2d_fwd/CMakeFiles/device_conv2d_fwd_instance.dir/device_conv2d_fwd_xdl_nhwc_kyxc_nhwk_f32_instance.cpp.o
444.2	/work/grodgers/git/tr-aomp/TheRock/ml-libs/composable_kernel/library/src/tensor_operation_instance/gpu/conv2d_fwd/device_conv2d_fwd_xdl_nhwc_kyxc_nhwk_f32_instance.cpp:110:9: warning: These instances are getting deprecated [-W#pragma-messages]
444.2	  110 | #pragma message "These instances are getting deprecated"
444.2	      |         ^
444.2	1 warning generated when compiling for gfx908.
444.2	/work/grodgers/git/tr-aomp/TheRock/ml-libs/composable_kernel/library/src/tensor_operation_instance/gpu/conv2d_fwd/device_conv2d_fwd_xdl_nhwc_kyxc_nhwk_f32_instance.cpp:110:9: warning: These instances are getting deprecated [-W#pragma-messages]
444.2	  110 | #pragma message "These instances are getting deprecated"
444.2	      |         ^
444.2	1 warning generated when compiling for gfx90a.
444.2	/work/grodgers/git/tr-aomp/TheRock/ml-libs/composable_kernel/library/src/tensor_operation_instance/gpu/conv2d_fwd/device_conv2d_fwd_xdl_nhwc_kyxc_nhwk_f32_instance.cpp:110:9: warning: These instances are getting deprecated [-W#pragma-messages]
444.2	  110 | #pragma message "These instances are getting deprecated"
444.2	      |         ^
444.2	1 warning generated when compiling for gfx942.
444.2	/work/grodgers/git/tr-aomp/TheRock/ml-libs/composable_kernel/library/src/tensor_operation_instance/gpu/conv2d_fwd/device_conv2d_fwd_xdl_nhwc_kyxc_nhwk_f32_instance.cpp:110:9: warning: These instances are getting deprecated [-W#pragma-messages]
444.2	  110 | #pragma message "These instances are getting deprecated"
444.2	      |         ^
444.2	1 warning generated when compiling for host.
447.1	[305/1191] Building CXX object library/src/tensor_operation_instance/gpu/grouped_conv2d_fwd_bias_bnorm_clamp/CMakeFiles/device_grouped_conv2d_fwd_bias_bnorm_clamp_instance.dir/generated/xdl/mem/device_grouped_conv2d_fwd_bias_bn_clamp_xdl_nhwgc_gkyxc_nhwgk_bf16_mem_inter_instances_shard_11.cpp.o
447.3	[306/1191] Building CXX object library/src/tensor_operation_instance/gpu/grouped_conv2d_fwd_bias_bnorm_clamp/CMakeFiles/device_grouped_conv2d_fwd_bias_bnorm_clamp_instance.dir/generated/xdl/mem/device_grouped_conv2d_fwd_bias_bn_clamp_xdl_nhwgc_gkyxc_nhwgk_f32_mem_intra_instances_shard_9.cpp.o
448.5	[307/1191] Building CXX object library/src/tensor_operation_instance/gpu/grouped_conv2d_fwd/CMakeFiles/device_grouped_conv2d_fwd_instance.dir/dl/device_grouped_conv2d_fwd_dl_gnhwc_gkyxc_gnhwk_f16_instance.cpp.o
448.8	[308/1191] Building CXX object library/src/tensor_operation_instance/gpu/grouped_conv2d_fwd_bias_bnorm_clamp/CMakeFiles/device_grouped_conv2d_fwd_bias_bnorm_clamp_instance.dir/generated/xdl/mem/device_grouped_conv2d_fwd_bias_bn_clamp_xdl_nhwgc_gkyxc_nhwgk_f32_mem_intra_instances_shard_7.cpp.o
449.2	[309/1191] Building CXX object library/src/tensor_operation_instance/gpu/grouped_conv2d_fwd_bias_bnorm_clamp/CMakeFiles/device_grouped_conv2d_fwd_bias_bnorm_clamp_instance.dir/generated/xdl/mem/device_grouped_conv2d_fwd_bias_bn_clamp_xdl_nhwgc_gkyxc_nhwgk_f32_mem_inter_instances_shard_2.cpp.o
450.0	[310/1191] Building CXX object library/src/tensor_operation_instance/gpu/grouped_conv2d_fwd_bias_bnorm_clamp/CMakeFiles/device_grouped_conv2d_fwd_bias_bnorm_clamp_instance.dir/generated/xdl/mem/device_grouped_conv2d_fwd_bias_bn_clamp_xdl_nhwgc_gkyxc_nhwgk_bf16_mem_intra_instances_shard_7.cpp.o
450.3	[311/1191] Building CXX object library/src/tensor_operation_instance/gpu/grouped_conv2d_fwd_bias_bnorm_clamp/CMakeFiles/device_grouped_conv2d_fwd_bias_bnorm_clamp_instance.dir/generated/xdl/mem/device_grouped_conv2d_fwd_bias_bn_clamp_xdl_nhwgc_gkyxc_nhwgk_f32_mem_inter_instances_shard_3.cpp.o
450.6	[312/1191] Building CXX object library/src/tensor_operation_instance/gpu/grouped_conv2d_fwd_bias_bnorm_clamp/CMakeFiles/device_grouped_conv2d_fwd_bias_bnorm_clamp_instance.dir/generated/xdl/mem/device_grouped_conv2d_fwd_bias_bn_clamp_xdl_nhwgc_gkyxc_nhwgk_bf16_mem_inter_instances_shard_9.cpp.o
451.1	[313/1191] Building CXX object library/src/tensor_operation_instance/gpu/grouped_conv2d_fwd_bias_bnorm_clamp/CMakeFiles/device_grouped_conv2d_fwd_bias_bnorm_clamp_instance.dir/generated/xdl/mem/device_grouped_conv2d_fwd_bias_bn_clamp_xdl_nhwgc_gkyxc_nhwgk_f16_mem_inter_instances_shard_12.cpp.o
451.8	[314/1191] Building CXX object library/src/tensor_operation_instance/gpu/grouped_conv2d_fwd_bias_bnorm_clamp/CMakeFiles/device_grouped_conv2d_fwd_bias_bnorm_clamp_instance.dir/generated/xdl/mem/device_grouped_conv2d_fwd_bias_bn_clamp_xdl_nhwgc_gkyxc_nhwgk_f32_mem_intra_instances_shard_13.cpp.o
452.5	[315/1191] Building CXX object library/src/tensor_operation_instance/gpu/grouped_conv1d_bwd_weight/CMakeFiles/device_grouped_conv1d_bwd_weight_instance.dir/xdl/device_grouped_conv1d_bwd_weight_xdl_gnwc_gkxc_gnwk_f16_instance.cpp.o
453.6	[316/1191] Building CXX object library/src/tensor_operation_instance/gpu/grouped_conv2d_fwd_bias_bnorm_clamp/CMakeFiles/device_grouped_conv2d_fwd_bias_bnorm_clamp_instance.dir/generated/xdl/mem/device_grouped_conv2d_fwd_bias_bn_clamp_xdl_nhwgc_gkyxc_nhwgk_f32_mem_inter_instances_shard_0.cpp.o
456.5	[317/1191] Building CXX object library/src/tensor_operation_instance/gpu/grouped_conv2d_fwd_bias_bnorm_clamp/CMakeFiles/device_grouped_conv2d_fwd_bias_bnorm_clamp_instance.dir/generated/xdl/mem/device_grouped_conv2d_fwd_bias_bn_clamp_xdl_nhwgc_gkyxc_nhwgk_bf16_mem_inter_instances_shard_13.cpp.o
457.1	[318/1191] Building CXX object library/src/tensor_operation_instance/gpu/grouped_conv2d_fwd_bias_bnorm_clamp/CMakeFiles/device_grouped_conv2d_fwd_bias_bnorm_clamp_instance.dir/generated/xdl/mem/device_grouped_conv2d_fwd_bias_bn_clamp_xdl_nhwgc_gkyxc_nhwgk_f16_mem_intra_instances_shard_19.cpp.o
457.5	[319/1191] Building CXX object library/src/tensor_operation_instance/gpu/grouped_conv2d_fwd_bias_bnorm_clamp/CMakeFiles/device_grouped_conv2d_fwd_bias_bnorm_clamp_instance.dir/generated/xdl/mem/device_grouped_conv2d_fwd_bias_bn_clamp_xdl_nhwgc_gkyxc_nhwgk_bf16_mem_inter_instances_shard_15.cpp.o
457.8	[320/1191] Building CXX object library/src/tensor_operation_instance/gpu/grouped_conv2d_fwd_bias_bnorm_clamp/CMakeFiles/device_grouped_conv2d_fwd_bias_bnorm_clamp_instance.dir/generated/xdl/mem/device_grouped_conv2d_fwd_bias_bn_clamp_xdl_nhwgc_gkyxc_nhwgk_bf16_mem_inter_instances_shard_10.cpp.o
457.9	[321/1191] Building CXX object library/src/tensor_operation_instance/gpu/grouped_conv2d_fwd_bias_bnorm_clamp/CMakeFiles/device_grouped_conv2d_fwd_bias_bnorm_clamp_instance.dir/generated/xdl/mem/device_grouped_conv2d_fwd_bias_bn_clamp_xdl_nhwgc_gkyxc_nhwgk_f16_mem_intra_instances_shard_17.cpp.o
458.2	[322/1191] Building CXX object library/src/tensor_operation_instance/gpu/grouped_conv2d_fwd_bias_bnorm_clamp/CMakeFiles/device_grouped_conv2d_fwd_bias_bnorm_clamp_instance.dir/generated/xdl/mem/device_grouped_conv2d_fwd_bias_bn_clamp_xdl_nhwgc_gkyxc_nhwgk_bf16_mem_inter_instances_shard_8.cpp.o
458.6	[323/1191] Building CXX object library/src/tensor_operation_instance/gpu/grouped_conv2d_fwd_bias_bnorm_clamp/CMakeFiles/device_grouped_conv2d_fwd_bias_bnorm_clamp_instance.dir/generated/xdl/mem/device_grouped_conv2d_fwd_bias_bn_clamp_xdl_nhwgc_gkyxc_nhwgk_bf16_mem_intra_instances_shard_6.cpp.o
459.0	[324/1191] Building CXX object library/src/tensor_operation_instance/gpu/grouped_conv2d_fwd_bias_bnorm_clamp/CMakeFiles/device_grouped_conv2d_fwd_bias_bnorm_clamp_instance.dir/generated/xdl/mem/device_grouped_conv2d_fwd_bias_bn_clamp_xdl_nhwgc_gkyxc_nhwgk_f16_mem_intra_instances_shard_7.cpp.o
459.7	[325/1191] Building CXX object library/src/tensor_operation_instance/gpu/grouped_conv2d_fwd_bias_bnorm_clamp/CMakeFiles/device_grouped_conv2d_fwd_bias_bnorm_clamp_instance.dir/generated/xdl/mem/device_grouped_conv2d_fwd_bias_bn_clamp_xdl_nhwgc_gkyxc_nhwgk_f16_mem_intra_instances_shard_5.cpp.o
460.8	[326/1191] Building CXX object library/src/tensor_operation_instance/gpu/grouped_conv2d_fwd_bias_bnorm_clamp/CMakeFiles/device_grouped_conv2d_fwd_bias_bnorm_clamp_instance.dir/generated/xdl/mem/device_grouped_conv2d_fwd_bias_bn_clamp_xdl_nhwgc_gkyxc_nhwgk_bf16_mem_intra_instances_shard_4.cpp.o
463.3	[327/1191] Building CXX object library/src/tensor_operation_instance/gpu/conv2d_fwd/CMakeFiles/device_conv2d_fwd_instance.dir/device_conv2d_fwd_xdl_nhwc_kyxc_nhwk_f16_instance.cpp.o
463.3	/work/grodgers/git/tr-aomp/TheRock/ml-libs/composable_kernel/library/src/tensor_operation_instance/gpu/conv2d_fwd/device_conv2d_fwd_xdl_nhwc_kyxc_nhwk_f16_instance.cpp:111:9: warning: These instances are getting deprecated [-W#pragma-messages]
463.3	  111 | #pragma message "These instances are getting deprecated"
463.3	      |         ^
463.3	1 warning generated when compiling for gfx908.
463.3	/work/grodgers/git/tr-aomp/TheRock/ml-libs/composable_kernel/library/src/tensor_operation_instance/gpu/conv2d_fwd/device_conv2d_fwd_xdl_nhwc_kyxc_nhwk_f16_instance.cpp:111:9: warning: These instances are getting deprecated [-W#pragma-messages]
463.3	  111 | #pragma message "These instances are getting deprecated"
463.3	      |         ^
463.3	1 warning generated when compiling for gfx90a.
463.3	/work/grodgers/git/tr-aomp/TheRock/ml-libs/composable_kernel/library/src/tensor_operation_instance/gpu/conv2d_fwd/device_conv2d_fwd_xdl_nhwc_kyxc_nhwk_f16_instance.cpp:111:9: warning: These instances are getting deprecated [-W#pragma-messages]
463.3	  111 | #pragma message "These instances are getting deprecated"
463.3	      |         ^
463.3	1 warning generated when compiling for gfx942.
463.3	/work/grodgers/git/tr-aomp/TheRock/ml-libs/composable_kernel/library/src/tensor_operation_instance/gpu/conv2d_fwd/device_conv2d_fwd_xdl_nhwc_kyxc_nhwk_f16_instance.cpp:111:9: warning: These instances are getting deprecated [-W#pragma-messages]
463.3	  111 | #pragma message "These instances are getting deprecated"
463.3	      |         ^
463.3	1 warning generated when compiling for host.
467.3	[328/1191] Building CXX object library/src/tensor_operation_instance/gpu/grouped_conv2d_fwd_bias_bnorm_clamp/CMakeFiles/device_grouped_conv2d_fwd_bias_bnorm_clamp_instance.dir/generated/xdl/mem/device_grouped_conv2d_fwd_bias_bn_clamp_xdl_nhwgc_gkyxc_nhwgk_f16_mem_intra_instances_shard_4.cpp.o
467.4	[329/1191] Building CXX object library/src/tensor_operation_instance/gpu/grouped_conv2d_fwd_bias_bnorm_clamp/CMakeFiles/device_grouped_conv2d_fwd_bias_bnorm_clamp_instance.dir/generated/xdl/mem/device_grouped_conv2d_fwd_bias_bn_clamp_xdl_nhwgc_gkyxc_nhwgk_f32_mem_intra_instances_shard_6.cpp.o
469.8	[330/1191] Building CXX object library/src/tensor_operation_instance/gpu/grouped_conv2d_fwd_bias_bnorm_clamp/CMakeFiles/device_grouped_conv2d_fwd_bias_bnorm_clamp_instance.dir/generated/xdl/mem/device_grouped_conv2d_fwd_bias_bn_clamp_xdl_nhwgc_gkyxc_nhwgk_f32_mem_inter_instances_shard_1.cpp.o
472.2	[331/1191] Building CXX object library/src/tensor_operation_instance/gpu/grouped_conv1d_fwd/CMakeFiles/device_grouped_conv1d_fwd_instance.dir/xdl/device_grouped_conv1d_fwd_xdl_gnwc_gkxc_gnwk_f32_instance.cpp.o
474.0	[332/1191] Building CXX object library/src/tensor_operation_instance/gpu/conv2d_fwd/CMakeFiles/device_conv2d_fwd_instance.dir/device_conv2d_fwd_xdl_nhwc_kyxc_nhwk_bf16_instance.cpp.o
474.0	/work/grodgers/git/tr-aomp/TheRock/ml-libs/composable_kernel/library/src/tensor_operation_instance/gpu/conv2d_fwd/device_conv2d_fwd_xdl_nhwc_kyxc_nhwk_bf16_instance.cpp:118:9: warning: These instances are getting deprecated [-W#pragma-messages]
474.0	  118 | #pragma message "These instances are getting deprecated"
474.0	      |         ^
474.0	1 warning generated when compiling for gfx908.
474.0	/work/grodgers/git/tr-aomp/TheRock/ml-libs/composable_kernel/library/src/tensor_operation_instance/gpu/conv2d_fwd/device_conv2d_fwd_xdl_nhwc_kyxc_nhwk_bf16_instance.cpp:118:9: warning: These instances are getting deprecated [-W#pragma-messages]
474.0	  118 | #pragma message "These instances are getting deprecated"
474.0	      |         ^
474.0	1 warning generated when compiling for gfx90a.
474.0	/work/grodgers/git/tr-aomp/TheRock/ml-libs/composable_kernel/library/src/tensor_operation_instance/gpu/conv2d_fwd/device_conv2d_fwd_xdl_nhwc_kyxc_nhwk_bf16_instance.cpp:118:9: warning: These instances are getting deprecated [-W#pragma-messages]
474.0	  118 | #pragma message "These instances are getting deprecated"
474.0	      |         ^
474.0	1 warning generated when compiling for gfx942.
474.0	/work/grodgers/git/tr-aomp/TheRock/ml-libs/composable_kernel/library/src/tensor_operation_instance/gpu/conv2d_fwd/device_conv2d_fwd_xdl_nhwc_kyxc_nhwk_bf16_instance.cpp:118:9: warning: These instances are getting deprecated [-W#pragma-messages]
474.0	  118 | #pragma message "These instances are getting deprecated"
474.0	      |         ^
474.0	1 warning generated when compiling for host.
474.6	[333/1191] Building CXX object library/src/tensor_operation_instance/gpu/grouped_conv2d_fwd_bias_bnorm_clamp/CMakeFiles/device_grouped_conv2d_fwd_bias_bnorm_clamp_instance.dir/generated/xdl/mem/device_grouped_conv2d_fwd_bias_bn_clamp_xdl_nhwgc_gkyxc_nhwgk_f16_mem_intra_instances_shard_18.cpp.o
475.4	[334/1191] Building CXX object library/src/tensor_operation_instance/gpu/grouped_conv2d_fwd_bias_bnorm_clamp/CMakeFiles/device_grouped_conv2d_fwd_bias_bnorm_clamp_instance.dir/generated/xdl/mem/device_grouped_conv2d_fwd_bias_bn_clamp_xdl_nhwgc_gkyxc_nhwgk_f32_mem_intra_instances_shard_14.cpp.o
479.5	[335/1191] Building CXX object library/src/tensor_operation_instance/gpu/grouped_conv2d_fwd_bias_bnorm_clamp/CMakeFiles/device_grouped_conv2d_fwd_bias_bnorm_clamp_instance.dir/generated/xdl/mem/device_grouped_conv2d_fwd_bias_bn_clamp_xdl_nhwgc_gkyxc_nhwgk_f16_mem_inter_instances_shard_14.cpp.o
481.4	[336/1191] Building CXX object library/src/tensor_operation_instance/gpu/grouped_conv1d_bwd_weight/CMakeFiles/device_grouped_conv1d_bwd_weight_instance.dir/xdl/device_grouped_conv1d_bwd_weight_xdl_gnwc_gkxc_gnwk_bf16_f32_bf16_instance.cpp.o
481.9	[337/1191] Building CXX object library/src/tensor_operation_instance/gpu/grouped_conv2d_fwd_bias_bnorm_clamp/CMakeFiles/device_grouped_conv2d_fwd_bias_bnorm_clamp_instance.dir/generated/xdl/mem/device_grouped_conv2d_fwd_bias_bn_clamp_xdl_nhwgc_gkyxc_nhwgk_f16_mem_inter_instances_shard_11.cpp.o
482.3	[338/1191] Building CXX object library/src/tensor_operation_instance/gpu/grouped_conv2d_fwd_bias_bnorm_clamp/CMakeFiles/device_grouped_conv2d_fwd_bias_bnorm_clamp_instance.dir/generated/xdl/mem/device_grouped_conv2d_fwd_bias_bn_clamp_xdl_nhwgc_gkyxc_nhwgk_f16_mem_intra_instances_shard_6.cpp.o
482.6	[339/1191] Building CXX object library/src/tensor_operation_instance/gpu/grouped_conv2d_fwd_bias_bnorm_clamp/CMakeFiles/device_grouped_conv2d_fwd_bias_bnorm_clamp_instance.dir/generated/xdl/mem/device_grouped_conv2d_fwd_bias_bn_clamp_xdl_nhwgc_gkyxc_nhwgk_f16_mem_inter_instances_shard_9.cpp.o
482.9	[340/1191] Building CXX object library/src/tensor_operation_instance/gpu/grouped_conv2d_fwd_bias_bnorm_clamp/CMakeFiles/device_grouped_conv2d_fwd_bias_bnorm_clamp_instance.dir/generated/xdl/mem/device_grouped_conv2d_fwd_bias_bn_clamp_xdl_nhwgc_gkyxc_nhwgk_f16_mem_inter_instances_shard_13.cpp.o
485.1	[341/1191] Building CXX object library/src/tensor_operation_instance/gpu/grouped_conv2d_fwd_bias_bnorm_clamp/CMakeFiles/device_grouped_conv2d_fwd_bias_bnorm_clamp_instance.dir/generated/xdl/mem/device_grouped_conv2d_fwd_bias_bn_clamp_xdl_nhwgc_gkyxc_nhwgk_f16_mem_inter_instances_shard_10.cpp.o
485.3	[342/1191] Building CXX object library/src/tensor_operation_instance/gpu/grouped_conv2d_bwd_weight/CMakeFiles/device_grouped_conv2d_bwd_weight_instance.dir/xdl/gnhwc_gkyxc_gnhwk/device_grouped_conv2d_bwd_weight_xdl_gnhwc_gkyxc_gnhwk_f16_default_pipev1_instance.cpp.o
487.7	[343/1191] Building CXX object library/src/tensor_operation_instance/gpu/grouped_conv2d_fwd_bias_bnorm_clamp/CMakeFiles/device_grouped_conv2d_fwd_bias_bnorm_clamp_instance.dir/generated/xdl/mem/device_grouped_conv2d_fwd_bias_bn_clamp_xdl_nhwgc_gkyxc_nhwgk_bf16_mem_inter_instances_shard_16.cpp.o
487.9	[344/1191] Building CXX object library/src/tensor_operation_instance/gpu/grouped_conv2d_fwd_bias_bnorm_clamp/CMakeFiles/device_grouped_conv2d_fwd_bias_bnorm_clamp_instance.dir/generated/xdl/mem/device_grouped_conv2d_fwd_bias_bn_clamp_xdl_nhwgc_gkyxc_nhwgk_f32_mem_inter_instances_shard_11.cpp.o
490.1	[345/1191] Building CXX object library/src/tensor_operation_instance/gpu/grouped_conv2d_fwd_bias_bnorm_clamp/CMakeFiles/device_grouped_conv2d_fwd_bias_bnorm_clamp_instance.dir/generated/xdl/mem/device_grouped_conv2d_fwd_bias_bn_clamp_xdl_nhwgc_gkyxc_nhwgk_f32_mem_inter_instances_shard_10.cpp.o
490.8	[346/1191] Building CXX object library/src/tensor_operation_instance/gpu/grouped_conv2d_bwd_weight/CMakeFiles/device_grouped_conv2d_bwd_weight_instance.dir/xdl/nhwgc_gkyxc_nhwgk/device_grouped_conv2d_bwd_weight_two_stage_xdl_nhwgc_gkyxc_nhwgk_f16_pipev1_part2_instance.cpp.o
491.1	[347/1191] Building CXX object library/src/tensor_operation_instance/gpu/grouped_conv2d_fwd_bias_bnorm_clamp/CMakeFiles/device_grouped_conv2d_fwd_bias_bnorm_clamp_instance.dir/generated/xdl/mem/device_grouped_conv2d_fwd_bias_bn_clamp_xdl_nhwgc_gkyxc_nhwgk_f32_mem_inter_instances_shard_8.cpp.o
492.0	[348/1191] Building CXX object library/src/tensor_operation_instance/gpu/grouped_conv2d_fwd_bias_bnorm_clamp/CMakeFiles/device_grouped_conv2d_fwd_bias_bnorm_clamp_instance.dir/generated/xdl/comp/device_grouped_conv2d_fwd_bias_bn_clamp_xdl_nhwgc_gkyxc_nhwgk_bf16_comp_instances_shard_10.cpp.o
498.3	[349/1191] Building CXX object library/src/tensor_operation_instance/gpu/grouped_conv2d_fwd_bias_bnorm_clamp/CMakeFiles/device_grouped_conv2d_fwd_bias_bnorm_clamp_instance.dir/generated/xdl/mem/device_grouped_conv2d_fwd_bias_bn_clamp_xdl_nhwgc_gkyxc_nhwgk_f16_mem_inter_instances_shard_8.cpp.o
498.3	[350/1191] Building CXX object library/src/tensor_operation_instance/gpu/grouped_conv2d_fwd/CMakeFiles/device_grouped_conv2d_fwd_instance.dir/xdl/device_grouped_conv2d_fwd_xdl_nhwgc_gkyxc_nhwgk_f32_instance.cpp.o
498.6	[351/1191] Building CXX object library/src/tensor_operation_instance/gpu/grouped_conv1d_bwd_weight/CMakeFiles/device_grouped_conv1d_bwd_weight_instance.dir/xdl/device_grouped_conv1d_bwd_weight_xdl_gnwc_gkxc_gnwk_f32_instance.cpp.o
499.5	[352/1191] Building CXX object library/src/tensor_operation_instance/gpu/grouped_conv2d_fwd_bias_bnorm_clamp/CMakeFiles/device_grouped_conv2d_fwd_bias_bnorm_clamp_instance.dir/generated/xdl/mem/device_grouped_conv2d_fwd_bias_bn_clamp_xdl_nhwgc_gkyxc_nhwgk_f16_mem_inter_instances_shard_15.cpp.o
503.5	[353/1191] Building CXX object library/src/tensor_operation_instance/gpu/grouped_conv2d_fwd/CMakeFiles/device_grouped_conv2d_fwd_instance.dir/xdl/device_grouped_conv2d_fwd_xdl_gnhwc_gkyxc_gnhwk_f32_instance.cpp.o
508.7	[354/1191] Building CXX object library/src/tensor_operation_instance/gpu/grouped_conv2d_fwd_bias_bnorm_clamp/CMakeFiles/device_grouped_conv2d_fwd_bias_bnorm_clamp_instance.dir/generated/xdl/mem/device_grouped_conv2d_fwd_bias_bn_clamp_xdl_nhwgc_gkyxc_nhwgk_f32_mem_intra_instances_shard_15.cpp.o
510.2	[355/1191] Building CXX object library/src/tensor_operation_instance/gpu/grouped_conv2d_bwd_weight/CMakeFiles/device_grouped_conv2d_bwd_weight_instance.dir/xdl/nhwgc_gkyxc_nhwgk/device_grouped_conv2d_bwd_weight_xdl_nhwgc_gkyxc_nhwgk_f16_instance.cpp.o
513.5	[356/1191] Building CXX object library/src/tensor_operation_instance/gpu/grouped_conv2d_fwd_bias_bnorm_clamp/CMakeFiles/device_grouped_conv2d_fwd_bias_bnorm_clamp_instance.dir/generated/xdl/mem/device_grouped_conv2d_fwd_bias_bn_clamp_xdl_nhwgc_gkyxc_nhwgk_bf16_mem_inter_instances_shard_19.cpp.o
516.0	[357/1191] Building CXX object library/src/tensor_operation_instance/gpu/grouped_conv2d_fwd_bias_bnorm_clamp/CMakeFiles/device_grouped_conv2d_fwd_bias_bnorm_clamp_instance.dir/generated/xdl/comp/device_grouped_conv2d_fwd_bias_bn_clamp_xdl_nhwgc_gkyxc_nhwgk_bf16_comp_instances_shard_8.cpp.o
519.6	[358/1191] Building CXX object library/src/tensor_operation_instance/gpu/grouped_conv2d_fwd_bias_bnorm_clamp/CMakeFiles/device_grouped_conv2d_fwd_bias_bnorm_clamp_instance.dir/generated/xdl/mem/device_grouped_conv2d_fwd_bias_bn_clamp_xdl_nhwgc_gkyxc_nhwgk_f32_mem_inter_instances_shard_12.cpp.o
520.0	[359/1191] Building CXX object library/src/tensor_operation_instance/gpu/grouped_conv2d_fwd_bias_bnorm_clamp/CMakeFiles/device_grouped_conv2d_fwd_bias_bnorm_clamp_instance.dir/generated/xdl/mem/device_grouped_conv2d_fwd_bias_bn_clamp_xdl_nhwgc_gkyxc_nhwgk_bf16_mem_inter_instances_shard_17.cpp.o
520.7	[360/1191] Building CXX object library/src/tensor_operation_instance/gpu/grouped_conv2d_fwd_bias_bnorm_clamp/CMakeFiles/device_grouped_conv2d_fwd_bias_bnorm_clamp_instance.dir/generated/xdl/comp/device_grouped_conv2d_fwd_bias_bn_clamp_xdl_nhwgc_gkyxc_nhwgk_bf16_comp_instances_shard_9.cpp.o
522.7	[361/1191] Building CXX object library/src/tensor_operation_instance/gpu/conv1d_bwd_data/CMakeFiles/device_conv1d_bwd_data_instance.dir/device_conv1d_bwd_data_xdl_nwc_kxc_nwk_f32_instance.cpp.o
522.7	/work/grodgers/git/tr-aomp/TheRock/ml-libs/composable_kernel/library/src/tensor_operation_instance/gpu/conv1d_bwd_data/device_conv1d_bwd_data_xdl_nwc_kxc_nwk_f32_instance.cpp:86:9: warning: These instances are getting deprecated [-W#pragma-messages]
522.7	   86 | #pragma message "These instances are getting deprecated"
522.7	      |         ^
522.7	1 warning generated when compiling for gfx908.
522.7	/work/grodgers/git/tr-aomp/TheRock/ml-libs/composable_kernel/library/src/tensor_operation_instance/gpu/conv1d_bwd_data/device_conv1d_bwd_data_xdl_nwc_kxc_nwk_f32_instance.cpp:86:9: warning: These instances are getting deprecated [-W#pragma-messages]
522.7	   86 | #pragma message "These instances are getting deprecated"
522.7	      |         ^
522.7	1 warning generated when compiling for gfx90a.
522.7	/work/grodgers/git/tr-aomp/TheRock/ml-libs/composable_kernel/library/src/tensor_operation_instance/gpu/conv1d_bwd_data/device_conv1d_bwd_data_xdl_nwc_kxc_nwk_f32_instance.cpp:86:9: warning: These instances are getting deprecated [-W#pragma-messages]
522.7	   86 | #pragma message "These instances are getting deprecated"
522.7	      |         ^
522.7	1 warning generated when compiling for gfx942.
522.7	/work/grodgers/git/tr-aomp/TheRock/ml-libs/composable_kernel/library/src/tensor_operation_instance/gpu/conv1d_bwd_data/device_conv1d_bwd_data_xdl_nwc_kxc_nwk_f32_instance.cpp:86:9: warning: These instances are getting deprecated [-W#pragma-messages]
522.7	   86 | #pragma message "These instances are getting deprecated"
522.7	      |         ^
522.7	1 warning generated when compiling for host.
522.8	[362/1191] Building CXX object library/src/tensor_operation_instance/gpu/grouped_conv2d_fwd_bias_bnorm_clamp/CMakeFiles/device_grouped_conv2d_fwd_bias_bnorm_clamp_instance.dir/generated/xdl/mem/device_grouped_conv2d_fwd_bias_bn_clamp_xdl_nhwgc_gkyxc_nhwgk_f32_mem_intra_instances_shard_5.cpp.o
523.4	[363/1191] Building CXX object library/src/tensor_operation_instance/gpu/grouped_conv2d_fwd/CMakeFiles/device_grouped_conv2d_fwd_instance.dir/xdl/comp/device_grouped_conv2d_fwd_xdl_ngchw_gkcyx_ngkhw_f32_comp_instance.cpp.o
525.4	[364/1191] Building CXX object library/src/tensor_operation_instance/gpu/grouped_conv2d_fwd_bias_bnorm_clamp/CMakeFiles/device_grouped_conv2d_fwd_bias_bnorm_clamp_instance.dir/generated/xdl/mem/device_grouped_conv2d_fwd_bias_bn_clamp_xdl_nhwgc_gkyxc_nhwgk_f16_mem_inter_instances_shard_16.cpp.o
526.1	[365/1191] Building CXX object library/src/tensor_operation_instance/gpu/grouped_conv2d_fwd_bias_bnorm_clamp/CMakeFiles/device_grouped_conv2d_fwd_bias_bnorm_clamp_instance.dir/generated/xdl/mem/device_grouped_conv2d_fwd_bias_bn_clamp_xdl_nhwgc_gkyxc_nhwgk_bf16_mem_inter_instances_shard_5.cpp.o
527.1	[366/1191] Building CXX object library/src/tensor_operation_instance/gpu/grouped_conv2d_fwd_bias_bnorm_clamp/CMakeFiles/device_grouped_conv2d_fwd_bias_bnorm_clamp_instance.dir/generated/xdl/mem/device_grouped_conv2d_fwd_bias_bn_clamp_xdl_nhwgc_gkyxc_nhwgk_bf16_mem_inter_instances_shard_4.cpp.o
529.4	[367/1191] Building CXX object library/src/tensor_operation_instance/gpu/grouped_conv2d_fwd_bias_bnorm_clamp/CMakeFiles/device_grouped_conv2d_fwd_bias_bnorm_clamp_instance.dir/generated/xdl/comp/device_grouped_conv2d_fwd_bias_bn_clamp_xdl_nhwgc_gkyxc_nhwgk_bf16_comp_instances_shard_2.cpp.o
530.6	[368/1191] Building CXX object library/src/tensor_operation_instance/gpu/grouped_conv2d_fwd_bias_bnorm_clamp/CMakeFiles/device_grouped_conv2d_fwd_bias_bnorm_clamp_instance.dir/generated/xdl/mem/device_grouped_conv2d_fwd_bias_bn_clamp_xdl_nhwgc_gkyxc_nhwgk_bf16_mem_inter_instances_shard_7.cpp.o
532.4	[369/1191] Building CXX object library/src/tensor_operation_instance/gpu/grouped_conv2d_fwd_bias_bnorm_clamp/CMakeFiles/device_grouped_conv2d_fwd_bias_bnorm_clamp_instance.dir/generated/xdl/mem/device_grouped_conv2d_fwd_bias_bn_clamp_xdl_nhwgc_gkyxc_nhwgk_bf16_mem_inter_instances_shard_18.cpp.o
533.4	[370/1191] Building CXX object library/src/tensor_operation_instance/gpu/grouped_conv2d_fwd_bias_bnorm_clamp/CMakeFiles/device_grouped_conv2d_fwd_bias_bnorm_clamp_instance.dir/generated/xdl/mem/device_grouped_conv2d_fwd_bias_bn_clamp_xdl_nhwgc_gkyxc_nhwgk_f32_mem_inter_instances_shard_7.cpp.o
534.1	[371/1191] Building CXX object library/src/tensor_operation_instance/gpu/grouped_conv2d_fwd_bias_clamp/CMakeFiles/device_grouped_conv2d_fwd_bias_clamp_instance.dir/xdl/merged_groups/device_grouped_conv2d_fwd_bias_clamp_xdl_merged_groups_nhwgc_gkyxc_nhwgk_fp32_instance.cpp.o
536.2	[372/1191] Building CXX object library/src/tensor_operation_instance/gpu/grouped_conv2d_fwd_bias_bnorm_clamp/CMakeFiles/device_grouped_conv2d_fwd_bias_bnorm_clamp_instance.dir/generated/xdl/mem/device_grouped_conv2d_fwd_bias_bn_clamp_xdl_nhwgc_gkyxc_nhwgk_f32_mem_inter_instances_shard_9.cpp.o
537.6	[373/1191] Building CXX object library/src/tensor_operation_instance/gpu/grouped_conv2d_fwd_bias_bnorm_clamp/CMakeFiles/device_grouped_conv2d_fwd_bias_bnorm_clamp_instance.dir/generated/xdl/mem/device_grouped_conv2d_fwd_bias_bn_clamp_xdl_nhwgc_gkyxc_nhwgk_f16_mem_inter_instances_shard_17.cpp.o
537.7	[374/1191] Building CXX object library/src/tensor_operation_instance/gpu/grouped_conv2d_fwd/CMakeFiles/device_grouped_conv2d_fwd_instance.dir/xdl/comp/device_grouped_conv2d_fwd_xdl_nhwgc_gkyxc_nhwgk_f32_comp_instance.cpp.o
538.0	[375/1191] Building CXX object library/src/tensor_operation_instance/gpu/grouped_conv2d_fwd_bias_bnorm_clamp/CMakeFiles/device_grouped_conv2d_fwd_bias_bnorm_clamp_instance.dir/generated/xdl/mem/device_grouped_conv2d_fwd_bias_bn_clamp_xdl_nhwgc_gkyxc_nhwgk_f16_mem_inter_instances_shard_19.cpp.o
538.2	[376/1191] Building CXX object library/src/tensor_operation_instance/gpu/grouped_conv2d_fwd_bias_bnorm_clamp/CMakeFiles/device_grouped_conv2d_fwd_bias_bnorm_clamp_instance.dir/generated/xdl/mem/device_grouped_conv2d_fwd_bias_bn_clamp_xdl_nhwgc_gkyxc_nhwgk_f32_mem_inter_instances_shard_6.cpp.o
540.8	[377/1191] Building CXX object library/src/tensor_operation_instance/gpu/grouped_conv2d_fwd_bias_bnorm_clamp/CMakeFiles/device_grouped_conv2d_fwd_bias_bnorm_clamp_instance.dir/generated/xdl/mem/device_grouped_conv2d_fwd_bias_bn_clamp_xdl_nhwgc_gkyxc_nhwgk_f32_mem_inter_instances_shard_13.cpp.o
542.6	[378/1191] Building CXX object library/src/tensor_operation_instance/gpu/grouped_conv2d_fwd_bias_bnorm_clamp/CMakeFiles/device_grouped_conv2d_fwd_bias_bnorm_clamp_instance.dir/generated/xdl/comp/device_grouped_conv2d_fwd_bias_bn_clamp_xdl_nhwgc_gkyxc_nhwgk_f16_comp_part2_instances_shard_7.cpp.o
542.7	[379/1191] Building CXX object library/src/tensor_operation_instance/gpu/grouped_conv2d_fwd_bias_bnorm_clamp/CMakeFiles/device_grouped_conv2d_fwd_bias_bnorm_clamp_instance.dir/generated/xdl/comp/device_grouped_conv2d_fwd_bias_bn_clamp_xdl_nhwgc_gkyxc_nhwgk_bf16_comp_part2_instances_shard_3.cpp.o
544.5	[380/1191] Building CXX object library/src/tensor_operation_instance/gpu/grouped_conv2d_fwd_bias_bnorm_clamp/CMakeFiles/device_grouped_conv2d_fwd_bias_bnorm_clamp_instance.dir/generated/xdl/comp/device_grouped_conv2d_fwd_bias_bn_clamp_xdl_nhwgc_gkyxc_nhwgk_f32_comp_instances_shard_1.cpp.o
544.8	[381/1191] Building CXX object library/src/tensor_operation_instance/gpu/grouped_conv2d_bwd_weight/CMakeFiles/device_grouped_conv2d_bwd_weight_instance.dir/xdl/nhwgc_gkyxc_nhwgk/device_grouped_conv2d_bwd_weight_xdl_nhwgc_gkyxc_nhwgk_bf16_instance.cpp.o
545.6	[382/1191] Building CXX object library/src/tensor_operation_instance/gpu/grouped_conv2d_fwd_bias_bnorm_clamp/CMakeFiles/device_grouped_conv2d_fwd_bias_bnorm_clamp_instance.dir/generated/xdl/mem/device_grouped_conv2d_fwd_bias_bn_clamp_xdl_nhwgc_gkyxc_nhwgk_bf16_mem_inter_instances_shard_6.cpp.o
546.1	[383/1191] Building CXX object library/src/tensor_operation_instance/gpu/grouped_conv2d_fwd_bias_bnorm_clamp/CMakeFiles/device_grouped_conv2d_fwd_bias_bnorm_clamp_instance.dir/generated/xdl/mem/device_grouped_conv2d_fwd_bias_bn_clamp_xdl_nhwgc_gkyxc_nhwgk_f32_mem_intra_instances_shard_4.cpp.o
547.0	[384/1191] Building CXX object library/src/tensor_operation_instance/gpu/conv2d_fwd/CMakeFiles/device_conv2d_fwd_instance.dir/device_conv2d_fwd_xdl_nhwc_kyxc_nhwk_int8_instance.cpp.o
547.0	/work/grodgers/git/tr-aomp/TheRock/ml-libs/composable_kernel/library/src/tensor_operation_instance/gpu/conv2d_fwd/device_conv2d_fwd_xdl_nhwc_kyxc_nhwk_int8_instance.cpp:115:9: warning: These instances are getting deprecated [-W#pragma-messages]
547.0	  115 | #pragma message "These instances are getting deprecated"
547.0	      |         ^
547.0	1 warning generated when compiling for gfx908.
547.0	/work/grodgers/git/tr-aomp/TheRock/ml-libs/composable_kernel/library/src/tensor_operation_instance/gpu/conv2d_fwd/device_conv2d_fwd_xdl_nhwc_kyxc_nhwk_int8_instance.cpp:115:9: warning: These instances are getting deprecated [-W#pragma-messages]
547.0	  115 | #pragma message "These instances are getting deprecated"
547.0	      |         ^
547.0	1 warning generated when compiling for gfx90a.
547.0	/work/grodgers/git/tr-aomp/TheRock/ml-libs/composable_kernel/library/src/tensor_operation_instance/gpu/conv2d_fwd/device_conv2d_fwd_xdl_nhwc_kyxc_nhwk_int8_instance.cpp:115:9: warning: These instances are getting deprecated [-W#pragma-messages]
547.0	  115 | #pragma message "These instances are getting deprecated"
547.0	      |         ^
547.0	1 warning generated when compiling for gfx942.
547.0	/work/grodgers/git/tr-aomp/TheRock/ml-libs/composable_kernel/library/src/tensor_operation_instance/gpu/conv2d_fwd/device_conv2d_fwd_xdl_nhwc_kyxc_nhwk_int8_instance.cpp:115:9: warning: These instances are getting deprecated [-W#pragma-messages]
547.0	  115 | #pragma message "These instances are getting deprecated"
547.0	      |         ^
547.0	1 warning generated when compiling for host.
547.1	[385/1191] Building CXX object library/src/tensor_operation_instance/gpu/grouped_conv2d_fwd_bias_bnorm_clamp/CMakeFiles/device_grouped_conv2d_fwd_bias_bnorm_clamp_instance.dir/generated/xdl/mem/device_grouped_conv2d_fwd_bias_bn_clamp_xdl_nhwgc_gkyxc_nhwgk_f16_mem_inter_instances_shard_5.cpp.o
548.7	[386/1191] Building CXX object library/src/tensor_operation_instance/gpu/grouped_conv2d_fwd_bias_bnorm_clamp/CMakeFiles/device_grouped_conv2d_fwd_bias_bnorm_clamp_instance.dir/generated/xdl/mem/device_grouped_conv2d_fwd_bias_bn_clamp_xdl_nhwgc_gkyxc_nhwgk_f16_mem_inter_instances_shard_18.cpp.o
549.2	[387/1191] Building CXX object library/src/tensor_operation_instance/gpu/grouped_conv2d_fwd_bias_bnorm_clamp/CMakeFiles/device_grouped_conv2d_fwd_bias_bnorm_clamp_instance.dir/generated/xdl/comp/device_grouped_conv2d_fwd_bias_bn_clamp_xdl_nhwgc_gkyxc_nhwgk_f16_comp_2x_instances_shard_0.cpp.o
549.4	[388/1191] Building CXX object library/src/tensor_operation_instance/gpu/grouped_conv2d_fwd_bias_bnorm_clamp/CMakeFiles/device_grouped_conv2d_fwd_bias_bnorm_clamp_instance.dir/generated/xdl/comp/device_grouped_conv2d_fwd_bias_bn_clamp_xdl_nhwgc_gkyxc_nhwgk_f16_comp_part2_instances_shard_1.cpp.o
550.9	[389/1191] Building CXX object library/src/tensor_operation_instance/gpu/grouped_conv2d_fwd_bias_bnorm_clamp/CMakeFiles/device_grouped_conv2d_fwd_bias_bnorm_clamp_instance.dir/generated/xdl/mem/device_grouped_conv2d_fwd_bias_bn_clamp_xdl_nhwgc_gkyxc_nhwgk_f16_mem_inter_instances_shard_4.cpp.o
552.2	[390/1191] Building CXX object library/src/tensor_operation_instance/gpu/grouped_conv2d_fwd_bias_clamp/CMakeFiles/device_grouped_conv2d_fwd_bias_clamp_instance.dir/xdl/device_grouped_conv2d_fwd_bias_clamp_xdl_nhwgc_gkyxc_nhwgk_fp32_16x16_instance.cpp.o
554.0	[391/1191] Building CXX object library/src/tensor_operation_instance/gpu/grouped_conv2d_fwd_bias_bnorm_clamp/CMakeFiles/device_grouped_conv2d_fwd_bias_bnorm_clamp_instance.dir/generated/xdl/comp/device_grouped_conv2d_fwd_bias_bn_clamp_xdl_nhwgc_gkyxc_nhwgk_bf16_comp_instances_shard_7.cpp.o
554.4	[392/1191] Building CXX object library/src/tensor_operation_instance/gpu/grouped_conv2d_fwd_bias_bnorm_clamp/CMakeFiles/device_grouped_conv2d_fwd_bias_bnorm_clamp_instance.dir/generated/xdl/comp/device_grouped_conv2d_fwd_bias_bn_clamp_xdl_nhwgc_gkyxc_nhwgk_bf16_comp_2x_instances_shard_0.cpp.o
555.5	[393/1191] Building CXX object library/src/tensor_operation_instance/gpu/grouped_conv2d_fwd_bias_bnorm_clamp/CMakeFiles/device_grouped_conv2d_fwd_bias_bnorm_clamp_instance.dir/generated/xdl/mem/device_grouped_conv2d_fwd_bias_bn_clamp_xdl_nhwgc_gkyxc_nhwgk_f16_mem_inter_instances_shard_7.cpp.o
556.1	[394/1191] Building CXX object library/src/tensor_operation_instance/gpu/grouped_conv2d_fwd_bias_clamp/CMakeFiles/device_grouped_conv2d_fwd_bias_clamp_instance.dir/xdl/large_tensor/device_grouped_conv2d_fwd_bias_clamp_xdl_large_tensor_nhwgc_gkyxc_nhwgk_fp32_instance.cpp.o
559.1	[395/1191] Building CXX object library/src/tensor_operation_instance/gpu/grouped_conv2d_fwd_bias_bnorm_clamp/CMakeFiles/device_grouped_conv2d_fwd_bias_bnorm_clamp_instance.dir/generated/xdl/comp/device_grouped_conv2d_fwd_bias_bn_clamp_xdl_nhwgc_gkyxc_nhwgk_f32_comp_instances_shard_0.cpp.o
559.4	[396/1191] Building CXX object library/src/tensor_operation_instance/gpu/grouped_conv2d_fwd_bias_clamp/CMakeFiles/device_grouped_conv2d_fwd_bias_clamp_instance.dir/xdl/device_grouped_conv2d_fwd_bias_clamp_xdl_nhwgc_gkyxc_nhwgk_fp16_16x16_instance.cpp.o
559.6	[397/1191] Building CXX object library/src/tensor_operation_instance/gpu/grouped_conv2d_fwd_bias_clamp/CMakeFiles/device_grouped_conv2d_fwd_bias_clamp_instance.dir/xdl/comp/device_grouped_conv2d_fwd_bias_clamp_xdl_nhwgc_gkyxc_nhwgk_fp16_comp_2x_instance.cpp.o
560.2	[398/1191] Building CXX object library/src/tensor_operation_instance/gpu/grouped_conv2d_bwd_weight/CMakeFiles/device_grouped_conv2d_bwd_weight_instance.dir/xdl/nhwgc_gkyxc_nhwgk/device_grouped_conv2d_bwd_weight_two_stage_xdl_nhwgc_gkyxc_nhwgk_bf16_pipev1_part2_instance.cpp.o
563.4	[399/1191] Building CXX object library/src/tensor_operation_instance/gpu/grouped_conv2d_fwd_bias_bnorm_clamp/CMakeFiles/device_grouped_conv2d_fwd_bias_bnorm_clamp_instance.dir/generated/xdl/mem/device_grouped_conv2d_fwd_bias_bn_clamp_xdl_nhwgc_gkyxc_nhwgk_f16_mem_inter_instances_shard_6.cpp.o
565.6	[400/1191] Building CXX object library/src/tensor_operation_instance/gpu/grouped_conv2d_fwd_bias_clamp/CMakeFiles/device_grouped_conv2d_fwd_bias_clamp_instance.dir/xdl/device_grouped_conv2d_fwd_bias_clamp_xdl_nhwgc_gkyxc_nhwgk_bf16_16x16_instance.cpp.o
565.9	[401/1191] Building CXX object library/src/tensor_operation_instance/gpu/grouped_conv2d_fwd_bias_bnorm_clamp/CMakeFiles/device_grouped_conv2d_fwd_bias_bnorm_clamp_instance.dir/generated/xdl/comp/device_grouped_conv2d_fwd_bias_bn_clamp_xdl_nhwgc_gkyxc_nhwgk_f32_comp_instances_shard_3.cpp.o
566.8	[402/1191] Building CXX object library/src/tensor_operation_instance/gpu/grouped_conv2d_bwd_weight/CMakeFiles/device_grouped_conv2d_bwd_weight_instance.dir/xdl/nhwgc_gkyxc_nhwgk/device_grouped_conv2d_bwd_weight_xdl_nhwgc_gkyxc_nhwgk_bf16_f32_bf16_instance.cpp.o
567.4	[403/1191] Building CXX object library/src/tensor_operation_instance/gpu/conv1d_bwd_data/CMakeFiles/device_conv1d_bwd_data_instance.dir/device_conv1d_bwd_data_xdl_nwc_kxc_nwk_f16_instance.cpp.o
567.4	/work/grodgers/git/tr-aomp/TheRock/ml-libs/composable_kernel/library/src/tensor_operation_instance/gpu/conv1d_bwd_data/device_conv1d_bwd_data_xdl_nwc_kxc_nwk_f16_instance.cpp:87:9: warning: These instances are getting deprecated [-W#pragma-messages]
567.4	   87 | #pragma message "These instances are getting deprecated"
567.4	      |         ^
567.4	1 warning generated when compiling for gfx908.
567.4	/work/grodgers/git/tr-aomp/TheRock/ml-libs/composable_kernel/library/src/tensor_operation_instance/gpu/conv1d_bwd_data/device_conv1d_bwd_data_xdl_nwc_kxc_nwk_f16_instance.cpp:87:9: warning: These instances are getting deprecated [-W#pragma-messages]
567.4	   87 | #pragma message "These instances are getting deprecated"
567.4	      |         ^
567.4	1 warning generated when compiling for gfx90a.
567.4	/work/grodgers/git/tr-aomp/TheRock/ml-libs/composable_kernel/library/src/tensor_operation_instance/gpu/conv1d_bwd_data/device_conv1d_bwd_data_xdl_nwc_kxc_nwk_f16_instance.cpp:87:9: warning: These instances are getting deprecated [-W#pragma-messages]
567.4	   87 | #pragma message "These instances are getting deprecated"
567.4	      |         ^
567.4	1 warning generated when compiling for gfx942.
567.4	/work/grodgers/git/tr-aomp/TheRock/ml-libs/composable_kernel/library/src/tensor_operation_instance/gpu/conv1d_bwd_data/device_conv1d_bwd_data_xdl_nwc_kxc_nwk_f16_instance.cpp:87:9: warning: These instances are getting deprecated [-W#pragma-messages]
567.4	   87 | #pragma message "These instances are getting deprecated"
567.4	      |         ^
567.4	1 warning generated when compiling for host.
568.0	[404/1191] Building CXX object library/src/tensor_operation_instance/gpu/grouped_conv2d_fwd_clamp/CMakeFiles/device_grouped_conv2d_fwd_clamp_instance.dir/xdl/device_grouped_conv2d_fwd_clamp_xdl_nhwgc_gkyxc_nhwgk_bf16_16x16_instance.cpp.o
568.6	[405/1191] Building CXX object library/src/tensor_operation_instance/gpu/grouped_conv2d_fwd_clamp/CMakeFiles/device_grouped_conv2d_fwd_clamp_instance.dir/xdl/merged_groups/device_grouped_conv2d_fwd_clamp_xdl_merged_groups_nhwgc_gkyxc_nhwgk_fp32_instance.cpp.o
568.7	[406/1191] Building CXX object library/src/tensor_operation_instance/gpu/grouped_conv2d_fwd_bias_clamp/CMakeFiles/device_grouped_conv2d_fwd_bias_clamp_instance.dir/xdl/comp/device_grouped_conv2d_fwd_bias_clamp_xdl_nhwgc_gkyxc_nhwgk_bf16_comp_2x_instance.cpp.o
572.4	[407/1191] Building CXX object library/src/tensor_operation_instance/gpu/grouped_conv2d_fwd_bias_bnorm_clamp/CMakeFiles/device_grouped_conv2d_fwd_bias_bnorm_clamp_instance.dir/generated/xdl/mem/device_grouped_conv2d_fwd_bias_bn_clamp_xdl_nhwgc_gkyxc_nhwgk_f32_mem_inter_instances_shard_14.cpp.o
573.7	[408/1191] Building CXX object library/src/tensor_operation_instance/gpu/grouped_conv2d_fwd_bias_bnorm_clamp/CMakeFiles/device_grouped_conv2d_fwd_bias_bnorm_clamp_instance.dir/generated/xdl/comp/device_grouped_conv2d_fwd_bias_bn_clamp_xdl_nhwgc_gkyxc_nhwgk_bf16_comp_instances_shard_5.cpp.o
575.9	[409/1191] Building CXX object library/src/tensor_operation_instance/gpu/conv2d_bwd_data/CMakeFiles/device_conv2d_bwd_data_instance.dir/device_conv2d_bwd_data_xdl_nhwc_kyxc_nhwk_f32_instance.cpp.o
575.9	/work/grodgers/git/tr-aomp/TheRock/ml-libs/composable_kernel/library/src/tensor_operation_instance/gpu/conv2d_bwd_data/device_conv2d_bwd_data_xdl_nhwc_kyxc_nhwk_f32_instance.cpp:143:9: warning: These instances are getting deprecated [-W#pragma-messages]
575.9	  143 | #pragma message "These instances are getting deprecated"
575.9	      |         ^
575.9	1 warning generated when compiling for gfx908.
575.9	/work/grodgers/git/tr-aomp/TheRock/ml-libs/composable_kernel/library/src/tensor_operation_instance/gpu/conv2d_bwd_data/device_conv2d_bwd_data_xdl_nhwc_kyxc_nhwk_f32_instance.cpp:143:9: warning: These instances are getting deprecated [-W#pragma-messages]
575.9	  143 | #pragma message "These instances are getting deprecated"
575.9	      |         ^
575.9	1 warning generated when compiling for gfx90a.
575.9	/work/grodgers/git/tr-aomp/TheRock/ml-libs/composable_kernel/library/src/tensor_operation_instance/gpu/conv2d_bwd_data/device_conv2d_bwd_data_xdl_nhwc_kyxc_nhwk_f32_instance.cpp:143:9: warning: These instances are getting deprecated [-W#pragma-messages]
575.9	  143 | #pragma message "These instances are getting deprecated"
575.9	      |         ^
575.9	1 warning generated when compiling for gfx942.
575.9	/work/grodgers/git/tr-aomp/TheRock/ml-libs/composable_kernel/library/src/tensor_operation_instance/gpu/conv2d_bwd_data/device_conv2d_bwd_data_xdl_nhwc_kyxc_nhwk_f32_instance.cpp:143:9: warning: These instances are getting deprecated [-W#pragma-messages]
575.9	  143 | #pragma message "These instances are getting deprecated"
575.9	      |         ^
575.9	1 warning generated when compiling for host.
576.6	[410/1191] Building CXX object library/src/tensor_operation_instance/gpu/grouped_conv1d_fwd/CMakeFiles/device_grouped_conv1d_fwd_instance.dir/xdl/device_grouped_conv1d_fwd_xdl_gnwc_gkxc_gnwk_f16_instance.cpp.o
577.4	[411/1191] Building CXX object library/src/tensor_operation_instance/gpu/grouped_conv2d_fwd_clamp/CMakeFiles/device_grouped_conv2d_fwd_clamp_instance.dir/xdl/device_grouped_conv2d_fwd_clamp_xdl_nhwgc_gkyxc_nhwgk_fp16_16x16_instance.cpp.o
577.6	[412/1191] Building CXX object library/src/tensor_operation_instance/gpu/grouped_conv2d_fwd_bias_clamp/CMakeFiles/device_grouped_conv2d_fwd_bias_clamp_instance.dir/xdl/merged_groups/device_grouped_conv2d_fwd_bias_clamp_xdl_merged_groups_nhwgc_gkyxc_nhwgk_fp16_instance.cpp.o
577.7	[413/1191] Building CXX object library/src/tensor_operation_instance/gpu/grouped_conv2d_fwd_bias_bnorm_clamp/CMakeFiles/device_grouped_conv2d_fwd_bias_bnorm_clamp_instance.dir/generated/xdl/comp/device_grouped_conv2d_fwd_bias_bn_clamp_xdl_nhwgc_gkyxc_nhwgk_f16_comp_part2_instances_shard_11.cpp.o
577.9	[414/1191] Building CXX object library/src/tensor_operation_instance/gpu/grouped_conv2d_fwd_bias_clamp/CMakeFiles/device_grouped_conv2d_fwd_bias_clamp_instance.dir/xdl/merged_groups/device_grouped_conv2d_fwd_bias_clamp_xdl_merged_groups_nhwgc_gkyxc_nhwgk_bf16_instance.cpp.o
579.8	[415/1191] Building CXX object library/src/tensor_operation_instance/gpu/grouped_conv2d_fwd_bias_bnorm_clamp/CMakeFiles/device_grouped_conv2d_fwd_bias_bnorm_clamp_instance.dir/generated/xdl/comp/device_grouped_conv2d_fwd_bias_bn_clamp_xdl_nhwgc_gkyxc_nhwgk_bf16_comp_instances_shard_6.cpp.o
580.4	[416/1191] Building CXX object library/src/tensor_operation_instance/gpu/grouped_conv2d_fwd_clamp/CMakeFiles/device_grouped_conv2d_fwd_clamp_instance.dir/xdl/device_grouped_conv2d_fwd_clamp_xdl_nhwgc_gkyxc_nhwgk_fp32_16x16_instance.cpp.o
580.9	[417/1191] Building CXX object library/src/tensor_operation_instance/gpu/grouped_conv2d_fwd_clamp/CMakeFiles/device_grouped_conv2d_fwd_clamp_instance.dir/xdl/comp/device_grouped_conv2d_fwd_clamp_xdl_nhwgc_gkyxc_nhwgk_bf16_comp_2x_instance.cpp.o
581.4	[418/1191] Building CXX object library/src/tensor_operation_instance/gpu/grouped_conv2d_bwd_weight/CMakeFiles/device_grouped_conv2d_bwd_weight_instance.dir/xdl/nhwgc_gkyxc_nhwgk/device_grouped_conv2d_bwd_weight_xdl_nhwgc_gkyxc_nhwgk_f32_instance.cpp.o
581.7	[419/1191] Building CXX object library/src/tensor_operation_instance/gpu/grouped_conv2d_fwd_clamp/CMakeFiles/device_grouped_conv2d_fwd_clamp_instance.dir/xdl/large_tensor/device_grouped_conv2d_fwd_clamp_xdl_large_tensor_nhwgc_gkyxc_nhwgk_fp32_instance.cpp.o
584.0	[420/1191] Building CXX object library/src/tensor_operation_instance/gpu/grouped_conv1d_fwd/CMakeFiles/device_grouped_conv1d_fwd_instance.dir/xdl/device_grouped_conv1d_fwd_xdl_gnwc_gkxc_gnwk_bf16_instance.cpp.o
584.3	[421/1191] Building CXX object library/src/tensor_operation_instance/gpu/grouped_conv2d_fwd_clamp/CMakeFiles/device_grouped_conv2d_fwd_clamp_instance.dir/xdl/comp/device_grouped_conv2d_fwd_clamp_xdl_nhwgc_gkyxc_nhwgk_fp16_comp_2x_instance.cpp.o
586.0	[422/1191] Building CXX object library/src/tensor_operation_instance/gpu/grouped_conv2d_fwd_clamp/CMakeFiles/device_grouped_conv2d_fwd_clamp_instance.dir/xdl/merged_groups/device_grouped_conv2d_fwd_clamp_xdl_merged_groups_nhwgc_gkyxc_nhwgk_bf16_instance.cpp.o
588.1	[423/1191] Building CXX object library/src/tensor_operation_instance/gpu/conv1d_bwd_data/CMakeFiles/device_conv1d_bwd_data_instance.dir/device_conv1d_bwd_data_xdl_nwc_kxc_nwk_bf16_instance.cpp.o
588.1	/work/grodgers/git/tr-aomp/TheRock/ml-libs/composable_kernel/library/src/tensor_operation_instance/gpu/conv1d_bwd_data/device_conv1d_bwd_data_xdl_nwc_kxc_nwk_bf16_instance.cpp:94:9: warning: These instances are deprecated.  They may be removed in a future release. [-W#pragma-messages]
588.1	   94 | #pragma message "These instances are deprecated.  They may be removed in a future release."
588.1	      |         ^
588.1	1 warning generated when compiling for gfx908.
588.1	/work/grodgers/git/tr-aomp/TheRock/ml-libs/composable_kernel/library/src/tensor_operation_instance/gpu/conv1d_bwd_data/device_conv1d_bwd_data_xdl_nwc_kxc_nwk_bf16_instance.cpp:94:9: warning: These instances are deprecated.  They may be removed in a future release. [-W#pragma-messages]
588.1	   94 | #pragma message "These instances are deprecated.  They may be removed in a future release."
588.1	      |         ^
588.1	1 warning generated when compiling for gfx90a.
588.1	/work/grodgers/git/tr-aomp/TheRock/ml-libs/composable_kernel/library/src/tensor_operation_instance/gpu/conv1d_bwd_data/device_conv1d_bwd_data_xdl_nwc_kxc_nwk_bf16_instance.cpp:94:9: warning: These instances are deprecated.  They may be removed in a future release. [-W#pragma-messages]
588.1	   94 | #pragma message "These instances are deprecated.  They may be removed in a future release."
588.1	      |         ^
588.1	1 warning generated when compiling for gfx942.
588.1	/work/grodgers/git/tr-aomp/TheRock/ml-libs/composable_kernel/library/src/tensor_operation_instance/gpu/conv1d_bwd_data/device_conv1d_bwd_data_xdl_nwc_kxc_nwk_bf16_instance.cpp:94:9: warning: These instances are deprecated.  They may be removed in a future release. [-W#pragma-messages]
588.1	   94 | #pragma message "These instances are deprecated.  They may be removed in a future release."
588.1	      |         ^
588.1	1 warning generated when compiling for host.
588.5	[424/1191] Building CXX object library/src/tensor_operation_instance/gpu/grouped_conv1d_fwd/CMakeFiles/device_grouped_conv1d_fwd_instance.dir/xdl/device_grouped_conv1d_fwd_xdl_gnwc_gkxc_gnwk_int8_instance.cpp.o
591.4	[425/1191] Building CXX object library/src/tensor_operation_instance/gpu/grouped_conv2d_bwd_weight/CMakeFiles/device_grouped_conv2d_bwd_weight_instance.dir/xdl/nhwgc_gkyxc_nhwgk/device_grouped_conv2d_bwd_weight_two_stage_xdl_nhwgc_gkyxc_nhwgk_f16_pipev1_instance.cpp.o
597.1	[426/1191] Building CXX object library/src/tensor_operation_instance/gpu/grouped_conv2d_fwd_bias_bnorm_clamp/CMakeFiles/device_grouped_conv2d_fwd_bias_bnorm_clamp_instance.dir/generated/xdl/comp/device_grouped_conv2d_fwd_bias_bn_clamp_xdl_nhwgc_gkyxc_nhwgk_bf16_comp_instances_shard_3.cpp.o
598.2	[427/1191] Building CXX object library/src/tensor_operation_instance/gpu/grouped_conv2d_fwd_bias_bnorm_clamp/CMakeFiles/device_grouped_conv2d_fwd_bias_bnorm_clamp_instance.dir/generated/xdl/comp/device_grouped_conv2d_fwd_bias_bn_clamp_xdl_nhwgc_gkyxc_nhwgk_f16_comp_part2_instances_shard_2.cpp.o
598.8	[428/1191] Building CXX object library/src/tensor_operation_instance/gpu/grouped_conv2d_fwd_bias_bnorm_clamp/CMakeFiles/device_grouped_conv2d_fwd_bias_bnorm_clamp_instance.dir/generated/xdl/comp/device_grouped_conv2d_fwd_bias_bn_clamp_xdl_nhwgc_gkyxc_nhwgk_bf16_comp_instances_shard_1.cpp.o
601.0	[429/1191] Building CXX object library/src/tensor_operation_instance/gpu/grouped_conv2d_fwd_bias_bnorm_clamp/CMakeFiles/device_grouped_conv2d_fwd_bias_bnorm_clamp_instance.dir/generated/xdl/comp/device_grouped_conv2d_fwd_bias_bn_clamp_xdl_nhwgc_gkyxc_nhwgk_f16_comp_part2_instances_shard_10.cpp.o
602.2	[430/1191] Building CXX object library/src/tensor_operation_instance/gpu/grouped_conv2d_fwd_clamp/CMakeFiles/device_grouped_conv2d_fwd_clamp_instance.dir/xdl/merged_groups/device_grouped_conv2d_fwd_clamp_xdl_merged_groups_nhwgc_gkyxc_nhwgk_fp16_instance.cpp.o
604.1	[431/1191] Building CXX object library/src/tensor_operation_instance/gpu/grouped_conv2d_fwd/CMakeFiles/device_grouped_conv2d_fwd_instance.dir/xdl/device_grouped_conv2d_fwd_xdl_nhwgc_gkyxc_nhwgk_f16_instance.cpp.o
605.6	[432/1191] Building CXX object library/src/tensor_operation_instance/gpu/grouped_conv2d_fwd_bias_bnorm_clamp/CMakeFiles/device_grouped_conv2d_fwd_bias_bnorm_clamp_instance.dir/generated/xdl/comp/device_grouped_conv2d_fwd_bias_bn_clamp_xdl_nhwgc_gkyxc_nhwgk_f16_comp_part2_instances_shard_9.cpp.o
607.0	[433/1191] Building CXX object library/src/tensor_operation_instance/gpu/grouped_conv2d_fwd_bias_clamp/CMakeFiles/device_grouped_conv2d_fwd_bias_clamp_instance.dir/xdl/large_tensor/device_grouped_conv2d_fwd_bias_clamp_xdl_large_tensor_nhwgc_gkyxc_nhwgk_fp16_instance.cpp.o
608.1	[434/1191] Building CXX object library/src/tensor_operation_instance/gpu/grouped_conv2d_fwd_bias_clamp/CMakeFiles/device_grouped_conv2d_fwd_bias_clamp_instance.dir/xdl/large_tensor/device_grouped_conv2d_fwd_bias_clamp_xdl_large_tensor_nhwgc_gkyxc_nhwgk_bf16_instance.cpp.o
608.7	[435/1191] Building CXX object library/src/tensor_operation_instance/gpu/grouped_conv2d_fwd_bias_bnorm_clamp/CMakeFiles/device_grouped_conv2d_fwd_bias_bnorm_clamp_instance.dir/generated/xdl/mem/device_grouped_conv2d_fwd_bias_bn_clamp_xdl_nhwgc_gkyxc_nhwgk_f32_mem_inter_instances_shard_15.cpp.o
608.8	[436/1191] Building CXX object library/src/tensor_operation_instance/gpu/grouped_conv2d_fwd_bias_bnorm_clamp/CMakeFiles/device_grouped_conv2d_fwd_bias_bnorm_clamp_instance.dir/generated/xdl/mem/device_grouped_conv2d_fwd_bias_bn_clamp_xdl_nhwgc_gkyxc_nhwgk_f32_mem_inter_instances_shard_5.cpp.o
608.9	[437/1191] Building CXX object library/src/tensor_operation_instance/gpu/grouped_conv2d_fwd/CMakeFiles/device_grouped_conv2d_fwd_instance.dir/xdl/device_grouped_conv2d_fwd_xdl_gnhwc_gkyxc_gnhwk_bf16_instance.cpp.o
609.2	[438/1191] Building CXX object library/src/tensor_operation_instance/gpu/grouped_conv2d_fwd_bias_bnorm_clamp/CMakeFiles/device_grouped_conv2d_fwd_bias_bnorm_clamp_instance.dir/generated/xdl/comp/device_grouped_conv2d_fwd_bias_bn_clamp_xdl_nhwgc_gkyxc_nhwgk_f16_comp_instances_shard_0.cpp.o
610.2	[439/1191] Building CXX object library/src/tensor_operation_instance/gpu/grouped_conv2d_fwd/CMakeFiles/device_grouped_conv2d_fwd_instance.dir/xdl/device_grouped_conv2d_fwd_xdl_nhwgc_gkyxc_nhwgk_int8_instance.cpp.o
616.1	[440/1191] Building CXX object library/src/tensor_operation_instance/gpu/grouped_conv2d_fwd_clamp/CMakeFiles/device_grouped_conv2d_fwd_clamp_instance.dir/xdl/large_tensor/device_grouped_conv2d_fwd_clamp_xdl_large_tensor_nhwgc_gkyxc_nhwgk_bf16_instance.cpp.o
620.1	[441/1191] Building CXX object library/src/tensor_operation_instance/gpu/grouped_conv2d_fwd/CMakeFiles/device_grouped_conv2d_fwd_instance.dir/xdl/device_grouped_conv2d_fwd_xdl_gnhwc_gkyxc_gnhwk_f16_instance.cpp.o
620.2	[442/1191] Building CXX object library/src/tensor_operation_instance/gpu/grouped_conv2d_fwd/CMakeFiles/device_grouped_conv2d_fwd_instance.dir/xdl/device_grouped_conv2d_fwd_xdl_nhwgc_gkyxc_nhwgk_bf16_instance.cpp.o
624.1	[443/1191] Building CXX object library/src/tensor_operation_instance/gpu/grouped_conv2d_bwd_weight/CMakeFiles/device_grouped_conv2d_bwd_weight_instance.dir/xdl/nhwgc_gkyxc_nhwgk/device_grouped_conv2d_bwd_weight_two_stage_xdl_nhwgc_gkyxc_nhwgk_bf16_pipev1_instance.cpp.o
625.6	[444/1191] Building CXX object library/src/tensor_operation_instance/gpu/grouped_conv3d_bwd_weight/CMakeFiles/device_grouped_conv3d_bwd_weight_instance.dir/xdl/gndhwc_gkzyxc_gndhwk/device_grouped_conv3d_bwd_weight_xdl_gndhwc_gkzyxc_gndhwk_f16_instance.cpp.o
628.7	[445/1191] Building CXX object library/src/tensor_operation_instance/gpu/grouped_conv2d_fwd_clamp/CMakeFiles/device_grouped_conv2d_fwd_clamp_instance.dir/xdl/large_tensor/device_grouped_conv2d_fwd_clamp_xdl_large_tensor_nhwgc_gkyxc_nhwgk_fp16_instance.cpp.o
630.3	[446/1191] Building CXX object library/src/tensor_operation_instance/gpu/grouped_conv3d_bwd_weight/CMakeFiles/device_grouped_conv3d_bwd_weight_instance.dir/xdl/gndhwc_gkzyxc_gndhwk/device_grouped_conv3d_bwd_weight_xdl_gndhwc_gkzyxc_gndhwk_f32_instance.cpp.o
631.1	[447/1191] Building CXX object library/src/tensor_operation_instance/gpu/grouped_conv3d_bwd_weight/CMakeFiles/device_grouped_conv3d_bwd_weight_instance.dir/xdl/ndhwgc_gkzyxc_ndhwgk/device_grouped_conv3d_bwd_weight_xdl_ndhwgc_gkzyxc_ndhwgk_f32_pad0_pipev2_instance.cpp.o
637.7	[448/1191] Building CXX object library/src/tensor_operation_instance/gpu/grouped_conv3d_fwd/CMakeFiles/device_grouped_conv3d_fwd_instance.dir/xdl/comp/device_grouped_conv3d_fwd_xdl_ngcdhw_gkczyx_ngkdhw_bf16_comp_part2_instance.cpp.o
638.1	[449/1191] Building CXX object library/src/tensor_operation_instance/gpu/conv3d_bwd_data/CMakeFiles/device_conv3d_bwd_data_instance.dir/device_conv3d_bwd_data_xdl_ndhwc_kzyxc_ndhwk_f32_instance.cpp.o
638.1	/work/grodgers/git/tr-aomp/TheRock/ml-libs/composable_kernel/library/src/tensor_operation_instance/gpu/conv3d_bwd_data/device_conv3d_bwd_data_xdl_ndhwc_kzyxc_ndhwk_f32_instance.cpp:93:9: warning: These instances are getting deprecated [-W#pragma-messages]
638.1	   93 | #pragma message "These instances are getting deprecated"
638.1	      |         ^
638.1	1 warning generated when compiling for gfx908.
638.1	/work/grodgers/git/tr-aomp/TheRock/ml-libs/composable_kernel/library/src/tensor_operation_instance/gpu/conv3d_bwd_data/device_conv3d_bwd_data_xdl_ndhwc_kzyxc_ndhwk_f32_instance.cpp:93:9: warning: These instances are getting deprecated [-W#pragma-messages]
638.1	   93 | #pragma message "These instances are getting deprecated"
638.1	      |         ^
638.1	1 warning generated when compiling for gfx90a.
638.1	/work/grodgers/git/tr-aomp/TheRock/ml-libs/composable_kernel/library/src/tensor_operation_instance/gpu/conv3d_bwd_data/device_conv3d_bwd_data_xdl_ndhwc_kzyxc_ndhwk_f32_instance.cpp:93:9: warning: These instances are getting deprecated [-W#pragma-messages]
638.1	   93 | #pragma message "These instances are getting deprecated"
638.1	      |         ^
638.1	1 warning generated when compiling for gfx942.
638.1	/work/grodgers/git/tr-aomp/TheRock/ml-libs/composable_kernel/library/src/tensor_operation_instance/gpu/conv3d_bwd_data/device_conv3d_bwd_data_xdl_ndhwc_kzyxc_ndhwk_f32_instance.cpp:93:9: warning: These instances are getting deprecated [-W#pragma-messages]
638.1	   93 | #pragma message "These instances are getting deprecated"
638.1	      |         ^
638.1	1 warning generated when compiling for host.
639.7	[450/1191] Building CXX object library/src/tensor_operation_instance/gpu/grouped_conv3d_fwd/CMakeFiles/device_grouped_conv3d_fwd_instance.dir/xdl/comp/device_grouped_conv3d_fwd_xdl_ngcdhw_gkczyx_ngkdhw_f16_comp_part2_instance.cpp.o
642.8	[451/1191] Building CXX object library/src/tensor_operation_instance/gpu/grouped_conv2d_fwd_bias_clamp/CMakeFiles/device_grouped_conv2d_fwd_bias_clamp_instance.dir/xdl/comp/device_grouped_conv2d_fwd_bias_clamp_xdl_nhwgc_gkyxc_nhwgk_fp16_comp_instance.cpp.o
644.6	[452/1191] Building CXX object library/src/tensor_operation_instance/gpu/grouped_conv3d_bwd_weight/CMakeFiles/device_grouped_conv3d_bwd_weight_instance.dir/xdl/ndhwgc_gkzyxc_ndhwgk/device_grouped_conv3d_bwd_weight_xdl_ndhwgc_gkzyxc_ndhwgk_f32_pad0_pipev5_instance.cpp.o
646.2	[453/1191] Building CXX object library/src/tensor_operation_instance/gpu/grouped_conv2d_fwd_bias_bnorm_clamp/CMakeFiles/device_grouped_conv2d_fwd_bias_bnorm_clamp_instance.dir/generated/xdl/mem/device_grouped_conv2d_fwd_bias_bn_clamp_xdl_nhwgc_gkyxc_nhwgk_f32_mem_inter_instances_shard_4.cpp.o
652.8	[454/1191] Building CXX object library/src/tensor_operation_instance/gpu/grouped_conv3d_fwd/CMakeFiles/device_grouped_conv3d_fwd_instance.dir/generated/xdl/device_grouped_conv3d_fwd_xdl_ngcdhw_gkczyx_ngkdhw_bf16_instances.cpp.o
653.8	[455/1191] Building CXX object library/src/tensor_operation_instance/gpu/grouped_conv2d_bwd_weight/CMakeFiles/device_grouped_conv2d_bwd_weight_instance.dir/xdl/ngchw_gkcyx_ngkhw/device_grouped_conv2d_bwd_weight_two_stage_xdl_ngchw_gkcyx_ngkhw_bf16_pipev1_part2_instance.cpp.o
658.3	[456/1191] Building CXX object library/src/tensor_operation_instance/gpu/grouped_conv2d_fwd_bias_bnorm_clamp/CMakeFiles/device_grouped_conv2d_fwd_bias_bnorm_clamp_instance.dir/generated/xdl/comp/device_grouped_conv2d_fwd_bias_bn_clamp_xdl_nhwgc_gkyxc_nhwgk_f16_comp_part2_instances_shard_4.cpp.o
658.9	[457/1191] Building CXX object library/src/tensor_operation_instance/gpu/grouped_conv2d_fwd_clamp/CMakeFiles/device_grouped_conv2d_fwd_clamp_instance.dir/xdl/comp/device_grouped_conv2d_fwd_clamp_xdl_nhwgc_gkyxc_nhwgk_fp16_comp_instance.cpp.o
659.0	[458/1191] Building CXX object library/src/tensor_operation_instance/gpu/grouped_conv2d_fwd_dynamic_op/CMakeFiles/device_grouped_conv2d_fwd_dynamic_op_instance.dir/xdl/device_grouped_conv2d_fwd_xdl_dynamic_op_nhwgc_gkyxc_nhwgk_f32_instance.cpp.o
661.0	[459/1191] Building CXX object library/src/tensor_operation_instance/gpu/conv2d_bwd_data/CMakeFiles/device_conv2d_bwd_data_instance.dir/device_conv2d_bwd_data_xdl_nhwc_kyxc_nhwk_f16_instance.cpp.o
661.0	/work/grodgers/git/tr-aomp/TheRock/ml-libs/composable_kernel/library/src/tensor_operation_instance/gpu/conv2d_bwd_data/device_conv2d_bwd_data_xdl_nhwc_kyxc_nhwk_f16_instance.cpp:146:9: warning: These instances are getting deprecated [-W#pragma-messages]
661.0	  146 | #pragma message "These instances are getting deprecated"
661.0	      |         ^
661.0	1 warning generated when compiling for gfx908.
661.0	/work/grodgers/git/tr-aomp/TheRock/ml-libs/composable_kernel/library/src/tensor_operation_instance/gpu/conv2d_bwd_data/device_conv2d_bwd_data_xdl_nhwc_kyxc_nhwk_f16_instance.cpp:146:9: warning: These instances are getting deprecated [-W#pragma-messages]
661.0	  146 | #pragma message "These instances are getting deprecated"
661.0	      |         ^
661.0	1 warning generated when compiling for gfx90a.
661.0	/work/grodgers/git/tr-aomp/TheRock/ml-libs/composable_kernel/library/src/tensor_operation_instance/gpu/conv2d_bwd_data/device_conv2d_bwd_data_xdl_nhwc_kyxc_nhwk_f16_instance.cpp:146:9: warning: These instances are getting deprecated [-W#pragma-messages]
661.0	  146 | #pragma message "These instances are getting deprecated"
661.0	      |         ^
661.0	1 warning generated when compiling for gfx942.
661.0	/work/grodgers/git/tr-aomp/TheRock/ml-libs/composable_kernel/library/src/tensor_operation_instance/gpu/conv2d_bwd_data/device_conv2d_bwd_data_xdl_nhwc_kyxc_nhwk_f16_instance.cpp:146:9: warning: These instances are getting deprecated [-W#pragma-messages]
661.0	  146 | #pragma message "These instances are getting deprecated"
661.0	      |         ^
661.0	1 warning generated when compiling for host.
663.5	[460/1191] Building CXX object library/src/tensor_operation_instance/gpu/grouped_conv2d_bwd_weight/CMakeFiles/device_grouped_conv2d_bwd_weight_instance.dir/xdl/nhwgc_gkyxc_nhwgk/device_grouped_conv2d_bwd_weight_xdl_nhwgc_gkyxc_nhwgk_bf16_pad0_pipev2_instance.cpp.o
663.7	[461/1191] Building CXX object library/src/tensor_operation_instance/gpu/grouped_conv2d_bwd_weight/CMakeFiles/device_grouped_conv2d_bwd_weight_instance.dir/xdl/ngchw_gkcyx_ngkhw/device_grouped_conv2d_bwd_weight_two_stage_xdl_ngchw_gkcyx_ngkhw_f16_pipev1_part2_instance.cpp.o
663.8	[462/1191] Building CXX object library/src/tensor_operation_instance/gpu/grouped_conv2d_fwd_bias_bnorm_clamp/CMakeFiles/device_grouped_conv2d_fwd_bias_bnorm_clamp_instance.dir/generated/xdl/comp/device_grouped_conv2d_fwd_bias_bn_clamp_xdl_nhwgc_gkyxc_nhwgk_bf16_comp_part2_instances_shard_0.cpp.o
663.8	[463/1191] Building CXX object library/src/tensor_operation_instance/gpu/conv2d_bwd_data/CMakeFiles/device_conv2d_bwd_data_instance.dir/device_conv2d_bwd_data_xdl_nhwc_kyxc_nhwk_bf16_instance.cpp.o
663.8	/work/grodgers/git/tr-aomp/TheRock/ml-libs/composable_kernel/library/src/tensor_operation_instance/gpu/conv2d_bwd_data/device_conv2d_bwd_data_xdl_nhwc_kyxc_nhwk_bf16_instance.cpp:144:9: warning: These instances are getting deprecated [-W#pragma-messages]
663.8	  144 | #pragma message "These instances are getting deprecated"
663.8	      |         ^
663.8	1 warning generated when compiling for gfx908.
663.8	/work/grodgers/git/tr-aomp/TheRock/ml-libs/composable_kernel/library/src/tensor_operation_instance/gpu/conv2d_bwd_data/device_conv2d_bwd_data_xdl_nhwc_kyxc_nhwk_bf16_instance.cpp:144:9: warning: These instances are getting deprecated [-W#pragma-messages]
663.8	  144 | #pragma message "These instances are getting deprecated"
663.8	      |         ^
663.8	1 warning generated when compiling for gfx90a.
663.8	/work/grodgers/git/tr-aomp/TheRock/ml-libs/composable_kernel/library/src/tensor_operation_instance/gpu/conv2d_bwd_data/device_conv2d_bwd_data_xdl_nhwc_kyxc_nhwk_bf16_instance.cpp:144:9: warning: These instances are getting deprecated [-W#pragma-messages]
663.8	  144 | #pragma message "These instances are getting deprecated"
663.8	      |         ^
663.8	1 warning generated when compiling for gfx942.
663.8	/work/grodgers/git/tr-aomp/TheRock/ml-libs/composable_kernel/library/src/tensor_operation_instance/gpu/conv2d_bwd_data/device_conv2d_bwd_data_xdl_nhwc_kyxc_nhwk_bf16_instance.cpp:144:9: warning: These instances are getting deprecated [-W#pragma-messages]
663.8	  144 | #pragma message "These instances are getting deprecated"
663.8	      |         ^
663.8	1 warning generated when compiling for host.
666.9	[464/1191] Building CXX object library/src/tensor_operation_instance/gpu/grouped_conv2d_bwd_weight/CMakeFiles/device_grouped_conv2d_bwd_weight_instance.dir/xdl/nhwgc_gkyxc_nhwgk/device_grouped_conv2d_bwd_weight_xdl_nhwgc_gkyxc_nhwgk_f16_pad0_pipev2_instance.cpp.o
670.0	[465/1191] Building CXX object library/src/tensor_operation_instance/gpu/grouped_conv3d_bwd_weight/CMakeFiles/device_grouped_conv3d_bwd_weight_instance.dir/xdl/gndhwc_gkzyxc_gndhwk/device_grouped_conv3d_bwd_weight_xdl_gndhwc_gkzyxc_gndhwk_bf16_f32_bf16_instance.cpp.o
673.4	[466/1191] Building CXX object library/src/tensor_operation_instance/gpu/grouped_conv3d_fwd/CMakeFiles/device_grouped_conv3d_fwd_instance.dir/generated/xdl/device_grouped_conv3d_fwd_xdl_ngcdhw_gkczyx_ngkdhw_f16_instances.cpp.o
680.1	[467/1191] Building CXX object library/src/tensor_operation_instance/gpu/grouped_conv3d_bwd_weight/CMakeFiles/device_grouped_conv3d_bwd_weight_instance.dir/xdl/ndhwgc_gkzyxc_ndhwgk/device_grouped_conv3d_bwd_weight_xdl_ndhwgc_gkzyxc_ndhwgk_f32_default_pipev2_instance.cpp.o
693.0	[468/1191] Building CXX object library/src/tensor_operation_instance/gpu/grouped_conv2d_fwd_bias_bnorm_clamp/CMakeFiles/device_grouped_conv2d_fwd_bias_bnorm_clamp_instance.dir/generated/xdl/comp/device_grouped_conv2d_fwd_bias_bn_clamp_xdl_nhwgc_gkyxc_nhwgk_f16_comp_part2_instances_shard_8.cpp.o
693.7	[469/1191] Building CXX object library/src/tensor_operation_instance/gpu/grouped_conv3d_fwd/CMakeFiles/device_grouped_conv3d_fwd_instance.dir/generated/xdl/mem/device_grouped_conv3d_fwd_xdl_ngcdhw_gkczyx_ngkdhw_bf16_mem_inter_instances.cpp.o
694.2	[470/1191] Building CXX object library/src/tensor_operation_instance/gpu/grouped_conv2d_fwd_bias_bnorm_clamp/CMakeFiles/device_grouped_conv2d_fwd_bias_bnorm_clamp_instance.dir/generated/xdl/comp/device_grouped_conv2d_fwd_bias_bn_clamp_xdl_nhwgc_gkyxc_nhwgk_bf16_comp_part2_instances_shard_4.cpp.o
694.9	[471/1191] Building CXX object library/src/tensor_operation_instance/gpu/grouped_conv3d_bwd_weight/CMakeFiles/device_grouped_conv3d_bwd_weight_instance.dir/xdl/ndhwgc_gkzyxc_ndhwgk/device_grouped_conv3d_bwd_weight_xdl_ndhwgc_gkzyxc_ndhwgk_f32_default_pipev5_instance.cpp.o
698.3	[472/1191] Building CXX object library/src/tensor_operation_instance/gpu/grouped_conv3d_bwd_weight/CMakeFiles/device_grouped_conv3d_bwd_weight_instance.dir/xdl/ngcdhw_gkzyxc_ngkdhw/device_grouped_conv3d_bwd_weight_two_stage_xdl_ngcdhw_gkzyxc_ngkdhw_f16_pipev1_instance.cpp.o
703.1	[473/1191] Building CXX object library/src/tensor_operation_instance/gpu/grouped_conv3d_bwd_weight/CMakeFiles/device_grouped_conv3d_bwd_weight_instance.dir/xdl/ngcdhw_gkzyxc_ngkdhw/device_grouped_conv3d_bwd_weight_two_stage_xdl_ngcdhw_gkzyxc_ngkdhw_bf16_pipev1_instance.cpp.o
710.8	[474/1191] Building CXX object library/src/tensor_operation_instance/gpu/grouped_conv3d_bwd_weight/CMakeFiles/device_grouped_conv3d_bwd_weight_instance.dir/dl/device_grouped_conv3d_bwd_weight_dl_gndhwc_gkzyxc_gndhwk_f32_instance.cpp.o
712.0	[475/1191] Building CXX object library/src/tensor_operation_instance/gpu/grouped_conv3d_bwd_weight/CMakeFiles/device_grouped_conv3d_bwd_weight_instance.dir/dl/device_grouped_conv3d_bwd_weight_dl_ndhwgc_gkzyxc_ndhwgk_f16_instance.cpp.o
712.0	[476/1191] Building CXX object library/src/tensor_operation_instance/gpu/conv3d_bwd_data/CMakeFiles/device_conv3d_bwd_data_instance.dir/device_conv3d_bwd_data_xdl_ndhwc_kzyxc_ndhwk_f16_instance.cpp.o
712.0	/work/grodgers/git/tr-aomp/TheRock/ml-libs/composable_kernel/library/src/tensor_operation_instance/gpu/conv3d_bwd_data/device_conv3d_bwd_data_xdl_ndhwc_kzyxc_ndhwk_f16_instance.cpp:94:9: warning: These instances are getting deprecated [-W#pragma-messages]
712.0	   94 | #pragma message "These instances are getting deprecated"
712.0	      |         ^
712.0	1 warning generated when compiling for gfx908.
712.0	/work/grodgers/git/tr-aomp/TheRock/ml-libs/composable_kernel/library/src/tensor_operation_instance/gpu/conv3d_bwd_data/device_conv3d_bwd_data_xdl_ndhwc_kzyxc_ndhwk_f16_instance.cpp:94:9: warning: These instances are getting deprecated [-W#pragma-messages]
712.0	   94 | #pragma message "These instances are getting deprecated"
712.0	      |         ^
712.0	1 warning generated when compiling for gfx90a.
712.0	/work/grodgers/git/tr-aomp/TheRock/ml-libs/composable_kernel/library/src/tensor_operation_instance/gpu/conv3d_bwd_data/device_conv3d_bwd_data_xdl_ndhwc_kzyxc_ndhwk_f16_instance.cpp:94:9: warning: These instances are getting deprecated [-W#pragma-messages]
712.0	   94 | #pragma message "These instances are getting deprecated"
712.0	      |         ^
712.0	1 warning generated when compiling for gfx942.
712.0	/work/grodgers/git/tr-aomp/TheRock/ml-libs/composable_kernel/library/src/tensor_operation_instance/gpu/conv3d_bwd_data/device_conv3d_bwd_data_xdl_ndhwc_kzyxc_ndhwk_f16_instance.cpp:94:9: warning: These instances are getting deprecated [-W#pragma-messages]
712.0	   94 | #pragma message "These instances are getting deprecated"
712.0	      |         ^
712.0	1 warning generated when compiling for host.
713.2	[477/1191] Building CXX object library/src/tensor_operation_instance/gpu/grouped_conv2d_fwd_dynamic_op/CMakeFiles/device_grouped_conv2d_fwd_dynamic_op_instance.dir/xdl/device_grouped_conv2d_fwd_xdl_dynamic_op_nhwgc_gkyxc_nhwgk_f16_instance.cpp.o
714.4	[478/1191] Building CXX object library/src/tensor_operation_instance/gpu/grouped_conv3d_bwd_weight/CMakeFiles/device_grouped_conv3d_bwd_weight_instance.dir/dl/device_grouped_conv3d_bwd_weight_dl_ndhwgc_gkzyxc_ndhwgk_f32_instance.cpp.o
715.5	[479/1191] Building CXX object library/src/tensor_operation_instance/gpu/grouped_conv3d_bwd_weight/CMakeFiles/device_grouped_conv3d_bwd_weight_instance.dir/dl/device_grouped_conv3d_bwd_weight_dl_gndhwc_gkzyxc_gndhwk_f16_instance.cpp.o
715.5	[480/1191] Building CXX object library/src/tensor_operation_instance/gpu/grouped_conv3d_fwd/CMakeFiles/device_grouped_conv3d_fwd_instance.dir/xdl/merged_groups/device_grouped_conv3d_fwd_xdl_merged_groups_ndhwgc_gkzyxc_ndhwgk_bf16_instance.cpp.o
715.9	[481/1191] Building CXX object library/src/tensor_operation_instance/gpu/grouped_conv3d_bwd_weight/CMakeFiles/device_grouped_conv3d_bwd_weight_instance.dir/dl/device_grouped_conv3d_bwd_weight_dl_gndhwc_gkzyxc_gndhwk_bf16_f32_bf16_instance.cpp.o
716.3	[482/1191] Building CXX object library/src/tensor_operation_instance/gpu/grouped_conv3d_bwd_weight/CMakeFiles/device_grouped_conv3d_bwd_weight_instance.dir/xdl/ngcdhw_gkzyxc_ngkdhw/device_grouped_conv3d_bwd_weight_xdl_ngcdhw_gkzyxc_ngkdhw_f32_instance.cpp.o
718.3	[483/1191] Building CXX object library/src/tensor_operation_instance/gpu/conv3d_bwd_data/CMakeFiles/device_conv3d_bwd_data_instance.dir/device_conv3d_bwd_data_xdl_ndhwc_kzyxc_ndhwk_bf16_instance.cpp.o
718.3	/work/grodgers/git/tr-aomp/TheRock/ml-libs/composable_kernel/library/src/tensor_operation_instance/gpu/conv3d_bwd_data/device_conv3d_bwd_data_xdl_ndhwc_kzyxc_ndhwk_bf16_instance.cpp:94:9: warning: These instances are getting deprecated [-W#pragma-messages]
718.3	   94 | #pragma message "These instances are getting deprecated"
718.3	      |         ^
718.3	1 warning generated when compiling for gfx908.
718.3	/work/grodgers/git/tr-aomp/TheRock/ml-libs/composable_kernel/library/src/tensor_operation_instance/gpu/conv3d_bwd_data/device_conv3d_bwd_data_xdl_ndhwc_kzyxc_ndhwk_bf16_instance.cpp:94:9: warning: These instances are getting deprecated [-W#pragma-messages]
718.3	   94 | #pragma message "These instances are getting deprecated"
718.3	      |         ^
718.3	1 warning generated when compiling for gfx90a.
718.3	/work/grodgers/git/tr-aomp/TheRock/ml-libs/composable_kernel/library/src/tensor_operation_instance/gpu/conv3d_bwd_data/device_conv3d_bwd_data_xdl_ndhwc_kzyxc_ndhwk_bf16_instance.cpp:94:9: warning: These instances are getting deprecated [-W#pragma-messages]
718.3	   94 | #pragma message "These instances are getting deprecated"
718.3	      |         ^
718.3	1 warning generated when compiling for gfx942.
718.3	/work/grodgers/git/tr-aomp/TheRock/ml-libs/composable_kernel/library/src/tensor_operation_instance/gpu/conv3d_bwd_data/device_conv3d_bwd_data_xdl_ndhwc_kzyxc_ndhwk_bf16_instance.cpp:94:9: warning: These instances are getting deprecated [-W#pragma-messages]
718.3	   94 | #pragma message "These instances are getting deprecated"
718.3	      |         ^
718.3	1 warning generated when compiling for host.
719.1	[484/1191] Building CXX object library/src/tensor_operation_instance/gpu/grouped_conv2d_fwd_dynamic_op/CMakeFiles/device_grouped_conv2d_fwd_dynamic_op_instance.dir/xdl/device_grouped_conv2d_fwd_xdl_dynamic_op_nhwgc_gkyxc_nhwgk_int8_instance.cpp.o
721.0	[485/1191] Building CXX object library/src/tensor_operation_instance/gpu/grouped_conv3d_fwd/CMakeFiles/device_grouped_conv3d_fwd_instance.dir/xdl/merged_groups/device_grouped_conv3d_fwd_xdl_merged_groups_ndhwgc_gkzyxc_ndhwgk_f32_instance.cpp.o
721.3	[486/1191] Building CXX object library/src/tensor_operation_instance/gpu/grouped_conv3d_fwd/CMakeFiles/device_grouped_conv3d_fwd_instance.dir/xdl/large_tensor/device_grouped_conv3d_fwd_xdl_large_tensor_ndhwgc_gkzyxc_ndhwgk_f32_instance.cpp.o
721.9	[487/1191] Building CXX object library/src/tensor_operation_instance/gpu/grouped_conv3d_bwd_weight/CMakeFiles/device_grouped_conv3d_bwd_weight_instance.dir/dl/device_grouped_conv3d_bwd_weight_dl_ndhwgc_gkzyxc_ndhwgk_bf16_f32_bf16_instance.cpp.o
722.8	[488/1191] Building CXX object library/src/tensor_operation_instance/gpu/grouped_conv2d_fwd_bias_bnorm_clamp/CMakeFiles/device_grouped_conv2d_fwd_bias_bnorm_clamp_instance.dir/generated/xdl/comp/device_grouped_conv2d_fwd_bias_bn_clamp_xdl_nhwgc_gkyxc_nhwgk_f32_comp_instances_shard_2.cpp.o
723.1	[489/1191] Building CXX object library/src/tensor_operation_instance/gpu/grouped_conv3d_fwd/CMakeFiles/device_grouped_conv3d_fwd_instance.dir/xdl/device_grouped_conv3d_fwd_xdl_ndhwgc_gkzyxc_ndhwgk_f32_16x16_instance.cpp.o
723.5	[490/1191] Building CXX object library/src/tensor_operation_instance/gpu/grouped_conv3d_fwd/CMakeFiles/device_grouped_conv3d_fwd_instance.dir/xdl/merged_groups/device_grouped_conv3d_fwd_xdl_merged_groups_ndhwgc_gkzyxc_ndhwgk_f16_instance.cpp.o
728.3	[491/1191] Building CXX object library/src/tensor_operation_instance/gpu/grouped_conv2d_fwd_bias_bnorm_clamp/CMakeFiles/device_grouped_conv2d_fwd_bias_bnorm_clamp_instance.dir/generated/xdl/comp/device_grouped_conv2d_fwd_bias_bn_clamp_xdl_nhwgc_gkyxc_nhwgk_f16_comp_part2_instances_shard_5.cpp.o
736.7	[492/1191] Building CXX object library/src/tensor_operation_instance/gpu/grouped_conv3d_fwd/CMakeFiles/device_grouped_conv3d_fwd_instance.dir/xdl/device_grouped_conv3d_fwd_xdl_ndhwgc_gkzyxc_ndhwgk_bf16_16x16_instance.cpp.o
740.2	[493/1191] Building CXX object library/src/tensor_operation_instance/gpu/grouped_conv3d_fwd/CMakeFiles/device_grouped_conv3d_fwd_instance.dir/generated/xdl/mem/device_grouped_conv3d_fwd_xdl_ngcdhw_gkczyx_ngkdhw_f16_mem_inter_instances.cpp.o
741.9	[494/1191] Building CXX object library/src/tensor_operation_instance/gpu/grouped_conv2d_fwd_bias_bnorm_clamp/CMakeFiles/device_grouped_conv2d_fwd_bias_bnorm_clamp_instance.dir/generated/xdl/comp/device_grouped_conv2d_fwd_bias_bn_clamp_xdl_nhwgc_gkyxc_nhwgk_f16_comp_part2_instances_shard_6.cpp.o
742.2	[495/1191] Building CXX object library/src/tensor_operation_instance/gpu/grouped_conv3d_fwd/CMakeFiles/device_grouped_conv3d_fwd_instance.dir/xdl/device_grouped_conv3d_fwd_xdl_ndhwgc_gkzyxc_ndhwgk_f16_16x16_instance.cpp.o
748.0	[496/1191] Building CXX object library/src/tensor_operation_instance/gpu/grouped_conv3d_fwd/CMakeFiles/device_grouped_conv3d_fwd_instance.dir/xdl/merged_groups/device_grouped_conv3d_fwd_xdl_merged_groups_ngcdhw_gkczyx_ngkdhw_bf16_instance.cpp.o
749.7	[497/1191] Building CXX object library/src/tensor_operation_instance/gpu/grouped_conv3d_fwd/CMakeFiles/device_grouped_conv3d_fwd_instance.dir/generated/xdl/mem/device_grouped_conv3d_fwd_xdl_ngcdhw_gkczyx_ngkdhw_f32_mem_inter_instances.cpp.o
750.4	[498/1191] Building CXX object library/src/tensor_operation_instance/gpu/grouped_conv2d_fwd_bias_bnorm_clamp/CMakeFiles/device_grouped_conv2d_fwd_bias_bnorm_clamp_instance.dir/generated/xdl/comp/device_grouped_conv2d_fwd_bias_bn_clamp_xdl_nhwgc_gkyxc_nhwgk_bf16_comp_part2_instances_shard_1.cpp.o
755.5	[499/1191] Building CXX object library/src/tensor_operation_instance/gpu/grouped_conv3d_fwd/CMakeFiles/device_grouped_conv3d_fwd_instance.dir/xdl/merged_groups/device_grouped_conv3d_fwd_xdl_merged_groups_ngcdhw_gkczyx_ngkdhw_f16_instance.cpp.o
755.8	[500/1191] Building CXX object library/src/tensor_operation_instance/gpu/grouped_conv2d_fwd_dynamic_op/CMakeFiles/device_grouped_conv2d_fwd_dynamic_op_instance.dir/xdl/device_grouped_conv2d_fwd_xdl_dynamic_op_nhwgc_gkyxc_nhwgk_bf16_instance.cpp.o
760.6	[501/1191] Building CXX object library/src/tensor_operation_instance/gpu/grouped_conv2d_bwd_weight/CMakeFiles/device_grouped_conv2d_bwd_weight_instance.dir/xdl/nhwgc_gkyxc_nhwgk/device_grouped_conv2d_bwd_weight_xdl_nhwgc_gkyxc_nhwgk_f16_default_pipev2_instance.cpp.o
761.5	[502/1191] Building CXX object library/src/tensor_operation_instance/gpu/grouped_conv3d_fwd/CMakeFiles/device_grouped_conv3d_fwd_instance.dir/xdl/merged_groups/device_grouped_conv3d_fwd_xdl_merged_groups_ngcdhw_gkczyx_ngkdhw_f32_instance.cpp.o
763.4	[503/1191] Building CXX object library/src/tensor_operation_instance/gpu/grouped_conv2d_fwd_bias_bnorm_clamp/CMakeFiles/device_grouped_conv2d_fwd_bias_bnorm_clamp_instance.dir/generated/xdl/comp/device_grouped_conv2d_fwd_bias_bn_clamp_xdl_nhwgc_gkyxc_nhwgk_bf16_comp_part2_instances_shard_2.cpp.o
764.0	[504/1191] Building CXX object library/src/tensor_operation_instance/gpu/grouped_conv2d_bwd_weight/CMakeFiles/device_grouped_conv2d_bwd_weight_instance.dir/xdl/nhwgc_gkyxc_nhwgk/device_grouped_conv2d_bwd_weight_xdl_nhwgc_gkyxc_nhwgk_bf16_default_pipev2_instance.cpp.o
764.3	[505/1191] Building CXX object library/src/tensor_operation_instance/gpu/conv1d_bwd_data/CMakeFiles/device_conv1d_bwd_data_instance.dir/device_conv1d_bwd_data_xdl_nwc_kxc_nwk_int8_instance.cpp.o
764.3	/work/grodgers/git/tr-aomp/TheRock/ml-libs/composable_kernel/library/src/tensor_operation_instance/gpu/conv1d_bwd_data/device_conv1d_bwd_data_xdl_nwc_kxc_nwk_int8_instance.cpp:91:9: warning: These instances are getting deprecated [-W#pragma-messages]
764.3	   91 | #pragma message "These instances are getting deprecated"
764.3	      |         ^
764.3	1 warning generated when compiling for gfx908.
764.3	/work/grodgers/git/tr-aomp/TheRock/ml-libs/composable_kernel/library/src/tensor_operation_instance/gpu/conv1d_bwd_data/device_conv1d_bwd_data_xdl_nwc_kxc_nwk_int8_instance.cpp:91:9: warning: These instances are getting deprecated [-W#pragma-messages]
764.3	   91 | #pragma message "These instances are getting deprecated"
764.3	      |         ^
764.3	1 warning generated when compiling for gfx90a.
764.3	/work/grodgers/git/tr-aomp/TheRock/ml-libs/composable_kernel/library/src/tensor_operation_instance/gpu/conv1d_bwd_data/device_conv1d_bwd_data_xdl_nwc_kxc_nwk_int8_instance.cpp:91:9: warning: These instances are getting deprecated [-W#pragma-messages]
764.3	   91 | #pragma message "These instances are getting deprecated"
764.3	      |         ^
764.3	1 warning generated when compiling for gfx942.
764.3	/work/grodgers/git/tr-aomp/TheRock/ml-libs/composable_kernel/library/src/tensor_operation_instance/gpu/conv1d_bwd_data/device_conv1d_bwd_data_xdl_nwc_kxc_nwk_int8_instance.cpp:91:9: warning: These instances are getting deprecated [-W#pragma-messages]
764.3	   91 | #pragma message "These instances are getting deprecated"
764.3	      |         ^
764.3	1 warning generated when compiling for host.
769.7	[506/1191] Building CXX object library/src/tensor_operation_instance/gpu/grouped_conv2d_fwd/CMakeFiles/device_grouped_conv2d_fwd_instance.dir/xdl/device_grouped_conv2d_fwd_xdl_ngchw_gkyxc_ngkhw_int8_instance.cpp.o
774.1	[507/1191] Building CXX object library/src/tensor_operation_instance/gpu/grouped_conv2d_fwd/CMakeFiles/device_grouped_conv2d_fwd_instance.dir/xdl/device_grouped_conv2d_fwd_xdl_ngchw_gkyxc_ngkhw_bf16_instance.cpp.o
777.2	[508/1191] Building CXX object library/src/tensor_operation_instance/gpu/grouped_conv3d_fwd/CMakeFiles/device_grouped_conv3d_fwd_instance.dir/generated/xdl/mem/device_grouped_conv3d_fwd_xdl_ngcdhw_gkczyx_ngkdhw_bf16_mem_intra_instances.cpp.o
785.5	[509/1191] Building CXX object library/src/tensor_operation_instance/gpu/grouped_conv2d_fwd_bias_bnorm_clamp/CMakeFiles/device_grouped_conv2d_fwd_bias_bnorm_clamp_instance.dir/generated/xdl/comp/device_grouped_conv2d_fwd_bias_bn_clamp_xdl_nhwgc_gkyxc_nhwgk_bf16_comp_instances_shard_0.cpp.o
786.8	[510/1191] Building CXX object library/src/tensor_operation_instance/gpu/grouped_conv2d_fwd_bias_bnorm_clamp/CMakeFiles/device_grouped_conv2d_fwd_bias_bnorm_clamp_instance.dir/generated/xdl/comp/device_grouped_conv2d_fwd_bias_bn_clamp_xdl_nhwgc_gkyxc_nhwgk_f16_comp_part2_instances_shard_0.cpp.o
791.9	[511/1191] Building CXX object library/src/tensor_operation_instance/gpu/grouped_conv3d_fwd/CMakeFiles/device_grouped_conv3d_fwd_instance.dir/xdl/large_tensor/device_grouped_conv3d_fwd_xdl_large_tensor_ndhwgc_gkzyxc_ndhwgk_f16_instance.cpp.o
796.1	[512/1191] Building CXX object library/src/tensor_operation_instance/gpu/grouped_conv3d_fwd/CMakeFiles/device_grouped_conv3d_fwd_instance.dir/xdl/large_tensor/device_grouped_conv3d_fwd_xdl_large_tensor_ndhwgc_gkzyxc_ndhwgk_bf16_instance.cpp.o
798.4	[513/1191] Building CXX object library/src/tensor_operation_instance/gpu/grouped_conv2d_fwd/CMakeFiles/device_grouped_conv2d_fwd_instance.dir/generated/xdl/device_grouped_conv2d_fwd_xdl_ngchw_gkcyx_ngkhw_bf16_instances_shard_0.cpp.o
804.6	[514/1191] Building CXX object library/src/tensor_operation_instance/gpu/grouped_conv3d_fwd/CMakeFiles/device_grouped_conv3d_fwd_instance.dir/generated/xdl/mem/device_grouped_conv3d_fwd_xdl_ngcdhw_gkczyx_ngkdhw_f16_mem_intra_instances.cpp.o
804.8	[515/1191] Building CXX object library/src/tensor_operation_instance/gpu/grouped_conv2d_bwd_weight/CMakeFiles/device_grouped_conv2d_bwd_weight_instance.dir/xdl/nhwgc_gkyxc_nhwgk/device_grouped_conv2d_bwd_weight_xdl_nhwgc_gkyxc_nhwgk_f16_pad0_pipev5_instance.cpp.o
821.5	[516/1191] Building CXX object library/src/tensor_operation_instance/gpu/conv2d_bwd_data/CMakeFiles/device_conv2d_bwd_data_instance.dir/device_conv2d_bwd_data_xdl_nhwc_kyxc_nhwk_int8_instance.cpp.o
821.5	/work/grodgers/git/tr-aomp/TheRock/ml-libs/composable_kernel/library/src/tensor_operation_instance/gpu/conv2d_bwd_data/device_conv2d_bwd_data_xdl_nhwc_kyxc_nhwk_int8_instance.cpp:140:9: warning: These instances are getting deprecated [-W#pragma-messages]
821.5	  140 | #pragma message "These instances are getting deprecated"
821.5	      |         ^
821.5	1 warning generated when compiling for gfx908.
821.5	/work/grodgers/git/tr-aomp/TheRock/ml-libs/composable_kernel/library/src/tensor_operation_instance/gpu/conv2d_bwd_data/device_conv2d_bwd_data_xdl_nhwc_kyxc_nhwk_int8_instance.cpp:140:9: warning: These instances are getting deprecated [-W#pragma-messages]
821.5	  140 | #pragma message "These instances are getting deprecated"
821.5	      |         ^
821.5	1 warning generated when compiling for gfx90a.
821.5	/work/grodgers/git/tr-aomp/TheRock/ml-libs/composable_kernel/library/src/tensor_operation_instance/gpu/conv2d_bwd_data/device_conv2d_bwd_data_xdl_nhwc_kyxc_nhwk_int8_instance.cpp:140:9: warning: These instances are getting deprecated [-W#pragma-messages]
821.5	  140 | #pragma message "These instances are getting deprecated"
821.5	      |         ^
821.5	1 warning generated when compiling for gfx942.
821.5	/work/grodgers/git/tr-aomp/TheRock/ml-libs/composable_kernel/library/src/tensor_operation_instance/gpu/conv2d_bwd_data/device_conv2d_bwd_data_xdl_nhwc_kyxc_nhwk_int8_instance.cpp:140:9: warning: These instances are getting deprecated [-W#pragma-messages]
821.5	  140 | #pragma message "These instances are getting deprecated"
821.5	      |         ^
821.5	1 warning generated when compiling for host.
839.0	[517/1191] Building CXX object library/src/tensor_operation_instance/gpu/grouped_conv2d_bwd_weight/CMakeFiles/device_grouped_conv2d_bwd_weight_instance.dir/xdl/nhwgc_gkyxc_nhwgk/device_grouped_conv2d_bwd_weight_xdl_nhwgc_gkyxc_nhwgk_bf16_pad0_pipev5_instance.cpp.o
840.0	[518/1191] Building CXX object library/src/tensor_operation_instance/gpu/grouped_conv3d_fwd/CMakeFiles/device_grouped_conv3d_fwd_instance.dir/generated/xdl/mem/device_grouped_conv3d_fwd_xdl_ngcdhw_gkczyx_ngkdhw_bf16_mem_inter_instances_shard_2.cpp.o
859.3	[519/1191] Building CXX object library/src/tensor_operation_instance/gpu/grouped_conv3d_fwd/CMakeFiles/device_grouped_conv3d_fwd_instance.dir/generated/xdl/mem/device_grouped_conv3d_fwd_xdl_ngcdhw_gkczyx_ngkdhw_f16_mem_inter_instances_shard_2.cpp.o
860.4	[520/1191] Building CXX object library/src/tensor_operation_instance/gpu/grouped_conv3d_fwd/CMakeFiles/device_grouped_conv3d_fwd_instance.dir/generated/xdl/mem/device_grouped_conv3d_fwd_xdl_ngcdhw_gkczyx_ngkdhw_bf16_mem_inter_instances_shard_0.cpp.o
865.6	[521/1191] Building CXX object library/src/tensor_operation_instance/gpu/grouped_conv2d_fwd/CMakeFiles/device_grouped_conv2d_fwd_instance.dir/generated/xdl/device_grouped_conv2d_fwd_xdl_ngchw_gkcyx_ngkhw_f16_instances_shard_0.cpp.o
865.6	[522/1191] Building CXX object library/src/tensor_operation_instance/gpu/grouped_conv3d_fwd/CMakeFiles/device_grouped_conv3d_fwd_instance.dir/generated/xdl/mem/device_grouped_conv3d_fwd_xdl_ngcdhw_gkczyx_ngkdhw_bf16_mem_inter_instances_shard_3.cpp.o
867.1	[523/1191] Building CXX object library/src/tensor_operation_instance/gpu/grouped_conv3d_bwd_data/CMakeFiles/device_grouped_conv3d_bwd_data_instance.dir/xdl/device_grouped_conv3d_bwd_data_xdl_ngcdhw_gkzyxc_ngkdhw_bf16_instance.cpp.o
867.9	[524/1191] Building CXX object library/src/tensor_operation_instance/gpu/grouped_conv3d_fwd/CMakeFiles/device_grouped_conv3d_fwd_instance.dir/generated/xdl/mem/device_grouped_conv3d_fwd_xdl_ngcdhw_gkczyx_ngkdhw_f32_mem_intra_instances.cpp.o
873.6	[525/1191] Building CXX object library/src/tensor_operation_instance/gpu/grouped_conv3d_fwd/CMakeFiles/device_grouped_conv3d_fwd_instance.dir/generated/xdl/mem/device_grouped_conv3d_fwd_xdl_ngcdhw_gkczyx_ngkdhw_f16_mem_inter_instances_shard_0.cpp.o
875.5	[526/1191] Building CXX object library/src/tensor_operation_instance/gpu/conv3d_bwd_data/CMakeFiles/device_conv3d_bwd_data_instance.dir/device_conv3d_bwd_data_xdl_ndhwc_kzyxc_ndhwk_int8_instance.cpp.o
875.5	/work/grodgers/git/tr-aomp/TheRock/ml-libs/composable_kernel/library/src/tensor_operation_instance/gpu/conv3d_bwd_data/device_conv3d_bwd_data_xdl_ndhwc_kzyxc_ndhwk_int8_instance.cpp:91:9: warning: These instances are getting deprecated [-W#pragma-messages]
875.5	   91 | #pragma message "These instances are getting deprecated"
875.5	      |         ^
875.5	1 warning generated when compiling for gfx908.
875.5	/work/grodgers/git/tr-aomp/TheRock/ml-libs/composable_kernel/library/src/tensor_operation_instance/gpu/conv3d_bwd_data/device_conv3d_bwd_data_xdl_ndhwc_kzyxc_ndhwk_int8_instance.cpp:91:9: warning: These instances are getting deprecated [-W#pragma-messages]
875.5	   91 | #pragma message "These instances are getting deprecated"
875.5	      |         ^
875.5	1 warning generated when compiling for gfx90a.
875.5	/work/grodgers/git/tr-aomp/TheRock/ml-libs/composable_kernel/library/src/tensor_operation_instance/gpu/conv3d_bwd_data/device_conv3d_bwd_data_xdl_ndhwc_kzyxc_ndhwk_int8_instance.cpp:91:9: warning: These instances are getting deprecated [-W#pragma-messages]
875.5	   91 | #pragma message "These instances are getting deprecated"
875.5	      |         ^
875.5	1 warning generated when compiling for gfx942.
875.5	/work/grodgers/git/tr-aomp/TheRock/ml-libs/composable_kernel/library/src/tensor_operation_instance/gpu/conv3d_bwd_data/device_conv3d_bwd_data_xdl_ndhwc_kzyxc_ndhwk_int8_instance.cpp:91:9: warning: These instances are getting deprecated [-W#pragma-messages]
875.5	   91 | #pragma message "These instances are getting deprecated"
875.5	      |         ^
875.5	1 warning generated when compiling for host.
876.3	[527/1191] Building CXX object library/src/tensor_operation_instance/gpu/grouped_conv3d_bwd_data/CMakeFiles/device_grouped_conv3d_bwd_data_instance.dir/xdl/device_grouped_conv3d_bwd_data_xdl_gndhwc_gkzyxc_gndhwk_f16_instance.cpp.o
880.5	[528/1191] Building CXX object library/src/tensor_operation_instance/gpu/grouped_conv3d_bwd_data/CMakeFiles/device_grouped_conv3d_bwd_data_instance.dir/xdl/device_grouped_conv3d_bwd_data_xdl_ngcdhw_gkzyxc_ngkdhw_f32_instance.cpp.o
880.6	[529/1191] Building CXX object library/src/tensor_operation_instance/gpu/grouped_conv3d_fwd/CMakeFiles/device_grouped_conv3d_fwd_instance.dir/generated/xdl/mem/device_grouped_conv3d_fwd_xdl_ngcdhw_gkczyx_ngkdhw_f32_mem_inter_instances_shard_8.cpp.o
883.5	[530/1191] Building CXX object library/src/tensor_operation_instance/gpu/grouped_conv3d_fwd/CMakeFiles/device_grouped_conv3d_fwd_instance.dir/generated/xdl/mem/device_grouped_conv3d_fwd_xdl_ngcdhw_gkczyx_ngkdhw_bf16_mem_inter_instances_shard_1.cpp.o
883.8	[531/1191] Building CXX object library/src/tensor_operation_instance/gpu/grouped_conv3d_bwd_data/CMakeFiles/device_grouped_conv3d_bwd_data_instance.dir/xdl/device_grouped_conv3d_bwd_data_xdl_ngcdhw_gkzyxc_ngkdhw_f16_instance.cpp.o
886.7	[532/1191] Building CXX object library/src/tensor_operation_instance/gpu/grouped_conv3d_bwd_data/CMakeFiles/device_grouped_conv3d_bwd_data_instance.dir/xdl/device_grouped_conv3d_bwd_data_xdl_gndhwc_gkzyxc_gndhwk_bf16_instance.cpp.o
887.9	[533/1191] Building CXX object library/src/tensor_operation_instance/gpu/grouped_conv2d_fwd_bias_bnorm_clamp/CMakeFiles/device_grouped_conv2d_fwd_bias_bnorm_clamp_instance.dir/generated/xdl/comp/device_grouped_conv2d_fwd_bias_bn_clamp_xdl_nhwgc_gkyxc_nhwgk_bf16_comp_instances_shard_4.cpp.o
890.5	[534/1191] Building CXX object library/src/tensor_operation_instance/gpu/grouped_conv3d_fwd/CMakeFiles/device_grouped_conv3d_fwd_instance.dir/generated/xdl/mem/device_grouped_conv3d_fwd_xdl_ngcdhw_gkczyx_ngkdhw_f16_mem_inter_instances_shard_3.cpp.o
895.1	[535/1191] Building CXX object library/src/tensor_operation_instance/gpu/grouped_conv3d_bwd_data/CMakeFiles/device_grouped_conv3d_bwd_data_instance.dir/xdl/device_grouped_conv3d_bwd_data_xdl_gndhwc_gkzyxc_gndhwk_f32_instance.cpp.o
895.2	[536/1191] Building CXX object library/src/tensor_operation_instance/gpu/grouped_conv3d_fwd/CMakeFiles/device_grouped_conv3d_fwd_instance.dir/generated/xdl/mem/device_grouped_conv3d_fwd_xdl_ngcdhw_gkczyx_ngkdhw_f16_mem_inter_instances_shard_1.cpp.o
896.3	[537/1191] Building CXX object library/src/tensor_operation_instance/gpu/grouped_conv3d_fwd/CMakeFiles/device_grouped_conv3d_fwd_instance.dir/generated/xdl/mem/device_grouped_conv3d_fwd_xdl_ngcdhw_gkczyx_ngkdhw_bf16_mem_intra_instances_shard_2.cpp.o
900.9	[538/1191] Building CXX object library/src/tensor_operation_instance/gpu/grouped_conv3d_bwd_data/CMakeFiles/device_grouped_conv3d_bwd_data_instance.dir/xdl/device_grouped_conv3d_bwd_data_xdl_ndhwgc_gkzyxc_ndhwgk_bf16_16_16_instance.cpp.o
901.4	[539/1191] Building CXX object library/src/tensor_operation_instance/gpu/grouped_conv3d_bwd_data/CMakeFiles/device_grouped_conv3d_bwd_data_instance.dir/xdl/device_grouped_conv3d_bwd_data_xdl_ndhwgc_gkzyxc_ndhwgk_f16_16_16_instance.cpp.o
906.6	[540/1191] Building CXX object library/src/tensor_operation_instance/gpu/grouped_conv3d_bwd_data/CMakeFiles/device_grouped_conv3d_bwd_data_instance.dir/xdl/device_grouped_conv3d_bwd_data_xdl_ngcdhw_gkczyx_ngkdhw_f16_16_16_instance.cpp.o
910.4	[541/1191] Building CXX object library/src/tensor_operation_instance/gpu/grouped_conv2d_fwd_bias_bnorm_clamp/CMakeFiles/device_grouped_conv2d_fwd_bias_bnorm_clamp_instance.dir/generated/xdl/comp/device_grouped_conv2d_fwd_bias_bn_clamp_xdl_nhwgc_gkyxc_nhwgk_f16_comp_part2_instances_shard_3.cpp.o
911.0	[542/1191] Building CXX object library/src/tensor_operation_instance/gpu/grouped_conv3d_fwd/CMakeFiles/device_grouped_conv3d_fwd_instance.dir/generated/xdl/mem/device_grouped_conv3d_fwd_xdl_ngcdhw_gkczyx_ngkdhw_bf16_mem_intra_instances_shard_3.cpp.o
911.4	[543/1191] Building CXX object library/src/tensor_operation_instance/gpu/grouped_conv3d_fwd/CMakeFiles/device_grouped_conv3d_fwd_instance.dir/generated/xdl/comp/device_grouped_conv3d_fwd_xdl_ndhwgc_gkzyxc_ndhwgk_bf16_comp_instances_shard_11.cpp.o
914.8	[544/1191] Building CXX object library/src/tensor_operation_instance/gpu/grouped_conv3d_fwd/CMakeFiles/device_grouped_conv3d_fwd_instance.dir/generated/xdl/comp/device_grouped_conv3d_fwd_xdl_ndhwgc_gkzyxc_ndhwgk_bf16_comp_instances.cpp.o
921.3	[545/1191] Building CXX object library/src/tensor_operation_instance/gpu/grouped_conv3d_fwd/CMakeFiles/device_grouped_conv3d_fwd_instance.dir/generated/xdl/mem/device_grouped_conv3d_fwd_xdl_ngcdhw_gkczyx_ngkdhw_bf16_mem_intra_instances_shard_0.cpp.o
925.4	[546/1191] Building CXX object library/src/tensor_operation_instance/gpu/grouped_conv3d_bwd_data/CMakeFiles/device_grouped_conv3d_bwd_data_instance.dir/xdl/device_grouped_conv3d_bwd_data_xdl_ngcdhw_gkczyx_ngkdhw_bf16_16_16_instance.cpp.o
925.5	[547/1191] Building CXX object library/src/tensor_operation_instance/gpu/grouped_conv3d_fwd/CMakeFiles/device_grouped_conv3d_fwd_instance.dir/generated/xdl/mem/device_grouped_conv3d_fwd_xdl_ngcdhw_gkczyx_ngkdhw_f32_mem_inter_instances_shard_0.cpp.o
926.0	[548/1191] Building CXX object library/src/tensor_operation_instance/gpu/grouped_conv3d_fwd/CMakeFiles/device_grouped_conv3d_fwd_instance.dir/generated/xdl/mem/device_grouped_conv3d_fwd_xdl_ngcdhw_gkczyx_ngkdhw_f32_mem_inter_instances_shard_7.cpp.o
928.2	[549/1191] Building CXX object library/src/tensor_operation_instance/gpu/grouped_conv3d_fwd/CMakeFiles/device_grouped_conv3d_fwd_instance.dir/generated/xdl/mem/device_grouped_conv3d_fwd_xdl_ngcdhw_gkczyx_ngkdhw_f16_mem_intra_instances_shard_2.cpp.o
931.6	[550/1191] Building CXX object library/src/tensor_operation_instance/gpu/grouped_conv3d_bwd_data/CMakeFiles/device_grouped_conv3d_bwd_data_instance.dir/xdl/device_grouped_conv3d_bwd_data_xdl_ndhwgc_gkzyxc_ndhwgk_f32_16_16_instance.cpp.o
931.7	[551/1191] Building CXX object library/src/tensor_operation_instance/gpu/grouped_conv3d_bwd_data/CMakeFiles/device_grouped_conv3d_bwd_data_instance.dir/xdl/device_grouped_conv3d_bwd_data_xdl_ngcdhw_gkczyx_ngkdhw_f32_16_16_instance.cpp.o
933.6	[552/1191] Building CXX object library/src/tensor_operation_instance/gpu/conv2d_fwd/CMakeFiles/device_conv2d_fwd_instance.dir/device_conv2d_fwd_xdl_c_shuffle_nhwc_kyxc_nhwk_f16_instance.cpp.o
933.6	/work/grodgers/git/tr-aomp/TheRock/ml-libs/composable_kernel/library/src/tensor_operation_instance/gpu/conv2d_fwd/device_conv2d_fwd_xdl_c_shuffle_nhwc_kyxc_nhwk_f16_instance.cpp:184:9: warning: These instances are getting deprecated [-W#pragma-messages]
933.6	  184 | #pragma message "These instances are getting deprecated"
933.6	      |         ^
933.6	1 warning generated when compiling for gfx908.
933.6	/work/grodgers/git/tr-aomp/TheRock/ml-libs/composable_kernel/library/src/tensor_operation_instance/gpu/conv2d_fwd/device_conv2d_fwd_xdl_c_shuffle_nhwc_kyxc_nhwk_f16_instance.cpp:184:9: warning: These instances are getting deprecated [-W#pragma-messages]
933.6	  184 | #pragma message "These instances are getting deprecated"
933.6	      |         ^
933.6	1 warning generated when compiling for gfx90a.
933.6	/work/grodgers/git/tr-aomp/TheRock/ml-libs/composable_kernel/library/src/tensor_operation_instance/gpu/conv2d_fwd/device_conv2d_fwd_xdl_c_shuffle_nhwc_kyxc_nhwk_f16_instance.cpp:184:9: warning: These instances are getting deprecated [-W#pragma-messages]
933.6	  184 | #pragma message "These instances are getting deprecated"
933.6	      |         ^
933.6	1 warning generated when compiling for gfx942.
933.6	/work/grodgers/git/tr-aomp/TheRock/ml-libs/composable_kernel/library/src/tensor_operation_instance/gpu/conv2d_fwd/device_conv2d_fwd_xdl_c_shuffle_nhwc_kyxc_nhwk_f16_instance.cpp:184:9: warning: These instances are getting deprecated [-W#pragma-messages]
933.6	  184 | #pragma message "These instances are getting deprecated"
933.6	      |         ^
933.6	1 warning generated when compiling for host.
933.7	[553/1191] Building CXX object library/src/tensor_operation_instance/gpu/grouped_conv3d_fwd/CMakeFiles/device_grouped_conv3d_fwd_instance.dir/generated/xdl/mem/device_grouped_conv3d_fwd_xdl_ngcdhw_gkczyx_ngkdhw_f32_mem_inter_instances_shard_9.cpp.o
936.1	[554/1191] Building CXX object library/src/tensor_operation_instance/gpu/grouped_conv3d_fwd/CMakeFiles/device_grouped_conv3d_fwd_instance.dir/generated/xdl/mem/device_grouped_conv3d_fwd_xdl_ngcdhw_gkczyx_ngkdhw_f32_mem_inter_instances_shard_1.cpp.o
939.9	[555/1191] Building CXX object library/src/tensor_operation_instance/gpu/grouped_conv3d_fwd/CMakeFiles/device_grouped_conv3d_fwd_instance.dir/generated/xdl/mem/device_grouped_conv3d_fwd_xdl_ngcdhw_gkczyx_ngkdhw_f32_mem_inter_instances_shard_6.cpp.o
941.2	[556/1191] Building CXX object library/src/tensor_operation_instance/gpu/grouped_conv3d_fwd/CMakeFiles/device_grouped_conv3d_fwd_instance.dir/generated/xdl/mem/device_grouped_conv3d_fwd_xdl_ngcdhw_gkczyx_ngkdhw_bf16_mem_intra_instances_shard_1.cpp.o
944.1	[557/1191] Building CXX object library/src/tensor_operation_instance/gpu/grouped_conv3d_fwd/CMakeFiles/device_grouped_conv3d_fwd_instance.dir/generated/xdl/comp/device_grouped_conv3d_fwd_xdl_ndhwgc_gkzyxc_ndhwgk_f16_comp_instances.cpp.o
951.4	[558/1191] Building CXX object library/src/tensor_operation_instance/gpu/grouped_conv3d_fwd/CMakeFiles/device_grouped_conv3d_fwd_instance.dir/generated/xdl/mem/device_grouped_conv3d_fwd_xdl_ngcdhw_gkczyx_ngkdhw_f16_mem_intra_instances_shard_0.cpp.o
951.5	[559/1191] Building CXX object library/src/tensor_operation_instance/gpu/grouped_conv2d_fwd_bias_clamp/CMakeFiles/device_grouped_conv2d_fwd_bias_clamp_instance.dir/xdl/device_grouped_conv2d_fwd_bias_clamp_xdl_nhwgc_gkyxc_nhwgk_fp32_instance.cpp.o
955.9	[560/1191] Building CXX object library/src/tensor_operation_instance/gpu/grouped_conv3d_fwd/CMakeFiles/device_grouped_conv3d_fwd_instance.dir/generated/xdl/mem/device_grouped_conv3d_fwd_xdl_ngcdhw_gkczyx_ngkdhw_f16_mem_intra_instances_shard_3.cpp.o
959.9	[561/1191] Building CXX object library/src/tensor_operation_instance/gpu/grouped_conv2d_fwd_clamp/CMakeFiles/device_grouped_conv2d_fwd_clamp_instance.dir/xdl/device_grouped_conv2d_fwd_clamp_xdl_nhwgc_gkyxc_nhwgk_fp32_instance.cpp.o
966.5	[562/1191] Building CXX object library/src/tensor_operation_instance/gpu/grouped_conv2d_bwd_weight/CMakeFiles/device_grouped_conv2d_bwd_weight_instance.dir/xdl/nhwgc_gkyxc_nhwgk/device_grouped_conv2d_bwd_weight_two_stage_xdl_nhwgc_gkyxc_nhwgk_f16_pipev2_instance.cpp.o
968.1	[563/1191] Building CXX object library/src/tensor_operation_instance/gpu/grouped_conv3d_fwd/CMakeFiles/device_grouped_conv3d_fwd_instance.dir/xdl/comp/device_grouped_conv3d_fwd_xdl_ngcdhw_gkczyx_ngkdhw_bf16_comp_2x_instance.cpp.o
968.6	[564/1191] Building CXX object library/src/tensor_operation_instance/gpu/grouped_conv2d_fwd_clamp/CMakeFiles/device_grouped_conv2d_fwd_clamp_instance.dir/xdl/comp/device_grouped_conv2d_fwd_clamp_xdl_nhwgc_gkyxc_nhwgk_fp32_comp_instance.cpp.o
971.5	[565/1191] Building CXX object library/src/tensor_operation_instance/gpu/conv2d_fwd_bias_relu_add/CMakeFiles/device_conv2d_fwd_bias_relu_add_instance.dir/device_conv2d_fwd_xdl_c_shuffle_bias_relu_add_nhwc_kyxc_nhwk_f16_instance.cpp.o
971.5	/work/grodgers/git/tr-aomp/TheRock/ml-libs/composable_kernel/library/src/tensor_operation_instance/gpu/conv2d_fwd_bias_relu_add/device_conv2d_fwd_xdl_c_shuffle_bias_relu_add_nhwc_kyxc_nhwk_f16_instance.cpp:181:9: warning: These instances are getting deprecated [-W#pragma-messages]
971.5	  181 | #pragma message "These instances are getting deprecated"
971.5	      |         ^
971.5	1 warning generated when compiling for gfx908.
971.5	/work/grodgers/git/tr-aomp/TheRock/ml-libs/composable_kernel/library/src/tensor_operation_instance/gpu/conv2d_fwd_bias_relu_add/device_conv2d_fwd_xdl_c_shuffle_bias_relu_add_nhwc_kyxc_nhwk_f16_instance.cpp:181:9: warning: These instances are getting deprecated [-W#pragma-messages]
971.5	  181 | #pragma message "These instances are getting deprecated"
971.5	      |         ^
971.5	1 warning generated when compiling for gfx90a.
971.5	/work/grodgers/git/tr-aomp/TheRock/ml-libs/composable_kernel/library/src/tensor_operation_instance/gpu/conv2d_fwd_bias_relu_add/device_conv2d_fwd_xdl_c_shuffle_bias_relu_add_nhwc_kyxc_nhwk_f16_instance.cpp:181:9: warning: These instances are getting deprecated [-W#pragma-messages]
971.5	  181 | #pragma message "These instances are getting deprecated"
971.5	      |         ^
971.5	1 warning generated when compiling for gfx942.
971.5	/work/grodgers/git/tr-aomp/TheRock/ml-libs/composable_kernel/library/src/tensor_operation_instance/gpu/conv2d_fwd_bias_relu_add/device_conv2d_fwd_xdl_c_shuffle_bias_relu_add_nhwc_kyxc_nhwk_f16_instance.cpp:181:9: warning: These instances are getting deprecated [-W#pragma-messages]
971.5	  181 | #pragma message "These instances are getting deprecated"
971.5	      |         ^
971.5	1 warning generated when compiling for host.
971.6	[566/1191] Building CXX object library/src/tensor_operation_instance/gpu/grouped_conv3d_fwd/CMakeFiles/device_grouped_conv3d_fwd_instance.dir/generated/xdl/comp/device_grouped_conv3d_fwd_xdl_ngcdhw_gkczyx_ngkdhw_bf16_comp_instances_shard_11.cpp.o
971.8	[567/1191] Building CXX object library/src/tensor_operation_instance/gpu/grouped_conv2d_fwd_bias_clamp/CMakeFiles/device_grouped_conv2d_fwd_bias_clamp_instance.dir/xdl/comp/device_grouped_conv2d_fwd_bias_clamp_xdl_nhwgc_gkyxc_nhwgk_fp32_comp_instance.cpp.o
972.0	[568/1191] Building CXX object library/src/tensor_operation_instance/gpu/grouped_conv3d_fwd/CMakeFiles/device_grouped_conv3d_fwd_instance.dir/generated/xdl/mem/device_grouped_conv3d_fwd_xdl_ngcdhw_gkczyx_ngkdhw_f16_mem_intra_instances_shard_1.cpp.o
973.4	[569/1191] Building CXX object library/src/tensor_operation_instance/gpu/grouped_conv3d_fwd/CMakeFiles/device_grouped_conv3d_fwd_instance.dir/generated/xdl/comp/device_grouped_conv3d_fwd_xdl_ngcdhw_gkczyx_ngkdhw_bf16_comp_instances.cpp.o
980.8	[570/1191] Building CXX object library/src/tensor_operation_instance/gpu/grouped_conv3d_fwd/CMakeFiles/device_grouped_conv3d_fwd_instance.dir/generated/xdl/comp/device_grouped_conv3d_fwd_xdl_ngcdhw_gkczyx_ngkdhw_f16_comp_instances_shard_1.cpp.o
982.5	[571/1191] Building CXX object library/src/tensor_operation_instance/gpu/grouped_conv3d_fwd/CMakeFiles/device_grouped_conv3d_fwd_instance.dir/generated/xdl/mem/device_grouped_conv3d_fwd_xdl_ngcdhw_gkczyx_ngkdhw_f32_mem_intra_instances_shard_0.cpp.o
984.8	[572/1191] Building CXX object library/src/tensor_operation_instance/gpu/grouped_conv3d_fwd/CMakeFiles/device_grouped_conv3d_fwd_instance.dir/xdl/comp/device_grouped_conv3d_fwd_xdl_ngcdhw_gkczyx_ngkdhw_f16_comp_2x_instance.cpp.o
985.5	[573/1191] Building CXX object library/src/tensor_operation_instance/gpu/grouped_conv2d_bwd_weight/CMakeFiles/device_grouped_conv2d_bwd_weight_instance.dir/xdl/nhwgc_gkyxc_nhwgk/device_grouped_conv2d_bwd_weight_xdl_nhwgc_gkyxc_nhwgk_f16_default_pipev5_instance.cpp.o
985.7	[574/1191] Building CXX object library/src/tensor_operation_instance/gpu/grouped_conv3d_fwd/CMakeFiles/device_grouped_conv3d_fwd_instance.dir/generated/xdl/mem/device_grouped_conv3d_fwd_xdl_ngcdhw_gkczyx_ngkdhw_f32_mem_intra_instances_shard_8.cpp.o
986.0	[575/1191] Building CXX object library/src/tensor_operation_instance/gpu/grouped_conv3d_fwd/CMakeFiles/device_grouped_conv3d_fwd_instance.dir/generated/xdl/comp/device_grouped_conv3d_fwd_xdl_ngcdhw_gkczyx_ngkdhw_f16_comp_instances_shard_2.cpp.o
989.2	[576/1191] Building CXX object library/src/tensor_operation_instance/gpu/grouped_conv3d_fwd/CMakeFiles/device_grouped_conv3d_fwd_instance.dir/generated/xdl/comp/device_grouped_conv3d_fwd_xdl_ngcdhw_gkczyx_ngkdhw_f16_comp_instances_shard_3.cpp.o
989.4	[577/1191] Building CXX object library/src/tensor_operation_instance/gpu/grouped_conv2d_bwd_weight/CMakeFiles/device_grouped_conv2d_bwd_weight_instance.dir/xdl/nhwgc_gkyxc_nhwgk/device_grouped_conv2d_bwd_weight_xdl_nhwgc_gkyxc_nhwgk_bf16_default_pipev5_instance.cpp.o
996.2	[578/1191] Building CXX object library/src/tensor_operation_instance/gpu/grouped_conv2d_bwd_data/CMakeFiles/device_grouped_conv2d_bwd_data_instance.dir/xdl/device_grouped_conv2d_bwd_data_xdl_ngchw_gkcyx_ngkhw_f16_vec_transpose_instance.cpp.o
996.2	[579/1191] Building CXX object library/src/tensor_operation_instance/gpu/grouped_conv3d_fwd/CMakeFiles/device_grouped_conv3d_fwd_instance.dir/generated/xdl/comp/device_grouped_conv3d_fwd_xdl_ngcdhw_gkczyx_ngkdhw_f16_comp_instances_shard_4.cpp.o
997.5	[580/1191] Building CXX object library/src/tensor_operation_instance/gpu/grouped_conv3d_fwd/CMakeFiles/device_grouped_conv3d_fwd_instance.dir/generated/xdl/comp/device_grouped_conv3d_fwd_xdl_ngcdhw_gkczyx_ngkdhw_f16_comp_instances_shard_6.cpp.o
998.1	[581/1191] Building CXX object library/src/tensor_operation_instance/gpu/grouped_conv3d_fwd/CMakeFiles/device_grouped_conv3d_fwd_instance.dir/generated/xdl/comp/device_grouped_conv3d_fwd_xdl_ngcdhw_gkczyx_ngkdhw_f16_comp_instances_shard_5.cpp.o
998.6	[582/1191] Building CXX object library/src/tensor_operation_instance/gpu/grouped_conv3d_fwd/CMakeFiles/device_grouped_conv3d_fwd_instance.dir/generated/xdl/mem/device_grouped_conv3d_fwd_xdl_ngcdhw_gkczyx_ngkdhw_f32_mem_intra_instances_shard_1.cpp.o
999.3	[583/1191] Building CXX object library/src/tensor_operation_instance/gpu/grouped_conv3d_fwd/CMakeFiles/device_grouped_conv3d_fwd_instance.dir/generated/xdl/comp/device_grouped_conv3d_fwd_xdl_ngcdhw_gkczyx_ngkdhw_f16_comp_instances_shard_10.cpp.o
999.7	[584/1191] Building CXX object library/src/tensor_operation_instance/gpu/grouped_conv3d_fwd/CMakeFiles/device_grouped_conv3d_fwd_instance.dir/generated/xdl/comp/device_grouped_conv3d_fwd_xdl_ndhwgc_gkzyxc_ndhwgk_bf16_comp_instances_shard_10.cpp.o
1000.6	[585/1191] Building CXX object library/src/tensor_operation_instance/gpu/grouped_conv3d_fwd/CMakeFiles/device_grouped_conv3d_fwd_instance.dir/generated/xdl/comp/device_grouped_conv3d_fwd_xdl_ngcdhw_gkczyx_ngkdhw_f16_comp_instances_shard_7.cpp.o
1000.9	[586/1191] Building CXX object library/src/tensor_operation_instance/gpu/grouped_conv3d_fwd/CMakeFiles/device_grouped_conv3d_fwd_instance.dir/generated/xdl/comp/device_grouped_conv3d_fwd_xdl_ngcdhw_gkczyx_ngkdhw_f16_comp_instances_shard_11.cpp.o
1001.1	[587/1191] Building CXX object library/src/tensor_operation_instance/gpu/grouped_conv2d_bwd_weight/CMakeFiles/device_grouped_conv2d_bwd_weight_instance.dir/xdl/nhwgc_gkyxc_nhwgk/device_grouped_conv2d_bwd_weight_two_stage_xdl_nhwgc_gkyxc_nhwgk_f16_pipev5_instance.cpp.o
1001.6	[588/1191] Building CXX object library/src/tensor_operation_instance/gpu/grouped_conv3d_fwd/CMakeFiles/device_grouped_conv3d_fwd_instance.dir/generated/xdl/comp/device_grouped_conv3d_fwd_xdl_ngcdhw_gkczyx_ngkdhw_f16_comp_instances_shard_8.cpp.o
1003.3	[589/1191] Building CXX object library/src/tensor_operation_instance/gpu/grouped_conv3d_fwd/CMakeFiles/device_grouped_conv3d_fwd_instance.dir/generated/xdl/comp/device_grouped_conv3d_fwd_xdl_ngcdhw_gkczyx_ngkdhw_f16_comp_instances_shard_9.cpp.o
1004.4	[590/1191] Building CXX object library/src/tensor_operation_instance/gpu/grouped_conv3d_fwd/CMakeFiles/device_grouped_conv3d_fwd_instance.dir/generated/xdl/mem/device_grouped_conv3d_fwd_xdl_ngcdhw_gkczyx_ngkdhw_f32_mem_intra_instances_shard_7.cpp.o
1009.3	[591/1191] Building CXX object library/src/tensor_operation_instance/gpu/grouped_conv2d_bwd_weight/CMakeFiles/device_grouped_conv2d_bwd_weight_instance.dir/xdl/nhwgc_gkyxc_nhwgk/device_grouped_conv2d_bwd_weight_two_stage_xdl_nhwgc_gkyxc_nhwgk_bf16_pipev2_instance.cpp.o
1010.4	[592/1191] Building CXX object library/src/tensor_operation_instance/gpu/grouped_conv3d_fwd/CMakeFiles/device_grouped_conv3d_fwd_instance.dir/generated/xdl/comp/device_grouped_conv3d_fwd_xdl_ngcdhw_gkczyx_ngkdhw_f16_comp_instances.cpp.o
1012.6	[593/1191] Building CXX object library/src/tensor_operation_instance/gpu/grouped_conv3d_fwd/CMakeFiles/device_grouped_conv3d_fwd_instance.dir/generated/xdl/mem/device_grouped_conv3d_fwd_xdl_ngcdhw_gkczyx_ngkdhw_f32_mem_inter_instances_shard_2.cpp.o
1016.1	[594/1191] Building CXX object library/src/tensor_operation_instance/gpu/grouped_conv3d_bwd_weight/CMakeFiles/device_grouped_conv3d_bwd_weight_instance.dir/xdl/ndhwgc_gkzyxc_ndhwgk/device_grouped_conv3d_bwd_weight_xdl_ndhwgc_gkzyxc_ndhwgk_f16_instance.cpp.o
1017.8	[595/1191] Building CXX object library/src/tensor_operation_instance/gpu/conv2d_fwd_bias_relu/CMakeFiles/device_conv2d_fwd_bias_relu_instance.dir/device_conv2d_fwd_xdl_c_shuffle_bias_relu_nhwc_kyxc_nhwk_f16_instance.cpp.o
1017.8	/work/grodgers/git/tr-aomp/TheRock/ml-libs/composable_kernel/library/src/tensor_operation_instance/gpu/conv2d_fwd_bias_relu/device_conv2d_fwd_xdl_c_shuffle_bias_relu_nhwc_kyxc_nhwk_f16_instance.cpp:183:9: warning: These instances are getting deprecated [-W#pragma-messages]
1017.8	  183 | #pragma message "These instances are getting deprecated"
1017.8	      |         ^
1017.8	1 warning generated when compiling for gfx908.
1017.8	/work/grodgers/git/tr-aomp/TheRock/ml-libs/composable_kernel/library/src/tensor_operation_instance/gpu/conv2d_fwd_bias_relu/device_conv2d_fwd_xdl_c_shuffle_bias_relu_nhwc_kyxc_nhwk_f16_instance.cpp:183:9: warning: These instances are getting deprecated [-W#pragma-messages]
1017.8	  183 | #pragma message "These instances are getting deprecated"
1017.8	      |         ^
1017.8	1 warning generated when compiling for gfx90a.
1017.8	/work/grodgers/git/tr-aomp/TheRock/ml-libs/composable_kernel/library/src/tensor_operation_instance/gpu/conv2d_fwd_bias_relu/device_conv2d_fwd_xdl_c_shuffle_bias_relu_nhwc_kyxc_nhwk_f16_instance.cpp:183:9: warning: These instances are getting deprecated [-W#pragma-messages]
1017.8	  183 | #pragma message "These instances are getting deprecated"
1017.8	      |         ^
1017.8	1 warning generated when compiling for gfx942.
1017.8	/work/grodgers/git/tr-aomp/TheRock/ml-libs/composable_kernel/library/src/tensor_operation_instance/gpu/conv2d_fwd_bias_relu/device_conv2d_fwd_xdl_c_shuffle_bias_relu_nhwc_kyxc_nhwk_f16_instance.cpp:183:9: warning: These instances are getting deprecated [-W#pragma-messages]
1017.8	  183 | #pragma message "These instances are getting deprecated"
1017.8	      |         ^
1017.8	1 warning generated when compiling for host.
1018.0	[596/1191] Building CXX object library/src/tensor_operation_instance/gpu/grouped_conv3d_fwd/CMakeFiles/device_grouped_conv3d_fwd_instance.dir/generated/xdl/comp/device_grouped_conv3d_fwd_xdl_ndhwgc_gkzyxc_ndhwgk_bf16_comp_instances_shard_8.cpp.o
1021.1	[597/1191] Building CXX object library/src/tensor_operation_instance/gpu/grouped_conv3d_fwd/CMakeFiles/device_grouped_conv3d_fwd_instance.dir/generated/xdl/comp/device_grouped_conv3d_fwd_xdl_ndhwgc_gkzyxc_ndhwgk_bf16_comp_instances_shard_9.cpp.o
1024.3	[598/1191] Building CXX object library/src/tensor_operation_instance/gpu/grouped_conv3d_fwd/CMakeFiles/device_grouped_conv3d_fwd_instance.dir/generated/xdl/mem/device_grouped_conv3d_fwd_xdl_ngcdhw_gkczyx_ngkdhw_f32_mem_intra_instances_shard_6.cpp.o
1026.7	[599/1191] Building CXX object library/src/tensor_operation_instance/gpu/grouped_conv3d_fwd/CMakeFiles/device_grouped_conv3d_fwd_instance.dir/generated/xdl/mem/device_grouped_conv3d_fwd_xdl_ngcdhw_gkczyx_ngkdhw_f32_mem_inter_instances_shard_3.cpp.o
1027.0	[600/1191] Building CXX object library/src/tensor_operation_instance/gpu/grouped_conv2d_fwd_bias_clamp/CMakeFiles/device_grouped_conv2d_fwd_bias_clamp_instance.dir/xdl/device_grouped_conv2d_fwd_bias_clamp_xdl_nhwgc_gkyxc_nhwgk_fp16_instance.cpp.o
1030.9	[601/1191] Building CXX object library/src/tensor_operation_instance/gpu/grouped_conv2d_fwd_clamp/CMakeFiles/device_grouped_conv2d_fwd_clamp_instance.dir/xdl/device_grouped_conv2d_fwd_clamp_xdl_nhwgc_gkyxc_nhwgk_fp16_instance.cpp.o
1036.7	[602/1191] Building CXX object library/src/tensor_operation_instance/gpu/grouped_conv3d_fwd/CMakeFiles/device_grouped_conv3d_fwd_instance.dir/generated/xdl/device_grouped_conv3d_fwd_xdl_ngcdhw_gkczyx_ngkdhw_bf16_instances_shard_7.cpp.o
1036.9	[603/1191] Building CXX object library/src/tensor_operation_instance/gpu/grouped_conv3d_fwd/CMakeFiles/device_grouped_conv3d_fwd_instance.dir/generated/xdl/device_grouped_conv3d_fwd_xdl_ngcdhw_gkczyx_ngkdhw_bf16_instances_shard_3.cpp.o
1039.9	[604/1191] Building CXX object library/src/tensor_operation_instance/gpu/grouped_conv3d_fwd_bias_bnorm_clamp/CMakeFiles/device_grouped_conv3d_fwd_bias_bnorm_clamp_instance.dir/generated/xdl/device_grouped_conv3d_fwd_bias_bn_clamp_xdl_ndhwgc_gkzyxc_ndhwgk_bf16_instances.cpp.o
1044.9	[605/1191] Building CXX object library/src/tensor_operation_instance/gpu/grouped_conv2d_fwd/CMakeFiles/device_grouped_conv2d_fwd_instance.dir/xdl/device_grouped_conv2d_fwd_xdl_ngchw_gkyxc_ngkhw_f16_instance.cpp.o
1045.9	[606/1191] Building CXX object library/src/tensor_operation_instance/gpu/grouped_conv3d_fwd/CMakeFiles/device_grouped_conv3d_fwd_instance.dir/generated/xdl/comp/device_grouped_conv3d_fwd_xdl_ndhwgc_gkzyxc_ndhwgk_f16_comp_instances_shard_7.cpp.o
1048.8	[607/1191] Building CXX object library/src/tensor_operation_instance/gpu/grouped_conv3d_fwd/CMakeFiles/device_grouped_conv3d_fwd_instance.dir/generated/xdl/device_grouped_conv3d_fwd_xdl_ngcdhw_gkczyx_ngkdhw_bf16_instances_shard_5.cpp.o
1048.9	[608/1191] Building CXX object library/src/tensor_operation_instance/gpu/grouped_conv3d_bwd_weight/CMakeFiles/device_grouped_conv3d_bwd_weight_instance.dir/xdl/ndhwgc_gkzyxc_ndhwgk/device_grouped_conv3d_bwd_weight_xdl_ndhwgc_gkzyxc_ndhwgk_bf16_instance.cpp.o
1049.7	[609/1191] Building CXX object library/src/tensor_operation_instance/gpu/grouped_conv3d_fwd/CMakeFiles/device_grouped_conv3d_fwd_instance.dir/generated/xdl/mem/device_grouped_conv3d_fwd_xdl_ngcdhw_gkczyx_ngkdhw_f32_mem_intra_instances_shard_9.cpp.o
1051.2	[610/1191] Building CXX object library/src/tensor_operation_instance/gpu/grouped_conv3d_fwd/CMakeFiles/device_grouped_conv3d_fwd_instance.dir/generated/xdl/comp/device_grouped_conv3d_fwd_xdl_ndhwgc_gkzyxc_ndhwgk_bf16_comp_instances_shard_7.cpp.o
1053.7	[611/1191] Building CXX object library/src/tensor_operation_instance/gpu/grouped_conv2d_fwd_clamp/CMakeFiles/device_grouped_conv2d_fwd_clamp_instance.dir/xdl/device_grouped_conv2d_fwd_clamp_xdl_nhwgc_gkyxc_nhwgk_bf16_instance.cpp.o
1055.6	[612/1191] Building CXX object library/src/tensor_operation_instance/gpu/grouped_conv3d_fwd/CMakeFiles/device_grouped_conv3d_fwd_instance.dir/generated/xdl/comp/device_grouped_conv3d_fwd_xdl_ndhwgc_gkzyxc_ndhwgk_f16_comp_instances_shard_1.cpp.o
1058.4	[613/1191] Building CXX object library/src/tensor_operation_instance/gpu/grouped_conv3d_bwd_weight/CMakeFiles/device_grouped_conv3d_bwd_weight_instance.dir/xdl/ndhwgc_gkzyxc_ndhwgk/device_grouped_conv3d_bwd_weight_two_stage_xdl_ndhwgc_gkzyxc_ndhwgk_f16_pipev1_part2_instance.cpp.o
1062.5	[614/1191] Building CXX object library/src/tensor_operation_instance/gpu/grouped_conv3d_fwd/CMakeFiles/device_grouped_conv3d_fwd_instance.dir/generated/xdl/comp/device_grouped_conv3d_fwd_xdl_ndhwgc_gkzyxc_ndhwgk_bf16_comp_instances_shard_5.cpp.o
1066.6	[615/1191] Building CXX object library/src/tensor_operation_instance/gpu/grouped_conv3d_fwd/CMakeFiles/device_grouped_conv3d_fwd_instance.dir/generated/xdl/device_grouped_conv3d_fwd_xdl_ngcdhw_gkczyx_ngkdhw_f16_instances_shard_3.cpp.o
1071.8	[616/1191] Building CXX object library/src/tensor_operation_instance/gpu/grouped_conv3d_fwd/CMakeFiles/device_grouped_conv3d_fwd_instance.dir/generated/xdl/device_grouped_conv3d_fwd_xdl_ngcdhw_gkczyx_ngkdhw_f16_instances_shard_5.cpp.o
1075.9	[617/1191] Building CXX object library/src/tensor_operation_instance/gpu/grouped_conv3d_fwd/CMakeFiles/device_grouped_conv3d_fwd_instance.dir/generated/xdl/mem/device_grouped_conv3d_fwd_xdl_ngcdhw_gkczyx_ngkdhw_bf16_mem_inter_instances_shard_5.cpp.o
1083.8	[618/1191] Building CXX object library/src/tensor_operation_instance/gpu/grouped_conv3d_fwd/CMakeFiles/device_grouped_conv3d_fwd_instance.dir/generated/xdl/comp/device_grouped_conv3d_fwd_xdl_ndhwgc_gkzyxc_ndhwgk_bf16_comp_instances_shard_6.cpp.o
1091.3	[619/1191] Building CXX object library/src/tensor_operation_instance/gpu/grouped_conv2d_bwd_weight/CMakeFiles/device_grouped_conv2d_bwd_weight_instance.dir/xdl/nhwgc_gkyxc_nhwgk/device_grouped_conv2d_bwd_weight_two_stage_xdl_nhwgc_gkyxc_nhwgk_bf16_pipev5_instance.cpp.o
1093.3	[620/1191] Building CXX object library/src/tensor_operation_instance/gpu/grouped_conv3d_fwd_bias_bnorm_clamp/CMakeFiles/device_grouped_conv3d_fwd_bias_bnorm_clamp_instance.dir/generated/xdl/device_grouped_conv3d_fwd_bias_bn_clamp_xdl_ndhwgc_gkzyxc_ndhwgk_f16_instances.cpp.o
1096.2	[621/1191] Building CXX object library/src/tensor_operation_instance/gpu/grouped_conv3d_fwd/CMakeFiles/device_grouped_conv3d_fwd_instance.dir/generated/xdl/mem/device_grouped_conv3d_fwd_xdl_ngcdhw_gkczyx_ngkdhw_f32_mem_intra_instances_shard_2.cpp.o
1097.9	[622/1191] Building CXX object library/src/tensor_operation_instance/gpu/grouped_conv3d_fwd/CMakeFiles/device_grouped_conv3d_fwd_instance.dir/generated/xdl/device_grouped_conv3d_fwd_xdl_ngcdhw_gkczyx_ngkdhw_f16_instances_shard_7.cpp.o
1101.6	[623/1191] Building CXX object library/src/tensor_operation_instance/gpu/grouped_conv3d_bwd_weight/CMakeFiles/device_grouped_conv3d_bwd_weight_instance.dir/xdl/ndhwgc_gkzyxc_ndhwgk/device_grouped_conv3d_bwd_weight_xdl_ndhwgc_gkzyxc_ndhwgk_f32_instance.cpp.o
1103.8	[624/1191] Building CXX object library/src/tensor_operation_instance/gpu/grouped_conv3d_bwd_weight/CMakeFiles/device_grouped_conv3d_bwd_weight_instance.dir/xdl/ndhwgc_gkzyxc_ndhwgk/device_grouped_conv3d_bwd_weight_xdl_ndhwgc_gkzyxc_ndhwgk_bf16_f32_bf16_instance.cpp.o
1104.0	[625/1191] Building CXX object library/src/tensor_operation_instance/gpu/grouped_conv3d_fwd/CMakeFiles/device_grouped_conv3d_fwd_instance.dir/generated/xdl/comp/device_grouped_conv3d_fwd_xdl_ndhwgc_gkzyxc_ndhwgk_f16_comp_instances_shard_11.cpp.o
1104.4	[626/1191] Building CXX object library/src/tensor_operation_instance/gpu/grouped_conv3d_fwd/CMakeFiles/device_grouped_conv3d_fwd_instance.dir/generated/xdl/comp/device_grouped_conv3d_fwd_xdl_ndhwgc_gkzyxc_ndhwgk_f16_comp_instances_shard_2.cpp.o
1106.6	[627/1191] Building CXX object library/src/tensor_operation_instance/gpu/grouped_conv3d_fwd/CMakeFiles/device_grouped_conv3d_fwd_instance.dir/xdl/device_grouped_conv3d_fwd_xdl_ndhwgc_gkzyxc_ndhwgk_f32_instance.cpp.o
1108.4	[628/1191] Building CXX object library/src/tensor_operation_instance/gpu/grouped_conv2d_fwd/CMakeFiles/device_grouped_conv2d_fwd_instance.dir/xdl/comp/device_grouped_conv2d_fwd_xdl_nhwgc_gkyxc_nhwgk_bf16_comp_part2_instance.cpp.o
1113.9	[629/1191] Building CXX object library/src/tensor_operation_instance/gpu/grouped_conv3d_fwd/CMakeFiles/device_grouped_conv3d_fwd_instance.dir/generated/xdl/mem/device_grouped_conv3d_fwd_xdl_ngcdhw_gkczyx_ngkdhw_f32_mem_intra_instances_shard_3.cpp.o
1118.0	[630/1191] Building CXX object library/src/tensor_operation_instance/gpu/grouped_conv3d_fwd/CMakeFiles/device_grouped_conv3d_fwd_instance.dir/generated/xdl/mem/device_grouped_conv3d_fwd_xdl_ngcdhw_gkczyx_ngkdhw_bf16_mem_inter_instances_shard_4.cpp.o
1125.8	[631/1191] Building CXX object library/src/tensor_operation_instance/gpu/grouped_conv3d_fwd/CMakeFiles/device_grouped_conv3d_fwd_instance.dir/xdl/device_grouped_conv3d_fwd_xdl_gndhwc_gkzyxc_gndhwk_f32_instance.cpp.o
1128.0	[632/1191] Building CXX object library/src/tensor_operation_instance/gpu/grouped_conv3d_fwd/CMakeFiles/device_grouped_conv3d_fwd_instance.dir/generated/xdl/comp/device_grouped_conv3d_fwd_xdl_ndhwgc_gkzyxc_ndhwgk_f16_comp_instances_shard_9.cpp.o
1128.0	[633/1191] Building CXX object library/src/tensor_operation_instance/gpu/grouped_conv2d_bwd_data/CMakeFiles/device_grouped_conv2d_bwd_data_instance.dir/xdl/device_grouped_conv2d_bwd_data_xdl_nhwgc_gkyxc_nhwgk_f16_instance.cpp.o
1135.1	[634/1191] Building CXX object library/src/tensor_operation_instance/gpu/grouped_conv3d_fwd/CMakeFiles/device_grouped_conv3d_fwd_instance.dir/generated/xdl/mem/device_grouped_conv3d_fwd_xdl_ngcdhw_gkczyx_ngkdhw_f16_mem_inter_instances_shard_5.cpp.o
1138.7	[635/1191] Building CXX object library/src/tensor_operation_instance/gpu/grouped_conv3d_bwd_weight/CMakeFiles/device_grouped_conv3d_bwd_weight_instance.dir/xdl/ndhwgc_gkzyxc_ndhwgk/device_grouped_conv3d_bwd_weight_two_stage_xdl_ndhwgc_gkzyxc_ndhwgk_bf16_pipev1_part2_instance.cpp.o
1144.8	[636/1191] Building CXX object library/src/tensor_operation_instance/gpu/grouped_conv3d_fwd/CMakeFiles/device_grouped_conv3d_fwd_instance.dir/generated/xdl/comp/device_grouped_conv3d_fwd_xdl_ndhwgc_gkzyxc_ndhwgk_f16_comp_instances_shard_10.cpp.o
1148.6	[637/1191] Building CXX object library/src/tensor_operation_instance/gpu/grouped_conv3d_fwd/CMakeFiles/device_grouped_conv3d_fwd_instance.dir/generated/xdl/device_grouped_conv3d_fwd_xdl_ngcdhw_gkczyx_ngkdhw_bf16_instances_shard_6.cpp.o
1156.9	[638/1191] Building CXX object library/src/tensor_operation_instance/gpu/grouped_conv3d_fwd_bias_bnorm_clamp/CMakeFiles/device_grouped_conv3d_fwd_bias_bnorm_clamp_instance.dir/generated/xdl/device_grouped_conv3d_fwd_bias_bn_clamp_xdl_ndhwgc_gkzyxc_ndhwgk_f32_instances.cpp.o
1159.5	[639/1191] Building CXX object library/src/tensor_operation_instance/gpu/grouped_conv3d_fwd_bias_bnorm_clamp/CMakeFiles/device_grouped_conv3d_fwd_bias_bnorm_clamp_instance.dir/generated/xdl/device_grouped_conv3d_fwd_bias_bn_clamp_xdl_ndhwgc_gkzyxc_ndhwgk_bf16_instances_shard_11.cpp.o
1159.8	[640/1191] Building CXX object library/src/tensor_operation_instance/gpu/grouped_conv2d_fwd_bias_clamp/CMakeFiles/device_grouped_conv2d_fwd_bias_clamp_instance.dir/xdl/device_grouped_conv2d_fwd_bias_clamp_xdl_nhwgc_gkyxc_nhwgk_bf16_instance.cpp.o
1167.6	[641/1191] Building CXX object library/src/tensor_operation_instance/gpu/grouped_conv3d_fwd/CMakeFiles/device_grouped_conv3d_fwd_instance.dir/generated/xdl/device_grouped_conv3d_fwd_xdl_ngcdhw_gkczyx_ngkdhw_f16_instances_shard_6.cpp.o
1169.7	[642/1191] Building CXX object library/src/tensor_operation_instance/gpu/grouped_conv3d_fwd/CMakeFiles/device_grouped_conv3d_fwd_instance.dir/generated/xdl/device_grouped_conv3d_fwd_xdl_ngcdhw_gkczyx_ngkdhw_bf16_instances_shard_2.cpp.o
1171.0	[643/1191] Building CXX object library/src/tensor_operation_instance/gpu/grouped_conv3d_fwd/CMakeFiles/device_grouped_conv3d_fwd_instance.dir/generated/xdl/comp/device_grouped_conv3d_fwd_xdl_ngcdhw_gkczyx_ngkdhw_bf16_comp_instances_shard_10.cpp.o
1172.3	[644/1191] Building CXX object library/src/tensor_operation_instance/gpu/grouped_conv3d_fwd_bias_bnorm_clamp/CMakeFiles/device_grouped_conv3d_fwd_bias_bnorm_clamp_instance.dir/generated/xdl/device_grouped_conv3d_fwd_bias_bn_clamp_xdl_ndhwgc_gkzyxc_ndhwgk_bf16_instances_shard_13.cpp.o
1172.6	[645/1191] Building CXX object library/src/tensor_operation_instance/gpu/grouped_conv3d_fwd_bias_bnorm_clamp/CMakeFiles/device_grouped_conv3d_fwd_bias_bnorm_clamp_instance.dir/generated/xdl/device_grouped_conv3d_fwd_bias_bn_clamp_xdl_ndhwgc_gkzyxc_ndhwgk_bf16_instances_shard_10.cpp.o
1174.0	[646/1191] Building CXX object library/src/tensor_operation_instance/gpu/grouped_conv3d_bwd_weight/CMakeFiles/device_grouped_conv3d_bwd_weight_instance.dir/xdl/ndhwgc_gkzyxc_ndhwgk/device_grouped_conv3d_bwd_weight_xdl_ndhwgc_gkzyxc_ndhwgk_f16_pad0_pipev2_instance.cpp.o
1176.5	[647/1191] Building CXX object library/src/tensor_operation_instance/gpu/grouped_conv2d_bwd_data/CMakeFiles/device_grouped_conv2d_bwd_data_instance.dir/xdl/device_grouped_conv2d_bwd_data_xdl_ngchw_gkcyx_ngkhw_bf16_vec_transpose_instance.cpp.o
1178.3	[648/1191] Building CXX object library/src/tensor_operation_instance/gpu/grouped_conv3d_fwd_bias_bnorm_clamp/CMakeFiles/device_grouped_conv3d_fwd_bias_bnorm_clamp_instance.dir/generated/xdl/device_grouped_conv3d_fwd_bias_bn_clamp_xdl_ndhwgc_gkzyxc_ndhwgk_bf16_16x16_instances.cpp.o
1178.3	[649/1191] Building CXX object library/src/tensor_operation_instance/gpu/grouped_conv3d_fwd_bias_bnorm_clamp/CMakeFiles/device_grouped_conv3d_fwd_bias_bnorm_clamp_instance.dir/generated/xdl/device_grouped_conv3d_fwd_bias_bn_clamp_xdl_ndhwgc_gkzyxc_ndhwgk_bf16_instances_shard_6.cpp.o
1184.1	[650/1191] Building CXX object library/src/tensor_operation_instance/gpu/grouped_conv2d_bwd_data/CMakeFiles/device_grouped_conv2d_bwd_data_instance.dir/xdl/device_grouped_conv2d_bwd_data_xdl_nhwgc_gkyxc_nhwgk_bf16_instance.cpp.o
1184.6	[651/1191] Building CXX object library/src/tensor_operation_instance/gpu/grouped_conv3d_fwd/CMakeFiles/device_grouped_conv3d_fwd_instance.dir/generated/xdl/mem/device_grouped_conv3d_fwd_xdl_ngcdhw_gkczyx_ngkdhw_bf16_mem_intra_instances_shard_5.cpp.o
1184.9	[652/1191] Building CXX object library/src/tensor_operation_instance/gpu/grouped_conv2d_bwd_data/CMakeFiles/device_grouped_conv2d_bwd_data_instance.dir/xdl/device_grouped_conv2d_bwd_data_xdl_ngchw_gkcyx_ngkhw_f32_vec_transpose_instance.cpp.o
1189.3	[653/1191] Building CXX object library/src/tensor_operation_instance/gpu/grouped_conv3d_fwd/CMakeFiles/device_grouped_conv3d_fwd_instance.dir/generated/xdl/mem/device_grouped_conv3d_fwd_xdl_ngcdhw_gkczyx_ngkdhw_f16_mem_inter_instances_shard_4.cpp.o
1193.9	[654/1191] Building CXX object library/src/tensor_operation_instance/gpu/grouped_conv3d_fwd/CMakeFiles/device_grouped_conv3d_fwd_instance.dir/generated/xdl/comp/device_grouped_conv3d_fwd_xdl_ngcdhw_gkczyx_ngkdhw_bf16_comp_instances_shard_8.cpp.o
1195.5	[655/1191] Building CXX object library/src/tensor_operation_instance/gpu/grouped_conv3d_fwd/CMakeFiles/device_grouped_conv3d_fwd_instance.dir/generated/xdl/mem/device_grouped_conv3d_fwd_xdl_ngcdhw_gkczyx_ngkdhw_bf16_mem_intra_instances_shard_4.cpp.o
1197.1	[656/1191] Building CXX object library/src/tensor_operation_instance/gpu/grouped_conv3d_fwd/CMakeFiles/device_grouped_conv3d_fwd_instance.dir/generated/xdl/comp/device_grouped_conv3d_fwd_xdl_ndhwgc_gkzyxc_ndhwgk_f16_comp_instances_shard_4.cpp.o
1199.0	[657/1191] Building CXX object library/src/tensor_operation_instance/gpu/grouped_conv3d_fwd_bias_bnorm_clamp/CMakeFiles/device_grouped_conv3d_fwd_bias_bnorm_clamp_instance.dir/generated/xdl/device_grouped_conv3d_fwd_bias_bn_clamp_xdl_ndhwgc_gkzyxc_ndhwgk_f16_16x16_instances.cpp.o
1199.3	[658/1191] Building CXX object library/src/tensor_operation_instance/gpu/grouped_conv3d_fwd_bias_bnorm_clamp/CMakeFiles/device_grouped_conv3d_fwd_bias_bnorm_clamp_instance.dir/generated/xdl/device_grouped_conv3d_fwd_bias_bn_clamp_xdl_ndhwgc_gkzyxc_ndhwgk_bf16_instances_shard_1.cpp.o
1200.3	[659/1191] Building CXX object library/src/tensor_operation_instance/gpu/grouped_conv3d_fwd_bias_bnorm_clamp/CMakeFiles/device_grouped_conv3d_fwd_bias_bnorm_clamp_instance.dir/generated/xdl/device_grouped_conv3d_fwd_bias_bn_clamp_xdl_ndhwgc_gkzyxc_ndhwgk_bf16_instances_shard_9.cpp.o
1205.7	[660/1191] Building CXX object library/src/tensor_operation_instance/gpu/grouped_conv2d_bwd_weight/CMakeFiles/device_grouped_conv2d_bwd_weight_instance.dir/xdl/ngchw_gkcyx_ngkhw/device_grouped_conv2d_bwd_weight_two_stage_xdl_ngchw_gkcyx_ngkhw_f16_pipev1_instance.cpp.o
1205.9	[661/1191] Building CXX object library/src/tensor_operation_instance/gpu/grouped_conv3d_fwd_bias_bnorm_clamp/CMakeFiles/device_grouped_conv3d_fwd_bias_bnorm_clamp_instance.dir/generated/xdl/device_grouped_conv3d_fwd_bias_bn_clamp_xdl_ndhwgc_gkzyxc_ndhwgk_bf16_instances_shard_14.cpp.o
1207.2	[662/1191] Building CXX object library/src/tensor_operation_instance/gpu/grouped_conv3d_fwd_bias_bnorm_clamp/CMakeFiles/device_grouped_conv3d_fwd_bias_bnorm_clamp_instance.dir/generated/xdl/large_tensor/device_grouped_conv3d_fwd_bias_bn_clamp_xdl_large_tensor_ndhwgc_gkzyxc_ndhwgk_bf16_instances.cpp.o
1207.3	[663/1191] Building CXX object library/src/tensor_operation_instance/gpu/grouped_conv3d_fwd_bias_bnorm_clamp/CMakeFiles/device_grouped_conv3d_fwd_bias_bnorm_clamp_instance.dir/generated/xdl/device_grouped_conv3d_fwd_bias_bn_clamp_xdl_ndhwgc_gkzyxc_ndhwgk_bf16_instances_shard_15.cpp.o
1207.9	[664/1191] Building CXX object library/src/tensor_operation_instance/gpu/grouped_conv3d_fwd_bias_bnorm_clamp/CMakeFiles/device_grouped_conv3d_fwd_bias_bnorm_clamp_instance.dir/generated/xdl/device_grouped_conv3d_fwd_bias_bn_clamp_xdl_ndhwgc_gkzyxc_ndhwgk_bf16_instances_shard_12.cpp.o
1209.7	[665/1191] Building CXX object library/src/tensor_operation_instance/gpu/grouped_conv3d_fwd_bias_bnorm_clamp/CMakeFiles/device_grouped_conv3d_fwd_bias_bnorm_clamp_instance.dir/generated/xdl/device_grouped_conv3d_fwd_bias_bn_clamp_xdl_ndhwgc_gkzyxc_ndhwgk_bf16_instances_shard_8.cpp.o
1211.2	[666/1191] Building CXX object library/src/tensor_operation_instance/gpu/grouped_conv3d_fwd_bias_bnorm_clamp/CMakeFiles/device_grouped_conv3d_fwd_bias_bnorm_clamp_instance.dir/generated/xdl/large_tensor/device_grouped_conv3d_fwd_bias_bn_clamp_xdl_large_tensor_ndhwgc_gkzyxc_ndhwgk_f16_instances.cpp.o
1214.8	[667/1191] Building CXX object library/src/tensor_operation_instance/gpu/grouped_conv3d_fwd_bias_bnorm_clamp/CMakeFiles/device_grouped_conv3d_fwd_bias_bnorm_clamp_instance.dir/generated/xdl/device_grouped_conv3d_fwd_bias_bn_clamp_xdl_ndhwgc_gkzyxc_ndhwgk_bf16_instances_shard_7.cpp.o
1214.9	[668/1191] Building CXX object library/src/tensor_operation_instance/gpu/grouped_conv3d_fwd_bias_bnorm_clamp/CMakeFiles/device_grouped_conv3d_fwd_bias_bnorm_clamp_instance.dir/generated/xdl/device_grouped_conv3d_fwd_bias_bn_clamp_xdl_ndhwgc_gkzyxc_ndhwgk_f32_16x16_instances.cpp.o
1220.5	[669/1191] Building CXX object library/src/tensor_operation_instance/gpu/grouped_conv3d_fwd_bias_bnorm_clamp/CMakeFiles/device_grouped_conv3d_fwd_bias_bnorm_clamp_instance.dir/generated/xdl/large_tensor/device_grouped_conv3d_fwd_bias_bn_clamp_xdl_large_tensor_ndhwgc_gkzyxc_ndhwgk_f32_instances.cpp.o
1221.5	[670/1191] Building CXX object library/src/tensor_operation_instance/gpu/grouped_conv3d_fwd_bias_bnorm_clamp/CMakeFiles/device_grouped_conv3d_fwd_bias_bnorm_clamp_instance.dir/generated/xdl/device_grouped_conv3d_fwd_bias_bn_clamp_xdl_ndhwgc_gkzyxc_ndhwgk_f16_instances_shard_11.cpp.o
1225.1	[671/1191] Building CXX object library/src/tensor_operation_instance/gpu/grouped_conv3d_fwd/CMakeFiles/device_grouped_conv3d_fwd_instance.dir/xdl/comp/device_grouped_conv3d_fwd_xdl_ndhwgc_gkzyxc_ndhwgk_f32_comp_instance.cpp.o
1225.8	[672/1191] Building CXX object library/src/tensor_operation_instance/gpu/grouped_conv3d_fwd/CMakeFiles/device_grouped_conv3d_fwd_instance.dir/generated/xdl/mem/device_grouped_conv3d_fwd_xdl_ngcdhw_gkczyx_ngkdhw_f16_mem_intra_instances_shard_5.cpp.o
1226.0	[673/1191] Building CXX object library/src/tensor_operation_instance/gpu/grouped_conv3d_bwd_weight/CMakeFiles/device_grouped_conv3d_bwd_weight_instance.dir/xdl/ndhwgc_gkzyxc_ndhwgk/device_grouped_conv3d_bwd_weight_two_stage_xdl_ndhwgc_gkzyxc_ndhwgk_f16_pipev1_instance.cpp.o
1230.0	[674/1191] Building CXX object library/src/tensor_operation_instance/gpu/grouped_conv3d_fwd_bias_bnorm_clamp/CMakeFiles/device_grouped_conv3d_fwd_bias_bnorm_clamp_instance.dir/generated/xdl/device_grouped_conv3d_fwd_bias_bn_clamp_xdl_ndhwgc_gkzyxc_ndhwgk_bf16_instances_shard_2.cpp.o
1230.9	[675/1191] Building CXX object library/src/tensor_operation_instance/gpu/grouped_conv3d_fwd/CMakeFiles/device_grouped_conv3d_fwd_instance.dir/generated/xdl/comp/device_grouped_conv3d_fwd_xdl_ndhwgc_gkzyxc_ndhwgk_bf16_comp_instances_shard_3.cpp.o
1237.1	[676/1191] Building CXX object library/src/tensor_operation_instance/gpu/grouped_conv3d_bwd_weight/CMakeFiles/device_grouped_conv3d_bwd_weight_instance.dir/xdl/ndhwgc_gkzyxc_ndhwgk/device_grouped_conv3d_bwd_weight_xdl_ndhwgc_gkzyxc_ndhwgk_bf16_pad0_pipev2_instance.cpp.o
1238.3	[677/1191] Building CXX object library/src/tensor_operation_instance/gpu/grouped_conv3d_fwd/CMakeFiles/device_grouped_conv3d_fwd_instance.dir/generated/xdl/device_grouped_conv3d_fwd_xdl_ngcdhw_gkczyx_ngkdhw_f16_instances_shard_2.cpp.o
1241.8	[678/1191] Building CXX object library/src/tensor_operation_instance/gpu/grouped_conv3d_fwd_bias_bnorm_clamp/CMakeFiles/device_grouped_conv3d_fwd_bias_bnorm_clamp_instance.dir/generated/xdl/device_grouped_conv3d_fwd_bias_bn_clamp_xdl_ndhwgc_gkzyxc_ndhwgk_f16_instances_shard_1.cpp.o
1250.6	[679/1191] Building CXX object library/src/tensor_operation_instance/gpu/grouped_conv3d_fwd_bias_bnorm_clamp/CMakeFiles/device_grouped_conv3d_fwd_bias_bnorm_clamp_instance.dir/generated/xdl/merged_groups/device_grouped_conv3d_fwd_bias_bn_clamp_xdl_merged_groups_ndhwgc_gkzyxc_ndhwgk_bf16_instances.cpp.o
1250.9	[680/1191] Building CXX object library/src/tensor_operation_instance/gpu/grouped_conv3d_fwd_bias_bnorm_clamp/CMakeFiles/device_grouped_conv3d_fwd_bias_bnorm_clamp_instance.dir/generated/xdl/device_grouped_conv3d_fwd_bias_bn_clamp_xdl_ndhwgc_gkzyxc_ndhwgk_f16_instances_shard_13.cpp.o
1251.2	[681/1191] Building CXX object library/src/tensor_operation_instance/gpu/grouped_conv3d_fwd_bias_bnorm_clamp/CMakeFiles/device_grouped_conv3d_fwd_bias_bnorm_clamp_instance.dir/generated/xdl/device_grouped_conv3d_fwd_bias_bn_clamp_xdl_ndhwgc_gkzyxc_ndhwgk_f16_instances_shard_10.cpp.o
1253.9	[682/1191] Building CXX object library/src/tensor_operation_instance/gpu/grouped_conv3d_fwd_bias_bnorm_clamp/CMakeFiles/device_grouped_conv3d_fwd_bias_bnorm_clamp_instance.dir/generated/xdl/merged_groups/device_grouped_conv3d_fwd_bias_bn_clamp_xdl_merged_groups_ndhwgc_gkzyxc_ndhwgk_f16_instances.cpp.o
1254.3	[683/1191] Building CXX object library/src/tensor_operation_instance/gpu/grouped_conv3d_fwd_bias_bnorm_clamp/CMakeFiles/device_grouped_conv3d_fwd_bias_bnorm_clamp_instance.dir/generated/xdl/device_grouped_conv3d_fwd_bias_bn_clamp_xdl_ndhwgc_gkzyxc_ndhwgk_bf16_instances_shard_4.cpp.o
1255.7	[684/1191] Building CXX object library/src/tensor_operation_instance/gpu/grouped_conv3d_fwd_bias_bnorm_clamp/CMakeFiles/device_grouped_conv3d_fwd_bias_bnorm_clamp_instance.dir/generated/xdl/device_grouped_conv3d_fwd_bias_bn_clamp_xdl_ndhwgc_gkzyxc_ndhwgk_f16_instances_shard_8.cpp.o
1257.4	[685/1191] Building CXX object library/src/tensor_operation_instance/gpu/grouped_conv3d_fwd_bias_bnorm_clamp/CMakeFiles/device_grouped_conv3d_fwd_bias_bnorm_clamp_instance.dir/generated/xdl/device_grouped_conv3d_fwd_bias_bn_clamp_xdl_ndhwgc_gkzyxc_ndhwgk_f16_instances_shard_7.cpp.o
1258.3	[686/1191] Building CXX object library/src/tensor_operation_instance/gpu/grouped_conv3d_fwd_bias_bnorm_clamp/CMakeFiles/device_grouped_conv3d_fwd_bias_bnorm_clamp_instance.dir/generated/xdl/device_grouped_conv3d_fwd_bias_bn_clamp_xdl_ndhwgc_gkzyxc_ndhwgk_f16_instances_shard_6.cpp.o
1259.7	[687/1191] Building CXX object library/src/tensor_operation_instance/gpu/grouped_conv3d_fwd_bias_bnorm_clamp/CMakeFiles/device_grouped_conv3d_fwd_bias_bnorm_clamp_instance.dir/generated/xdl/merged_groups/device_grouped_conv3d_fwd_bias_bn_clamp_xdl_merged_groups_ndhwgc_gkzyxc_ndhwgk_f32_instances.cpp.o
1264.9	[688/1191] Building CXX object library/src/tensor_operation_instance/gpu/grouped_conv3d_fwd_bias_bnorm_clamp/CMakeFiles/device_grouped_conv3d_fwd_bias_bnorm_clamp_instance.dir/generated/xdl/device_grouped_conv3d_fwd_bias_bn_clamp_xdl_ndhwgc_gkzyxc_ndhwgk_f16_instances_shard_9.cpp.o
1267.4	[689/1191] Building CXX object library/src/tensor_operation_instance/gpu/grouped_conv3d_fwd_bias_bnorm_clamp/CMakeFiles/device_grouped_conv3d_fwd_bias_bnorm_clamp_instance.dir/generated/xdl/device_grouped_conv3d_fwd_bias_bn_clamp_xdl_ndhwgc_gkzyxc_ndhwgk_f16_instances_shard_3.cpp.o
1270.6	[690/1191] Building CXX object library/src/tensor_operation_instance/gpu/grouped_conv3d_fwd_bias_bnorm_clamp/CMakeFiles/device_grouped_conv3d_fwd_bias_bnorm_clamp_instance.dir/generated/xdl/device_grouped_conv3d_fwd_bias_bn_clamp_xdl_ndhwgc_gkzyxc_ndhwgk_f16_instances_shard_15.cpp.o
1271.6	[691/1191] Building CXX object library/src/tensor_operation_instance/gpu/grouped_conv3d_fwd_bias_bnorm_clamp/CMakeFiles/device_grouped_conv3d_fwd_bias_bnorm_clamp_instance.dir/generated/xdl/device_grouped_conv3d_fwd_bias_bn_clamp_xdl_ndhwgc_gkzyxc_ndhwgk_bf16_instances_shard_5.cpp.o
1272.4	[692/1191] Building CXX object library/src/tensor_operation_instance/gpu/grouped_conv3d_fwd_bias_bnorm_clamp/CMakeFiles/device_grouped_conv3d_fwd_bias_bnorm_clamp_instance.dir/generated/xdl/device_grouped_conv3d_fwd_bias_bn_clamp_xdl_ndhwgc_gkzyxc_ndhwgk_f16_instances_shard_12.cpp.o
1273.3	[693/1191] Building CXX object library/src/tensor_operation_instance/gpu/grouped_conv3d_fwd_bias_bnorm_clamp/CMakeFiles/device_grouped_conv3d_fwd_bias_bnorm_clamp_instance.dir/generated/xdl/device_grouped_conv3d_fwd_bias_bn_clamp_xdl_ndhwgc_gkzyxc_ndhwgk_bf16_instances_shard_3.cpp.o
1275.6	[694/1191] Building CXX object library/src/tensor_operation_instance/gpu/grouped_conv3d_fwd_bias_bnorm_clamp/CMakeFiles/device_grouped_conv3d_fwd_bias_bnorm_clamp_instance.dir/generated/xdl/device_grouped_conv3d_fwd_bias_bn_clamp_xdl_ndhwgc_gkzyxc_ndhwgk_f16_instances_shard_2.cpp.o
1276.9	[695/1191] Building CXX object library/src/tensor_operation_instance/gpu/grouped_conv3d_fwd_bias_bnorm_clamp/CMakeFiles/device_grouped_conv3d_fwd_bias_bnorm_clamp_instance.dir/generated/xdl/device_grouped_conv3d_fwd_bias_bn_clamp_xdl_ndhwgc_gkzyxc_ndhwgk_f16_instances_shard_14.cpp.o
1288.1	[696/1191] Building CXX object library/src/tensor_operation_instance/gpu/grouped_conv3d_fwd_bias_bnorm_clamp/CMakeFiles/device_grouped_conv3d_fwd_bias_bnorm_clamp_instance.dir/generated/xdl/device_grouped_conv3d_fwd_bias_bn_clamp_xdl_ndhwgc_gkzyxc_ndhwgk_f16_instances_shard_4.cpp.o
1288.2	[697/1191] Building CXX object library/src/tensor_operation_instance/gpu/grouped_conv3d_fwd/CMakeFiles/device_grouped_conv3d_fwd_instance.dir/xdl/device_grouped_conv3d_fwd_xdl_gndhwc_gkzyxc_gndhwk_f16_instance.cpp.o
1290.1	[698/1191] Building CXX object library/src/tensor_operation_instance/gpu/grouped_conv3d_fwd/CMakeFiles/device_grouped_conv3d_fwd_instance.dir/xdl/device_grouped_conv3d_fwd_xdl_ndhwgc_gkzyxc_ndhwgk_int8_instance.cpp.o
1294.7	[699/1191] Building CXX object library/src/tensor_operation_instance/gpu/grouped_conv3d_fwd_bias_bnorm_clamp/CMakeFiles/device_grouped_conv3d_fwd_bias_bnorm_clamp_instance.dir/generated/xdl/device_grouped_conv3d_fwd_bias_bn_clamp_xdl_ndhwgc_gkzyxc_ndhwgk_f16_instances_shard_5.cpp.o
1302.4	[700/1191] Building CXX object library/src/tensor_operation_instance/gpu/grouped_conv3d_fwd/CMakeFiles/device_grouped_conv3d_fwd_instance.dir/generated/xdl/mem/device_grouped_conv3d_fwd_xdl_ngcdhw_gkczyx_ngkdhw_f16_mem_intra_instances_shard_4.cpp.o
1304.2	[701/1191] Building CXX object library/src/tensor_operation_instance/gpu/grouped_conv2d_fwd/CMakeFiles/device_grouped_conv2d_fwd_instance.dir/xdl/device_grouped_conv2d_fwd_xdl_ngchw_gkcyx_ngkhw_f32_instance.cpp.o
1304.7	[702/1191] Building CXX object library/src/tensor_operation_instance/gpu/grouped_conv3d_fwd_bias_bnorm_clamp/CMakeFiles/device_grouped_conv3d_fwd_bias_bnorm_clamp_instance.dir/generated/xdl/device_grouped_conv3d_fwd_bias_bn_clamp_xdl_ndhwgc_gkzyxc_ndhwgk_f32_instances_shard_11.cpp.o
1305.9	[703/1191] Building CXX object library/src/tensor_operation_instance/gpu/grouped_conv3d_fwd_bias_bnorm_clamp/CMakeFiles/device_grouped_conv3d_fwd_bias_bnorm_clamp_instance.dir/generated/xdl/device_grouped_conv3d_fwd_bias_bn_clamp_xdl_ndhwgc_gkzyxc_ndhwgk_bf16_16x16_instances_shard_2.cpp.o
1308.5	[704/1191] Building CXX object library/src/tensor_operation_instance/gpu/grouped_conv3d_bwd_weight/CMakeFiles/device_grouped_conv3d_bwd_weight_instance.dir/xdl/ndhwgc_gkzyxc_ndhwgk/device_grouped_conv3d_bwd_weight_two_stage_xdl_ndhwgc_gkzyxc_ndhwgk_bf16_pipev1_instance.cpp.o
1309.6	[705/1191] Building CXX object library/src/tensor_operation_instance/gpu/grouped_conv3d_fwd_bias_bnorm_clamp/CMakeFiles/device_grouped_conv3d_fwd_bias_bnorm_clamp_instance.dir/generated/xdl/mem/device_grouped_conv3d_fwd_bias_bn_clamp_xdl_ndhwgc_gkzyxc_ndhwgk_bf16_mem_intra_instances.cpp.o
1310.5	[706/1191] Building CXX object library/src/tensor_operation_instance/gpu/grouped_conv3d_fwd_bias_bnorm_clamp/CMakeFiles/device_grouped_conv3d_fwd_bias_bnorm_clamp_instance.dir/generated/xdl/device_grouped_conv3d_fwd_bias_bn_clamp_xdl_ndhwgc_gkzyxc_ndhwgk_f32_instances_shard_6.cpp.o
1311.1	[707/1191] Building CXX object library/src/tensor_operation_instance/gpu/grouped_conv3d_fwd_bias_bnorm_clamp/CMakeFiles/device_grouped_conv3d_fwd_bias_bnorm_clamp_instance.dir/generated/xdl/device_grouped_conv3d_fwd_bias_bn_clamp_xdl_ndhwgc_gkzyxc_ndhwgk_bf16_16x16_instances_shard_3.cpp.o
1311.7	[708/1191] Building CXX object library/src/tensor_operation_instance/gpu/grouped_conv3d_fwd_bias_bnorm_clamp/CMakeFiles/device_grouped_conv3d_fwd_bias_bnorm_clamp_instance.dir/generated/xdl/device_grouped_conv3d_fwd_bias_bn_clamp_xdl_ndhwgc_gkzyxc_ndhwgk_f32_instances_shard_1.cpp.o
1312.7	[709/1191] Building CXX object library/src/tensor_operation_instance/gpu/grouped_conv3d_fwd/CMakeFiles/device_grouped_conv3d_fwd_instance.dir/xdl/device_grouped_conv3d_fwd_xdl_ndhwgc_gkzyxc_ndhwgk_f16_instance.cpp.o
1315.5	[710/1191] Building CXX object library/src/tensor_operation_instance/gpu/grouped_conv3d_fwd_bias_bnorm_clamp/CMakeFiles/device_grouped_conv3d_fwd_bias_bnorm_clamp_instance.dir/generated/xdl/device_grouped_conv3d_fwd_bias_bn_clamp_xdl_ndhwgc_gkzyxc_ndhwgk_f32_instances_shard_8.cpp.o
1316.7	[711/1191] Building CXX object library/src/tensor_operation_instance/gpu/grouped_conv3d_fwd_bias_bnorm_clamp/CMakeFiles/device_grouped_conv3d_fwd_bias_bnorm_clamp_instance.dir/generated/xdl/device_grouped_conv3d_fwd_bias_bn_clamp_xdl_ndhwgc_gkzyxc_ndhwgk_f32_instances_shard_13.cpp.o
1318.3	[712/1191] Building CXX object library/src/tensor_operation_instance/gpu/grouped_conv3d_fwd/CMakeFiles/device_grouped_conv3d_fwd_instance.dir/xdl/device_grouped_conv3d_fwd_xdl_gndhwc_gkzyxc_gndhwk_bf16_instance.cpp.o
1321.8	[713/1191] Building CXX object library/src/tensor_operation_instance/gpu/grouped_conv3d_fwd_bias_bnorm_clamp/CMakeFiles/device_grouped_conv3d_fwd_bias_bnorm_clamp_instance.dir/generated/xdl/device_grouped_conv3d_fwd_bias_bn_clamp_xdl_ndhwgc_gkzyxc_ndhwgk_f32_instances_shard_10.cpp.o
1324.3	[714/1191] Building CXX object library/src/tensor_operation_instance/gpu/grouped_conv3d_fwd_bias_bnorm_clamp/CMakeFiles/device_grouped_conv3d_fwd_bias_bnorm_clamp_instance.dir/generated/xdl/device_grouped_conv3d_fwd_bias_bn_clamp_xdl_ndhwgc_gkzyxc_ndhwgk_f32_instances_shard_2.cpp.o
1324.8	[715/1191] Building CXX object library/src/tensor_operation_instance/gpu/grouped_conv3d_fwd/CMakeFiles/device_grouped_conv3d_fwd_instance.dir/generated/xdl/device_grouped_conv3d_fwd_xdl_ngcdhw_gkczyx_ngkdhw_f16_instances_shard_1.cpp.o
1329.7	[716/1191] Building CXX object library/src/tensor_operation_instance/gpu/grouped_conv3d_fwd_bias_bnorm_clamp/CMakeFiles/device_grouped_conv3d_fwd_bias_bnorm_clamp_instance.dir/generated/xdl/device_grouped_conv3d_fwd_bias_bn_clamp_xdl_ndhwgc_gkzyxc_ndhwgk_f16_16x16_instances_shard_2.cpp.o
1331.0	[717/1191] Building CXX object library/src/tensor_operation_instance/gpu/grouped_conv3d_fwd_bias_bnorm_clamp/CMakeFiles/device_grouped_conv3d_fwd_bias_bnorm_clamp_instance.dir/generated/xdl/device_grouped_conv3d_fwd_bias_bn_clamp_xdl_ndhwgc_gkzyxc_ndhwgk_f32_instances_shard_12.cpp.o
1331.4	[718/1191] Building CXX object library/src/tensor_operation_instance/gpu/grouped_conv3d_fwd_bias_bnorm_clamp/CMakeFiles/device_grouped_conv3d_fwd_bias_bnorm_clamp_instance.dir/generated/xdl/device_grouped_conv3d_fwd_bias_bn_clamp_xdl_ndhwgc_gkzyxc_ndhwgk_f32_instances_shard_9.cpp.o
1332.8	[719/1191] Building CXX object library/src/tensor_operation_instance/gpu/grouped_conv3d_fwd_bias_bnorm_clamp/CMakeFiles/device_grouped_conv3d_fwd_bias_bnorm_clamp_instance.dir/generated/xdl/device_grouped_conv3d_fwd_bias_bn_clamp_xdl_ndhwgc_gkzyxc_ndhwgk_bf16_16x16_instances_shard_1.cpp.o
1334.6	[720/1191] Building CXX object library/src/tensor_operation_instance/gpu/grouped_conv3d_fwd_bias_bnorm_clamp/CMakeFiles/device_grouped_conv3d_fwd_bias_bnorm_clamp_instance.dir/generated/xdl/device_grouped_conv3d_fwd_bias_bn_clamp_xdl_ndhwgc_gkzyxc_ndhwgk_f32_instances_shard_15.cpp.o
1335.4	[721/1191] Building CXX object library/src/tensor_operation_instance/gpu/grouped_conv3d_fwd_bias_bnorm_clamp/CMakeFiles/device_grouped_conv3d_fwd_bias_bnorm_clamp_instance.dir/generated/xdl/device_grouped_conv3d_fwd_bias_bn_clamp_xdl_ndhwgc_gkzyxc_ndhwgk_f16_16x16_instances_shard_3.cpp.o
1336.1	[722/1191] Building CXX object library/src/tensor_operation_instance/gpu/grouped_conv3d_fwd/CMakeFiles/device_grouped_conv3d_fwd_instance.dir/generated/xdl/comp/device_grouped_conv3d_fwd_xdl_ndhwgc_gkzyxc_ndhwgk_f16_comp_instances_shard_8.cpp.o
1336.8	[723/1191] Building CXX object library/src/tensor_operation_instance/gpu/grouped_conv3d_fwd_bias_bnorm_clamp/CMakeFiles/device_grouped_conv3d_fwd_bias_bnorm_clamp_instance.dir/generated/xdl/device_grouped_conv3d_fwd_bias_bn_clamp_xdl_ndhwgc_gkzyxc_ndhwgk_f32_instances_shard_7.cpp.o
1346.7	[724/1191] Building CXX object library/src/tensor_operation_instance/gpu/grouped_conv3d_fwd/CMakeFiles/device_grouped_conv3d_fwd_instance.dir/xdl/device_grouped_conv3d_fwd_xdl_ndhwgc_gkzyxc_ndhwgk_bf16_instance.cpp.o
1347.9	[725/1191] Building CXX object library/src/tensor_operation_instance/gpu/grouped_conv3d_fwd_bias_bnorm_clamp/CMakeFiles/device_grouped_conv3d_fwd_bias_bnorm_clamp_instance.dir/generated/xdl/device_grouped_conv3d_fwd_bias_bn_clamp_xdl_ndhwgc_gkzyxc_ndhwgk_f32_instances_shard_3.cpp.o
1348.8	[726/1191] Building CXX object library/src/tensor_operation_instance/gpu/grouped_conv3d_fwd/CMakeFiles/device_grouped_conv3d_fwd_instance.dir/xdl/device_grouped_conv3d_fwd_xdl_gndhwc_gkzyxc_gndhwk_int8_instance.cpp.o
1350.1	[727/1191] Building CXX object library/src/tensor_operation_instance/gpu/grouped_conv3d_fwd/CMakeFiles/device_grouped_conv3d_fwd_instance.dir/generated/xdl/device_grouped_conv3d_fwd_xdl_ngcdhw_gkczyx_ngkdhw_bf16_instances_shard_1.cpp.o
1351.9	[728/1191] Building CXX object library/src/tensor_operation_instance/gpu/grouped_conv3d_fwd_bias_bnorm_clamp/CMakeFiles/device_grouped_conv3d_fwd_bias_bnorm_clamp_instance.dir/generated/xdl/device_grouped_conv3d_fwd_bias_bn_clamp_xdl_ndhwgc_gkzyxc_ndhwgk_f16_16x16_instances_shard_1.cpp.o
1357.8	[729/1191] Building CXX object library/src/tensor_operation_instance/gpu/grouped_conv3d_fwd_bias_bnorm_clamp/CMakeFiles/device_grouped_conv3d_fwd_bias_bnorm_clamp_instance.dir/generated/xdl/device_grouped_conv3d_fwd_bias_bn_clamp_xdl_ndhwgc_gkzyxc_ndhwgk_bf16_16x16_instances_shard_0.cpp.o
1364.1	[730/1191] Building CXX object library/src/tensor_operation_instance/gpu/grouped_conv3d_fwd_bias_bnorm_clamp/CMakeFiles/device_grouped_conv3d_fwd_bias_bnorm_clamp_instance.dir/generated/xdl/device_grouped_conv3d_fwd_bias_bn_clamp_xdl_ndhwgc_gkzyxc_ndhwgk_f32_instances_shard_14.cpp.o
1364.2	[731/1191] Building CXX object library/src/tensor_operation_instance/gpu/grouped_conv3d_fwd_bias_bnorm_clamp/CMakeFiles/device_grouped_conv3d_fwd_bias_bnorm_clamp_instance.dir/generated/xdl/device_grouped_conv3d_fwd_bias_bn_clamp_xdl_ndhwgc_gkzyxc_ndhwgk_f32_instances_shard_5.cpp.o
1367.6	[732/1191] Building CXX object library/src/tensor_operation_instance/gpu/grouped_conv2d_bwd_data/CMakeFiles/device_grouped_conv2d_bwd_data_instance.dir/xdl/device_grouped_conv2d_bwd_data_xdl_nhwgc_gkyxc_nhwgk_f32_instance.cpp.o
1367.6	[733/1191] Building CXX object library/src/tensor_operation_instance/gpu/grouped_conv3d_fwd_bias_bnorm_clamp/CMakeFiles/device_grouped_conv3d_fwd_bias_bnorm_clamp_instance.dir/generated/xdl/device_grouped_conv3d_fwd_bias_bn_clamp_xdl_ndhwgc_gkzyxc_ndhwgk_f32_16x16_instances_shard_2.cpp.o
1376.0	[734/1191] Building CXX object library/src/tensor_operation_instance/gpu/grouped_conv3d_fwd_bias_bnorm_clamp/CMakeFiles/device_grouped_conv3d_fwd_bias_bnorm_clamp_instance.dir/generated/xdl/mem/device_grouped_conv3d_fwd_bias_bn_clamp_xdl_ndhwgc_gkzyxc_ndhwgk_f16_mem_intra_instances.cpp.o
1378.3	[735/1191] Building CXX object library/src/tensor_operation_instance/gpu/grouped_conv3d_fwd_bias_bnorm_clamp/CMakeFiles/device_grouped_conv3d_fwd_bias_bnorm_clamp_instance.dir/generated/xdl/device_grouped_conv3d_fwd_bias_bn_clamp_xdl_ndhwgc_gkzyxc_ndhwgk_f32_instances_shard_4.cpp.o
1381.7	[736/1191] Building CXX object library/src/tensor_operation_instance/gpu/grouped_conv3d_fwd_bias_bnorm_clamp/CMakeFiles/device_grouped_conv3d_fwd_bias_bnorm_clamp_instance.dir/generated/xdl/device_grouped_conv3d_fwd_bias_bn_clamp_xdl_ndhwgc_gkzyxc_ndhwgk_bf16_instances_shard_0.cpp.o
1383.7	[737/1191] Building CXX object library/src/tensor_operation_instance/gpu/grouped_conv3d_fwd_bias_bnorm_clamp/CMakeFiles/device_grouped_conv3d_fwd_bias_bnorm_clamp_instance.dir/generated/xdl/device_grouped_conv3d_fwd_bias_bn_clamp_xdl_ndhwgc_gkzyxc_ndhwgk_f32_16x16_instances_shard_1.cpp.o
1384.2	[738/1191] Building CXX object library/src/tensor_operation_instance/gpu/grouped_conv3d_fwd_bias_bnorm_clamp/CMakeFiles/device_grouped_conv3d_fwd_bias_bnorm_clamp_instance.dir/generated/xdl/device_grouped_conv3d_fwd_bias_bn_clamp_xdl_ndhwgc_gkzyxc_ndhwgk_f16_16x16_instances_shard_0.cpp.o
1386.1	[739/1191] Building CXX object library/src/tensor_operation_instance/gpu/grouped_conv3d_fwd_bias_bnorm_clamp/CMakeFiles/device_grouped_conv3d_fwd_bias_bnorm_clamp_instance.dir/generated/xdl/device_grouped_conv3d_fwd_bias_bn_clamp_xdl_ndhwgc_gkzyxc_ndhwgk_f32_16x16_instances_shard_0.cpp.o
1389.4	[740/1191] Building CXX object library/src/tensor_operation_instance/gpu/grouped_conv3d_fwd_bias_bnorm_clamp/CMakeFiles/device_grouped_conv3d_fwd_bias_bnorm_clamp_instance.dir/generated/xdl/mem/device_grouped_conv3d_fwd_bias_bn_clamp_xdl_ndhwgc_gkzyxc_ndhwgk_f32_mem_intra_instances.cpp.o
1391.0	[741/1191] Building CXX object library/src/tensor_operation_instance/gpu/grouped_conv3d_fwd_bias_bnorm_clamp/CMakeFiles/device_grouped_conv3d_fwd_bias_bnorm_clamp_instance.dir/generated/xdl/device_grouped_conv3d_fwd_bias_bn_clamp_xdl_ndhwgc_gkzyxc_ndhwgk_f32_instances_shard_0.cpp.o
1394.4	[742/1191] Building CXX object library/src/tensor_operation_instance/gpu/grouped_conv3d_fwd_bias_bnorm_clamp/CMakeFiles/device_grouped_conv3d_fwd_bias_bnorm_clamp_instance.dir/generated/xdl/large_tensor/device_grouped_conv3d_fwd_bias_bn_clamp_xdl_large_tensor_ndhwgc_gkzyxc_ndhwgk_bf16_instances_shard_2.cpp.o
1395.5	[743/1191] Building CXX object library/src/tensor_operation_instance/gpu/grouped_conv2d_fwd/CMakeFiles/device_grouped_conv2d_fwd_instance.dir/xdl/mem/device_grouped_conv2d_fwd_xdl_nhwgc_gkyxc_nhwgk_f32_mem_intra_instance.cpp.o
1395.9	[744/1191] Building CXX object library/src/tensor_operation_instance/gpu/grouped_conv3d_bwd_weight_scale/CMakeFiles/device_grouped_conv3d_bwd_weight_scale_instance.dir/xdl/device_grouped_conv3d_bwd_weight_xdl_scale_ndhwgc_gkzyxc_ndhwgk_f32_instance.cpp.o
1397.4	[745/1191] Building CXX object library/src/tensor_operation_instance/gpu/grouped_conv3d_fwd_bias_bnorm_clamp/CMakeFiles/device_grouped_conv3d_fwd_bias_bnorm_clamp_instance.dir/generated/xdl/large_tensor/device_grouped_conv3d_fwd_bias_bn_clamp_xdl_large_tensor_ndhwgc_gkzyxc_ndhwgk_f16_instances_shard_2.cpp.o
1397.4	[746/1191] Building CXX object library/src/tensor_operation_instance/gpu/grouped_conv2d_bwd_weight/CMakeFiles/device_grouped_conv2d_bwd_weight_instance.dir/xdl/nhwgc_gkyxc_nhwgk/device_grouped_conv2d_bwd_weight_two_stage_xdl_nhwgc_gkyxc_nhwgk_bf16_pipev2_irregular_instance.cpp.o
1403.4	[747/1191] Building CXX object library/src/tensor_operation_instance/gpu/grouped_conv2d_bwd_weight/CMakeFiles/device_grouped_conv2d_bwd_weight_instance.dir/xdl/nhwgc_gkyxc_nhwgk/device_grouped_conv2d_bwd_weight_two_stage_xdl_nhwgc_gkyxc_nhwgk_f16_pipev2_irregular_instance.cpp.o
1404.8	[748/1191] Building CXX object library/src/tensor_operation_instance/gpu/grouped_conv3d_bwd_weight/CMakeFiles/device_grouped_conv3d_bwd_weight_instance.dir/xdl/ngcdhw_gkczyx_ngkdhw/device_grouped_conv3d_bwd_weight_two_stage_xdl_ngcdhw_gkczyx_ngkdhw_f16_pipev1_part2_instance.cpp.o
1408.3	[749/1191] Building CXX object library/src/tensor_operation_instance/gpu/grouped_conv3d_fwd_bias_bnorm_clamp/CMakeFiles/device_grouped_conv3d_fwd_bias_bnorm_clamp_instance.dir/generated/xdl/device_grouped_conv3d_fwd_bias_bn_clamp_xdl_ndhwgc_gkzyxc_ndhwgk_f16_instances_shard_0.cpp.o
1412.4	[750/1191] Building CXX object library/src/tensor_operation_instance/gpu/grouped_conv3d_fwd_bias_bnorm_clamp/CMakeFiles/device_grouped_conv3d_fwd_bias_bnorm_clamp_instance.dir/generated/xdl/mem/device_grouped_conv3d_fwd_bias_bn_clamp_xdl_ndhwgc_gkzyxc_ndhwgk_bf16_mem_intra_instances_shard_2.cpp.o
1415.6	[751/1191] Building CXX object library/src/tensor_operation_instance/gpu/grouped_conv3d_bwd_weight_scale/CMakeFiles/device_grouped_conv3d_bwd_weight_scale_instance.dir/xdl/device_grouped_conv3d_bwd_weight_xdl_scale_ndhwgc_gkzyxc_ndhwgk_f16_instance.cpp.o
1419.4	[752/1191] Building CXX object library/src/tensor_operation_instance/gpu/grouped_conv3d_fwd_bias_bnorm_clamp/CMakeFiles/device_grouped_conv3d_fwd_bias_bnorm_clamp_instance.dir/generated/xdl/large_tensor/device_grouped_conv3d_fwd_bias_bn_clamp_xdl_large_tensor_ndhwgc_gkzyxc_ndhwgk_f32_instances_shard_0.cpp.o
1424.8	[753/1191] Building CXX object library/src/tensor_operation_instance/gpu/grouped_conv3d_fwd_bias_bnorm_clamp/CMakeFiles/device_grouped_conv3d_fwd_bias_bnorm_clamp_instance.dir/generated/xdl/large_tensor/device_grouped_conv3d_fwd_bias_bn_clamp_xdl_large_tensor_ndhwgc_gkzyxc_ndhwgk_f32_instances_shard_1.cpp.o
1430.0	[754/1191] Building CXX object library/src/tensor_operation_instance/gpu/grouped_conv3d_fwd/CMakeFiles/device_grouped_conv3d_fwd_instance.dir/generated/xdl/comp/device_grouped_conv3d_fwd_xdl_ndhwgc_gkzyxc_ndhwgk_f16_comp_instances_shard_5.cpp.o
1435.8	[755/1191] Building CXX object library/src/tensor_operation_instance/gpu/grouped_conv3d_fwd_bias_bnorm_clamp/CMakeFiles/device_grouped_conv3d_fwd_bias_bnorm_clamp_instance.dir/generated/xdl/large_tensor/device_grouped_conv3d_fwd_bias_bn_clamp_xdl_large_tensor_ndhwgc_gkzyxc_ndhwgk_f16_instances_shard_1.cpp.o
1441.2	[756/1191] Building CXX object library/src/tensor_operation_instance/gpu/grouped_conv3d_fwd_bias_bnorm_clamp/CMakeFiles/device_grouped_conv3d_fwd_bias_bnorm_clamp_instance.dir/generated/xdl/mem/device_grouped_conv3d_fwd_bias_bn_clamp_xdl_ndhwgc_gkzyxc_ndhwgk_bf16_mem_intra_instances_shard_3.cpp.o
1443.6	[757/1191] Building CXX object library/src/tensor_operation_instance/gpu/grouped_conv3d_fwd_bias_bnorm_clamp/CMakeFiles/device_grouped_conv3d_fwd_bias_bnorm_clamp_instance.dir/generated/xdl/mem/device_grouped_conv3d_fwd_bias_bn_clamp_xdl_ndhwgc_gkzyxc_ndhwgk_bf16_mem_inter_instances.cpp.o
1444.2	[758/1191] Building CXX object library/src/tensor_operation_instance/gpu/grouped_conv2d_bwd_weight/CMakeFiles/device_grouped_conv2d_bwd_weight_instance.dir/xdl/ngchw_gkcyx_ngkhw/device_grouped_conv2d_bwd_weight_two_stage_xdl_ngchw_gkcyx_ngkhw_bf16_pipev1_instance.cpp.o
1448.6	[759/1191] Building CXX object library/src/tensor_operation_instance/gpu/grouped_conv3d_fwd_bias_bnorm_clamp/CMakeFiles/device_grouped_conv3d_fwd_bias_bnorm_clamp_instance.dir/generated/xdl/large_tensor/device_grouped_conv3d_fwd_bias_bn_clamp_xdl_large_tensor_ndhwgc_gkzyxc_ndhwgk_bf16_instances_shard_1.cpp.o
1450.3	[760/1191] Building CXX object library/src/tensor_operation_instance/gpu/grouped_conv3d_fwd_bias_bnorm_clamp/CMakeFiles/device_grouped_conv3d_fwd_bias_bnorm_clamp_instance.dir/generated/xdl/mem/device_grouped_conv3d_fwd_bias_bn_clamp_xdl_ndhwgc_gkzyxc_ndhwgk_bf16_mem_intra_instances_shard_0.cpp.o
1450.5	[761/1191] Building CXX object library/src/tensor_operation_instance/gpu/grouped_conv3d_fwd_bias_bnorm_clamp/CMakeFiles/device_grouped_conv3d_fwd_bias_bnorm_clamp_instance.dir/generated/xdl/mem/device_grouped_conv3d_fwd_bias_bn_clamp_xdl_ndhwgc_gkzyxc_ndhwgk_bf16_mem_intra_instances_shard_1.cpp.o
1451.0	[762/1191] Building CXX object library/src/tensor_operation_instance/gpu/grouped_conv3d_bwd_weight/CMakeFiles/device_grouped_conv3d_bwd_weight_instance.dir/xdl/ngcdhw_gkczyx_ngkdhw/device_grouped_conv3d_bwd_weight_two_stage_xdl_ngcdhw_gkczyx_ngkdhw_bf16_pipev1_part2_instance.cpp.o
1453.2	[763/1191] Building CXX object library/src/tensor_operation_instance/gpu/grouped_conv3d_fwd/CMakeFiles/device_grouped_conv3d_fwd_instance.dir/generated/xdl/comp/device_grouped_conv3d_fwd_xdl_ndhwgc_gkzyxc_ndhwgk_f16_comp_instances_shard_6.cpp.o
1463.4	[764/1191] Building CXX object library/src/tensor_operation_instance/gpu/grouped_conv3d_fwd_bias_bnorm_clamp/CMakeFiles/device_grouped_conv3d_fwd_bias_bnorm_clamp_instance.dir/generated/xdl/large_tensor/device_grouped_conv3d_fwd_bias_bn_clamp_xdl_large_tensor_ndhwgc_gkzyxc_ndhwgk_f16_instances_shard_0.cpp.o
1463.6	[765/1191] Building CXX object library/src/tensor_operation_instance/gpu/grouped_conv3d_fwd_bias_bnorm_clamp/CMakeFiles/device_grouped_conv3d_fwd_bias_bnorm_clamp_instance.dir/generated/xdl/large_tensor/device_grouped_conv3d_fwd_bias_bn_clamp_xdl_large_tensor_ndhwgc_gkzyxc_ndhwgk_bf16_instances_shard_0.cpp.o
1471.7	[766/1191] Building CXX object library/src/tensor_operation_instance/gpu/grouped_conv3d_fwd_bias_bnorm_clamp/CMakeFiles/device_grouped_conv3d_fwd_bias_bnorm_clamp_instance.dir/generated/xdl/mem/device_grouped_conv3d_fwd_bias_bn_clamp_xdl_ndhwgc_gkzyxc_ndhwgk_f16_mem_intra_instances_shard_3.cpp.o
1471.8	[767/1191] Building CXX object library/src/tensor_operation_instance/gpu/grouped_conv3d_fwd_bias_bnorm_clamp/CMakeFiles/device_grouped_conv3d_fwd_bias_bnorm_clamp_instance.dir/generated/xdl/merged_groups/device_grouped_conv3d_fwd_bias_bn_clamp_xdl_merged_groups_ndhwgc_gkzyxc_ndhwgk_f32_instances_shard_2.cpp.o
1477.8	[768/1191] Building CXX object library/src/tensor_operation_instance/gpu/grouped_conv3d_fwd/CMakeFiles/device_grouped_conv3d_fwd_instance.dir/generated/xdl/mem/device_grouped_conv3d_fwd_xdl_ngcdhw_gkczyx_ngkdhw_bf16_mem_inter_instances_shard_9.cpp.o
1481.0	[769/1191] Building CXX object library/src/tensor_operation_instance/gpu/grouped_conv3d_fwd_bias_bnorm_clamp/CMakeFiles/device_grouped_conv3d_fwd_bias_bnorm_clamp_instance.dir/generated/xdl/mem/device_grouped_conv3d_fwd_bias_bn_clamp_xdl_ndhwgc_gkzyxc_ndhwgk_f16_mem_intra_instances_shard_2.cpp.o
1488.7	[770/1191] Building CXX object library/src/tensor_operation_instance/gpu/grouped_conv3d_fwd_bias_bnorm_clamp/CMakeFiles/device_grouped_conv3d_fwd_bias_bnorm_clamp_instance.dir/generated/xdl/mem/device_grouped_conv3d_fwd_bias_bn_clamp_xdl_ndhwgc_gkzyxc_ndhwgk_f16_mem_intra_instances_shard_0.cpp.o
1495.3	[771/1191] Building CXX object library/src/tensor_operation_instance/gpu/grouped_conv3d_fwd_bias_bnorm_clamp/CMakeFiles/device_grouped_conv3d_fwd_bias_bnorm_clamp_instance.dir/generated/xdl/mem/device_grouped_conv3d_fwd_bias_bn_clamp_xdl_ndhwgc_gkzyxc_ndhwgk_bf16_mem_intra_instances_shard_9.cpp.o
1505.9	[772/1191] Building CXX object library/src/tensor_operation_instance/gpu/grouped_conv3d_fwd_bias_bnorm_clamp/CMakeFiles/device_grouped_conv3d_fwd_bias_bnorm_clamp_instance.dir/generated/xdl/mem/device_grouped_conv3d_fwd_bias_bn_clamp_xdl_ndhwgc_gkzyxc_ndhwgk_bf16_mem_intra_instances_shard_12.cpp.o
1508.2	[773/1191] Building CXX object library/src/tensor_operation_instance/gpu/grouped_conv3d_fwd_bias_bnorm_clamp/CMakeFiles/device_grouped_conv3d_fwd_bias_bnorm_clamp_instance.dir/generated/xdl/mem/device_grouped_conv3d_fwd_bias_bn_clamp_xdl_ndhwgc_gkzyxc_ndhwgk_f16_mem_inter_instances.cpp.o
1509.7	[774/1191] Building CXX object library/src/tensor_operation_instance/gpu/grouped_conv3d_fwd_bias_bnorm_clamp/CMakeFiles/device_grouped_conv3d_fwd_bias_bnorm_clamp_instance.dir/generated/xdl/mem/device_grouped_conv3d_fwd_bias_bn_clamp_xdl_ndhwgc_gkzyxc_ndhwgk_f32_mem_intra_instances_shard_2.cpp.o
1511.9	[775/1191] Building CXX object library/src/tensor_operation_instance/gpu/grouped_conv3d_fwd_bias_bnorm_clamp/CMakeFiles/device_grouped_conv3d_fwd_bias_bnorm_clamp_instance.dir/generated/xdl/mem/device_grouped_conv3d_fwd_bias_bn_clamp_xdl_ndhwgc_gkzyxc_ndhwgk_f16_mem_intra_instances_shard_1.cpp.o
1517.0	[776/1191] Building CXX object library/src/tensor_operation_instance/gpu/grouped_conv3d_fwd_bias_bnorm_clamp/CMakeFiles/device_grouped_conv3d_fwd_bias_bnorm_clamp_instance.dir/generated/xdl/mem/device_grouped_conv3d_fwd_bias_bn_clamp_xdl_ndhwgc_gkzyxc_ndhwgk_bf16_mem_intra_instances_shard_10.cpp.o
1518.3	[777/1191] Building CXX object library/src/tensor_operation_instance/gpu/grouped_conv3d_fwd_bias_bnorm_clamp/CMakeFiles/device_grouped_conv3d_fwd_bias_bnorm_clamp_instance.dir/generated/xdl/merged_groups/device_grouped_conv3d_fwd_bias_bn_clamp_xdl_merged_groups_ndhwgc_gkzyxc_ndhwgk_f32_instances_shard_1.cpp.o
1520.4	[778/1191] Building CXX object library/src/tensor_operation_instance/gpu/grouped_conv3d_fwd_bias_bnorm_clamp/CMakeFiles/device_grouped_conv3d_fwd_bias_bnorm_clamp_instance.dir/generated/xdl/mem/device_grouped_conv3d_fwd_bias_bn_clamp_xdl_ndhwgc_gkzyxc_ndhwgk_f32_mem_intra_instances_shard_3.cpp.o
1524.3	[779/1191] Building CXX object library/src/tensor_operation_instance/gpu/grouped_conv3d_fwd_bias_bnorm_clamp/CMakeFiles/device_grouped_conv3d_fwd_bias_bnorm_clamp_instance.dir/generated/xdl/mem/device_grouped_conv3d_fwd_bias_bn_clamp_xdl_ndhwgc_gkzyxc_ndhwgk_bf16_mem_intra_instances_shard_8.cpp.o
1530.6	[780/1191] Building CXX object library/src/tensor_operation_instance/gpu/grouped_conv3d_fwd_bias_bnorm_clamp/CMakeFiles/device_grouped_conv3d_fwd_bias_bnorm_clamp_instance.dir/generated/xdl/merged_groups/device_grouped_conv3d_fwd_bias_bn_clamp_xdl_merged_groups_ndhwgc_gkzyxc_ndhwgk_f32_instances_shard_0.cpp.o
1537.5	[781/1191] Building CXX object library/src/tensor_operation_instance/gpu/grouped_conv3d_fwd_bias_bnorm_clamp/CMakeFiles/device_grouped_conv3d_fwd_bias_bnorm_clamp_instance.dir/generated/xdl/mem/device_grouped_conv3d_fwd_bias_bn_clamp_xdl_ndhwgc_gkzyxc_ndhwgk_bf16_mem_intra_instances_shard_13.cpp.o
1540.6	[782/1191] Building CXX object library/src/tensor_operation_instance/gpu/grouped_conv3d_fwd/CMakeFiles/device_grouped_conv3d_fwd_instance.dir/generated/xdl/mem/device_grouped_conv3d_fwd_xdl_ngcdhw_gkczyx_ngkdhw_bf16_mem_intra_instances_shard_9.cpp.o
1543.9	[783/1191] Building CXX object library/src/tensor_operation_instance/gpu/grouped_conv3d_fwd_bias_bnorm_clamp/CMakeFiles/device_grouped_conv3d_fwd_bias_bnorm_clamp_instance.dir/generated/xdl/mem/device_grouped_conv3d_fwd_bias_bn_clamp_xdl_ndhwgc_gkzyxc_ndhwgk_bf16_mem_inter_instances_shard_0.cpp.o
1544.1	[784/1191] Building CXX object library/src/tensor_operation_instance/gpu/grouped_conv3d_fwd/CMakeFiles/device_grouped_conv3d_fwd_instance.dir/generated/xdl/comp/device_grouped_conv3d_fwd_xdl_ndhwgc_gkzyxc_ndhwgk_bf16_comp_instances_shard_2.cpp.o
1545.4	[785/1191] Building CXX object library/src/tensor_operation_instance/gpu/grouped_conv3d_fwd_bias_bnorm_clamp/CMakeFiles/device_grouped_conv3d_fwd_bias_bnorm_clamp_instance.dir/generated/xdl/mem/device_grouped_conv3d_fwd_bias_bn_clamp_xdl_ndhwgc_gkzyxc_ndhwgk_f16_mem_intra_instances_shard_14.cpp.o
1546.5	[786/1191] Building CXX object library/src/tensor_operation_instance/gpu/grouped_conv3d_fwd_bias_bnorm_clamp/CMakeFiles/device_grouped_conv3d_fwd_bias_bnorm_clamp_instance.dir/generated/xdl/mem/device_grouped_conv3d_fwd_bias_bn_clamp_xdl_ndhwgc_gkzyxc_ndhwgk_bf16_mem_intra_instances_shard_14.cpp.o
1548.0	[787/1191] Building CXX object library/src/tensor_operation_instance/gpu/grouped_conv3d_fwd_bias_bnorm_clamp/CMakeFiles/device_grouped_conv3d_fwd_bias_bnorm_clamp_instance.dir/generated/xdl/mem/device_grouped_conv3d_fwd_bias_bn_clamp_xdl_ndhwgc_gkzyxc_ndhwgk_f32_mem_intra_instances_shard_1.cpp.o
1553.7	[788/1191] Building CXX object library/src/tensor_operation_instance/gpu/grouped_conv3d_bwd_weight/CMakeFiles/device_grouped_conv3d_bwd_weight_instance.dir/xdl/ndhwgc_gkzyxc_ndhwgk/device_grouped_conv3d_bwd_weight_xdl_ndhwgc_gkzyxc_ndhwgk_f16_default_pipev2_instance.cpp.o
1554.8	[789/1191] Building CXX object library/src/tensor_operation_instance/gpu/grouped_conv3d_bwd_weight/CMakeFiles/device_grouped_conv3d_bwd_weight_instance.dir/xdl/ndhwgc_gkzyxc_ndhwgk/device_grouped_conv3d_bwd_weight_xdl_ndhwgc_gkzyxc_ndhwgk_bf16_default_pipev2_instance.cpp.o
1559.8	[790/1191] Building CXX object library/src/tensor_operation_instance/gpu/grouped_conv3d_fwd_bias_bnorm_clamp/CMakeFiles/device_grouped_conv3d_fwd_bias_bnorm_clamp_instance.dir/generated/xdl/mem/device_grouped_conv3d_fwd_bias_bn_clamp_xdl_ndhwgc_gkzyxc_ndhwgk_f16_mem_intra_instances_shard_12.cpp.o
1562.4	[791/1191] Building CXX object library/src/tensor_operation_instance/gpu/grouped_conv3d_fwd_bias_bnorm_clamp/CMakeFiles/device_grouped_conv3d_fwd_bias_bnorm_clamp_instance.dir/generated/xdl/mem/device_grouped_conv3d_fwd_bias_bn_clamp_xdl_ndhwgc_gkzyxc_ndhwgk_bf16_mem_intra_instances_shard_15.cpp.o
1571.5	[792/1191] Building CXX object library/src/tensor_operation_instance/gpu/grouped_conv3d_fwd_bias_bnorm_clamp/CMakeFiles/device_grouped_conv3d_fwd_bias_bnorm_clamp_instance.dir/generated/xdl/mem/device_grouped_conv3d_fwd_bias_bn_clamp_xdl_ndhwgc_gkzyxc_ndhwgk_f32_mem_intra_instances_shard_8.cpp.o
1573.6	[793/1191] Building CXX object library/src/tensor_operation_instance/gpu/grouped_conv3d_fwd_bias_bnorm_clamp/CMakeFiles/device_grouped_conv3d_fwd_bias_bnorm_clamp_instance.dir/generated/xdl/mem/device_grouped_conv3d_fwd_bias_bn_clamp_xdl_ndhwgc_gkzyxc_ndhwgk_f16_mem_intra_instances_shard_11.cpp.o
1574.1	[794/1191] Building CXX object library/src/tensor_operation_instance/gpu/grouped_conv3d_bwd_weight/CMakeFiles/device_grouped_conv3d_bwd_weight_instance.dir/xdl/ndhwgc_gkzyxc_ndhwgk/device_grouped_conv3d_bwd_weight_xdl_ndhwgc_gkzyxc_ndhwgk_f16_pad0_pipev5_instance.cpp.o
1574.1	[795/1191] Building CXX object library/src/tensor_operation_instance/gpu/grouped_conv3d_fwd_bias_bnorm_clamp/CMakeFiles/device_grouped_conv3d_fwd_bias_bnorm_clamp_instance.dir/generated/xdl/mem/device_grouped_conv3d_fwd_bias_bn_clamp_xdl_ndhwgc_gkzyxc_ndhwgk_bf16_mem_inter_instances_shard_2.cpp.o
1574.2	[796/1191] Building CXX object library/src/tensor_operation_instance/gpu/grouped_conv3d_fwd/CMakeFiles/device_grouped_conv3d_fwd_instance.dir/generated/xdl/mem/device_grouped_conv3d_fwd_xdl_ngcdhw_gkczyx_ngkdhw_f16_mem_inter_instances_shard_9.cpp.o
1575.4	[797/1191] Building CXX object library/src/tensor_operation_instance/gpu/grouped_conv3d_fwd_bias_bnorm_clamp/CMakeFiles/device_grouped_conv3d_fwd_bias_bnorm_clamp_instance.dir/generated/xdl/mem/device_grouped_conv3d_fwd_bias_bn_clamp_xdl_ndhwgc_gkzyxc_ndhwgk_f32_mem_intra_instances_shard_0.cpp.o
1578.8	[798/1191] Building CXX object library/src/tensor_operation_instance/gpu/grouped_conv3d_fwd_bias_bnorm_clamp/CMakeFiles/device_grouped_conv3d_fwd_bias_bnorm_clamp_instance.dir/generated/xdl/mem/device_grouped_conv3d_fwd_bias_bn_clamp_xdl_ndhwgc_gkzyxc_ndhwgk_f32_mem_intra_instances_shard_12.cpp.o
1578.9	[799/1191] Building CXX object library/src/tensor_operation_instance/gpu/grouped_conv3d_fwd_bias_bnorm_clamp/CMakeFiles/device_grouped_conv3d_fwd_bias_bnorm_clamp_instance.dir/generated/xdl/mem/device_grouped_conv3d_fwd_bias_bn_clamp_xdl_ndhwgc_gkzyxc_ndhwgk_f32_mem_inter_instances.cpp.o
1579.0	[800/1191] Building CXX object library/src/tensor_operation_instance/gpu/grouped_conv3d_bwd_weight_scale/CMakeFiles/device_grouped_conv3d_bwd_weight_scale_instance.dir/xdl/device_grouped_conv3d_bwd_weight_xdl_scale_ndhwgc_gkzyxc_ndhwgk_bf16_instance.cpp.o
1580.0	[801/1191] Building CXX object library/src/tensor_operation_instance/gpu/grouped_conv3d_fwd_bias_bnorm_clamp/CMakeFiles/device_grouped_conv3d_fwd_bias_bnorm_clamp_instance.dir/generated/xdl/mem/device_grouped_conv3d_fwd_bias_bn_clamp_xdl_ndhwgc_gkzyxc_ndhwgk_bf16_mem_intra_instances_shard_16.cpp.o
1580.7	[802/1191] Building CXX object library/src/tensor_operation_instance/gpu/grouped_conv3d_fwd_bias_bnorm_clamp/CMakeFiles/device_grouped_conv3d_fwd_bias_bnorm_clamp_instance.dir/generated/xdl/mem/device_grouped_conv3d_fwd_bias_bn_clamp_xdl_ndhwgc_gkzyxc_ndhwgk_bf16_mem_inter_instances_shard_3.cpp.o
1583.1	[803/1191] Building CXX object library/src/tensor_operation_instance/gpu/grouped_conv3d_fwd_bias_bnorm_clamp/CMakeFiles/device_grouped_conv3d_fwd_bias_bnorm_clamp_instance.dir/generated/xdl/mem/device_grouped_conv3d_fwd_bias_bn_clamp_xdl_ndhwgc_gkzyxc_ndhwgk_f16_mem_intra_instances_shard_9.cpp.o
1585.0	[804/1191] Building CXX object library/src/tensor_operation_instance/gpu/grouped_conv3d_fwd_bias_bnorm_clamp/CMakeFiles/device_grouped_conv3d_fwd_bias_bnorm_clamp_instance.dir/generated/xdl/mem/device_grouped_conv3d_fwd_bias_bn_clamp_xdl_ndhwgc_gkzyxc_ndhwgk_f32_mem_intra_instances_shard_11.cpp.o
1585.7	[805/1191] Building CXX object library/src/tensor_operation_instance/gpu/grouped_conv3d_fwd_bias_bnorm_clamp/CMakeFiles/device_grouped_conv3d_fwd_bias_bnorm_clamp_instance.dir/generated/xdl/merged_groups/device_grouped_conv3d_fwd_bias_bn_clamp_xdl_merged_groups_ndhwgc_gkzyxc_ndhwgk_bf16_instances_shard_1.cpp.o
1588.2	[806/1191] Building CXX object library/src/tensor_operation_instance/gpu/grouped_conv3d_fwd_bias_bnorm_clamp/CMakeFiles/device_grouped_conv3d_fwd_bias_bnorm_clamp_instance.dir/generated/xdl/merged_groups/device_grouped_conv3d_fwd_bias_bn_clamp_xdl_merged_groups_ndhwgc_gkzyxc_ndhwgk_f16_instances_shard_2.cpp.o
1589.4	[807/1191] Building CXX object library/src/tensor_operation_instance/gpu/grouped_conv3d_fwd_bias_bnorm_clamp/CMakeFiles/device_grouped_conv3d_fwd_bias_bnorm_clamp_instance.dir/generated/xdl/mem/device_grouped_conv3d_fwd_bias_bn_clamp_xdl_ndhwgc_gkzyxc_ndhwgk_f32_mem_intra_instances_shard_10.cpp.o
1592.3	[808/1191] Building CXX object library/src/tensor_operation_instance/gpu/grouped_conv3d_fwd/CMakeFiles/device_grouped_conv3d_fwd_instance.dir/generated/xdl/comp/device_grouped_conv3d_fwd_xdl_ngcdhw_gkczyx_ngkdhw_bf16_comp_instances_shard_9.cpp.o
1594.7	[809/1191] Building CXX object library/src/tensor_operation_instance/gpu/grouped_conv3d_fwd_bias_bnorm_clamp/CMakeFiles/device_grouped_conv3d_fwd_bias_bnorm_clamp_instance.dir/generated/xdl/mem/device_grouped_conv3d_fwd_bias_bn_clamp_xdl_ndhwgc_gkzyxc_ndhwgk_f16_mem_intra_instances_shard_8.cpp.o
1596.0	[810/1191] Building CXX object library/src/tensor_operation_instance/gpu/grouped_conv3d_fwd_bias_bnorm_clamp/CMakeFiles/device_grouped_conv3d_fwd_bias_bnorm_clamp_instance.dir/generated/xdl/mem/device_grouped_conv3d_fwd_bias_bn_clamp_xdl_ndhwgc_gkzyxc_ndhwgk_f32_mem_intra_instances_shard_13.cpp.o
1597.5	[811/1191] Building CXX object library/src/tensor_operation_instance/gpu/grouped_conv3d_fwd_bias_bnorm_clamp/CMakeFiles/device_grouped_conv3d_fwd_bias_bnorm_clamp_instance.dir/generated/xdl/mem/device_grouped_conv3d_fwd_bias_bn_clamp_xdl_ndhwgc_gkzyxc_ndhwgk_bf16_mem_intra_instances_shard_11.cpp.o
1598.6	[812/1191] Building CXX object library/src/tensor_operation_instance/gpu/grouped_conv2d_fwd/CMakeFiles/device_grouped_conv2d_fwd_instance.dir/xdl/mem/device_grouped_conv2d_fwd_xdl_nhwgc_gkyxc_nhwgk_f32_mem_inter_instance.cpp.o
1601.0	[813/1191] Building CXX object library/src/tensor_operation_instance/gpu/grouped_conv3d_fwd_bias_bnorm_clamp/CMakeFiles/device_grouped_conv3d_fwd_bias_bnorm_clamp_instance.dir/generated/xdl/merged_groups/device_grouped_conv3d_fwd_bias_bn_clamp_xdl_merged_groups_ndhwgc_gkzyxc_ndhwgk_bf16_instances_shard_0.cpp.o
1610.0	[814/1191] Building CXX object library/src/tensor_operation_instance/gpu/grouped_conv3d_fwd_bias_bnorm_clamp/CMakeFiles/device_grouped_conv3d_fwd_bias_bnorm_clamp_instance.dir/generated/xdl/merged_groups/device_grouped_conv3d_fwd_bias_bn_clamp_xdl_merged_groups_ndhwgc_gkzyxc_ndhwgk_bf16_instances_shard_2.cpp.o
1610.3	[815/1191] Building CXX object library/src/tensor_operation_instance/gpu/grouped_conv3d_fwd_bias_bnorm_clamp/CMakeFiles/device_grouped_conv3d_fwd_bias_bnorm_clamp_instance.dir/generated/xdl/mem/device_grouped_conv3d_fwd_bias_bn_clamp_xdl_ndhwgc_gkzyxc_ndhwgk_f16_mem_intra_instances_shard_10.cpp.o
1613.0	[816/1191] Building CXX object library/src/tensor_operation_instance/gpu/grouped_conv3d_fwd_bias_bnorm_clamp/CMakeFiles/device_grouped_conv3d_fwd_bias_bnorm_clamp_instance.dir/generated/xdl/mem/device_grouped_conv3d_fwd_bias_bn_clamp_xdl_ndhwgc_gkzyxc_ndhwgk_f16_mem_inter_instances_shard_2.cpp.o
1615.0	[817/1191] Building CXX object library/src/tensor_operation_instance/gpu/grouped_conv3d_fwd_bias_bnorm_clamp/CMakeFiles/device_grouped_conv3d_fwd_bias_bnorm_clamp_instance.dir/generated/xdl/merged_groups/device_grouped_conv3d_fwd_bias_bn_clamp_xdl_merged_groups_ndhwgc_gkzyxc_ndhwgk_f16_instances_shard_1.cpp.o
1615.7	[818/1191] Building CXX object library/src/tensor_operation_instance/gpu/grouped_conv3d_fwd_bias_bnorm_clamp/CMakeFiles/device_grouped_conv3d_fwd_bias_bnorm_clamp_instance.dir/generated/xdl/mem/device_grouped_conv3d_fwd_bias_bn_clamp_xdl_ndhwgc_gkzyxc_ndhwgk_bf16_mem_inter_instances_shard_1.cpp.o
1620.7	[819/1191] Building CXX object library/src/tensor_operation_instance/gpu/grouped_conv3d_fwd_bias_bnorm_clamp/CMakeFiles/device_grouped_conv3d_fwd_bias_bnorm_clamp_instance.dir/generated/xdl/comp/device_grouped_conv3d_fwd_bias_bn_clamp_xdl_ndhwgc_gkzyxc_ndhwgk_bf16_comp_instances.cpp.o
1621.5	[820/1191] Building CXX object library/src/tensor_operation_instance/gpu/grouped_conv3d_fwd_bias_bnorm_clamp/CMakeFiles/device_grouped_conv3d_fwd_bias_bnorm_clamp_instance.dir/generated/xdl/mem/device_grouped_conv3d_fwd_bias_bn_clamp_xdl_ndhwgc_gkzyxc_ndhwgk_f16_mem_intra_instances_shard_13.cpp.o
1624.2	[821/1191] Building CXX object library/src/tensor_operation_instance/gpu/grouped_conv3d_fwd/CMakeFiles/device_grouped_conv3d_fwd_instance.dir/generated/xdl/mem/device_grouped_conv3d_fwd_xdl_ngcdhw_gkczyx_ngkdhw_bf16_mem_inter_instances_shard_8.cpp.o
1627.1	[822/1191] Building CXX object library/src/tensor_operation_instance/gpu/grouped_conv3d_fwd/CMakeFiles/device_grouped_conv3d_fwd_instance.dir/generated/xdl/mem/device_grouped_conv3d_fwd_xdl_ngcdhw_gkczyx_ngkdhw_bf16_mem_inter_instances_shard_7.cpp.o
1627.5	[823/1191] Building CXX object library/src/tensor_operation_instance/gpu/grouped_conv3d_fwd_bias_bnorm_clamp/CMakeFiles/device_grouped_conv3d_fwd_bias_bnorm_clamp_instance.dir/generated/xdl/comp/device_grouped_conv3d_fwd_bias_bn_clamp_xdl_ndhwgc_gkzyxc_ndhwgk_f32_comp_instances.cpp.o
1627.9	[824/1191] Building CXX object library/src/tensor_operation_instance/gpu/grouped_conv3d_fwd_bias_bnorm_clamp/CMakeFiles/device_grouped_conv3d_fwd_bias_bnorm_clamp_instance.dir/generated/xdl/mem/device_grouped_conv3d_fwd_bias_bn_clamp_xdl_ndhwgc_gkzyxc_ndhwgk_f16_mem_inter_instances_shard_1.cpp.o
1628.5	[825/1191] Building CXX object library/src/tensor_operation_instance/gpu/grouped_conv3d_fwd_bias_bnorm_clamp/CMakeFiles/device_grouped_conv3d_fwd_bias_bnorm_clamp_instance.dir/generated/xdl/comp/device_grouped_conv3d_fwd_bias_bn_clamp_xdl_ndhwgc_gkzyxc_ndhwgk_f16_comp_instances.cpp.o
1635.4	[826/1191] Building CXX object library/src/tensor_operation_instance/gpu/grouped_conv3d_fwd_bias_bnorm_clamp/CMakeFiles/device_grouped_conv3d_fwd_bias_bnorm_clamp_instance.dir/generated/xdl/comp/device_grouped_conv3d_fwd_bias_bn_clamp_xdl_ndhwgc_gkzyxc_ndhwgk_f16_comp_2x_instances.cpp.o
1638.8	[827/1191] Building CXX object library/src/tensor_operation_instance/gpu/grouped_conv3d_fwd_bias_bnorm_clamp/CMakeFiles/device_grouped_conv3d_fwd_bias_bnorm_clamp_instance.dir/generated/xdl/comp/device_grouped_conv3d_fwd_bias_bn_clamp_xdl_ndhwgc_gkzyxc_ndhwgk_bf16_comp_2x_instances.cpp.o
1639.4	[828/1191] Building CXX object library/src/tensor_operation_instance/gpu/grouped_conv3d_fwd_bias_bnorm_clamp/CMakeFiles/device_grouped_conv3d_fwd_bias_bnorm_clamp_instance.dir/generated/xdl/mem/device_grouped_conv3d_fwd_bias_bn_clamp_xdl_ndhwgc_gkzyxc_ndhwgk_f16_mem_intra_instances_shard_15.cpp.o
1639.6	[829/1191] Building CXX object library/src/tensor_operation_instance/gpu/grouped_conv3d_fwd_bias_bnorm_clamp/CMakeFiles/device_grouped_conv3d_fwd_bias_bnorm_clamp_instance.dir/generated/xdl/mem/device_grouped_conv3d_fwd_bias_bn_clamp_xdl_ndhwgc_gkzyxc_ndhwgk_f16_mem_inter_instances_shard_3.cpp.o
1640.1	[830/1191] Building CXX object library/src/tensor_operation_instance/gpu/grouped_conv3d_fwd_bias_bnorm_clamp/CMakeFiles/device_grouped_conv3d_fwd_bias_bnorm_clamp_instance.dir/generated/xdl/mem/device_grouped_conv3d_fwd_bias_bn_clamp_xdl_ndhwgc_gkzyxc_ndhwgk_f16_mem_inter_instances_shard_0.cpp.o
1640.2	[831/1191] Building CXX object library/src/tensor_operation_instance/gpu/grouped_conv3d_fwd_bias_bnorm_clamp/CMakeFiles/device_grouped_conv3d_fwd_bias_bnorm_clamp_instance.dir/generated/xdl/mem/device_grouped_conv3d_fwd_bias_bn_clamp_xdl_ndhwgc_gkzyxc_ndhwgk_f16_mem_intra_instances_shard_17.cpp.o
1640.5	[832/1191] Building CXX object library/src/tensor_operation_instance/gpu/grouped_conv3d_fwd_bias_bnorm_clamp/CMakeFiles/device_grouped_conv3d_fwd_bias_bnorm_clamp_instance.dir/generated/xdl/mem/device_grouped_conv3d_fwd_bias_bn_clamp_xdl_ndhwgc_gkzyxc_ndhwgk_bf16_mem_intra_instances_shard_5.cpp.o
1645.5	[833/1191] Building CXX object library/src/tensor_operation_instance/gpu/grouped_conv3d_fwd_bias_bnorm_clamp/CMakeFiles/device_grouped_conv3d_fwd_bias_bnorm_clamp_instance.dir/generated/xdl/mem/device_grouped_conv3d_fwd_bias_bn_clamp_xdl_ndhwgc_gkzyxc_ndhwgk_bf16_mem_inter_instances_shard_14.cpp.o
1646.0	[834/1191] Building CXX object library/src/tensor_operation_instance/gpu/grouped_conv3d_fwd_bias_bnorm_clamp/CMakeFiles/device_grouped_conv3d_fwd_bias_bnorm_clamp_instance.dir/generated/xdl/comp/device_grouped_conv3d_fwd_bias_bn_clamp_xdl_ndhwgc_gkzyxc_ndhwgk_bf16_comp_part2_instances.cpp.o
1647.9	[835/1191] Building CXX object library/src/tensor_operation_instance/gpu/grouped_conv3d_fwd/CMakeFiles/device_grouped_conv3d_fwd_instance.dir/generated/xdl/comp/device_grouped_conv3d_fwd_xdl_ndhwgc_gkzyxc_ndhwgk_f16_comp_instances_shard_3.cpp.o
1649.8	[836/1191] Building CXX object library/src/tensor_operation_instance/gpu/grouped_conv3d_fwd_bias_bnorm_clamp/CMakeFiles/device_grouped_conv3d_fwd_bias_bnorm_clamp_instance.dir/generated/xdl/mem/device_grouped_conv3d_fwd_bias_bn_clamp_xdl_ndhwgc_gkzyxc_ndhwgk_bf16_mem_inter_instances_shard_12.cpp.o
1655.4	[837/1191] Building CXX object library/src/tensor_operation_instance/gpu/grouped_conv3d_fwd_bias_bnorm_clamp/CMakeFiles/device_grouped_conv3d_fwd_bias_bnorm_clamp_instance.dir/generated/xdl/merged_groups/device_grouped_conv3d_fwd_bias_bn_clamp_xdl_merged_groups_ndhwgc_gkzyxc_ndhwgk_f16_instances_shard_0.cpp.o
1657.4	[838/1191] Building CXX object library/src/tensor_operation_instance/gpu/grouped_conv3d_fwd_bias_bnorm_clamp/CMakeFiles/device_grouped_conv3d_fwd_bias_bnorm_clamp_instance.dir/generated/xdl/mem/device_grouped_conv3d_fwd_bias_bn_clamp_xdl_ndhwgc_gkzyxc_ndhwgk_bf16_mem_inter_instances_shard_15.cpp.o
1658.8	[839/1191] Building CXX object library/src/tensor_operation_instance/gpu/grouped_conv2d_bwd_weight/CMakeFiles/device_grouped_conv2d_bwd_weight_instance.dir/xdl/ngchw_gkcyx_ngkhw/device_grouped_conv2d_bwd_weight_xdl_ngchw_gkcyx_ngkhw_bf16_instance.cpp.o
1660.1	[840/1191] Building CXX object library/src/tensor_operation_instance/gpu/grouped_conv3d_fwd/CMakeFiles/device_grouped_conv3d_fwd_instance.dir/generated/xdl/comp/device_grouped_conv3d_fwd_xdl_ngcdhw_gkczyx_ngkdhw_bf16_comp_instances_shard_2.cpp.o
1663.9	[841/1191] Building CXX object library/src/tensor_operation_instance/gpu/grouped_conv3d_fwd_bias_bnorm_clamp/CMakeFiles/device_grouped_conv3d_fwd_bias_bnorm_clamp_instance.dir/generated/xdl/mem/device_grouped_conv3d_fwd_bias_bn_clamp_xdl_ndhwgc_gkzyxc_ndhwgk_bf16_mem_intra_instances_shard_17.cpp.o
1670.4	[842/1191] Building CXX object library/src/tensor_operation_instance/gpu/grouped_conv3d_fwd/CMakeFiles/device_grouped_conv3d_fwd_instance.dir/generated/xdl/mem/device_grouped_conv3d_fwd_xdl_ngcdhw_gkczyx_ngkdhw_f16_mem_intra_instances_shard_9.cpp.o
1671.8	[843/1191] Building CXX object library/src/tensor_operation_instance/gpu/grouped_conv3d_fwd/CMakeFiles/device_grouped_conv3d_fwd_instance.dir/generated/xdl/mem/device_grouped_conv3d_fwd_xdl_ngcdhw_gkczyx_ngkdhw_f16_mem_inter_instances_shard_7.cpp.o
1672.8	[844/1191] Building CXX object library/src/tensor_operation_instance/gpu/grouped_conv3d_fwd_bias_bnorm_clamp/CMakeFiles/device_grouped_conv3d_fwd_bias_bnorm_clamp_instance.dir/generated/xdl/mem/device_grouped_conv3d_fwd_bias_bn_clamp_xdl_ndhwgc_gkzyxc_ndhwgk_f16_mem_intra_instances_shard_16.cpp.o
1673.2	[845/1191] Building CXX object library/src/tensor_operation_instance/gpu/grouped_conv3d_fwd_bias_bnorm_clamp/CMakeFiles/device_grouped_conv3d_fwd_bias_bnorm_clamp_instance.dir/generated/xdl/comp/device_grouped_conv3d_fwd_bias_bn_clamp_xdl_ndhwgc_gkzyxc_ndhwgk_f16_comp_part2_instances.cpp.o
1675.1	[846/1191] Building CXX object library/src/tensor_operation_instance/gpu/grouped_conv3d_bwd_weight/CMakeFiles/device_grouped_conv3d_bwd_weight_instance.dir/xdl/ndhwgc_gkzyxc_ndhwgk/device_grouped_conv3d_bwd_weight_xdl_ndhwgc_gkzyxc_ndhwgk_bf16_pad0_pipev5_instance.cpp.o
1678.8	[847/1191] Building CXX object library/src/tensor_operation_instance/gpu/grouped_conv3d_fwd/CMakeFiles/device_grouped_conv3d_fwd_instance.dir/generated/xdl/mem/device_grouped_conv3d_fwd_xdl_ngcdhw_gkczyx_ngkdhw_bf16_mem_intra_instances_shard_7.cpp.o
1680.9	[848/1191] Building CXX object library/src/tensor_operation_instance/gpu/grouped_conv3d_bwd_weight_bilinear/CMakeFiles/device_grouped_conv3d_bwd_weight_bilinear_instance.dir/xdl/device_grouped_conv3d_bwd_weight_xdl_bilinear_ndhwgc_gkzyxc_ndhwgk_f32_instance.cpp.o
1682.0	[849/1191] Building CXX object library/src/tensor_operation_instance/gpu/grouped_conv3d_fwd_bias_bnorm_clamp/CMakeFiles/device_grouped_conv3d_fwd_bias_bnorm_clamp_instance.dir/generated/xdl/mem/device_grouped_conv3d_fwd_bias_bn_clamp_xdl_ndhwgc_gkzyxc_ndhwgk_bf16_mem_intra_instances_shard_19.cpp.o
1684.1	[850/1191] Building CXX object library/src/tensor_operation_instance/gpu/grouped_conv3d_fwd_bias_bnorm_clamp/CMakeFiles/device_grouped_conv3d_fwd_bias_bnorm_clamp_instance.dir/generated/xdl/mem/device_grouped_conv3d_fwd_bias_bn_clamp_xdl_ndhwgc_gkzyxc_ndhwgk_bf16_mem_intra_instances_shard_18.cpp.o
1685.1	[851/1191] Building CXX object library/src/tensor_operation_instance/gpu/grouped_conv3d_fwd_bias_bnorm_clamp/CMakeFiles/device_grouped_conv3d_fwd_bias_bnorm_clamp_instance.dir/generated/xdl/mem/device_grouped_conv3d_fwd_bias_bn_clamp_xdl_ndhwgc_gkzyxc_ndhwgk_f16_mem_inter_instances_shard_12.cpp.o
1686.1	[852/1191] Building CXX object library/src/tensor_operation_instance/gpu/grouped_conv3d_fwd_bias_bnorm_clamp/CMakeFiles/device_grouped_conv3d_fwd_bias_bnorm_clamp_instance.dir/generated/xdl/mem/device_grouped_conv3d_fwd_bias_bn_clamp_xdl_ndhwgc_gkzyxc_ndhwgk_bf16_mem_inter_instances_shard_11.cpp.o
1686.6	[853/1191] Building CXX object library/src/tensor_operation_instance/gpu/grouped_conv3d_fwd_bias_bnorm_clamp/CMakeFiles/device_grouped_conv3d_fwd_bias_bnorm_clamp_instance.dir/generated/xdl/mem/device_grouped_conv3d_fwd_bias_bn_clamp_xdl_ndhwgc_gkzyxc_ndhwgk_f32_mem_inter_instances_shard_0.cpp.o
1686.8	[854/1191] Building CXX object library/src/tensor_operation_instance/gpu/grouped_conv3d_fwd_bias_bnorm_clamp/CMakeFiles/device_grouped_conv3d_fwd_bias_bnorm_clamp_instance.dir/generated/xdl/mem/device_grouped_conv3d_fwd_bias_bn_clamp_xdl_ndhwgc_gkzyxc_ndhwgk_f16_mem_intra_instances_shard_18.cpp.o
1690.1	[855/1191] Building CXX object library/src/tensor_operation_instance/gpu/grouped_conv3d_fwd_bias_bnorm_clamp/CMakeFiles/device_grouped_conv3d_fwd_bias_bnorm_clamp_instance.dir/generated/xdl/mem/device_grouped_conv3d_fwd_bias_bn_clamp_xdl_ndhwgc_gkzyxc_ndhwgk_f16_mem_intra_instances_shard_6.cpp.o
1690.5	[856/1191] Building CXX object library/src/tensor_operation_instance/gpu/grouped_conv3d_fwd_bias_bnorm_clamp/CMakeFiles/device_grouped_conv3d_fwd_bias_bnorm_clamp_instance.dir/generated/xdl/mem/device_grouped_conv3d_fwd_bias_bn_clamp_xdl_ndhwgc_gkzyxc_ndhwgk_bf16_mem_intra_instances_shard_4.cpp.o
1699.4	[857/1191] Building CXX object library/src/tensor_operation_instance/gpu/grouped_conv2d_bwd_weight/CMakeFiles/device_grouped_conv2d_bwd_weight_instance.dir/xdl/ngchw_gkcyx_ngkhw/device_grouped_conv2d_bwd_weight_xdl_ngchw_gkcyx_ngkhw_f16_instance.cpp.o
1701.0	[858/1191] Building CXX object library/src/tensor_operation_instance/gpu/grouped_conv3d_fwd_bias_bnorm_clamp/CMakeFiles/device_grouped_conv3d_fwd_bias_bnorm_clamp_instance.dir/generated/xdl/mem/device_grouped_conv3d_fwd_bias_bn_clamp_xdl_ndhwgc_gkzyxc_ndhwgk_f32_mem_inter_instances_shard_3.cpp.o
1701.5	[859/1191] Building CXX object library/src/tensor_operation_instance/gpu/grouped_conv3d_fwd_bias_bnorm_clamp/CMakeFiles/device_grouped_conv3d_fwd_bias_bnorm_clamp_instance.dir/generated/xdl/mem/device_grouped_conv3d_fwd_bias_bn_clamp_xdl_ndhwgc_gkzyxc_ndhwgk_f16_mem_inter_instances_shard_9.cpp.o
1702.2	[860/1191] Building CXX object library/src/tensor_operation_instance/gpu/grouped_conv3d_fwd/CMakeFiles/device_grouped_conv3d_fwd_instance.dir/generated/xdl/mem/device_grouped_conv3d_fwd_xdl_ngcdhw_gkczyx_ngkdhw_bf16_mem_inter_instances_shard_6.cpp.o
1702.2	[861/1191] Building CXX object library/src/tensor_operation_instance/gpu/grouped_conv3d_fwd_bias_bnorm_clamp/CMakeFiles/device_grouped_conv3d_fwd_bias_bnorm_clamp_instance.dir/generated/xdl/mem/device_grouped_conv3d_fwd_bias_bn_clamp_xdl_ndhwgc_gkzyxc_ndhwgk_f32_mem_inter_instances_shard_2.cpp.o
1705.5	[862/1191] Building CXX object library/src/tensor_operation_instance/gpu/grouped_conv3d_fwd/CMakeFiles/device_grouped_conv3d_fwd_instance.dir/generated/xdl/comp/device_grouped_conv3d_fwd_xdl_ndhwgc_gkzyxc_ndhwgk_bf16_comp_instances_shard_1.cpp.o
1705.8	[863/1191] Building CXX object library/src/tensor_operation_instance/gpu/grouped_conv3d_fwd_bias_bnorm_clamp/CMakeFiles/device_grouped_conv3d_fwd_bias_bnorm_clamp_instance.dir/generated/xdl/mem/device_grouped_conv3d_fwd_bias_bn_clamp_xdl_ndhwgc_gkzyxc_ndhwgk_bf16_mem_intra_instances_shard_6.cpp.o
1709.1	[864/1191] Building CXX object library/src/tensor_operation_instance/gpu/grouped_conv3d_fwd_bias_bnorm_clamp/CMakeFiles/device_grouped_conv3d_fwd_bias_bnorm_clamp_instance.dir/generated/xdl/mem/device_grouped_conv3d_fwd_bias_bn_clamp_xdl_ndhwgc_gkzyxc_ndhwgk_f16_mem_intra_instances_shard_7.cpp.o
1709.8	[865/1191] Building CXX object library/src/tensor_operation_instance/gpu/grouped_conv3d_fwd_bias_bnorm_clamp/CMakeFiles/device_grouped_conv3d_fwd_bias_bnorm_clamp_instance.dir/generated/xdl/mem/device_grouped_conv3d_fwd_bias_bn_clamp_xdl_ndhwgc_gkzyxc_ndhwgk_bf16_mem_inter_instances_shard_10.cpp.o
1709.9	[866/1191] Building CXX object library/src/tensor_operation_instance/gpu/grouped_conv3d_fwd_bias_bnorm_clamp/CMakeFiles/device_grouped_conv3d_fwd_bias_bnorm_clamp_instance.dir/generated/xdl/mem/device_grouped_conv3d_fwd_bias_bn_clamp_xdl_ndhwgc_gkzyxc_ndhwgk_bf16_mem_inter_instances_shard_9.cpp.o
1712.0	[867/1191] Building CXX object library/src/tensor_operation_instance/gpu/grouped_conv2d_fwd/CMakeFiles/device_grouped_conv2d_fwd_instance.dir/xdl/mem/device_grouped_conv2d_fwd_xdl_ngchw_gkcyx_ngkhw_f32_mem_intra_instance.cpp.o
1712.6	[868/1191] Building CXX object library/src/tensor_operation_instance/gpu/grouped_conv3d_fwd_bias_bnorm_clamp/CMakeFiles/device_grouped_conv3d_fwd_bias_bnorm_clamp_instance.dir/generated/xdl/mem/device_grouped_conv3d_fwd_bias_bn_clamp_xdl_ndhwgc_gkzyxc_ndhwgk_bf16_mem_intra_instances_shard_7.cpp.o
1713.8	[869/1191] Building CXX object library/src/tensor_operation_instance/gpu/grouped_conv3d_fwd_bias_bnorm_clamp/CMakeFiles/device_grouped_conv3d_fwd_bias_bnorm_clamp_instance.dir/generated/xdl/mem/device_grouped_conv3d_fwd_bias_bn_clamp_xdl_ndhwgc_gkzyxc_ndhwgk_f32_mem_intra_instances_shard_14.cpp.o
1715.1	[870/1191] Building CXX object library/src/tensor_operation_instance/gpu/grouped_conv3d_fwd_bias_bnorm_clamp/CMakeFiles/device_grouped_conv3d_fwd_bias_bnorm_clamp_instance.dir/generated/xdl/mem/device_grouped_conv3d_fwd_bias_bn_clamp_xdl_ndhwgc_gkzyxc_ndhwgk_f32_mem_inter_instances_shard_1.cpp.o
1716.5	[871/1191] Building CXX object library/src/tensor_operation_instance/gpu/grouped_conv3d_fwd_bias_bnorm_clamp/CMakeFiles/device_grouped_conv3d_fwd_bias_bnorm_clamp_instance.dir/generated/xdl/mem/device_grouped_conv3d_fwd_bias_bn_clamp_xdl_ndhwgc_gkzyxc_ndhwgk_f32_mem_intra_instances_shard_9.cpp.o
1719.3	[872/1191] Building CXX object library/src/tensor_operation_instance/gpu/grouped_conv3d_fwd_bias_bnorm_clamp/CMakeFiles/device_grouped_conv3d_fwd_bias_bnorm_clamp_instance.dir/generated/xdl/mem/device_grouped_conv3d_fwd_bias_bn_clamp_xdl_ndhwgc_gkzyxc_ndhwgk_bf16_mem_inter_instances_shard_13.cpp.o
1719.6	[873/1191] Building CXX object library/src/tensor_operation_instance/gpu/grouped_conv3d_fwd_bias_bnorm_clamp/CMakeFiles/device_grouped_conv3d_fwd_bias_bnorm_clamp_instance.dir/generated/xdl/mem/device_grouped_conv3d_fwd_bias_bn_clamp_xdl_ndhwgc_gkzyxc_ndhwgk_f32_mem_intra_instances_shard_7.cpp.o
1721.7	[874/1191] Building CXX object library/src/tensor_operation_instance/gpu/grouped_conv3d_fwd_bias_bnorm_clamp/CMakeFiles/device_grouped_conv3d_fwd_bias_bnorm_clamp_instance.dir/generated/xdl/mem/device_grouped_conv3d_fwd_bias_bn_clamp_xdl_ndhwgc_gkzyxc_ndhwgk_f32_mem_intra_instances_shard_6.cpp.o
1732.2	[875/1191] Building CXX object library/src/tensor_operation_instance/gpu/grouped_conv3d_fwd_bias_bnorm_clamp/CMakeFiles/device_grouped_conv3d_fwd_bias_bnorm_clamp_instance.dir/generated/xdl/mem/device_grouped_conv3d_fwd_bias_bn_clamp_xdl_ndhwgc_gkzyxc_ndhwgk_f16_mem_intra_instances_shard_19.cpp.o
1741.1	[876/1191] Building CXX object library/src/tensor_operation_instance/gpu/grouped_conv3d_fwd_bias_bnorm_clamp/CMakeFiles/device_grouped_conv3d_fwd_bias_bnorm_clamp_instance.dir/generated/xdl/mem/device_grouped_conv3d_fwd_bias_bn_clamp_xdl_ndhwgc_gkzyxc_ndhwgk_f16_mem_inter_instances_shard_8.cpp.o
1741.4	[877/1191] Building CXX object library/src/tensor_operation_instance/gpu/grouped_conv3d_fwd_bias_bnorm_clamp/CMakeFiles/device_grouped_conv3d_fwd_bias_bnorm_clamp_instance.dir/generated/xdl/mem/device_grouped_conv3d_fwd_bias_bn_clamp_xdl_ndhwgc_gkzyxc_ndhwgk_f16_mem_inter_instances_shard_15.cpp.o
1743.6	[878/1191] Building CXX object library/src/tensor_operation_instance/gpu/grouped_conv3d_fwd_bias_bnorm_clamp/CMakeFiles/device_grouped_conv3d_fwd_bias_bnorm_clamp_instance.dir/generated/xdl/mem/device_grouped_conv3d_fwd_bias_bn_clamp_xdl_ndhwgc_gkzyxc_ndhwgk_bf16_mem_inter_instances_shard_16.cpp.o
1746.5	[879/1191] Building CXX object library/src/tensor_operation_instance/gpu/grouped_conv3d_fwd_bias_bnorm_clamp/CMakeFiles/device_grouped_conv3d_fwd_bias_bnorm_clamp_instance.dir/generated/xdl/mem/device_grouped_conv3d_fwd_bias_bn_clamp_xdl_ndhwgc_gkzyxc_ndhwgk_f32_mem_intra_instances_shard_15.cpp.o
1746.8	[880/1191] Building CXX object library/src/tensor_operation_instance/gpu/grouped_conv3d_fwd_bias_bnorm_clamp/CMakeFiles/device_grouped_conv3d_fwd_bias_bnorm_clamp_instance.dir/generated/xdl/mem/device_grouped_conv3d_fwd_bias_bn_clamp_xdl_ndhwgc_gkzyxc_ndhwgk_f16_mem_intra_instances_shard_4.cpp.o
1750.8	[881/1191] Building CXX object library/src/tensor_operation_instance/gpu/grouped_conv3d_fwd/CMakeFiles/device_grouped_conv3d_fwd_instance.dir/generated/xdl/mem/device_grouped_conv3d_fwd_xdl_ngcdhw_gkczyx_ngkdhw_bf16_mem_intra_instances_shard_6.cpp.o
1751.2	[882/1191] Building CXX object library/src/tensor_operation_instance/gpu/grouped_conv3d_fwd_bias_bnorm_clamp/CMakeFiles/device_grouped_conv3d_fwd_bias_bnorm_clamp_instance.dir/generated/xdl/mem/device_grouped_conv3d_fwd_bias_bn_clamp_xdl_ndhwgc_gkzyxc_ndhwgk_f16_mem_intra_instances_shard_5.cpp.o
1757.2	[883/1191] Building CXX object library/src/tensor_operation_instance/gpu/grouped_conv3d_fwd_bias_bnorm_clamp/CMakeFiles/device_grouped_conv3d_fwd_bias_bnorm_clamp_instance.dir/generated/xdl/mem/device_grouped_conv3d_fwd_bias_bn_clamp_xdl_ndhwgc_gkzyxc_ndhwgk_f16_mem_inter_instances_shard_11.cpp.o
1757.5	[884/1191] Building CXX object library/src/tensor_operation_instance/gpu/grouped_conv3d_fwd/CMakeFiles/device_grouped_conv3d_fwd_instance.dir/generated/xdl/comp/device_grouped_conv3d_fwd_xdl_ngcdhw_gkczyx_ngkdhw_bf16_comp_instances_shard_6.cpp.o
1758.7	[885/1191] Building CXX object library/src/tensor_operation_instance/gpu/grouped_conv3d_fwd_bias_bnorm_clamp/CMakeFiles/device_grouped_conv3d_fwd_bias_bnorm_clamp_instance.dir/generated/xdl/mem/device_grouped_conv3d_fwd_bias_bn_clamp_xdl_ndhwgc_gkzyxc_ndhwgk_f16_mem_inter_instances_shard_14.cpp.o
1764.3	[886/1191] Building CXX object library/src/tensor_operation_instance/gpu/grouped_conv3d_fwd/CMakeFiles/device_grouped_conv3d_fwd_instance.dir/generated/xdl/mem/device_grouped_conv3d_fwd_xdl_ngcdhw_gkczyx_ngkdhw_bf16_mem_intra_instances_shard_8.cpp.o
1765.2	[887/1191] Building CXX object library/src/tensor_operation_instance/gpu/grouped_conv3d_fwd/CMakeFiles/device_grouped_conv3d_fwd_instance.dir/generated/xdl/mem/device_grouped_conv3d_fwd_xdl_ngcdhw_gkczyx_ngkdhw_f16_mem_intra_instances_shard_8.cpp.o
1768.5	[888/1191] Building CXX object library/src/tensor_operation_instance/gpu/grouped_conv3d_fwd_bias_bnorm_clamp/CMakeFiles/device_grouped_conv3d_fwd_bias_bnorm_clamp_instance.dir/generated/xdl/mem/device_grouped_conv3d_fwd_bias_bn_clamp_xdl_ndhwgc_gkzyxc_ndhwgk_bf16_mem_inter_instances_shard_8.cpp.o
1770.2	[889/1191] Building CXX object library/src/tensor_operation_instance/gpu/grouped_conv3d_fwd_bias_bnorm_clamp/CMakeFiles/device_grouped_conv3d_fwd_bias_bnorm_clamp_instance.dir/generated/xdl/mem/device_grouped_conv3d_fwd_bias_bn_clamp_xdl_ndhwgc_gkzyxc_ndhwgk_f32_mem_inter_instances_shard_10.cpp.o
1771.7	[890/1191] Building CXX object library/src/tensor_operation_instance/gpu/grouped_conv3d_fwd_bias_bnorm_clamp/CMakeFiles/device_grouped_conv3d_fwd_bias_bnorm_clamp_instance.dir/generated/xdl/mem/device_grouped_conv3d_fwd_bias_bn_clamp_xdl_ndhwgc_gkzyxc_ndhwgk_f32_mem_inter_instances_shard_11.cpp.o
1772.8	[891/1191] Building CXX object library/src/tensor_operation_instance/gpu/grouped_conv3d_fwd/CMakeFiles/device_grouped_conv3d_fwd_instance.dir/generated/xdl/comp/device_grouped_conv3d_fwd_xdl_ndhwgc_gkzyxc_ndhwgk_f16_comp_instances_shard_0.cpp.o
1774.9	[892/1191] Building CXX object library/src/tensor_operation_instance/gpu/grouped_conv3d_fwd_bias_bnorm_clamp/CMakeFiles/device_grouped_conv3d_fwd_bias_bnorm_clamp_instance.dir/generated/xdl/mem/device_grouped_conv3d_fwd_bias_bn_clamp_xdl_ndhwgc_gkzyxc_ndhwgk_bf16_mem_inter_instances_shard_5.cpp.o
1775.6	[893/1191] Building CXX object library/src/tensor_operation_instance/gpu/grouped_conv3d_fwd_bias_bnorm_clamp/CMakeFiles/device_grouped_conv3d_fwd_bias_bnorm_clamp_instance.dir/generated/xdl/mem/device_grouped_conv3d_fwd_bias_bn_clamp_xdl_ndhwgc_gkzyxc_ndhwgk_f32_mem_inter_instances_shard_8.cpp.o
1775.9	[894/1191] Building CXX object library/src/tensor_operation_instance/gpu/grouped_conv3d_fwd/CMakeFiles/device_grouped_conv3d_fwd_instance.dir/generated/xdl/comp/device_grouped_conv3d_fwd_xdl_ngcdhw_gkczyx_ngkdhw_bf16_comp_instances_shard_7.cpp.o
1780.5	[895/1191] Building CXX object library/src/tensor_operation_instance/gpu/grouped_conv3d_fwd_bias_bnorm_clamp/CMakeFiles/device_grouped_conv3d_fwd_bias_bnorm_clamp_instance.dir/generated/xdl/comp/device_grouped_conv3d_fwd_bias_bn_clamp_xdl_ndhwgc_gkzyxc_ndhwgk_bf16_comp_instances_shard_10.cpp.o
1780.7	[896/1191] Building CXX object library/src/tensor_operation_instance/gpu/grouped_conv3d_fwd/CMakeFiles/device_grouped_conv3d_fwd_instance.dir/generated/xdl/mem/device_grouped_conv3d_fwd_xdl_ngcdhw_gkczyx_ngkdhw_f16_mem_inter_instances_shard_6.cpp.o
1782.8	[897/1191] Building CXX object library/src/tensor_operation_instance/gpu/grouped_conv3d_fwd_bias_bnorm_clamp/CMakeFiles/device_grouped_conv3d_fwd_bias_bnorm_clamp_instance.dir/generated/xdl/mem/device_grouped_conv3d_fwd_bias_bn_clamp_xdl_ndhwgc_gkzyxc_ndhwgk_bf16_mem_inter_instances_shard_7.cpp.o
1783.8	[898/1191] Building CXX object library/src/tensor_operation_instance/gpu/grouped_conv3d_fwd_bias_bnorm_clamp/CMakeFiles/device_grouped_conv3d_fwd_bias_bnorm_clamp_instance.dir/generated/xdl/mem/device_grouped_conv3d_fwd_bias_bn_clamp_xdl_ndhwgc_gkzyxc_ndhwgk_f32_mem_inter_instances_shard_12.cpp.o
1784.0	[899/1191] Building CXX object library/src/tensor_operation_instance/gpu/grouped_conv3d_fwd_bias_bnorm_clamp/CMakeFiles/device_grouped_conv3d_fwd_bias_bnorm_clamp_instance.dir/generated/xdl/mem/device_grouped_conv3d_fwd_bias_bn_clamp_xdl_ndhwgc_gkzyxc_ndhwgk_f16_mem_inter_instances_shard_10.cpp.o
1784.3	[900/1191] Building CXX object library/src/tensor_operation_instance/gpu/grouped_conv3d_fwd_bias_bnorm_clamp/CMakeFiles/device_grouped_conv3d_fwd_bias_bnorm_clamp_instance.dir/generated/xdl/mem/device_grouped_conv3d_fwd_bias_bn_clamp_xdl_ndhwgc_gkzyxc_ndhwgk_f16_mem_inter_instances_shard_13.cpp.o
1786.0	[901/1191] Building CXX object library/src/tensor_operation_instance/gpu/grouped_conv3d_fwd/CMakeFiles/device_grouped_conv3d_fwd_instance.dir/generated/xdl/mem/device_grouped_conv3d_fwd_xdl_ngcdhw_gkczyx_ngkdhw_f16_mem_inter_instances_shard_8.cpp.o
1788.3	[902/1191] Building CXX object library/src/tensor_operation_instance/gpu/grouped_conv3d_fwd_bias_bnorm_clamp/CMakeFiles/device_grouped_conv3d_fwd_bias_bnorm_clamp_instance.dir/generated/xdl/mem/device_grouped_conv3d_fwd_bias_bn_clamp_xdl_ndhwgc_gkzyxc_ndhwgk_bf16_mem_inter_instances_shard_18.cpp.o
1788.6	[903/1191] Building CXX object library/src/tensor_operation_instance/gpu/grouped_conv3d_fwd_bias_bnorm_clamp/CMakeFiles/device_grouped_conv3d_fwd_bias_bnorm_clamp_instance.dir/generated/xdl/mem/device_grouped_conv3d_fwd_bias_bn_clamp_xdl_ndhwgc_gkzyxc_ndhwgk_bf16_mem_inter_instances_shard_19.cpp.o
1793.3	[904/1191] Building CXX object library/src/tensor_operation_instance/gpu/grouped_conv3d_fwd_bias_bnorm_clamp/CMakeFiles/device_grouped_conv3d_fwd_bias_bnorm_clamp_instance.dir/generated/xdl/comp/device_grouped_conv3d_fwd_bias_bn_clamp_xdl_ndhwgc_gkzyxc_ndhwgk_bf16_comp_instances_shard_9.cpp.o
1797.5	[905/1191] Building CXX object library/src/tensor_operation_instance/gpu/grouped_conv3d_fwd_bias_bnorm_clamp/CMakeFiles/device_grouped_conv3d_fwd_bias_bnorm_clamp_instance.dir/generated/xdl/mem/device_grouped_conv3d_fwd_bias_bn_clamp_xdl_ndhwgc_gkzyxc_ndhwgk_f16_mem_inter_instances_shard_7.cpp.o
1797.7	[906/1191] Building CXX object library/src/tensor_operation_instance/gpu/grouped_conv3d_fwd/CMakeFiles/device_grouped_conv3d_fwd_instance.dir/generated/xdl/mem/device_grouped_conv3d_fwd_xdl_ngcdhw_gkczyx_ngkdhw_f16_mem_intra_instances_shard_7.cpp.o
1798.1	[907/1191] Building CXX object library/src/tensor_operation_instance/gpu/grouped_conv3d_fwd/CMakeFiles/device_grouped_conv3d_fwd_instance.dir/xdl/comp/device_grouped_conv3d_fwd_xdl_ngcdhw_gkczyx_ngkdhw_f32_comp_instance.cpp.o
1800.7	[908/1191] Building CXX object library/src/tensor_operation_instance/gpu/grouped_conv3d_fwd/CMakeFiles/device_grouped_conv3d_fwd_instance.dir/generated/xdl/comp/device_grouped_conv3d_fwd_xdl_ngcdhw_gkczyx_ngkdhw_bf16_comp_instances_shard_1.cpp.o
1805.3	[909/1191] Building CXX object library/src/tensor_operation_instance/gpu/grouped_conv3d_fwd_bias_bnorm_clamp/CMakeFiles/device_grouped_conv3d_fwd_bias_bnorm_clamp_instance.dir/generated/xdl/mem/device_grouped_conv3d_fwd_bias_bn_clamp_xdl_ndhwgc_gkzyxc_ndhwgk_f16_mem_inter_instances_shard_16.cpp.o
1808.3	[910/1191] Building CXX object library/src/tensor_operation_instance/gpu/grouped_conv3d_fwd_bias_bnorm_clamp/CMakeFiles/device_grouped_conv3d_fwd_bias_bnorm_clamp_instance.dir/generated/xdl/mem/device_grouped_conv3d_fwd_bias_bn_clamp_xdl_ndhwgc_gkzyxc_ndhwgk_bf16_mem_inter_instances_shard_17.cpp.o
1809.9	[911/1191] Building CXX object library/src/tensor_operation_instance/gpu/grouped_conv3d_fwd_bias_bnorm_clamp/CMakeFiles/device_grouped_conv3d_fwd_bias_bnorm_clamp_instance.dir/generated/xdl/mem/device_grouped_conv3d_fwd_bias_bn_clamp_xdl_ndhwgc_gkzyxc_ndhwgk_f32_mem_inter_instances_shard_9.cpp.o
1811.1	[912/1191] Building CXX object library/src/tensor_operation_instance/gpu/grouped_conv3d_fwd_bias_bnorm_clamp/CMakeFiles/device_grouped_conv3d_fwd_bias_bnorm_clamp_instance.dir/generated/xdl/mem/device_grouped_conv3d_fwd_bias_bn_clamp_xdl_ndhwgc_gkzyxc_ndhwgk_f16_mem_inter_instances_shard_18.cpp.o
1811.6	[913/1191] Building CXX object library/src/tensor_operation_instance/gpu/grouped_conv3d_fwd/CMakeFiles/device_grouped_conv3d_fwd_instance.dir/generated/xdl/comp/device_grouped_conv3d_fwd_xdl_ndhwgc_gkzyxc_ndhwgk_bf16_comp_instances_shard_0.cpp.o
1812.6	[914/1191] Building CXX object library/src/tensor_operation_instance/gpu/grouped_conv3d_fwd_bias_bnorm_clamp/CMakeFiles/device_grouped_conv3d_fwd_bias_bnorm_clamp_instance.dir/generated/xdl/mem/device_grouped_conv3d_fwd_bias_bn_clamp_xdl_ndhwgc_gkzyxc_ndhwgk_f16_mem_inter_instances_shard_6.cpp.o
1813.6	[915/1191] Building CXX object library/src/tensor_operation_instance/gpu/grouped_conv3d_fwd_bias_bnorm_clamp/CMakeFiles/device_grouped_conv3d_fwd_bias_bnorm_clamp_instance.dir/generated/xdl/mem/device_grouped_conv3d_fwd_bias_bn_clamp_xdl_ndhwgc_gkzyxc_ndhwgk_f16_mem_inter_instances_shard_17.cpp.o
1816.0	[916/1191] Building CXX object library/src/tensor_operation_instance/gpu/grouped_conv3d_fwd_bias_bnorm_clamp/CMakeFiles/device_grouped_conv3d_fwd_bias_bnorm_clamp_instance.dir/generated/xdl/mem/device_grouped_conv3d_fwd_bias_bn_clamp_xdl_ndhwgc_gkzyxc_ndhwgk_f32_mem_inter_instances_shard_13.cpp.o
1817.8	[917/1191] Building CXX object library/src/tensor_operation_instance/gpu/grouped_conv2d_bwd_weight/CMakeFiles/device_grouped_conv2d_bwd_weight_instance.dir/xdl/ngchw_gkcyx_ngkhw/device_grouped_conv2d_bwd_weight_xdl_ngchw_gkcyx_ngkhw_f32_instance.cpp.o
1820.1	[918/1191] Building CXX object library/src/tensor_operation_instance/gpu/grouped_conv2d_fwd/CMakeFiles/device_grouped_conv2d_fwd_instance.dir/xdl/comp/device_grouped_conv2d_fwd_xdl_nhwgc_gkyxc_nhwgk_bf16_comp_instance.cpp.o
1821.1	[919/1191] Building CXX object library/src/tensor_operation_instance/gpu/grouped_conv2d_fwd/CMakeFiles/device_grouped_conv2d_fwd_instance.dir/xdl/mem/device_grouped_conv2d_fwd_xdl_ngchw_gkcyx_ngkhw_f32_mem_inter_instance.cpp.o
1825.8	[920/1191] Building CXX object library/src/tensor_operation_instance/gpu/grouped_conv3d_fwd_bias_clamp/CMakeFiles/device_grouped_conv3d_fwd_bias_clamp_instance.dir/xdl/merged_groups/device_grouped_conv3d_fwd_bias_clamp_xdl_merged_groups_ndhwgc_gkzyxc_ndhwgk_bf16_instance.cpp.o
1826.4	[921/1191] Building CXX object library/src/tensor_operation_instance/gpu/grouped_conv3d_fwd_bias_bnorm_clamp/CMakeFiles/device_grouped_conv3d_fwd_bias_bnorm_clamp_instance.dir/generated/xdl/comp/device_grouped_conv3d_fwd_bias_bn_clamp_xdl_ndhwgc_gkzyxc_ndhwgk_f16_comp_2x_instances_shard_0.cpp.o
1826.8	[922/1191] Building CXX object library/src/tensor_operation_instance/gpu/grouped_conv3d_fwd_bias_bnorm_clamp/CMakeFiles/device_grouped_conv3d_fwd_bias_bnorm_clamp_instance.dir/generated/xdl/mem/device_grouped_conv3d_fwd_bias_bn_clamp_xdl_ndhwgc_gkzyxc_ndhwgk_bf16_mem_inter_instances_shard_4.cpp.o
1829.2	[923/1191] Building CXX object library/src/tensor_operation_instance/gpu/grouped_conv3d_fwd_bias_bnorm_clamp/CMakeFiles/device_grouped_conv3d_fwd_bias_bnorm_clamp_instance.dir/generated/xdl/comp/device_grouped_conv3d_fwd_bias_bn_clamp_xdl_ndhwgc_gkzyxc_ndhwgk_f32_comp_instances_shard_0.cpp.o
1830.1	[924/1191] Building CXX object library/src/tensor_operation_instance/gpu/grouped_conv3d_fwd_bias_bnorm_clamp/CMakeFiles/device_grouped_conv3d_fwd_bias_bnorm_clamp_instance.dir/generated/xdl/comp/device_grouped_conv3d_fwd_bias_bn_clamp_xdl_ndhwgc_gkzyxc_ndhwgk_bf16_comp_part2_instances_shard_3.cpp.o
1830.3	[925/1191] Building CXX object library/src/tensor_operation_instance/gpu/grouped_conv3d_fwd_bias_bnorm_clamp/CMakeFiles/device_grouped_conv3d_fwd_bias_bnorm_clamp_instance.dir/generated/xdl/comp/device_grouped_conv3d_fwd_bias_bn_clamp_xdl_ndhwgc_gkzyxc_ndhwgk_bf16_comp_instances_shard_8.cpp.o
1830.5	[926/1191] Building CXX object library/src/tensor_operation_instance/gpu/grouped_conv3d_fwd_bias_bnorm_clamp/CMakeFiles/device_grouped_conv3d_fwd_bias_bnorm_clamp_instance.dir/generated/xdl/mem/device_grouped_conv3d_fwd_bias_bn_clamp_xdl_ndhwgc_gkzyxc_ndhwgk_f32_mem_inter_instances_shard_6.cpp.o
1830.5	[927/1191] Building CXX object library/src/tensor_operation_instance/gpu/grouped_conv3d_bwd_data_scale/CMakeFiles/device_grouped_conv3d_bwd_data_scale_instance.dir/xdl/device_grouped_conv3d_bwd_data_xdl_scale_ndhwgc_gkzyxc_ndhwgk_f16_instance.cpp.o
1831.2	[928/1191] Building CXX object library/src/tensor_operation_instance/gpu/grouped_conv3d_fwd/CMakeFiles/device_grouped_conv3d_fwd_instance.dir/generated/xdl/mem/device_grouped_conv3d_fwd_xdl_ngcdhw_gkczyx_ngkdhw_f32_mem_intra_instances_shard_5.cpp.o
1832.1	[929/1191] Building CXX object library/src/tensor_operation_instance/gpu/grouped_conv3d_fwd/CMakeFiles/device_grouped_conv3d_fwd_instance.dir/generated/xdl/comp/device_grouped_conv3d_fwd_xdl_ngcdhw_gkczyx_ngkdhw_f16_comp_instances_shard_0.cpp.o
1832.2	[930/1191] Building CXX object library/src/tensor_operation_instance/gpu/grouped_conv3d_fwd_bias_clamp/CMakeFiles/device_grouped_conv3d_fwd_bias_clamp_instance.dir/xdl/merged_groups/device_grouped_conv3d_fwd_bias_clamp_xdl_merged_groups_ndhwgc_gkzyxc_ndhwgk_fp16_instance.cpp.o
1835.2	[931/1191] Building CXX object library/src/tensor_operation_instance/gpu/grouped_conv3d_fwd_bias_bnorm_clamp/CMakeFiles/device_grouped_conv3d_fwd_bias_bnorm_clamp_instance.dir/generated/xdl/comp/device_grouped_conv3d_fwd_bias_bn_clamp_xdl_ndhwgc_gkzyxc_ndhwgk_bf16_comp_2x_instances_shard_0.cpp.o
1835.3	[932/1191] Building CXX object library/src/tensor_operation_instance/gpu/grouped_conv3d_fwd_bias_bnorm_clamp/CMakeFiles/device_grouped_conv3d_fwd_bias_bnorm_clamp_instance.dir/generated/xdl/comp/device_grouped_conv3d_fwd_bias_bn_clamp_xdl_ndhwgc_gkzyxc_ndhwgk_f32_comp_instances_shard_1.cpp.o
1837.0	[933/1191] Building CXX object library/src/tensor_operation_instance/gpu/grouped_conv3d_fwd_bias_bnorm_clamp/CMakeFiles/device_grouped_conv3d_fwd_bias_bnorm_clamp_instance.dir/generated/xdl/comp/device_grouped_conv3d_fwd_bias_bn_clamp_xdl_ndhwgc_gkzyxc_ndhwgk_bf16_comp_instances_shard_7.cpp.o
1837.9	[934/1191] Building CXX object library/src/tensor_operation_instance/gpu/grouped_conv3d_fwd_bias_bnorm_clamp/CMakeFiles/device_grouped_conv3d_fwd_bias_bnorm_clamp_instance.dir/generated/xdl/mem/device_grouped_conv3d_fwd_bias_bn_clamp_xdl_ndhwgc_gkzyxc_ndhwgk_f16_mem_inter_instances_shard_5.cpp.o
1838.9	[935/1191] Building CXX object library/src/tensor_operation_instance/gpu/grouped_conv3d_fwd_bias_bnorm_clamp/CMakeFiles/device_grouped_conv3d_fwd_bias_bnorm_clamp_instance.dir/generated/xdl/mem/device_grouped_conv3d_fwd_bias_bn_clamp_xdl_ndhwgc_gkzyxc_ndhwgk_f32_mem_intra_instances_shard_5.cpp.o
1839.7	[936/1191] Building CXX object library/src/tensor_operation_instance/gpu/grouped_conv3d_fwd_bias_bnorm_clamp/CMakeFiles/device_grouped_conv3d_fwd_bias_bnorm_clamp_instance.dir/generated/xdl/mem/device_grouped_conv3d_fwd_bias_bn_clamp_xdl_ndhwgc_gkzyxc_ndhwgk_bf16_mem_inter_instances_shard_6.cpp.o
1840.0	[937/1191] Building CXX object library/src/utility/CMakeFiles/utility.dir/device_memory.cpp.o
1843.7	[938/1191] Building CXX object library/src/tensor_operation_instance/gpu/grouped_conv3d_fwd_bias_bnorm_clamp/CMakeFiles/device_grouped_conv3d_fwd_bias_bnorm_clamp_instance.dir/generated/xdl/mem/device_grouped_conv3d_fwd_bias_bn_clamp_xdl_ndhwgc_gkzyxc_ndhwgk_f32_mem_inter_instances_shard_7.cpp.o
1844.6	[939/1191] Building CXX object library/src/utility/CMakeFiles/utility.dir/host_tensor.cpp.o
1845.0	[940/1191] Building CXX object library/src/tensor_operation_instance/gpu/grouped_conv3d_fwd_bias_bnorm_clamp/CMakeFiles/device_grouped_conv3d_fwd_bias_bnorm_clamp_instance.dir/generated/xdl/comp/device_grouped_conv3d_fwd_bias_bn_clamp_xdl_ndhwgc_gkzyxc_ndhwgk_bf16_comp_instances_shard_2.cpp.o
1845.1	[941/1191] Building CXX object library/src/tensor_operation_instance/gpu/grouped_conv3d_fwd_bias_bnorm_clamp/CMakeFiles/device_grouped_conv3d_fwd_bias_bnorm_clamp_instance.dir/generated/xdl/mem/device_grouped_conv3d_fwd_bias_bn_clamp_xdl_ndhwgc_gkzyxc_ndhwgk_f16_mem_inter_instances_shard_19.cpp.o
1845.3	[942/1191] Building CXX object library/src/tensor_operation_instance/gpu/grouped_conv3d_fwd_bias_bnorm_clamp/CMakeFiles/device_grouped_conv3d_fwd_bias_bnorm_clamp_instance.dir/generated/xdl/mem/device_grouped_conv3d_fwd_bias_bn_clamp_xdl_ndhwgc_gkzyxc_ndhwgk_f16_mem_inter_instances_shard_4.cpp.o
1847.1	[943/1191] Building CXX object library/src/utility/CMakeFiles/utility.dir/convolution_parameter.cpp.o
1847.2	[944/1191] Linking CXX static library lib/libutility.a
1847.7	[945/1191] Building CXX object library/src/tensor_operation_instance/gpu/grouped_conv3d_fwd_bias_bnorm_clamp/CMakeFiles/device_grouped_conv3d_fwd_bias_bnorm_clamp_instance.dir/generated/xdl/comp/device_grouped_conv3d_fwd_bias_bn_clamp_xdl_ndhwgc_gkzyxc_ndhwgk_f16_comp_part2_instances_shard_1.cpp.o
1849.1	[946/1191] Building CXX object library/src/tensor_operation_instance/gpu/grouped_conv3d_fwd_bias_bnorm_clamp/CMakeFiles/device_grouped_conv3d_fwd_bias_bnorm_clamp_instance.dir/generated/xdl/mem/device_grouped_conv3d_fwd_bias_bn_clamp_xdl_ndhwgc_gkzyxc_ndhwgk_f32_mem_inter_instances_shard_14.cpp.o
1851.2	[947/1191] Building CXX object library/src/tensor_operation_instance/gpu/grouped_conv3d_fwd/CMakeFiles/device_grouped_conv3d_fwd_instance.dir/generated/xdl/mem/device_grouped_conv3d_fwd_xdl_ngcdhw_gkczyx_ngkdhw_f16_mem_intra_instances_shard_6.cpp.o
1854.3	[948/1191] Building CXX object library/src/tensor_operation_instance/gpu/grouped_conv3d_fwd_bias_clamp/CMakeFiles/device_grouped_conv3d_fwd_bias_clamp_instance.dir/xdl/large_tensor/device_grouped_conv3d_fwd_bias_clamp_xdl_large_tensor_ndhwgc_gkzyxc_ndhwgk_fp32_instance.cpp.o
1855.3	[949/1191] Building CXX object library/src/tensor_operation_instance/gpu/grouped_conv3d_fwd_bias_bnorm_clamp/CMakeFiles/device_grouped_conv3d_fwd_bias_bnorm_clamp_instance.dir/generated/xdl/comp/device_grouped_conv3d_fwd_bias_bn_clamp_xdl_ndhwgc_gkzyxc_ndhwgk_f16_comp_part2_instances_shard_7.cpp.o
1856.7	[950/1191] Building CXX object library/src/tensor_operation_instance/gpu/grouped_conv3d_fwd_bias_clamp/CMakeFiles/device_grouped_conv3d_fwd_bias_clamp_instance.dir/xdl/device_grouped_conv3d_fwd_bias_clamp_xdl_ndhwgc_gkzyxc_ndhwgk_fp32_16x16_instance.cpp.o
1857.8	[951/1191] Building CXX object library/src/tensor_operation_instance/gpu/grouped_conv3d_fwd_bias_clamp/CMakeFiles/device_grouped_conv3d_fwd_bias_clamp_instance.dir/xdl/merged_groups/device_grouped_conv3d_fwd_bias_clamp_xdl_merged_groups_ndhwgc_gkzyxc_ndhwgk_fp32_instance.cpp.o
1858.6	[952/1191] Building CXX object library/src/tensor_operation_instance/gpu/grouped_conv3d_fwd_clamp/CMakeFiles/device_grouped_conv3d_fwd_clamp_instance.dir/xdl/merged_groups/device_grouped_conv3d_fwd_clamp_xdl_merged_groups_ndhwgc_gkzyxc_ndhwgk_bf16_instance.cpp.o
1859.4	[953/1191] Building CXX object library/src/tensor_operation_instance/gpu/grouped_conv3d_fwd_bias_bnorm_clamp/CMakeFiles/device_grouped_conv3d_fwd_bias_bnorm_clamp_instance.dir/generated/xdl/comp/device_grouped_conv3d_fwd_bias_bn_clamp_xdl_ndhwgc_gkzyxc_ndhwgk_f32_comp_instances_shard_3.cpp.o
1862.0	[954/1191] Building CXX object library/src/tensor_operation_instance/gpu/grouped_conv3d_fwd/CMakeFiles/device_grouped_conv3d_fwd_instance.dir/generated/xdl/mem/device_grouped_conv3d_fwd_xdl_ngcdhw_gkczyx_ngkdhw_f32_mem_inter_instances_shard_5.cpp.o
1862.4	[955/1191] Building CXX object library/src/tensor_operation_instance/gpu/grouped_conv3d_fwd_clamp/CMakeFiles/device_grouped_conv3d_fwd_clamp_instance.dir/xdl/merged_groups/device_grouped_conv3d_fwd_clamp_xdl_merged_groups_ndhwgc_gkzyxc_ndhwgk_fp16_instance.cpp.o
1862.5	[956/1191] Building CXX object library/src/tensor_operation_instance/gpu/grouped_conv3d_bwd_weight/CMakeFiles/device_grouped_conv3d_bwd_weight_instance.dir/xdl/ndhwgc_gkzyxc_ndhwgk/device_grouped_conv3d_bwd_weight_xdl_ndhwgc_gkzyxc_ndhwgk_bf16_default_pipev5_instance.cpp.o
1863.1	[957/1191] Building CXX object library/src/tensor_operation_instance/gpu/grouped_conv3d_fwd_bias_clamp/CMakeFiles/device_grouped_conv3d_fwd_bias_clamp_instance.dir/xdl/device_grouped_conv3d_fwd_bias_clamp_xdl_ndhwgc_gkzyxc_ndhwgk_fp16_16x16_instance.cpp.o
1866.1	[958/1191] Building CXX object library/src/tensor_operation_instance/gpu/grouped_conv3d_fwd_bias_bnorm_clamp/CMakeFiles/device_grouped_conv3d_fwd_bias_bnorm_clamp_instance.dir/generated/xdl/comp/device_grouped_conv3d_fwd_bias_bn_clamp_xdl_ndhwgc_gkzyxc_ndhwgk_bf16_comp_instances_shard_5.cpp.o
1868.9	[959/1191] Building CXX object library/src/tensor_operation_instance/gpu/grouped_conv2d_fwd_clamp/CMakeFiles/device_grouped_conv2d_fwd_clamp_instance.dir/xdl/comp/device_grouped_conv2d_fwd_clamp_xdl_nhwgc_gkyxc_nhwgk_bf16_comp_part2_instance.cpp.o
1870.2	[960/1191] Building CXX object library/src/tensor_operation_instance/gpu/grouped_conv3d_fwd_bias_bnorm_clamp/CMakeFiles/device_grouped_conv3d_fwd_bias_bnorm_clamp_instance.dir/generated/xdl/comp/device_grouped_conv3d_fwd_bias_bn_clamp_xdl_ndhwgc_gkzyxc_ndhwgk_bf16_comp_instances_shard_6.cpp.o
1871.3	[961/1191] Building CXX object library/src/tensor_operation_instance/gpu/grouped_conv3d_fwd_bias_bnorm_clamp/CMakeFiles/device_grouped_conv3d_fwd_bias_bnorm_clamp_instance.dir/generated/xdl/mem/device_grouped_conv3d_fwd_bias_bn_clamp_xdl_ndhwgc_gkzyxc_ndhwgk_f32_mem_intra_instances_shard_4.cpp.o
1871.7	[962/1191] Building CXX object library/src/tensor_operation_instance/gpu/grouped_conv3d_fwd_bias_clamp/CMakeFiles/device_grouped_conv3d_fwd_bias_clamp_instance.dir/xdl/device_grouped_conv3d_fwd_bias_clamp_xdl_ndhwgc_gkzyxc_ndhwgk_bf16_16x16_instance.cpp.o
1874.3	[963/1191] Building CXX object library/src/tensor_operation_instance/gpu/grouped_conv3d_fwd_clamp/CMakeFiles/device_grouped_conv3d_fwd_clamp_instance.dir/xdl/merged_groups/device_grouped_conv3d_fwd_clamp_xdl_merged_groups_ndhwgc_gkzyxc_ndhwgk_fp32_instance.cpp.o
1878.6	[964/1191] Building CXX object library/src/tensor_operation_instance/gpu/grouped_conv2d_fwd/CMakeFiles/device_grouped_conv2d_fwd_instance.dir/xdl/comp/device_grouped_conv2d_fwd_xdl_nhwgc_gkyxc_nhwgk_int8_comp_instance.cpp.o
1880.9	[965/1191] Building CXX object library/src/tensor_operation_instance/gpu/grouped_conv3d_fwd_clamp/CMakeFiles/device_grouped_conv3d_fwd_clamp_instance.dir/xdl/device_grouped_conv3d_fwd_clamp_xdl_ndhwgc_gkzyxc_ndhwgk_fp32_16x16_instance.cpp.o
1881.5	[966/1191] Building CXX object library/src/tensor_operation_instance/gpu/grouped_conv3d_fwd_clamp/CMakeFiles/device_grouped_conv3d_fwd_clamp_instance.dir/xdl/device_grouped_conv3d_fwd_clamp_xdl_ndhwgc_gkzyxc_ndhwgk_fp16_16x16_instance.cpp.o
1883.8	[967/1191] Building CXX object library/src/tensor_operation_instance/gpu/grouped_conv3d_fwd_bias_bnorm_clamp/CMakeFiles/device_grouped_conv3d_fwd_bias_bnorm_clamp_instance.dir/generated/xdl/comp/device_grouped_conv3d_fwd_bias_bn_clamp_xdl_ndhwgc_gkzyxc_ndhwgk_f16_comp_part2_instances_shard_11.cpp.o
1886.8	[968/1191] Building CXX object library/src/tensor_operation_instance/gpu/grouped_conv3d_fwd_clamp/CMakeFiles/device_grouped_conv3d_fwd_clamp_instance.dir/xdl/device_grouped_conv3d_fwd_clamp_xdl_ndhwgc_gkzyxc_ndhwgk_bf16_16x16_instance.cpp.o
1887.0	[969/1191] Building CXX object library/src/tensor_operation_instance/gpu/grouped_conv3d_fwd_bias_bnorm_clamp/CMakeFiles/device_grouped_conv3d_fwd_bias_bnorm_clamp_instance.dir/generated/xdl/mem/device_grouped_conv3d_fwd_bias_bn_clamp_xdl_ndhwgc_gkzyxc_ndhwgk_f32_mem_inter_instances_shard_5.cpp.o
1889.3	[970/1191] Building CXX object library/src/tensor_operation_instance/gpu/grouped_conv3d_fwd_clamp/CMakeFiles/device_grouped_conv3d_fwd_clamp_instance.dir/xdl/large_tensor/device_grouped_conv3d_fwd_clamp_xdl_large_tensor_ndhwgc_gkzyxc_ndhwgk_fp32_instance.cpp.o
1889.9	[971/1191] Building CXX object library/src/tensor_operation_instance/gpu/grouped_conv3d_fwd_bias_bnorm_clamp/CMakeFiles/device_grouped_conv3d_fwd_bias_bnorm_clamp_instance.dir/generated/xdl/comp/device_grouped_conv3d_fwd_bias_bn_clamp_xdl_ndhwgc_gkzyxc_ndhwgk_f16_comp_part2_instances_shard_10.cpp.o
1892.0	[972/1191] Building CXX object library/src/tensor_operation_instance/gpu/grouped_conv3d_fwd_bias_bnorm_clamp/CMakeFiles/device_grouped_conv3d_fwd_bias_bnorm_clamp_instance.dir/generated/xdl/comp/device_grouped_conv3d_fwd_bias_bn_clamp_xdl_ndhwgc_gkzyxc_ndhwgk_bf16_comp_instances_shard_1.cpp.o
1894.9	[973/1191] Building CXX object library/src/tensor_operation_instance/gpu/grouped_conv3d_fwd_bias_clamp/CMakeFiles/device_grouped_conv3d_fwd_bias_clamp_instance.dir/xdl/large_tensor/device_grouped_conv3d_fwd_bias_clamp_xdl_large_tensor_ndhwgc_gkzyxc_ndhwgk_fp16_instance.cpp.o
1898.1	[974/1191] Building CXX object library/src/tensor_operation_instance/gpu/grouped_conv2d_fwd_bias_clamp/CMakeFiles/device_grouped_conv2d_fwd_bias_clamp_instance.dir/xdl/comp/device_grouped_conv2d_fwd_bias_clamp_xdl_nhwgc_gkyxc_nhwgk_bf16_comp_part2_instance.cpp.o
1898.5	[975/1191] Building CXX object library/src/tensor_operation_instance/gpu/grouped_conv3d_fwd/CMakeFiles/device_grouped_conv3d_fwd_instance.dir/generated/xdl/mem/device_grouped_conv3d_fwd_xdl_ngcdhw_gkczyx_ngkdhw_f32_mem_inter_instances_shard_4.cpp.o
1899.2	[976/1191] Building CXX object library/src/tensor_operation_instance/gpu/grouped_conv3d_bwd_weight/CMakeFiles/device_grouped_conv3d_bwd_weight_instance.dir/xdl/ndhwgc_gkzyxc_ndhwgk/device_grouped_conv3d_bwd_weight_xdl_ndhwgc_gkzyxc_ndhwgk_f16_default_pipev5_instance.cpp.o
1900.3	[977/1191] Building CXX object library/src/tensor_operation_instance/gpu/grouped_conv3d_fwd_bias_bnorm_clamp/CMakeFiles/device_grouped_conv3d_fwd_bias_bnorm_clamp_instance.dir/generated/xdl/comp/device_grouped_conv3d_fwd_bias_bn_clamp_xdl_ndhwgc_gkzyxc_ndhwgk_bf16_comp_instances_shard_3.cpp.o
1903.8	[978/1191] Building CXX object library/src/tensor_operation_instance/gpu/grouped_conv3d_fwd_bias_bnorm_clamp/CMakeFiles/device_grouped_conv3d_fwd_bias_bnorm_clamp_instance.dir/generated/xdl/comp/device_grouped_conv3d_fwd_bias_bn_clamp_xdl_ndhwgc_gkzyxc_ndhwgk_f16_comp_part2_instances_shard_9.cpp.o
1905.0	[979/1191] Building CXX object library/src/tensor_operation_instance/gpu/grouped_conv2d_bwd_weight/CMakeFiles/device_grouped_conv2d_bwd_weight_instance.dir/xdl/nhwgc_gkyxc_nhwgk/device_grouped_conv2d_bwd_weight_two_stage_xdl_nhwgc_gkyxc_nhwgk_f16_pipev5_irregular_instance.cpp.o
1905.5	[980/1191] Building CXX object library/src/tensor_operation_instance/gpu/grouped_conv3d_fwd_bias_bnorm_clamp/CMakeFiles/device_grouped_conv3d_fwd_bias_bnorm_clamp_instance.dir/generated/xdl/mem/device_grouped_conv3d_fwd_bias_bn_clamp_xdl_ndhwgc_gkzyxc_ndhwgk_f32_mem_inter_instances_shard_15.cpp.o
1906.0	[981/1191] Building CXX object library/src/tensor_operation_instance/gpu/grouped_conv3d_fwd_bias_bnorm_clamp/CMakeFiles/device_grouped_conv3d_fwd_bias_bnorm_clamp_instance.dir/generated/xdl/comp/device_grouped_conv3d_fwd_bias_bn_clamp_xdl_ndhwgc_gkzyxc_ndhwgk_f16_comp_part2_instances_shard_2.cpp.o
1916.3	[982/1191] Building CXX object library/src/tensor_operation_instance/gpu/grouped_conv3d_fwd_bias_clamp/CMakeFiles/device_grouped_conv3d_fwd_bias_clamp_instance.dir/xdl/large_tensor/device_grouped_conv3d_fwd_bias_clamp_xdl_large_tensor_ndhwgc_gkzyxc_ndhwgk_bf16_instance.cpp.o
1918.9	[983/1191] Building CXX object library/src/tensor_operation_instance/gpu/grouped_conv3d_fwd_clamp/CMakeFiles/device_grouped_conv3d_fwd_clamp_instance.dir/xdl/large_tensor/device_grouped_conv3d_fwd_clamp_xdl_large_tensor_ndhwgc_gkzyxc_ndhwgk_bf16_instance.cpp.o
1920.0	[984/1191] Building CXX object library/src/tensor_operation_instance/gpu/grouped_conv3d_fwd/CMakeFiles/device_grouped_conv3d_fwd_instance.dir/generated/xdl/comp/device_grouped_conv3d_fwd_xdl_ndhwgc_gkzyxc_ndhwgk_bf16_comp_instances_shard_4.cpp.o
1920.1	[985/1191] Building CXX object library/src/tensor_operation_instance/gpu/grouped_conv3d_fwd_bias_bnorm_clamp/CMakeFiles/device_grouped_conv3d_fwd_bias_bnorm_clamp_instance.dir/generated/xdl/comp/device_grouped_conv3d_fwd_bias_bn_clamp_xdl_ndhwgc_gkzyxc_ndhwgk_f16_comp_instances_shard_0.cpp.o
1926.4	[986/1191] Building CXX object library/src/tensor_operation_instance/gpu/grouped_conv3d_bwd_data_scale/CMakeFiles/device_grouped_conv3d_bwd_data_scale_instance.dir/xdl/device_grouped_conv3d_bwd_data_xdl_scale_ndhwgc_gkzyxc_ndhwgk_f32_instance.cpp.o
1931.7	[987/1191] Building CXX object library/src/tensor_operation_instance/gpu/grouped_conv3d_bwd_weight_bilinear/CMakeFiles/device_grouped_conv3d_bwd_weight_bilinear_instance.dir/xdl/device_grouped_conv3d_bwd_weight_xdl_bilinear_ndhwgc_gkzyxc_ndhwgk_bf16_instance.cpp.o
1933.5	[988/1191] Building CXX object library/src/tensor_operation_instance/gpu/grouped_conv3d_fwd_bias_bnorm_clamp/CMakeFiles/device_grouped_conv3d_fwd_bias_bnorm_clamp_instance.dir/generated/xdl/comp/device_grouped_conv3d_fwd_bias_bn_clamp_xdl_ndhwgc_gkzyxc_ndhwgk_f16_comp_part2_instances_shard_4.cpp.o
1934.4	[989/1191] Building CXX object library/src/tensor_operation_instance/gpu/grouped_conv3d_fwd_clamp/CMakeFiles/device_grouped_conv3d_fwd_clamp_instance.dir/xdl/large_tensor/device_grouped_conv3d_fwd_clamp_xdl_large_tensor_ndhwgc_gkzyxc_ndhwgk_fp16_instance.cpp.o
1937.5	[990/1191] Building CXX object library/src/tensor_operation_instance/gpu/quantization/CMakeFiles/device_quantization_instance.dir/gemm/device_gemm_quantization_dl_c_shuffle_i8_i8_i8_mk_nk_mn_instance.cpp.o
1938.0	[991/1191] Building CXX object library/src/tensor_operation_instance/gpu/quantization/CMakeFiles/device_quantization_instance.dir/gemm/device_gemm_quantization_dl_c_shuffle_i8_i8_i8_km_kn_mn_instance.cpp.o
1938.3	[992/1191] Building CXX object library/src/tensor_operation_instance/gpu/grouped_conv2d_fwd_bias_clamp/CMakeFiles/device_grouped_conv2d_fwd_bias_clamp_instance.dir/xdl/mem/device_grouped_conv2d_fwd_bias_clamp_xdl_nhwgc_gkyxc_nhwgk_fp32_mem_intra_instance.cpp.o
1939.0	[993/1191] Building CXX object library/src/tensor_operation_instance/gpu/quantization/CMakeFiles/device_quantization_instance.dir/gemm/device_gemm_quantization_dl_c_shuffle_i8_i8_i8_km_nk_mn_instance.cpp.o
1940.6	[994/1191] Building CXX object library/src/tensor_operation_instance/gpu/grouped_conv3d_fwd_bias_bnorm_clamp/CMakeFiles/device_grouped_conv3d_fwd_bias_bnorm_clamp_instance.dir/generated/xdl/comp/device_grouped_conv3d_fwd_bias_bn_clamp_xdl_ndhwgc_gkzyxc_ndhwgk_bf16_comp_part2_instances_shard_0.cpp.o
1941.5	[995/1191] Building CXX object library/src/tensor_operation_instance/gpu/quantization/CMakeFiles/device_quantization_instance.dir/gemm/device_gemm_quantization_dl_c_shuffle_i8_i8_i8_mk_kn_mn_instance.cpp.o
1943.3	[996/1191] Building CXX object library/src/tensor_operation_instance/gpu/grouped_conv3d_bwd_weight/CMakeFiles/device_grouped_conv3d_bwd_weight_instance.dir/xdl/ndhwgc_gkzyxc_ndhwgk/device_grouped_conv3d_bwd_weight_xdl_ndhwgc_gkzyxc_ndhwgk_f16_comp_bf8_fp8_instance.cpp.o
1943.3	/work/grodgers/git/tr-aomp/TheRock/ml-libs/composable_kernel/library/src/tensor_operation_instance/gpu/grouped_conv3d_bwd_weight/xdl/ndhwgc_gkzyxc_ndhwgk/device_grouped_conv3d_bwd_weight_xdl_ndhwgc_gkzyxc_ndhwgk_f16_comp_bf8_fp8_instance.cpp:27:9: warning: These instances are getting deprecated [-W#pragma-messages]
1943.3	   27 | #pragma message "These instances are getting deprecated"
1943.3	      |         ^
1943.3	1 warning generated when compiling for gfx908.
1943.3	/work/grodgers/git/tr-aomp/TheRock/ml-libs/composable_kernel/library/src/tensor_operation_instance/gpu/grouped_conv3d_bwd_weight/xdl/ndhwgc_gkzyxc_ndhwgk/device_grouped_conv3d_bwd_weight_xdl_ndhwgc_gkzyxc_ndhwgk_f16_comp_bf8_fp8_instance.cpp:27:9: warning: These instances are getting deprecated [-W#pragma-messages]
1943.3	   27 | #pragma message "These instances are getting deprecated"
1943.3	      |         ^
1943.3	1 warning generated when compiling for gfx90a.
1943.3	/work/grodgers/git/tr-aomp/TheRock/ml-libs/composable_kernel/library/src/tensor_operation_instance/gpu/grouped_conv3d_bwd_weight/xdl/ndhwgc_gkzyxc_ndhwgk/device_grouped_conv3d_bwd_weight_xdl_ndhwgc_gkzyxc_ndhwgk_f16_comp_bf8_fp8_instance.cpp:27:9: warning: These instances are getting deprecated [-W#pragma-messages]
1943.3	   27 | #pragma message "These instances are getting deprecated"
1943.3	      |         ^
1943.3	1 warning generated when compiling for gfx942.
1943.3	/work/grodgers/git/tr-aomp/TheRock/ml-libs/composable_kernel/library/src/tensor_operation_instance/gpu/grouped_conv3d_bwd_weight/xdl/ndhwgc_gkzyxc_ndhwgk/device_grouped_conv3d_bwd_weight_xdl_ndhwgc_gkzyxc_ndhwgk_f16_comp_bf8_fp8_instance.cpp:27:9: warning: These instances are getting deprecated [-W#pragma-messages]
1943.3	   27 | #pragma message "These instances are getting deprecated"
1943.3	      |         ^
1943.3	1 warning generated when compiling for host.
1950.2	[997/1191] Building CXX object library/src/tensor_operation_instance/gpu/grouped_conv3d_bwd_data_scale/CMakeFiles/device_grouped_conv3d_bwd_data_scale_instance.dir/xdl/device_grouped_conv3d_bwd_data_xdl_scale_ndhwgc_gkzyxc_ndhwgk_bf16_instance.cpp.o
1950.8	[998/1191] Building CXX object library/src/tensor_operation_instance/gpu/grouped_conv3d_fwd_bias_bnorm_clamp/CMakeFiles/device_grouped_conv3d_fwd_bias_bnorm_clamp_instance.dir/generated/xdl/mem/device_grouped_conv3d_fwd_bias_bn_clamp_xdl_ndhwgc_gkzyxc_ndhwgk_f32_mem_inter_instances_shard_4.cpp.o
1951.4	[999/1191] Building CXX object library/src/tensor_operation_instance/gpu/grouped_conv2d_fwd/CMakeFiles/device_grouped_conv2d_fwd_instance.dir/xdl/mem/device_grouped_conv2d_fwd_xdl_ngchw_gkcyx_ngkhw_f16_mem_intra_instance.cpp.o
1953.9	[1000/1191] Building CXX object library/src/tensor_operation_instance/gpu/grouped_conv3d_fwd/CMakeFiles/device_grouped_conv3d_fwd_instance.dir/generated/xdl/mem/device_grouped_conv3d_fwd_xdl_ngcdhw_gkczyx_ngkdhw_f32_mem_intra_instances_shard_4.cpp.o
1956.0	[1001/1191] Building CXX object library/src/tensor_operation_instance/gpu/grouped_conv3d_bwd_weight/CMakeFiles/device_grouped_conv3d_bwd_weight_instance.dir/xdl/ndhwgc_gkzyxc_ndhwgk/device_grouped_conv3d_bwd_weight_two_stage_xdl_ndhwgc_gkzyxc_ndhwgk_f16_pipev2_instance.cpp.o
1960.6	[1002/1191] Building CXX object library/src/tensor_operation_instance/gpu/grouped_conv3d_bwd_data/CMakeFiles/device_grouped_conv3d_bwd_data_instance.dir/xdl/device_grouped_conv3d_bwd_data_xdl_ngcdhw_gkczyx_ngkdhw_f16_vec_transpose_instance.cpp.o
1960.9	[1003/1191] Building CXX object library/src/tensor_operation_instance/gpu/grouped_conv2d_bwd_weight/CMakeFiles/device_grouped_conv2d_bwd_weight_instance.dir/xdl/nhwgc_gkyxc_nhwgk/device_grouped_conv2d_bwd_weight_two_stage_xdl_nhwgc_gkyxc_nhwgk_bf16_pipev5_irregular_instance.cpp.o
1962.5	[1004/1191] Building CXX object library/src/tensor_operation_instance/gpu/grouped_conv3d_fwd_bias_bnorm_clamp/CMakeFiles/device_grouped_conv3d_fwd_bias_bnorm_clamp_instance.dir/generated/xdl/comp/device_grouped_conv3d_fwd_bias_bn_clamp_xdl_ndhwgc_gkzyxc_ndhwgk_f32_comp_instances_shard_2.cpp.o
1965.1	[1005/1191] Building CXX object library/src/tensor_operation_instance/gpu/grouped_conv2d_fwd/CMakeFiles/device_grouped_conv2d_fwd_instance.dir/xdl/mem/device_grouped_conv2d_fwd_xdl_ngchw_gkcyx_ngkhw_bf16_mem_intra_instance.cpp.o
1967.1	[1006/1191] Building CXX object library/src/tensor_operation_instance/gpu/grouped_conv3d_bwd_weight/CMakeFiles/device_grouped_conv3d_bwd_weight_instance.dir/xdl/ndhwgc_gkzyxc_ndhwgk/device_grouped_conv3d_bwd_weight_two_stage_xdl_ndhwgc_gkzyxc_ndhwgk_bf16_pipev5_instance.cpp.o
1967.2	[1007/1191] Building CXX object library/src/tensor_operation_instance/gpu/grouped_conv3d_fwd_dynamic_op/CMakeFiles/device_grouped_conv3d_fwd_dynamic_op_instance.dir/xdl/device_grouped_conv3d_fwd_xdl_dynamic_op_ndhwgc_gkzyxc_ndhwgk_f32_instance.cpp.o
1978.2	[1008/1191] Building CXX object library/src/tensor_operation_instance/gpu/grouped_conv3d_bwd_weight/CMakeFiles/device_grouped_conv3d_bwd_weight_instance.dir/xdl/ndhwgc_gkzyxc_ndhwgk/device_grouped_conv3d_bwd_weight_two_stage_xdl_ndhwgc_gkzyxc_ndhwgk_f16_pipev5_instance.cpp.o
1984.9	[1009/1191] Building CXX object library/src/tensor_operation_instance/gpu/grouped_conv3d_bwd_data/CMakeFiles/device_grouped_conv3d_bwd_data_instance.dir/xdl/device_grouped_conv3d_bwd_data_xdl_ngcdhw_gkczyx_ngkdhw_bf16_vec_transpose_instance.cpp.o
1985.7	[1010/1191] Building CXX object library/src/tensor_operation_instance/gpu/grouped_conv2d_fwd/CMakeFiles/device_grouped_conv2d_fwd_instance.dir/xdl/device_grouped_conv2d_fwd_xdl_ngchw_gkcyx_ngkhw_f32_16x16_instance.cpp.o
1985.9	[1011/1191] Building CXX object library/src/tensor_operation_instance/gpu/grouped_conv2d_bwd_weight/CMakeFiles/device_grouped_conv2d_bwd_weight_instance.dir/xdl/ngchw_gkcyx_ngkhw/device_grouped_conv2d_bwd_weight_two_stage_xdl_ngchw_gkcyx_ngkhw_f16_pipev2_instance.cpp.o
1988.0	[1012/1191] Building CXX object library/src/tensor_operation_instance/gpu/grouped_conv3d_fwd_bias_bnorm_clamp/CMakeFiles/device_grouped_conv3d_fwd_bias_bnorm_clamp_instance.dir/generated/xdl/comp/device_grouped_conv3d_fwd_bias_bn_clamp_xdl_ndhwgc_gkzyxc_ndhwgk_f16_comp_part2_instances_shard_8.cpp.o
1990.1	[1013/1191] Building CXX object library/src/tensor_operation_instance/gpu/grouped_conv3d_fwd_bias_bnorm_clamp/CMakeFiles/device_grouped_conv3d_fwd_bias_bnorm_clamp_instance.dir/generated/xdl/comp/device_grouped_conv3d_fwd_bias_bn_clamp_xdl_ndhwgc_gkzyxc_ndhwgk_bf16_comp_part2_instances_shard_4.cpp.o
1990.2	[1014/1191] Building CXX object library/src/tensor_operation_instance/gpu/grouped_conv3d_fwd_dynamic_op/CMakeFiles/device_grouped_conv3d_fwd_dynamic_op_instance.dir/xdl/device_grouped_conv3d_fwd_xdl_dynamic_op_ndhwgc_gkzyxc_ndhwgk_f16_instance.cpp.o
1991.6	[1015/1191] Building CXX object library/src/tensor_operation_instance/gpu/grouped_conv3d_bwd_weight/CMakeFiles/device_grouped_conv3d_bwd_weight_instance.dir/xdl/ndhwgc_gkzyxc_ndhwgk/device_grouped_conv3d_bwd_weight_two_stage_xdl_ndhwgc_gkzyxc_ndhwgk_bf16_pipev2_instance.cpp.o
1991.8	[1016/1191] Building CXX object library/src/tensor_operation_instance/gpu/grouped_conv3d_fwd_bias_bnorm_clamp/CMakeFiles/device_grouped_conv3d_fwd_bias_bnorm_clamp_instance.dir/generated/xdl/comp/device_grouped_conv3d_fwd_bias_bn_clamp_xdl_ndhwgc_gkzyxc_ndhwgk_bf16_comp_instances_shard_0.cpp.o
1992.1	[1017/1191] Building CXX object library/src/tensor_operation_instance/gpu/grouped_conv2d_fwd/CMakeFiles/device_grouped_conv2d_fwd_instance.dir/xdl/mem/device_grouped_conv2d_fwd_xdl_nhwgc_gkyxc_nhwgk_bf16_mem_intra_instance.cpp.o
1995.9	[1018/1191] Building CXX object library/src/tensor_operation_instance/gpu/grouped_conv3d_bwd_data_bilinear/CMakeFiles/device_grouped_conv3d_bwd_data_bilinear_instance.dir/xdl/device_grouped_conv3d_bwd_data_xdl_bilinear_ndhwgc_gkzyxc_ndhwgk_f16_instance.cpp.o
1998.3	[1019/1191] Building CXX object library/src/tensor_operation_instance/gpu/grouped_conv3d_fwd_bias_bnorm_clamp/CMakeFiles/device_grouped_conv3d_fwd_bias_bnorm_clamp_instance.dir/generated/xdl/comp/device_grouped_conv3d_fwd_bias_bn_clamp_xdl_ndhwgc_gkzyxc_ndhwgk_bf16_comp_part2_instances_shard_1.cpp.o
2004.2	[1020/1191] Building CXX object library/src/tensor_operation_instance/gpu/grouped_conv2d_fwd/CMakeFiles/device_grouped_conv2d_fwd_instance.dir/xdl/mem/device_grouped_conv2d_fwd_xdl_nhwgc_gkyxc_nhwgk_f16_mem_intra_instance.cpp.o
2005.2	[1021/1191] Building CXX object library/src/tensor_operation_instance/gpu/grouped_conv3d_fwd_bias_bnorm_clamp/CMakeFiles/device_grouped_conv3d_fwd_bias_bnorm_clamp_instance.dir/generated/xdl/comp/device_grouped_conv3d_fwd_bias_bn_clamp_xdl_ndhwgc_gkzyxc_ndhwgk_bf16_comp_part2_instances_shard_2.cpp.o
2005.6	[1022/1191] Building CXX object library/src/tensor_operation_instance/gpu/grouped_conv3d_fwd_bias_bnorm_clamp/CMakeFiles/device_grouped_conv3d_fwd_bias_bnorm_clamp_instance.dir/generated/xdl/comp/device_grouped_conv3d_fwd_bias_bn_clamp_xdl_ndhwgc_gkzyxc_ndhwgk_f16_comp_part2_instances_shard_6.cpp.o
2006.9	[1023/1191] Building CXX object library/src/tensor_operation_instance/gpu/grouped_conv3d_fwd_bias_bnorm_clamp/CMakeFiles/device_grouped_conv3d_fwd_bias_bnorm_clamp_instance.dir/generated/xdl/comp/device_grouped_conv3d_fwd_bias_bn_clamp_xdl_ndhwgc_gkzyxc_ndhwgk_f16_comp_part2_instances_shard_5.cpp.o
2007.7	[1024/1191] Building CXX object library/src/tensor_operation_instance/gpu/grouped_conv3d_bwd_data_bilinear/CMakeFiles/device_grouped_conv3d_bwd_data_bilinear_instance.dir/xdl/device_grouped_conv3d_bwd_data_xdl_bilinear_ndhwgc_gkzyxc_ndhwgk_f32_instance.cpp.o
2010.8	[1025/1191] Building CXX object library/src/tensor_operation_instance/gpu/grouped_conv2d_fwd_clamp/CMakeFiles/device_grouped_conv2d_fwd_clamp_instance.dir/xdl/mem/device_grouped_conv2d_fwd_clamp_xdl_nhwgc_gkyxc_nhwgk_fp32_mem_intra_instance.cpp.o
2014.3	[1026/1191] Building CXX object library/src/tensor_operation_instance/gpu/grouped_conv2d_bwd_weight/CMakeFiles/device_grouped_conv2d_bwd_weight_instance.dir/xdl/ngchw_gkcyx_ngkhw/device_grouped_conv2d_bwd_weight_two_stage_xdl_ngchw_gkcyx_ngkhw_bf16_pipev2_instance.cpp.o
2018.6	[1027/1191] Building CXX object library/src/tensor_operation_instance/gpu/grouped_conv3d_fwd_dynamic_op/CMakeFiles/device_grouped_conv3d_fwd_dynamic_op_instance.dir/xdl/device_grouped_conv3d_fwd_xdl_dynamic_op_ndhwgc_gkzyxc_ndhwgk_int8_instance.cpp.o
2020.0	[1028/1191] Building CXX object library/src/tensor_operation_instance/gpu/grouped_conv2d_fwd/CMakeFiles/device_grouped_conv2d_fwd_instance.dir/generated/xdl/comp/device_grouped_conv2d_fwd_xdl_ngchw_gkcyx_ngkhw_bf16_comp_instances_shard_5.cpp.o
2020.2	[1029/1191] Building CXX object library/src/tensor_operation_instance/gpu/grouped_conv3d_bwd_data_bilinear/CMakeFiles/device_grouped_conv3d_bwd_data_bilinear_instance.dir/xdl/device_grouped_conv3d_bwd_data_xdl_bilinear_ndhwgc_gkzyxc_ndhwgk_bf16_instance.cpp.o
2023.0	[1030/1191] Building CXX object library/src/tensor_operation_instance/gpu/grouped_conv2d_fwd/CMakeFiles/device_grouped_conv2d_fwd_instance.dir/generated/xdl/device_grouped_conv2d_fwd_xdl_ngchw_gkcyx_ngkhw_f16_instances_shard_4.cpp.o
2024.7	[1031/1191] Building CXX object library/src/tensor_operation_instance/gpu/grouped_conv2d_fwd_bias_clamp/CMakeFiles/device_grouped_conv2d_fwd_bias_clamp_instance.dir/xdl/mem/device_grouped_conv2d_fwd_bias_clamp_xdl_nhwgc_gkyxc_nhwgk_fp32_mem_inter_instance.cpp.o
2027.3	[1032/1191] Building CXX object library/src/tensor_operation_instance/gpu/grouped_conv3d_fwd_dynamic_op/CMakeFiles/device_grouped_conv3d_fwd_dynamic_op_instance.dir/xdl/device_grouped_conv3d_fwd_xdl_dynamic_op_ndhwgc_gkzyxc_ndhwgk_bf16_instance.cpp.o
2028.3	[1033/1191] Building CXX object library/src/tensor_operation_instance/gpu/grouped_conv3d_fwd_bias_bnorm_clamp/CMakeFiles/device_grouped_conv3d_fwd_bias_bnorm_clamp_instance.dir/generated/xdl/comp/device_grouped_conv3d_fwd_bias_bn_clamp_xdl_ndhwgc_gkzyxc_ndhwgk_f16_comp_part2_instances_shard_0.cpp.o
2029.2	[1034/1191] Building CXX object library/src/tensor_operation_instance/gpu/grouped_conv3d_fwd_scaleadd_ab/CMakeFiles/device_grouped_conv3d_fwd_scaleadd_ab_instance.dir/xdl/device_grouped_conv3d_fwd_xdl_scaleadd_ab_ndhwgc_gkzyxc_ndhwgk_f32_instance.cpp.o
2030.1	[1035/1191] Building CXX object library/src/tensor_operation_instance/gpu/grouped_conv2d_bwd_data/CMakeFiles/device_grouped_conv2d_bwd_data_instance.dir/xdl/device_grouped_conv2d_bwd_data_xdl_ngchw_gkcyx_ngkhw_bf16_instance.cpp.o
2031.3	[1036/1191] Building CXX object library/src/tensor_operation_instance/gpu/grouped_conv2d_fwd/CMakeFiles/device_grouped_conv2d_fwd_instance.dir/xdl/mem/device_grouped_conv2d_fwd_xdl_ngchw_gkcyx_ngkhw_f16_mem_inter_instance.cpp.o
2032.1	[1037/1191] Building CXX object library/src/tensor_operation_instance/gpu/grouped_conv2d_fwd/CMakeFiles/device_grouped_conv2d_fwd_instance.dir/generated/xdl/device_grouped_conv2d_fwd_xdl_ngchw_gkcyx_ngkhw_bf16_instances_shard_4.cpp.o
2035.5	[1038/1191] Building CXX object library/src/tensor_operation_instance/gpu/grouped_conv2d_fwd/CMakeFiles/device_grouped_conv2d_fwd_instance.dir/generated/xdl/comp/device_grouped_conv2d_fwd_xdl_ngchw_gkcyx_ngkhw_bf16_comp_instances_shard_3.cpp.o
2036.4	[1039/1191] Building CXX object library/src/tensor_operation_instance/gpu/grouped_conv3d_bwd_weight_scale/CMakeFiles/device_grouped_conv3d_bwd_weight_scale_instance.dir/xdl/device_grouped_conv3d_bwd_weight_xdl_scale_ndhwgc_gkzyxc_ndhwgk_f16_comp_bf8_fp8_instance.cpp.o
2041.9	[1040/1191] Building CXX object library/src/tensor_operation_instance/gpu/grouped_conv2d_bwd_weight/CMakeFiles/device_grouped_conv2d_bwd_weight_instance.dir/xdl/ngchw_gkcyx_ngkhw/device_grouped_conv2d_bwd_weight_two_stage_xdl_ngchw_gkcyx_ngkhw_f16_pipev5_instance.cpp.o
2045.3	[1041/1191] Building CXX object library/src/tensor_operation_instance/gpu/grouped_conv3d_bwd_weight/CMakeFiles/device_grouped_conv3d_bwd_weight_instance.dir/xdl/ndhwgc_gkzyxc_ndhwgk/device_grouped_conv3d_bwd_weight_two_stage_xdl_ndhwgc_gkzyxc_ndhwgk_f16_pipev2_irregular_instance.cpp.o
2048.0	[1042/1191] Building CXX object library/src/tensor_operation_instance/gpu/grouped_conv3d_bwd_data/CMakeFiles/device_grouped_conv3d_bwd_data_instance.dir/xdl/device_grouped_conv3d_bwd_data_xdl_ndhwgc_gkzyxc_ndhwgk_f16_instance.cpp.o
2051.4	[1043/1191] Building CXX object library/src/tensor_operation_instance/gpu/grouped_conv3d_fwd_scaleadd_scaleadd_relu/CMakeFiles/device_grouped_conv3d_fwd_scaleadd_scaleadd_relu_instance.dir/xdl/device_grouped_conv3d_fwd_xdl_scaleadd_scaleadd_relu_ndhwgc_gkzyxc_ndhwgk_f32_instance.cpp.o
2052.3	[1044/1191] Building CXX object library/src/tensor_operation_instance/gpu/grouped_conv3d_bwd_weight_bilinear/CMakeFiles/device_grouped_conv3d_bwd_weight_bilinear_instance.dir/xdl/device_grouped_conv3d_bwd_weight_xdl_bilinear_ndhwgc_gkzyxc_ndhwgk_f16_instance.cpp.o
2052.3	[1045/1191] Building CXX object library/src/tensor_operation_instance/gpu/quantization/CMakeFiles/device_quantization_instance.dir/conv2d_fwd/device_conv2d_dl_perlayer_quantization_int8_instance.cpp.o
2054.3	[1046/1191] Building CXX object library/src/tensor_operation_instance/gpu/grouped_conv3d_fwd_scaleadd_ab/CMakeFiles/device_grouped_conv3d_fwd_scaleadd_ab_instance.dir/xdl/device_grouped_conv3d_fwd_xdl_scaleadd_ab_ndhwgc_gkzyxc_ndhwgk_f16_instance.cpp.o
2055.3	[1047/1191] Building CXX object library/src/tensor_operation_instance/gpu/grouped_conv2d_fwd/CMakeFiles/device_grouped_conv2d_fwd_instance.dir/generated/xdl/comp/device_grouped_conv2d_fwd_xdl_ngchw_gkcyx_ngkhw_bf16_comp_instances_shard_0.cpp.o
2061.8	[1048/1191] Building CXX object library/src/tensor_operation_instance/gpu/grouped_conv2d_fwd/CMakeFiles/device_grouped_conv2d_fwd_instance.dir/xdl/mem/device_grouped_conv2d_fwd_xdl_ngchw_gkcyx_ngkhw_bf16_mem_inter_instance.cpp.o
2062.0	[1049/1191] Building CXX object library/src/tensor_operation_instance/gpu/grouped_conv3d_bwd_data/CMakeFiles/device_grouped_conv3d_bwd_data_instance.dir/xdl/device_grouped_conv3d_bwd_data_xdl_ndhwgc_gkzyxc_ndhwgk_bf16_instance.cpp.o
2063.5	[1050/1191] Building CXX object library/src/tensor_operation_instance/gpu/grouped_conv2d_bwd_weight/CMakeFiles/device_grouped_conv2d_bwd_weight_instance.dir/xdl/ngchw_gkcyx_ngkhw/device_grouped_conv2d_bwd_weight_two_stage_xdl_ngchw_gkcyx_ngkhw_bf16_pipev5_instance.cpp.o
2068.6	[1051/1191] Building CXX object library/src/tensor_operation_instance/gpu/grouped_conv2d_fwd_clamp/CMakeFiles/device_grouped_conv2d_fwd_clamp_instance.dir/xdl/mem/device_grouped_conv2d_fwd_clamp_xdl_nhwgc_gkyxc_nhwgk_fp32_mem_inter_instance.cpp.o
2074.5	[1052/1191] Building CXX object library/src/tensor_operation_instance/gpu/grouped_conv3d_fwd_scaleadd_ab/CMakeFiles/device_grouped_conv3d_fwd_scaleadd_ab_instance.dir/xdl/device_grouped_conv3d_fwd_xdl_scaleadd_ab_ndhwgc_gkzyxc_ndhwgk_int8_instance.cpp.o
2074.5	[1053/1191] Building CXX object library/src/tensor_operation_instance/gpu/grouped_conv2d_fwd_clamp/CMakeFiles/device_grouped_conv2d_fwd_clamp_instance.dir/xdl/comp/device_grouped_conv2d_fwd_clamp_xdl_nhwgc_gkyxc_nhwgk_bf16_comp_instance.cpp.o
2077.4	[1054/1191] Building CXX object library/src/tensor_operation_instance/gpu/grouped_conv3d_fwd/CMakeFiles/device_grouped_conv3d_fwd_instance.dir/generated/xdl/device_grouped_conv3d_fwd_xdl_ngcdhw_gkczyx_ngkdhw_f16_instances_shard_0.cpp.o
2079.6	[1055/1191] Building CXX object library/src/tensor_operation_instance/gpu/grouped_conv3d_fwd/CMakeFiles/device_grouped_conv3d_fwd_instance.dir/generated/xdl/device_grouped_conv3d_fwd_xdl_ngcdhw_gkczyx_ngkdhw_bf16_instances_shard_0.cpp.o
2085.2	[1056/1191] Building CXX object library/src/tensor_operation_instance/gpu/grouped_conv3d_bwd_data/CMakeFiles/device_grouped_conv3d_bwd_data_instance.dir/xdl/device_grouped_conv3d_bwd_data_xdl_ndhwgc_gkzyxc_ndhwgk_f32_instance.cpp.o
2089.5	[1057/1191] Building CXX object library/src/tensor_operation_instance/gpu/grouped_conv3d_fwd_scaleadd_scaleadd_relu/CMakeFiles/device_grouped_conv3d_fwd_scaleadd_scaleadd_relu_instance.dir/xdl/device_grouped_conv3d_fwd_xdl_scaleadd_scaleadd_relu_ndhwgc_gkzyxc_ndhwgk_f16_instance.cpp.o
2093.3	[1058/1191] Building CXX object library/src/tensor_operation_instance/gpu/grouped_conv3d_fwd_scaleadd_scaleadd_relu/CMakeFiles/device_grouped_conv3d_fwd_scaleadd_scaleadd_relu_instance.dir/xdl/device_grouped_conv3d_fwd_xdl_scaleadd_scaleadd_relu_ndhwgc_gkzyxc_ndhwgk_int8_instance.cpp.o
2095.3	[1059/1191] Building CXX object library/src/tensor_operation_instance/gpu/grouped_conv2d_fwd/CMakeFiles/device_grouped_conv2d_fwd_instance.dir/xdl/device_grouped_conv2d_fwd_xdl_ngchw_gkcyx_ngkhw_bf16_16x16_instance.cpp.o
2097.4	[1060/1191] Building CXX object library/src/tensor_operation_instance/gpu/grouped_conv3d_bwd_weight/CMakeFiles/device_grouped_conv3d_bwd_weight_instance.dir/xdl/ndhwgc_gkzyxc_ndhwgk/device_grouped_conv3d_bwd_weight_two_stage_xdl_ndhwgc_gkzyxc_ndhwgk_bf16_pipev2_irregular_instance.cpp.o
2099.0	[1061/1191] Building CXX object library/src/tensor_operation_instance/gpu/grouped_conv3d_fwd_scaleadd_ab/CMakeFiles/device_grouped_conv3d_fwd_scaleadd_ab_instance.dir/xdl/device_grouped_conv3d_fwd_xdl_scaleadd_ab_ndhwgc_gkzyxc_ndhwgk_bf16_instance.cpp.o
2101.7	[1062/1191] Building CXX object library/src/tensor_operation_instance/gpu/grouped_conv2d_fwd/CMakeFiles/device_grouped_conv2d_fwd_instance.dir/xdl/mem/device_grouped_conv2d_fwd_xdl_nhwgc_gkyxc_nhwgk_bf16_mem_inter_instance.cpp.o
2104.5	[1063/1191] Building CXX object library/src/tensor_operation_instance/gpu/grouped_conv3d_bwd_weight/CMakeFiles/device_grouped_conv3d_bwd_weight_instance.dir/xdl/ngcdhw_gkczyx_ngkdhw/device_grouped_conv3d_bwd_weight_two_stage_xdl_ngcdhw_gkczyx_ngkdhw_bf16_pipev1_instance.cpp.o
2109.7	[1064/1191] Building CXX object library/src/tensor_operation_instance/gpu/grouped_conv3d_fwd_bias_bnorm_clamp/CMakeFiles/device_grouped_conv3d_fwd_bias_bnorm_clamp_instance.dir/generated/xdl/comp/device_grouped_conv3d_fwd_bias_bn_clamp_xdl_ndhwgc_gkzyxc_ndhwgk_f16_comp_part2_instances_shard_3.cpp.o
2112.6	[1065/1191] Building CXX object library/src/tensor_operation_instance/gpu/quantization/CMakeFiles/device_quantization_instance.dir/conv2d_fwd/device_conv2d_dl_perchannel_quantization_int8_instance.cpp.o
2118.1	[1066/1191] Building CXX object library/src/tensor_operation_instance/gpu/grouped_conv2d_bwd_data/CMakeFiles/device_grouped_conv2d_bwd_data_instance.dir/xdl/device_grouped_conv2d_bwd_data_xdl_ngchw_gkcyx_ngkhw_f32_instance.cpp.o
2119.4	[1067/1191] Building CXX object library/src/tensor_operation_instance/gpu/grouped_conv3d_fwd_scaleadd_scaleadd_relu/CMakeFiles/device_grouped_conv3d_fwd_scaleadd_scaleadd_relu_instance.dir/xdl/device_grouped_conv3d_fwd_xdl_scaleadd_scaleadd_relu_ndhwgc_gkzyxc_ndhwgk_bf16_instance.cpp.o
2123.6	[1068/1191] Building CXX object library/src/tensor_operation_instance/gpu/grouped_conv2d_fwd/CMakeFiles/device_grouped_conv2d_fwd_instance.dir/xdl/mem/device_grouped_conv2d_fwd_xdl_nhwgc_gkyxc_nhwgk_f16_mem_inter_instance.cpp.o
2123.7	[1069/1191] Building CXX object library/src/tensor_operation_instance/gpu/grouped_conv3d_bwd_data/CMakeFiles/device_grouped_conv3d_bwd_data_instance.dir/xdl/device_grouped_conv3d_bwd_data_xdl_ngcdhw_gkczyx_ngkdhw_f32_vec_transpose_instance.cpp.o
2128.6	[1070/1191] Building CXX object library/src/tensor_operation_instance/gpu/grouped_conv3d_fwd_bias_bnorm_clamp/CMakeFiles/device_grouped_conv3d_fwd_bias_bnorm_clamp_instance.dir/generated/xdl/comp/device_grouped_conv3d_fwd_bias_bn_clamp_xdl_ndhwgc_gkzyxc_ndhwgk_bf16_comp_instances_shard_4.cpp.o
2128.6	[1071/1191] Building CXX object library/src/tensor_operation_instance/gpu/grouped_conv2d_fwd/CMakeFiles/device_grouped_conv2d_fwd_instance.dir/generated/xdl/comp/device_grouped_conv2d_fwd_xdl_ngchw_gkcyx_ngkhw_bf16_comp_instances_shard_4.cpp.o
2128.8	[1072/1191] Building CXX object library/src/tensor_operation_instance/gpu/grouped_conv2d_fwd/CMakeFiles/device_grouped_conv2d_fwd_instance.dir/xdl/device_grouped_conv2d_fwd_xdl_ngchw_gkcyx_ngkhw_f16_16x16_instance.cpp.o
2141.8	[1073/1191] Building CXX object library/src/tensor_operation_instance/gpu/grouped_conv3d_fwd_bilinear/CMakeFiles/device_grouped_conv3d_fwd_bilinear_instance.dir/xdl/device_grouped_conv3d_fwd_xdl_bilinear_ndhwgc_gkzyxc_ndhwgk_f32_instance.cpp.o
2141.8	[1074/1191] Building CXX object library/src/tensor_operation_instance/gpu/grouped_conv3d_fwd/CMakeFiles/device_grouped_conv3d_fwd_instance.dir/xdl/mem/device_grouped_conv3d_fwd_xdl_ndhwgc_gkzyxc_ndhwgk_f32_mem_intra_instance.cpp.o
2141.9	[1075/1191] Building CXX object library/src/tensor_operation_instance/gpu/grouped_conv3d_bwd_weight/CMakeFiles/device_grouped_conv3d_bwd_weight_instance.dir/xdl/ngcdhw_gkczyx_ngkdhw/device_grouped_conv3d_bwd_weight_two_stage_xdl_ngcdhw_gkczyx_ngkdhw_f16_pipev1_instance.cpp.o
2144.3	[1076/1191] Building CXX object library/src/tensor_operation_instance/gpu/grouped_conv3d_fwd_scale/CMakeFiles/device_grouped_conv3d_fwd_scale_instance.dir/xdl/device_grouped_conv3d_fwd_xdl_scale_ndhwgc_gkzyxc_ndhwgk_f32_instance.cpp.o
2145.6	[1077/1191] Building CXX object library/src/tensor_operation_instance/gpu/grouped_conv3d_fwd/CMakeFiles/device_grouped_conv3d_fwd_instance.dir/xdl/device_grouped_conv3d_fwd_xdl_ngcdhw_gkczyx_ngkdhw_f32_instance.cpp.o
2147.5	[1078/1191] Building CXX object library/src/tensor_operation_instance/gpu/grouped_conv3d_fwd_bias_clamp/CMakeFiles/device_grouped_conv3d_fwd_bias_clamp_instance.dir/xdl/device_grouped_conv3d_fwd_bias_clamp_xdl_ndhwgc_gkzyxc_ndhwgk_fp32_instance.cpp.o
2149.5	[1079/1191] Building CXX object library/src/tensor_operation_instance/gpu/grouped_conv3d_fwd_bias_clamp/CMakeFiles/device_grouped_conv3d_fwd_bias_clamp_instance.dir/xdl/comp/device_grouped_conv3d_fwd_bias_clamp_xdl_ndhwgc_gkzyxc_ndhwgk_fp32_comp_instance.cpp.o
2168.7	[1080/1191] Building CXX object library/src/tensor_operation_instance/gpu/grouped_conv3d_fwd_clamp/CMakeFiles/device_grouped_conv3d_fwd_clamp_instance.dir/xdl/comp/device_grouped_conv3d_fwd_clamp_xdl_ndhwgc_gkzyxc_ndhwgk_fp32_comp_instance.cpp.o
2174.3	[1081/1191] Building CXX object library/src/tensor_operation_instance/gpu/grouped_conv3d_fwd/CMakeFiles/device_grouped_conv3d_fwd_instance.dir/xdl/mem/device_grouped_conv3d_fwd_xdl_ndhwgc_gkzyxc_ndhwgk_f32_mem_inter_instance.cpp.o
2181.1	[1082/1191] Building CXX object library/src/tensor_operation_instance/gpu/grouped_conv3d_fwd_clamp/CMakeFiles/device_grouped_conv3d_fwd_clamp_instance.dir/xdl/device_grouped_conv3d_fwd_clamp_xdl_ndhwgc_gkzyxc_ndhwgk_fp32_instance.cpp.o
2195.4	[1083/1191] Building CXX object library/src/tensor_operation_instance/gpu/grouped_conv2d_fwd/CMakeFiles/device_grouped_conv2d_fwd_instance.dir/xdl/comp/device_grouped_conv2d_fwd_xdl_nhwgc_gkyxc_nhwgk_f16_comp_part2_instance.cpp.o
2200.7	[1084/1191] Building CXX object library/src/tensor_operation_instance/gpu/grouped_conv3d_fwd_bilinear/CMakeFiles/device_grouped_conv3d_fwd_bilinear_instance.dir/xdl/device_grouped_conv3d_fwd_xdl_bilinear_ndhwgc_gkzyxc_ndhwgk_f16_instance.cpp.o
2202.6	[1085/1191] Building CXX object library/src/tensor_operation_instance/gpu/grouped_conv2d_fwd_bias_clamp/CMakeFiles/device_grouped_conv2d_fwd_bias_clamp_instance.dir/xdl/comp/device_grouped_conv2d_fwd_bias_clamp_xdl_nhwgc_gkyxc_nhwgk_bf16_comp_instance.cpp.o
2204.3	[1086/1191] Building CXX object library/src/tensor_operation_instance/gpu/grouped_conv2d_bwd_data/CMakeFiles/device_grouped_conv2d_bwd_data_instance.dir/xdl/device_grouped_conv2d_bwd_data_xdl_ngchw_gkcyx_ngkhw_f16_instance.cpp.o
2208.0	[1087/1191] Building CXX object library/src/tensor_operation_instance/gpu/grouped_conv3d_fwd_bias_clamp/CMakeFiles/device_grouped_conv3d_fwd_bias_clamp_instance.dir/xdl/device_grouped_conv3d_fwd_bias_clamp_xdl_ndhwgc_gkzyxc_ndhwgk_fp16_instance.cpp.o
2209.7	[1088/1191] Building CXX object library/src/tensor_operation_instance/gpu/grouped_conv3d_fwd_scale/CMakeFiles/device_grouped_conv3d_fwd_scale_instance.dir/xdl/device_grouped_conv3d_fwd_xdl_scale_ndhwgc_gkzyxc_ndhwgk_bf16_instance.cpp.o
2216.6	[1089/1191] Building CXX object library/src/tensor_operation_instance/gpu/grouped_conv3d_fwd_bilinear/CMakeFiles/device_grouped_conv3d_fwd_bilinear_instance.dir/xdl/device_grouped_conv3d_fwd_xdl_bilinear_ndhwgc_gkzyxc_ndhwgk_int8_instance.cpp.o
2217.2	[1090/1191] Building CXX object library/src/tensor_operation_instance/gpu/grouped_conv3d_fwd_scale/CMakeFiles/device_grouped_conv3d_fwd_scale_instance.dir/xdl/device_grouped_conv3d_fwd_xdl_scale_ndhwgc_gkzyxc_ndhwgk_f16_instance.cpp.o
2219.0	[1091/1191] Building CXX object library/src/tensor_operation_instance/gpu/grouped_conv3d_fwd_clamp/CMakeFiles/device_grouped_conv3d_fwd_clamp_instance.dir/xdl/device_grouped_conv3d_fwd_clamp_xdl_ndhwgc_gkzyxc_ndhwgk_bf16_instance.cpp.o
2223.8	[1092/1191] Building CXX object library/src/tensor_operation_instance/gpu/quantization/CMakeFiles/device_quantization_instance.dir/conv2d_fwd/device_conv2d_dl_bias_perlayer_quantization_int8_instance.cpp.o
2227.4	[1093/1191] Building CXX object library/src/tensor_operation_instance/gpu/grouped_conv3d_bwd_weight/CMakeFiles/device_grouped_conv3d_bwd_weight_instance.dir/xdl/ngcdhw_gkczyx_ngkdhw/device_grouped_conv3d_bwd_weight_xdl_ngcdhw_gkczyx_ngkdhw_f16_instance.cpp.o
2228.9	[1094/1191] Building CXX object library/src/tensor_operation_instance/gpu/grouped_conv3d_fwd_scale/CMakeFiles/device_grouped_conv3d_fwd_scale_instance.dir/xdl/device_grouped_conv3d_fwd_xdl_scale_ndhwgc_gkzyxc_ndhwgk_int8_instance.cpp.o
2231.6	[1095/1191] Building CXX object library/src/tensor_operation_instance/gpu/grouped_conv3d_fwd_clamp/CMakeFiles/device_grouped_conv3d_fwd_clamp_instance.dir/xdl/device_grouped_conv3d_fwd_clamp_xdl_ndhwgc_gkzyxc_ndhwgk_fp16_instance.cpp.o
2237.3	[1096/1191] Building CXX object library/src/tensor_operation_instance/gpu/quantization/CMakeFiles/device_quantization_instance.dir/conv2d_fwd/device_conv2d_dl_bias_perchannel_quantization_int8_instance.cpp.o
2238.1	[1097/1191] Building CXX object library/src/tensor_operation_instance/gpu/quantization/CMakeFiles/device_quantization_instance.dir/gemm/device_gemm_quantization_xdl_c_shuffle_i8_i8_i8_mk_nk_mn_instance.cpp.o
2245.7	[1098/1191] Building CXX object library/src/tensor_operation_instance/gpu/grouped_conv2d_fwd_clamp/CMakeFiles/device_grouped_conv2d_fwd_clamp_instance.dir/xdl/mem/device_grouped_conv2d_fwd_clamp_xdl_nhwgc_gkyxc_nhwgk_fp16_mem_intra_instance.cpp.o
2248.1	[1099/1191] Building CXX object library/src/tensor_operation_instance/gpu/grouped_conv3d_fwd_bias_clamp/CMakeFiles/device_grouped_conv3d_fwd_bias_clamp_instance.dir/xdl/device_grouped_conv3d_fwd_bias_clamp_xdl_ndhwgc_gkzyxc_ndhwgk_bf16_instance.cpp.o
2249.8	[1100/1191] Building CXX object library/src/tensor_operation_instance/gpu/grouped_conv3d_fwd_bilinear/CMakeFiles/device_grouped_conv3d_fwd_bilinear_instance.dir/xdl/device_grouped_conv3d_fwd_xdl_bilinear_ndhwgc_gkzyxc_ndhwgk_bf16_instance.cpp.o
2252.9	[1101/1191] Building CXX object library/src/tensor_operation_instance/gpu/grouped_conv2d_fwd_bias_clamp/CMakeFiles/device_grouped_conv2d_fwd_bias_clamp_instance.dir/xdl/mem/device_grouped_conv2d_fwd_bias_clamp_xdl_nhwgc_gkyxc_nhwgk_bf16_mem_intra_instance.cpp.o
2254.6	[1102/1191] Building CXX object library/src/tensor_operation_instance/gpu/grouped_conv3d_bwd_weight/CMakeFiles/device_grouped_conv3d_bwd_weight_instance.dir/xdl/ngcdhw_gkczyx_ngkdhw/device_grouped_conv3d_bwd_weight_xdl_ngcdhw_gkczyx_ngkdhw_bf16_instance.cpp.o
2257.6	[1103/1191] Building CXX object library/src/tensor_operation_instance/gpu/grouped_conv2d_fwd_bias_clamp/CMakeFiles/device_grouped_conv2d_fwd_bias_clamp_instance.dir/xdl/mem/device_grouped_conv2d_fwd_bias_clamp_xdl_nhwgc_gkyxc_nhwgk_fp16_mem_intra_instance.cpp.o
2259.0	[1104/1191] Building CXX object library/src/tensor_operation_instance/gpu/grouped_conv2d_fwd_clamp/CMakeFiles/device_grouped_conv2d_fwd_clamp_instance.dir/xdl/mem/device_grouped_conv2d_fwd_clamp_xdl_nhwgc_gkyxc_nhwgk_bf16_mem_intra_instance.cpp.o
2275.3	[1105/1191] Building CXX object library/src/tensor_operation_instance/gpu/grouped_conv3d_bwd_weight/CMakeFiles/device_grouped_conv3d_bwd_weight_instance.dir/xdl/ngcdhw_gkczyx_ngkdhw/device_grouped_conv3d_bwd_weight_xdl_ngcdhw_gkczyx_ngkdhw_f32_instance.cpp.o
2283.6	[1106/1191] Building CXX object library/src/tensor_operation_instance/gpu/quantization/CMakeFiles/device_quantization_instance.dir/gemm/device_gemm_quantization_xdl_c_shuffle_i8_i8_i8_km_nk_mn_instance.cpp.o
2283.6	[1107/1191] Building CXX object library/src/tensor_operation_instance/gpu/quantization/CMakeFiles/device_quantization_instance.dir/gemm/device_gemm_quantization_xdl_c_shuffle_i8_i8_i8_mk_kn_mn_instance.cpp.o
2290.5	[1108/1191] Building CXX object library/src/tensor_operation_instance/gpu/grouped_conv3d_fwd/CMakeFiles/device_grouped_conv3d_fwd_instance.dir/xdl/device_grouped_conv3d_fwd_xdl_ndhwgc_gkzyxc_ndhwgk_bf8_instance.cpp.o
2291.7	[1109/1191] Building CXX object library/src/tensor_operation_instance/gpu/quantization/CMakeFiles/device_quantization_instance.dir/conv2d_fwd/device_conv2d_xdl_perlayer_quantization_int8_instance.cpp.o
2304.0	[1110/1191] Building CXX object library/src/tensor_operation_instance/gpu/quantization/CMakeFiles/device_quantization_instance.dir/gemm/device_gemm_quantization_xdl_c_shuffle_i8_i8_i8_km_kn_mn_instance.cpp.o
2305.4	[1111/1191] Building CXX object library/src/tensor_operation_instance/gpu/grouped_conv3d_bwd_weight_bilinear/CMakeFiles/device_grouped_conv3d_bwd_weight_bilinear_instance.dir/xdl/device_grouped_conv3d_bwd_weight_xdl_bilinear_ndhwgc_gkzyxc_ndhwgk_f16_comp_bf8_fp8_instance.cpp.o
2311.5	[1112/1191] Building CXX object library/src/tensor_operation_instance/gpu/grouped_conv3d_fwd/CMakeFiles/device_grouped_conv3d_fwd_instance.dir/xdl/device_grouped_conv3d_fwd_xdl_ndhwgc_gkzyxc_ndhwgk_fp8_bf8_instance.cpp.o
2314.8	[1113/1191] Building CXX object library/src/tensor_operation_instance/gpu/grouped_conv2d_fwd_clamp/CMakeFiles/device_grouped_conv2d_fwd_clamp_instance.dir/xdl/mem/device_grouped_conv2d_fwd_clamp_xdl_nhwgc_gkyxc_nhwgk_bf16_mem_inter_instance.cpp.o
2315.2	[1114/1191] Building CXX object library/src/tensor_operation_instance/gpu/grouped_conv3d_bwd_weight/CMakeFiles/device_grouped_conv3d_bwd_weight_instance.dir/xdl/ndhwgc_gkzyxc_ndhwgk/device_grouped_conv3d_bwd_weight_two_stage_xdl_ndhwgc_gkzyxc_ndhwgk_bf16_pipev5_irregular_instance.cpp.o
2319.1	[1115/1191] Building CXX object library/src/tensor_operation_instance/gpu/grouped_conv3d_fwd/CMakeFiles/device_grouped_conv3d_fwd_instance.dir/xdl/device_grouped_conv3d_fwd_xdl_ndhwgc_gkzyxc_ndhwgk_fp8_instance.cpp.o
2319.2	[1116/1191] Building CXX object library/src/tensor_operation_instance/gpu/grouped_conv3d_fwd/CMakeFiles/device_grouped_conv3d_fwd_instance.dir/xdl/device_grouped_conv3d_fwd_xdl_ndhwgc_gkzyxc_ndhwgk_bf8_fp8_instance.cpp.o
2327.3	[1117/1191] Building CXX object library/src/tensor_operation_instance/gpu/grouped_conv3d_bwd_weight/CMakeFiles/device_grouped_conv3d_bwd_weight_instance.dir/xdl/ndhwgc_gkzyxc_ndhwgk/device_grouped_conv3d_bwd_weight_two_stage_xdl_ndhwgc_gkzyxc_ndhwgk_f16_pipev5_irregular_instance.cpp.o
2337.7	[1118/1191] Building CXX object library/src/tensor_operation_instance/gpu/grouped_conv3d_fwd/CMakeFiles/device_grouped_conv3d_fwd_instance.dir/xdl/device_grouped_conv3d_fwd_xdl_ngcdhw_gkczyx_ngkdhw_f32_16x16_instance.cpp.o
2338.2	[1119/1191] Building CXX object library/src/tensor_operation_instance/gpu/grouped_conv2d_fwd_bias_clamp/CMakeFiles/device_grouped_conv2d_fwd_bias_clamp_instance.dir/xdl/mem/device_grouped_conv2d_fwd_bias_clamp_xdl_nhwgc_gkyxc_nhwgk_fp16_mem_inter_instance.cpp.o
2340.1	[1120/1191] Building CXX object library/src/tensor_operation_instance/gpu/grouped_convnd_bwd_weight/CMakeFiles/device_grouped_convnd_bwd_weight_instance.dir/explicit_xdl/bf16_bf16_bf16/device_grouped_convnd_bwd_weight_bf16_bf16_bf16_exp_mem_v1_default_instance.cpp.o
2342.7	[1121/1191] Building CXX object library/src/tensor_operation_instance/gpu/quantization/CMakeFiles/device_quantization_instance.dir/conv2d_fwd/device_conv2d_xdl_perchannel_quantization_int8_instance.cpp.o
2344.7	[1122/1191] Building CXX object library/src/tensor_operation_instance/gpu/grouped_convnd_bwd_weight/CMakeFiles/device_grouped_convnd_bwd_weight_instance.dir/explicit_xdl/fp16_fp16_fp16/device_grouped_convnd_bwd_weight_f16_f16_f16_exp_mem_v1_default_instance.cpp.o
2347.2	[1123/1191] Building CXX object library/src/tensor_operation_instance/gpu/grouped_conv3d_fwd/CMakeFiles/device_grouped_conv3d_fwd_instance.dir/xdl/mem/device_grouped_conv3d_fwd_xdl_ndhwgc_gkzyxc_ndhwgk_bf16_mem_intra_instance.cpp.o
2350.8	[1124/1191] Building CXX object library/src/tensor_operation_instance/gpu/grouped_conv2d_fwd_bias_clamp/CMakeFiles/device_grouped_conv2d_fwd_bias_clamp_instance.dir/xdl/mem/device_grouped_conv2d_fwd_bias_clamp_xdl_nhwgc_gkyxc_nhwgk_bf16_mem_inter_instance.cpp.o
2362.1	[1125/1191] Building CXX object library/src/tensor_operation_instance/gpu/grouped_convnd_bwd_weight/CMakeFiles/device_grouped_convnd_bwd_weight_instance.dir/explicit_xdl/fp16_fp16_fp16/device_grouped_convnd_bwd_weight_f16_f16_f16_exp_mem_v2_mnkpadding_instance.cpp.o
2372.7	[1126/1191] Building CXX object library/src/tensor_operation_instance/gpu/grouped_conv3d_fwd/CMakeFiles/device_grouped_conv3d_fwd_instance.dir/xdl/device_grouped_conv3d_fwd_xdl_ndhwgc_gkzyxc_ndhwgk_f16_comp_fp8_instance.cpp.o
2372.7	/work/grodgers/git/tr-aomp/TheRock/ml-libs/composable_kernel/library/src/tensor_operation_instance/gpu/grouped_conv3d_fwd/xdl/device_grouped_conv3d_fwd_xdl_ndhwgc_gkzyxc_ndhwgk_f16_comp_fp8_instance.cpp:28:9: warning: These instances are getting deprecated [-W#pragma-messages]
2372.7	   28 | #pragma message "These instances are getting deprecated"
2372.7	      |         ^
2372.7	1 warning generated when compiling for gfx908.
2372.7	/work/grodgers/git/tr-aomp/TheRock/ml-libs/composable_kernel/library/src/tensor_operation_instance/gpu/grouped_conv3d_fwd/xdl/device_grouped_conv3d_fwd_xdl_ndhwgc_gkzyxc_ndhwgk_f16_comp_fp8_instance.cpp:28:9: warning: These instances are getting deprecated [-W#pragma-messages]
2372.7	   28 | #pragma message "These instances are getting deprecated"
2372.7	      |         ^
2372.7	1 warning generated when compiling for gfx90a.
2372.7	/work/grodgers/git/tr-aomp/TheRock/ml-libs/composable_kernel/library/src/tensor_operation_instance/gpu/grouped_conv3d_fwd/xdl/device_grouped_conv3d_fwd_xdl_ndhwgc_gkzyxc_ndhwgk_f16_comp_fp8_instance.cpp:28:9: warning: These instances are getting deprecated [-W#pragma-messages]
2372.7	   28 | #pragma message "These instances are getting deprecated"
2372.7	      |         ^
2372.7	1 warning generated when compiling for gfx942.
2372.7	/work/grodgers/git/tr-aomp/TheRock/ml-libs/composable_kernel/library/src/tensor_operation_instance/gpu/grouped_conv3d_fwd/xdl/device_grouped_conv3d_fwd_xdl_ndhwgc_gkzyxc_ndhwgk_f16_comp_fp8_instance.cpp:28:9: warning: These instances are getting deprecated [-W#pragma-messages]
2372.7	   28 | #pragma message "These instances are getting deprecated"
2372.7	      |         ^
2372.7	1 warning generated when compiling for host.
2375.6	[1127/1191] Building CXX object library/src/tensor_operation_instance/gpu/grouped_convnd_bwd_weight/CMakeFiles/device_grouped_convnd_bwd_weight_instance.dir/explicit_xdl/fp16_fp16_fp16/device_grouped_convnd_bwd_weight_f16_f16_f16_exp_mem_v1_mnkpadding_instance.cpp.o
2379.5	[1128/1191] Building CXX object library/src/tensor_operation_instance/gpu/grouped_convnd_bwd_weight/CMakeFiles/device_grouped_convnd_bwd_weight_instance.dir/explicit_xdl/bf16_bf16_bf16/device_grouped_convnd_bwd_weight_bf16_bf16_bf16_exp_mem_v1_mnkpadding_instance.cpp.o
2382.6	[1129/1191] Building CXX object library/src/tensor_operation_instance/gpu/grouped_conv3d_fwd/CMakeFiles/device_grouped_conv3d_fwd_instance.dir/xdl/mem/device_grouped_conv3d_fwd_xdl_ndhwgc_gkzyxc_ndhwgk_f16_mem_intra_instance.cpp.o
2383.1	[1130/1191] Building CXX object library/src/tensor_operation_instance/gpu/grouped_convnd_bwd_weight/CMakeFiles/device_grouped_convnd_bwd_weight_instance.dir/explicit_xdl/bf16_bf16_bf16/device_grouped_convnd_bwd_weight_bf16_bf16_bf16_exp_mem_v2_default_instance.cpp.o
2383.7	[1131/1191] Building CXX object library/src/tensor_operation_instance/gpu/grouped_convnd_bwd_weight/CMakeFiles/device_grouped_convnd_bwd_weight_instance.dir/explicit_xdl/fp16_fp16_fp16/device_grouped_convnd_bwd_weight_f16_f16_f16_exp_mem_v2_default_instance.cpp.o
2387.6	[1132/1191] Building CXX object library/src/tensor_operation_instance/gpu/grouped_convnd_bwd_weight/CMakeFiles/device_grouped_convnd_bwd_weight_instance.dir/explicit_xdl/bf16_bf16_bf16/device_grouped_convnd_bwd_weight_bf16_bf16_bf16_exp_mem_v2_mnkpadding_instance.cpp.o
2392.3	[1133/1191] Building CXX object library/src/tensor_operation_instance/gpu/grouped_conv3d_bwd_weight/CMakeFiles/device_grouped_conv3d_bwd_weight_instance.dir/xdl/ngcdhw_gkczyx_ngkdhw/device_grouped_conv3d_bwd_weight_two_stage_xdl_ngcdhw_gkczyx_ngkdhw_bf16_pipev2_instance.cpp.o
2397.1	[1134/1191] Building CXX object library/src/tensor_operation_instance/gpu/grouped_conv3d_bwd_weight/CMakeFiles/device_grouped_conv3d_bwd_weight_instance.dir/xdl/ngcdhw_gkczyx_ngkdhw/device_grouped_conv3d_bwd_weight_two_stage_xdl_ngcdhw_gkczyx_ngkdhw_f16_pipev5_instance.cpp.o
2401.0	[1135/1191] Building CXX object library/src/tensor_operation_instance/gpu/grouped_conv2d_fwd_clamp/CMakeFiles/device_grouped_conv2d_fwd_clamp_instance.dir/xdl/mem/device_grouped_conv2d_fwd_clamp_xdl_nhwgc_gkyxc_nhwgk_fp16_mem_inter_instance.cpp.o
2402.3	[1136/1191] Building CXX object library/src/tensor_operation_instance/gpu/grouped_conv3d_bwd_data/CMakeFiles/device_grouped_conv3d_bwd_data_instance.dir/xdl/device_grouped_conv3d_bwd_data_xdl_ngcdhw_gkczyx_ngkdhw_bf16_instance.cpp.o
2406.6	[1137/1191] Building CXX object library/src/tensor_operation_instance/gpu/grouped_conv3d_fwd_convscale/CMakeFiles/device_grouped_conv3d_fwd_convscale_instance.dir/xdl/device_grouped_conv3d_fwd_xdl_combconvscale_ndhwgc_gkzyxc_ndhwgk_f8_f8_f32_instance.cpp.o
2410.2	[1138/1191] Building CXX object library/src/tensor_operation_instance/gpu/grouped_conv3d_fwd_convscale_relu/CMakeFiles/device_grouped_conv3d_fwd_convscale_relu_instance.dir/xdl/device_grouped_conv3d_fwd_xdl_combconvscale_relu_ndhwgc_gkzyxc_ndhwgk_f8_f8_f32_instance.cpp.o
2410.5	[1139/1191] Building CXX object library/src/tensor_operation_instance/gpu/grouped_conv3d_bwd_weight/CMakeFiles/device_grouped_conv3d_bwd_weight_instance.dir/xdl/ngcdhw_gkczyx_ngkdhw/device_grouped_conv3d_bwd_weight_two_stage_xdl_ngcdhw_gkczyx_ngkdhw_f16_pipev2_instance.cpp.o
2434.2	[1140/1191] Building CXX object library/src/tensor_operation_instance/gpu/grouped_conv3d_fwd/CMakeFiles/device_grouped_conv3d_fwd_instance.dir/generated/xdl/device_grouped_conv3d_fwd_xdl_ngcdhw_gkczyx_ngkdhw_bf16_instances_shard_4.cpp.o
2448.2	[1141/1191] Building CXX object library/src/tensor_operation_instance/gpu/grouped_conv3d_fwd/CMakeFiles/device_grouped_conv3d_fwd_instance.dir/xdl/mem/device_grouped_conv3d_fwd_xdl_ndhwgc_gkzyxc_ndhwgk_f16_mem_inter_instance.cpp.o
2449.7	[1142/1191] Building CXX object library/src/tensor_operation_instance/gpu/grouped_conv3d_bwd_weight/CMakeFiles/device_grouped_conv3d_bwd_weight_instance.dir/xdl/ngcdhw_gkczyx_ngkdhw/device_grouped_conv3d_bwd_weight_two_stage_xdl_ngcdhw_gkczyx_ngkdhw_bf16_pipev5_instance.cpp.o
2456.0	[1143/1191] Building CXX object library/src/tensor_operation_instance/gpu/grouped_conv2d_fwd_bias_clamp/CMakeFiles/device_grouped_conv2d_fwd_bias_clamp_instance.dir/xdl/comp/device_grouped_conv2d_fwd_bias_clamp_xdl_nhwgc_gkyxc_nhwgk_fp16_comp_part2_instance.cpp.o
2457.8	[1144/1191] Building CXX object library/src/tensor_operation_instance/gpu/grouped_convnd_bwd_weight/CMakeFiles/device_grouped_convnd_bwd_weight_instance.dir/explicit_xdl/fp16_fp16_fp16/device_grouped_convnd_bwd_weight_f16_f16_f16_exp_comp_mnkpadding_instance.cpp.o
2464.5	[1145/1191] Building CXX object library/src/tensor_operation_instance/gpu/grouped_conv3d_bwd_data/CMakeFiles/device_grouped_conv3d_bwd_data_instance.dir/xdl/device_grouped_conv3d_bwd_data_xdl_ngcdhw_gkczyx_ngkdhw_f32_instance.cpp.o
2466.9	[1146/1191] Building CXX object library/src/tensor_operation_instance/gpu/quantization/CMakeFiles/device_quantization_instance.dir/conv2d_fwd/device_conv2d_xdl_bias_perlayer_quantization_int8_instance.cpp.o
2470.7	[1147/1191] Building CXX object library/src/tensor_operation_instance/gpu/grouped_convnd_bwd_weight/CMakeFiles/device_grouped_convnd_bwd_weight_instance.dir/explicit_xdl/fp16_fp16_fp16/device_grouped_convnd_bwd_weight_f16_f16_f16_exp_comp_default_instance.cpp.o
2485.1	[1148/1191] Building CXX object library/src/tensor_operation_instance/gpu/grouped_conv2d_fwd_clamp/CMakeFiles/device_grouped_conv2d_fwd_clamp_instance.dir/xdl/comp/device_grouped_conv2d_fwd_clamp_xdl_nhwgc_gkyxc_nhwgk_fp16_comp_part2_instance.cpp.o
2485.3	[1149/1191] Building CXX object library/src/tensor_operation_instance/gpu/grouped_conv3d_fwd/CMakeFiles/device_grouped_conv3d_fwd_instance.dir/xdl/mem/device_grouped_conv3d_fwd_xdl_ndhwgc_gkzyxc_ndhwgk_bf16_mem_inter_instance.cpp.o
2487.6	[1150/1191] Building CXX object library/src/tensor_operation_instance/gpu/grouped_convnd_bwd_weight/CMakeFiles/device_grouped_convnd_bwd_weight_instance.dir/explicit_xdl/bf16_bf16_bf16/device_grouped_convnd_bwd_weight_bf16_bf16_bf16_exp_comp_default_instance.cpp.o
2494.5	[1151/1191] Building CXX object library/src/tensor_operation_instance/gpu/grouped_conv3d_fwd/CMakeFiles/device_grouped_conv3d_fwd_instance.dir/generated/xdl/device_grouped_conv3d_fwd_xdl_ngcdhw_gkczyx_ngkdhw_f16_instances_shard_4.cpp.o
2496.6	[1152/1191] Building CXX object library/src/tensor_operation_instance/gpu/grouped_conv3d_fwd_convscale_relu/CMakeFiles/device_grouped_conv3d_fwd_convscale_relu_instance.dir/xdl/device_grouped_conv3d_fwd_xdl_convscale_relu_ndhwgc_gkzyxc_ndhwgk_f8_instance.cpp.o
2500.2	[1153/1191] Building CXX object library/src/tensor_operation_instance/gpu/grouped_conv3d_fwd/CMakeFiles/device_grouped_conv3d_fwd_instance.dir/xdl/device_grouped_conv3d_fwd_xdl_ngcdhw_gkczyx_ngkdhw_bf16_16x16_instance.cpp.o
2510.9	[1154/1191] Building CXX object library/src/tensor_operation_instance/gpu/quantization/CMakeFiles/device_quantization_instance.dir/conv2d_fwd/device_conv2d_xdl_bias_perchannel_quantization_int8_instance.cpp.o
2518.1	[1155/1191] Building CXX object library/src/tensor_operation_instance/gpu/grouped_conv3d_fwd_convscale/CMakeFiles/device_grouped_conv3d_fwd_convscale_instance.dir/xdl/device_grouped_conv3d_fwd_xdl_convscale_ndhwgc_gkzyxc_ndhwgk_f8_instance.cpp.o
2523.6	[1156/1191] Building CXX object library/src/tensor_operation_instance/gpu/grouped_convnd_bwd_weight/CMakeFiles/device_grouped_convnd_bwd_weight_instance.dir/explicit_xdl/bf16_bf16_bf16/device_grouped_convnd_bwd_weight_bf16_bf16_bf16_exp_comp_mnkpadding_instance.cpp.o
2524.4	[1157/1191] Building CXX object library/src/tensor_operation_instance/gpu/grouped_conv3d_fwd_convinvscale/CMakeFiles/device_grouped_conv3d_fwd_convinvscale_instance.dir/xdl/device_grouped_conv3d_fwd_xdl_convinvscale_ndhwgc_gkzyxc_ndhwgk_f8_instance.cpp.o
2526.8	[1158/1191] Building CXX object library/src/tensor_operation_instance/gpu/grouped_conv3d_fwd_clamp/CMakeFiles/device_grouped_conv3d_fwd_clamp_instance.dir/xdl/mem/device_grouped_conv3d_fwd_clamp_xdl_ndhwgc_gkzyxc_ndhwgk_fp32_mem_intra_instance.cpp.o
2527.9	[1159/1191] Building CXX object library/src/tensor_operation_instance/gpu/grouped_conv3d_fwd_bias_clamp/CMakeFiles/device_grouped_conv3d_fwd_bias_clamp_instance.dir/xdl/mem/device_grouped_conv3d_fwd_bias_clamp_xdl_ndhwgc_gkzyxc_ndhwgk_fp32_mem_intra_instance.cpp.o
2535.1	[1160/1191] Building CXX object library/src/tensor_operation_instance/gpu/grouped_convnd_bwd_weight/CMakeFiles/device_grouped_convnd_bwd_weight_instance.dir/explicit_xdl/fp16_fp16_fp16/device_grouped_convnd_bwd_weight_f16_f16_f16_exp_odd_mn_instance.cpp.o
2539.6	[1161/1191] Building CXX object library/src/tensor_operation_instance/gpu/grouped_convnd_bwd_weight/CMakeFiles/device_grouped_convnd_bwd_weight_instance.dir/explicit_xdl/bf16_bf16_bf16/device_grouped_convnd_bwd_weight_bf16_bf16_bf16_exp_odd_mn_instance.cpp.o
2543.3	[1162/1191] Building CXX object library/src/tensor_operation_instance/gpu/grouped_conv3d_fwd_convscale/CMakeFiles/device_grouped_conv3d_fwd_convscale_instance.dir/xdl/device_grouped_conv3d_fwd_xdl_convscale_ndhwgc_gkzyxc_ndhwgk_f8_bf8_instance.cpp.o
2550.6	[1163/1191] Building CXX object library/src/tensor_operation_instance/gpu/grouped_conv3d_fwd_convscale/CMakeFiles/device_grouped_conv3d_fwd_convscale_instance.dir/xdl/device_grouped_conv3d_fwd_xdl_convscale_ndhwgc_gkzyxc_ndhwgk_bf8_instance.cpp.o
2552.7	[1164/1191] Building CXX object library/src/tensor_operation_instance/gpu/grouped_conv3d_fwd_convscale_add/CMakeFiles/device_grouped_conv3d_fwd_convscale_add_instance.dir/xdl/device_grouped_conv3d_fwd_xdl_convscale_add_ndhwgc_gkzyxc_ndhwgk_f8_instance.cpp.o
2559.0	[1165/1191] Building CXX object library/src/tensor_operation_instance/gpu/grouped_conv3d_bwd_data/CMakeFiles/device_grouped_conv3d_bwd_data_instance.dir/xdl/device_grouped_conv3d_bwd_data_xdl_ngcdhw_gkczyx_ngkdhw_f16_instance.cpp.o
2563.1	[1166/1191] Building CXX object library/src/tensor_operation_instance/gpu/grouped_conv3d_fwd_convscale/CMakeFiles/device_grouped_conv3d_fwd_convscale_instance.dir/xdl/device_grouped_conv3d_fwd_xdl_convscale_ndhwgc_gkzyxc_ndhwgk_bf8_f8_instance.cpp.o
2573.0	[1167/1191] Building CXX object library/src/tensor_operation_instance/gpu/grouped_convnd_bwd_weight/CMakeFiles/device_grouped_convnd_bwd_weight_instance.dir/explicit_xdl/fp16_fp16_fp16/device_grouped_convnd_bwd_weight_f16_f16_f16_exp_odd_m_instance.cpp.o
2576.9	[1168/1191] Building CXX object library/src/tensor_operation_instance/gpu/grouped_conv3d_fwd_clamp/CMakeFiles/device_grouped_conv3d_fwd_clamp_instance.dir/xdl/mem/device_grouped_conv3d_fwd_clamp_xdl_ndhwgc_gkzyxc_ndhwgk_fp32_mem_inter_instance.cpp.o
2581.7	[1169/1191] Building CXX object library/src/tensor_operation_instance/gpu/grouped_conv3d_fwd/CMakeFiles/device_grouped_conv3d_fwd_instance.dir/generated/xdl/comp/device_grouped_conv3d_fwd_xdl_ngcdhw_gkczyx_ngkdhw_bf16_comp_instances_shard_5.cpp.o
2584.3	[1170/1191] Building CXX object library/src/tensor_operation_instance/gpu/grouped_conv3d_fwd_bias_clamp/CMakeFiles/device_grouped_conv3d_fwd_bias_clamp_instance.dir/xdl/mem/device_grouped_conv3d_fwd_bias_clamp_xdl_ndhwgc_gkzyxc_ndhwgk_fp32_mem_inter_instance.cpp.o
2592.6	[1171/1191] Building CXX object library/src/tensor_operation_instance/gpu/grouped_convnd_bwd_weight/CMakeFiles/device_grouped_convnd_bwd_weight_instance.dir/explicit_xdl/bf16_bf16_bf16/device_grouped_convnd_bwd_weight_bf16_bf16_bf16_exp_odd_n_instance.cpp.o
2604.7	[1172/1191] Building CXX object library/src/tensor_operation_instance/gpu/grouped_convnd_bwd_weight/CMakeFiles/device_grouped_convnd_bwd_weight_instance.dir/explicit_xdl/fp16_fp16_fp16/device_grouped_convnd_bwd_weight_f16_f16_f16_exp_odd_n_instance.cpp.o
2605.7	[1173/1191] Building CXX object library/src/tensor_operation_instance/gpu/grouped_conv3d_fwd/CMakeFiles/device_grouped_conv3d_fwd_instance.dir/generated/xdl/comp/device_grouped_conv3d_fwd_xdl_ngcdhw_gkczyx_ngkdhw_bf16_comp_instances_shard_3.cpp.o
2606.4	[1174/1191] Building CXX object library/src/tensor_operation_instance/gpu/grouped_convnd_bwd_weight/CMakeFiles/device_grouped_convnd_bwd_weight_instance.dir/explicit_xdl/bf16_bf16_bf16/device_grouped_convnd_bwd_weight_bf16_bf16_bf16_exp_odd_m_instance.cpp.o
2630.1	[1175/1191] Building CXX object library/src/tensor_operation_instance/gpu/grouped_conv3d_fwd/CMakeFiles/device_grouped_conv3d_fwd_instance.dir/xdl/device_grouped_conv3d_fwd_xdl_ngcdhw_gkczyx_ngkdhw_f16_16x16_instance.cpp.o
2706.2	[1176/1191] Building CXX object library/src/tensor_operation_instance/gpu/grouped_conv3d_fwd/CMakeFiles/device_grouped_conv3d_fwd_instance.dir/generated/xdl/comp/device_grouped_conv3d_fwd_xdl_ngcdhw_gkczyx_ngkdhw_bf16_comp_instances_shard_4.cpp.o
2706.8	[1177/1191] Building CXX object library/src/tensor_operation_instance/gpu/grouped_conv3d_fwd/CMakeFiles/device_grouped_conv3d_fwd_instance.dir/generated/xdl/comp/device_grouped_conv3d_fwd_xdl_ngcdhw_gkczyx_ngkdhw_bf16_comp_instances_shard_0.cpp.o
2770.0	[1178/1191] Building CXX object library/src/tensor_operation_instance/gpu/grouped_conv3d_fwd_clamp/CMakeFiles/device_grouped_conv3d_fwd_clamp_instance.dir/xdl/mem/device_grouped_conv3d_fwd_clamp_xdl_ndhwgc_gkzyxc_ndhwgk_bf16_mem_intra_instance.cpp.o
2776.4	[1179/1191] Building CXX object library/src/tensor_operation_instance/gpu/grouped_conv3d_fwd_clamp/CMakeFiles/device_grouped_conv3d_fwd_clamp_instance.dir/xdl/mem/device_grouped_conv3d_fwd_clamp_xdl_ndhwgc_gkzyxc_ndhwgk_fp16_mem_intra_instance.cpp.o
2777.6	[1180/1191] Building CXX object library/src/tensor_operation_instance/gpu/grouped_conv3d_fwd_bias_clamp/CMakeFiles/device_grouped_conv3d_fwd_bias_clamp_instance.dir/xdl/mem/device_grouped_conv3d_fwd_bias_clamp_xdl_ndhwgc_gkzyxc_ndhwgk_fp16_mem_intra_instance.cpp.o
2798.0	[1181/1191] Building CXX object library/src/tensor_operation_instance/gpu/grouped_conv3d_fwd_bias_clamp/CMakeFiles/device_grouped_conv3d_fwd_bias_clamp_instance.dir/xdl/mem/device_grouped_conv3d_fwd_bias_clamp_xdl_ndhwgc_gkzyxc_ndhwgk_bf16_mem_intra_instance.cpp.o
2888.2	[1182/1191] Building CXX object library/src/tensor_operation_instance/gpu/grouped_conv3d_fwd_bias_clamp/CMakeFiles/device_grouped_conv3d_fwd_bias_clamp_instance.dir/xdl/mem/device_grouped_conv3d_fwd_bias_clamp_xdl_ndhwgc_gkzyxc_ndhwgk_fp16_mem_inter_instance.cpp.o
2892.4	[1183/1191] Building CXX object library/src/tensor_operation_instance/gpu/grouped_conv3d_fwd_clamp/CMakeFiles/device_grouped_conv3d_fwd_clamp_instance.dir/xdl/mem/device_grouped_conv3d_fwd_clamp_xdl_ndhwgc_gkzyxc_ndhwgk_bf16_mem_inter_instance.cpp.o
2905.7	[1184/1191] Building CXX object library/src/tensor_operation_instance/gpu/grouped_conv3d_fwd_bias_clamp/CMakeFiles/device_grouped_conv3d_fwd_bias_clamp_instance.dir/xdl/mem/device_grouped_conv3d_fwd_bias_clamp_xdl_ndhwgc_gkzyxc_ndhwgk_bf16_mem_inter_instance.cpp.o
2918.6	[1185/1191] Building CXX object library/src/tensor_operation_instance/gpu/grouped_conv3d_fwd_clamp/CMakeFiles/device_grouped_conv3d_fwd_clamp_instance.dir/xdl/mem/device_grouped_conv3d_fwd_clamp_xdl_ndhwgc_gkzyxc_ndhwgk_fp16_mem_inter_instance.cpp.o
3101.2	[1186/1191] Building CXX object library/src/tensor_operation_instance/gpu/grouped_conv3d_bwd_data/CMakeFiles/device_grouped_conv3d_bwd_data_instance.dir/xdl/device_grouped_conv3d_bwd_data_xdl_ndhwgc_gkzyxc_ndhwgk_input_f16_comp_bf8_f8_instance.cpp.o
3101.2	/work/grodgers/git/tr-aomp/TheRock/ml-libs/composable_kernel/library/src/tensor_operation_instance/gpu/grouped_conv3d_bwd_data/xdl/device_grouped_conv3d_bwd_data_xdl_ndhwgc_gkzyxc_ndhwgk_input_f16_comp_bf8_f8_instance.cpp:29:9: warning: These instances are getting deprecated [-W#pragma-messages]
3101.2	   29 | #pragma message "These instances are getting deprecated"
3101.2	      |         ^
3101.2	1 warning generated when compiling for gfx908.
3101.2	/work/grodgers/git/tr-aomp/TheRock/ml-libs/composable_kernel/library/src/tensor_operation_instance/gpu/grouped_conv3d_bwd_data/xdl/device_grouped_conv3d_bwd_data_xdl_ndhwgc_gkzyxc_ndhwgk_input_f16_comp_bf8_f8_instance.cpp:29:9: warning: These instances are getting deprecated [-W#pragma-messages]
3101.2	   29 | #pragma message "These instances are getting deprecated"
3101.2	      |         ^
3101.2	1 warning generated when compiling for gfx90a.
3101.2	/work/grodgers/git/tr-aomp/TheRock/ml-libs/composable_kernel/library/src/tensor_operation_instance/gpu/grouped_conv3d_bwd_data/xdl/device_grouped_conv3d_bwd_data_xdl_ndhwgc_gkzyxc_ndhwgk_input_f16_comp_bf8_f8_instance.cpp:29:9: warning: These instances are getting deprecated [-W#pragma-messages]
3101.2	   29 | #pragma message "These instances are getting deprecated"
3101.2	      |         ^
3101.2	1 warning generated when compiling for gfx942.
3101.2	/work/grodgers/git/tr-aomp/TheRock/ml-libs/composable_kernel/library/src/tensor_operation_instance/gpu/grouped_conv3d_bwd_data/xdl/device_grouped_conv3d_bwd_data_xdl_ndhwgc_gkzyxc_ndhwgk_input_f16_comp_bf8_f8_instance.cpp:29:9: warning: These instances are getting deprecated [-W#pragma-messages]
3101.2	   29 | #pragma message "These instances are getting deprecated"
3101.2	      |         ^
3101.2	1 warning generated when compiling for host.
3279.4	[1187/1191] Building CXX object library/src/tensor_operation_instance/gpu/grouped_conv3d_fwd_bias_clamp/CMakeFiles/device_grouped_conv3d_fwd_bias_clamp_instance.dir/xdl/comp/device_grouped_conv3d_fwd_bias_clamp_xdl_ndhwgc_gkzyxc_ndhwgk_fp16_comp_instance.cpp.o
3310.1	[1188/1191] Building CXX object library/src/tensor_operation_instance/gpu/grouped_conv3d_fwd_clamp/CMakeFiles/device_grouped_conv3d_fwd_clamp_instance.dir/xdl/comp/device_grouped_conv3d_fwd_clamp_xdl_ndhwgc_gkzyxc_ndhwgk_fp16_comp_instance.cpp.o
3372.7	[1189/1191] Building CXX object library/src/tensor_operation_instance/gpu/grouped_conv3d_fwd_clamp/CMakeFiles/device_grouped_conv3d_fwd_clamp_instance.dir/xdl/comp/device_grouped_conv3d_fwd_clamp_xdl_ndhwgc_gkzyxc_ndhwgk_bf16_comp_instance.cpp.o
3482.2	[1190/1191] Building CXX object library/src/tensor_operation_instance/gpu/grouped_conv3d_fwd_bias_clamp/CMakeFiles/device_grouped_conv3d_fwd_bias_clamp_instance.dir/xdl/comp/device_grouped_conv3d_fwd_bias_clamp_xdl_ndhwgc_gkzyxc_ndhwgk_bf16_comp_instance.cpp.o
3483.6	[1191/1191] Linking CXX static library lib/libdevice_conv_operations.a
END	1757697774.8736923	3483.661375761032	0
