BEGIN	1757697774.9290514
EXEC	/work1/grodgers/git/tr-aomp/TheRock/build/ml-libs/composable_kernel/build	/usr/bin/cmake --install /work/grodgers/git/tr-aomp/TheRock/build/ml-libs/composable_kernel/build
0.0	-- Install configuration: "Release"
0.0	-- Installing: /work/grodgers/git/tr-aomp/TheRock/build/ml-libs/composable_kernel/stage/lib/libdevice_conv_operations.a
1.3	-- Installing: /work/grodgers/git/tr-aomp/TheRock/build/ml-libs/composable_kernel/stage/lib/cmake/composable_kernel/composable_kerneldevice_conv_operationsTargets.cmake
1.3	-- Installing: /work/grodgers/git/tr-aomp/TheRock/build/ml-libs/composable_kernel/stage/lib/cmake/composable_kernel/composable_kerneldevice_conv_operationsTargets-release.cmake
1.3	-- Installing: /work/grodgers/git/tr-aomp/TheRock/build/ml-libs/composable_kernel/stage/include/ck
1.3	-- Installing: /work/grodgers/git/tr-aomp/TheRock/build/ml-libs/composable_kernel/stage/include/ck/version.h.in
1.3	-- Installing: /work/grodgers/git/tr-aomp/TheRock/build/ml-libs/composable_kernel/stage/include/ck/README.md
1.3	-- Installing: /work/grodgers/git/tr-aomp/TheRock/build/ml-libs/composable_kernel/stage/include/ck/tensor
1.3	-- Installing: /work/grodgers/git/tr-aomp/TheRock/build/ml-libs/composable_kernel/stage/include/ck/tensor/static_tensor.hpp
1.3	-- Installing: /work/grodgers/git/tr-aomp/TheRock/build/ml-libs/composable_kernel/stage/include/ck/filesystem.hpp
1.3	-- Installing: /work/grodgers/git/tr-aomp/TheRock/build/ml-libs/composable_kernel/stage/include/ck/config.h.in
1.3	-- Installing: /work/grodgers/git/tr-aomp/TheRock/build/ml-libs/composable_kernel/stage/include/ck/wrapper
1.3	-- Installing: /work/grodgers/git/tr-aomp/TheRock/build/ml-libs/composable_kernel/stage/include/ck/wrapper/layout.hpp
1.3	-- Installing: /work/grodgers/git/tr-aomp/TheRock/build/ml-libs/composable_kernel/stage/include/ck/wrapper/traits
1.3	-- Installing: /work/grodgers/git/tr-aomp/TheRock/build/ml-libs/composable_kernel/stage/include/ck/wrapper/traits/blockwise_gemm_xdl_traits.hpp
1.3	-- Installing: /work/grodgers/git/tr-aomp/TheRock/build/ml-libs/composable_kernel/stage/include/ck/wrapper/utils
1.3	-- Installing: /work/grodgers/git/tr-aomp/TheRock/build/ml-libs/composable_kernel/stage/include/ck/wrapper/utils/layout_utils.hpp
1.3	-- Installing: /work/grodgers/git/tr-aomp/TheRock/build/ml-libs/composable_kernel/stage/include/ck/wrapper/utils/tensor_partition.hpp
1.3	-- Installing: /work/grodgers/git/tr-aomp/TheRock/build/ml-libs/composable_kernel/stage/include/ck/wrapper/utils/tensor_utils.hpp
1.3	-- Installing: /work/grodgers/git/tr-aomp/TheRock/build/ml-libs/composable_kernel/stage/include/ck/wrapper/utils/kernel_utils.hpp
1.3	-- Installing: /work/grodgers/git/tr-aomp/TheRock/build/ml-libs/composable_kernel/stage/include/ck/wrapper/operations
1.3	-- Installing: /work/grodgers/git/tr-aomp/TheRock/build/ml-libs/composable_kernel/stage/include/ck/wrapper/operations/copy.hpp
1.3	-- Installing: /work/grodgers/git/tr-aomp/TheRock/build/ml-libs/composable_kernel/stage/include/ck/wrapper/operations/gemm.hpp
1.3	-- Installing: /work/grodgers/git/tr-aomp/TheRock/build/ml-libs/composable_kernel/stage/include/ck/wrapper/tensor.hpp
1.3	-- Installing: /work/grodgers/git/tr-aomp/TheRock/build/ml-libs/composable_kernel/stage/include/ck/host_utility
1.3	-- Installing: /work/grodgers/git/tr-aomp/TheRock/build/ml-libs/composable_kernel/stage/include/ck/host_utility/stream_utility.hpp
1.3	-- Installing: /work/grodgers/git/tr-aomp/TheRock/build/ml-libs/composable_kernel/stage/include/ck/host_utility/device_prop.hpp
1.3	-- Installing: /work/grodgers/git/tr-aomp/TheRock/build/ml-libs/composable_kernel/stage/include/ck/host_utility/io.hpp
1.3	-- Installing: /work/grodgers/git/tr-aomp/TheRock/build/ml-libs/composable_kernel/stage/include/ck/host_utility/kernel_launch.hpp
1.3	-- Installing: /work/grodgers/git/tr-aomp/TheRock/build/ml-libs/composable_kernel/stage/include/ck/host_utility/flush_cache.hpp
1.3	-- Installing: /work/grodgers/git/tr-aomp/TheRock/build/ml-libs/composable_kernel/stage/include/ck/host_utility/hip_check_error.hpp
1.3	-- Installing: /work/grodgers/git/tr-aomp/TheRock/build/ml-libs/composable_kernel/stage/include/ck/library
1.3	-- Installing: /work/grodgers/git/tr-aomp/TheRock/build/ml-libs/composable_kernel/stage/include/ck/library/utility
1.3	-- Installing: /work/grodgers/git/tr-aomp/TheRock/build/ml-libs/composable_kernel/stage/include/ck/library/utility/host_gemm.hpp
1.3	-- Installing: /work/grodgers/git/tr-aomp/TheRock/build/ml-libs/composable_kernel/stage/include/ck/library/utility/algorithm.hpp
1.3	-- Installing: /work/grodgers/git/tr-aomp/TheRock/build/ml-libs/composable_kernel/stage/include/ck/library/utility/host_tensor.hpp
1.3	-- Installing: /work/grodgers/git/tr-aomp/TheRock/build/ml-libs/composable_kernel/stage/include/ck/library/utility/convolution_host_tensor_descriptor_helper.hpp
1.3	-- Installing: /work/grodgers/git/tr-aomp/TheRock/build/ml-libs/composable_kernel/stage/include/ck/library/utility/host_common_util.hpp
1.3	-- Installing: /work/grodgers/git/tr-aomp/TheRock/build/ml-libs/composable_kernel/stage/include/ck/library/utility/device_memory.hpp
1.3	-- Installing: /work/grodgers/git/tr-aomp/TheRock/build/ml-libs/composable_kernel/stage/include/ck/library/utility/validation_common.hpp
1.3	-- Installing: /work/grodgers/git/tr-aomp/TheRock/build/ml-libs/composable_kernel/stage/include/ck/library/utility/numeric.hpp
1.3	-- Installing: /work/grodgers/git/tr-aomp/TheRock/build/ml-libs/composable_kernel/stage/include/ck/library/utility/ranges.hpp
1.3	-- Installing: /work/grodgers/git/tr-aomp/TheRock/build/ml-libs/composable_kernel/stage/include/ck/library/utility/literals.hpp
1.3	-- Installing: /work/grodgers/git/tr-aomp/TheRock/build/ml-libs/composable_kernel/stage/include/ck/library/utility/thread.hpp
1.3	-- Installing: /work/grodgers/git/tr-aomp/TheRock/build/ml-libs/composable_kernel/stage/include/ck/library/utility/fill.hpp
1.3	-- Installing: /work/grodgers/git/tr-aomp/TheRock/build/ml-libs/composable_kernel/stage/include/ck/library/utility/host_tensor_generator.hpp
1.3	-- Installing: /work/grodgers/git/tr-aomp/TheRock/build/ml-libs/composable_kernel/stage/include/ck/library/utility/conv_common.hpp
1.3	-- Installing: /work/grodgers/git/tr-aomp/TheRock/build/ml-libs/composable_kernel/stage/include/ck/library/utility/check_err.hpp
1.3	-- Installing: /work/grodgers/git/tr-aomp/TheRock/build/ml-libs/composable_kernel/stage/include/ck/library/utility/convolution_parameter.hpp
1.3	-- Installing: /work/grodgers/git/tr-aomp/TheRock/build/ml-libs/composable_kernel/stage/include/ck/library/utility/iterator.hpp
1.3	-- Installing: /work/grodgers/git/tr-aomp/TheRock/build/ml-libs/composable_kernel/stage/include/ck/ck.hpp
1.3	-- Installing: /work/grodgers/git/tr-aomp/TheRock/build/ml-libs/composable_kernel/stage/include/ck/utility
1.3	-- Installing: /work/grodgers/git/tr-aomp/TheRock/build/ml-libs/composable_kernel/stage/include/ck/utility/filter_tuple.hpp
1.3	-- Installing: /work/grodgers/git/tr-aomp/TheRock/build/ml-libs/composable_kernel/stage/include/ck/utility/mxfp_utils.hpp
1.3	-- Installing: /work/grodgers/git/tr-aomp/TheRock/build/ml-libs/composable_kernel/stage/include/ck/utility/amd_wmma.hpp
1.3	-- Installing: /work/grodgers/git/tr-aomp/TheRock/build/ml-libs/composable_kernel/stage/include/ck/utility/mxf6_utils.hpp
1.3	-- Installing: /work/grodgers/git/tr-aomp/TheRock/build/ml-libs/composable_kernel/stage/include/ck/utility/is_detected.hpp
1.3	-- Installing: /work/grodgers/git/tr-aomp/TheRock/build/ml-libs/composable_kernel/stage/include/ck/utility/sequence_helper.hpp
1.3	-- Installing: /work/grodgers/git/tr-aomp/TheRock/build/ml-libs/composable_kernel/stage/include/ck/utility/statically_indexed_array_multi_index.hpp
1.3	-- Installing: /work/grodgers/git/tr-aomp/TheRock/build/ml-libs/composable_kernel/stage/include/ck/utility/amd_lds.hpp
1.3	-- Installing: /work/grodgers/git/tr-aomp/TheRock/build/ml-libs/composable_kernel/stage/include/ck/utility/enable_if.hpp
1.3	-- Installing: /work/grodgers/git/tr-aomp/TheRock/build/ml-libs/composable_kernel/stage/include/ck/utility/common_header.hpp
1.3	-- Installing: /work/grodgers/git/tr-aomp/TheRock/build/ml-libs/composable_kernel/stage/include/ck/utility/get_id.hpp
1.3	-- Installing: /work/grodgers/git/tr-aomp/TheRock/build/ml-libs/composable_kernel/stage/include/ck/utility/ignore.hpp
1.3	-- Installing: /work/grodgers/git/tr-aomp/TheRock/build/ml-libs/composable_kernel/stage/include/ck/utility/amd_address_space.hpp
1.3	-- Installing: /work/grodgers/git/tr-aomp/TheRock/build/ml-libs/composable_kernel/stage/include/ck/utility/dtype_vector.hpp
1.3	-- Installing: /work/grodgers/git/tr-aomp/TheRock/build/ml-libs/composable_kernel/stage/include/ck/utility/amd_buffer_addressing.hpp
1.3	-- Installing: /work/grodgers/git/tr-aomp/TheRock/build/ml-libs/composable_kernel/stage/include/ck/utility/tuple_helper.hpp
1.3	-- Installing: /work/grodgers/git/tr-aomp/TheRock/build/ml-libs/composable_kernel/stage/include/ck/utility/multi_index.hpp
1.3	-- Installing: /work/grodgers/git/tr-aomp/TheRock/build/ml-libs/composable_kernel/stage/include/ck/utility/data_type.hpp
1.3	-- Installing: /work/grodgers/git/tr-aomp/TheRock/build/ml-libs/composable_kernel/stage/include/ck/utility/scaled_type_convert.hpp
1.3	-- Installing: /work/grodgers/git/tr-aomp/TheRock/build/ml-libs/composable_kernel/stage/include/ck/utility/math_v2.hpp
1.3	-- Installing: /work/grodgers/git/tr-aomp/TheRock/build/ml-libs/composable_kernel/stage/include/ck/utility/number.hpp
1.3	-- Installing: /work/grodgers/git/tr-aomp/TheRock/build/ml-libs/composable_kernel/stage/include/ck/utility/mxf8_utils.hpp
1.3	-- Installing: /work/grodgers/git/tr-aomp/TheRock/build/ml-libs/composable_kernel/stage/include/ck/utility/numeric_limits.hpp
1.3	-- Installing: /work/grodgers/git/tr-aomp/TheRock/build/ml-libs/composable_kernel/stage/include/ck/utility/e8m0.hpp
1.3	-- Installing: /work/grodgers/git/tr-aomp/TheRock/build/ml-libs/composable_kernel/stage/include/ck/utility/f8_utils.hpp
1.3	-- Installing: /work/grodgers/git/tr-aomp/TheRock/build/ml-libs/composable_kernel/stage/include/ck/utility/amd_inline_asm.hpp
1.3	-- Installing: /work/grodgers/git/tr-aomp/TheRock/build/ml-libs/composable_kernel/stage/include/ck/utility/functional3.hpp
1.3	-- Installing: /work/grodgers/git/tr-aomp/TheRock/build/ml-libs/composable_kernel/stage/include/ck/utility/static_buffer.hpp
1.3	-- Installing: /work/grodgers/git/tr-aomp/TheRock/build/ml-libs/composable_kernel/stage/include/ck/utility/amd_ck_fp8.hpp
1.3	-- Installing: /work/grodgers/git/tr-aomp/TheRock/build/ml-libs/composable_kernel/stage/include/ck/utility/workgroup_barrier.hpp
1.3	-- Installing: /work/grodgers/git/tr-aomp/TheRock/build/ml-libs/composable_kernel/stage/include/ck/utility/debug.hpp
1.3	-- Installing: /work/grodgers/git/tr-aomp/TheRock/build/ml-libs/composable_kernel/stage/include/ck/utility/numeric_utils.hpp
1.3	-- Installing: /work/grodgers/git/tr-aomp/TheRock/build/ml-libs/composable_kernel/stage/include/ck/utility/loop_scheduler.hpp
1.3	-- Installing: /work/grodgers/git/tr-aomp/TheRock/build/ml-libs/composable_kernel/stage/include/ck/utility/synchronization.hpp
1.3	-- Installing: /work/grodgers/git/tr-aomp/TheRock/build/ml-libs/composable_kernel/stage/include/ck/utility/functional4.hpp
1.3	-- Installing: /work/grodgers/git/tr-aomp/TheRock/build/ml-libs/composable_kernel/stage/include/ck/utility/random_gen.hpp
1.3	-- Installing: /work/grodgers/git/tr-aomp/TheRock/build/ml-libs/composable_kernel/stage/include/ck/utility/thread_group.hpp
1.3	-- Installing: /work/grodgers/git/tr-aomp/TheRock/build/ml-libs/composable_kernel/stage/include/ck/utility/reduction_operator.hpp
1.3	-- Installing: /work/grodgers/git/tr-aomp/TheRock/build/ml-libs/composable_kernel/stage/include/ck/utility/sequence.hpp
1.3	-- Installing: /work/grodgers/git/tr-aomp/TheRock/build/ml-libs/composable_kernel/stage/include/ck/utility/env.hpp
1.3	-- Installing: /work/grodgers/git/tr-aomp/TheRock/build/ml-libs/composable_kernel/stage/include/ck/utility/amd_wave_read_first_lane.hpp
1.3	-- Installing: /work/grodgers/git/tr-aomp/TheRock/build/ml-libs/composable_kernel/stage/include/ck/utility/transpose_vectors.hpp
1.3	-- Installing: /work/grodgers/git/tr-aomp/TheRock/build/ml-libs/composable_kernel/stage/include/ck/utility/container_helper.hpp
1.3	-- Installing: /work/grodgers/git/tr-aomp/TheRock/build/ml-libs/composable_kernel/stage/include/ck/utility/array.hpp
1.3	-- Installing: /work/grodgers/git/tr-aomp/TheRock/build/ml-libs/composable_kernel/stage/include/ck/utility/amd_gemm_dpp.hpp
1.3	-- Installing: /work/grodgers/git/tr-aomp/TheRock/build/ml-libs/composable_kernel/stage/include/ck/utility/reduction_enums.hpp
1.3	-- Installing: /work/grodgers/git/tr-aomp/TheRock/build/ml-libs/composable_kernel/stage/include/ck/utility/blkgemmpipe_scheduler.hpp
1.3	-- Installing: /work/grodgers/git/tr-aomp/TheRock/build/ml-libs/composable_kernel/stage/include/ck/utility/dynamic_buffer.hpp
1.3	-- Installing: /work/grodgers/git/tr-aomp/TheRock/build/ml-libs/composable_kernel/stage/include/ck/utility/span.hpp
1.3	-- Installing: /work/grodgers/git/tr-aomp/TheRock/build/ml-libs/composable_kernel/stage/include/ck/utility/functional.hpp
1.3	-- Installing: /work/grodgers/git/tr-aomp/TheRock/build/ml-libs/composable_kernel/stage/include/ck/utility/tuple.hpp
1.3	-- Installing: /work/grodgers/git/tr-aomp/TheRock/build/ml-libs/composable_kernel/stage/include/ck/utility/container_element_picker.hpp
1.3	-- Installing: /work/grodgers/git/tr-aomp/TheRock/build/ml-libs/composable_kernel/stage/include/ck/utility/mxf4_utils.hpp
1.3	-- Installing: /work/grodgers/git/tr-aomp/TheRock/build/ml-libs/composable_kernel/stage/include/ck/utility/magic_division.hpp
1.3	-- Installing: /work/grodgers/git/tr-aomp/TheRock/build/ml-libs/composable_kernel/stage/include/ck/utility/array_multi_index.hpp
1.3	-- Installing: /work/grodgers/git/tr-aomp/TheRock/build/ml-libs/composable_kernel/stage/include/ck/utility/get_shift.hpp
1.3	-- Installing: /work/grodgers/git/tr-aomp/TheRock/build/ml-libs/composable_kernel/stage/include/ck/utility/statically_indexed_array.hpp
1.3	-- Installing: /work/grodgers/git/tr-aomp/TheRock/build/ml-libs/composable_kernel/stage/include/ck/utility/amd_buffer_addressing_builtins.hpp
1.3	-- Installing: /work/grodgers/git/tr-aomp/TheRock/build/ml-libs/composable_kernel/stage/include/ck/utility/inner_product.hpp
1.3	-- Installing: /work/grodgers/git/tr-aomp/TheRock/build/ml-libs/composable_kernel/stage/include/ck/utility/functional2.hpp
1.3	-- Installing: /work/grodgers/git/tr-aomp/TheRock/build/ml-libs/composable_kernel/stage/include/ck/utility/c_style_pointer_cast.hpp
1.3	-- Installing: /work/grodgers/git/tr-aomp/TheRock/build/ml-libs/composable_kernel/stage/include/ck/utility/reduction_functions_accumulate.hpp
1.3	-- Installing: /work/grodgers/git/tr-aomp/TheRock/build/ml-libs/composable_kernel/stage/include/ck/utility/inner_product_dpp8.hpp
1.3	-- Installing: /work/grodgers/git/tr-aomp/TheRock/build/ml-libs/composable_kernel/stage/include/ck/utility/dtype_fp64.hpp
1.3	-- Installing: /work/grodgers/git/tr-aomp/TheRock/build/ml-libs/composable_kernel/stage/include/ck/utility/amd_smfmac.hpp
1.3	-- Installing: /work/grodgers/git/tr-aomp/TheRock/build/ml-libs/composable_kernel/stage/include/ck/utility/generic_memory_space_atomic.hpp
1.3	-- Installing: /work/grodgers/git/tr-aomp/TheRock/build/ml-libs/composable_kernel/stage/include/ck/utility/math.hpp
1.3	-- Installing: /work/grodgers/git/tr-aomp/TheRock/build/ml-libs/composable_kernel/stage/include/ck/utility/flush_icache.hpp
1.3	-- Installing: /work/grodgers/git/tr-aomp/TheRock/build/ml-libs/composable_kernel/stage/include/ck/utility/integral_constant.hpp
1.3	-- Installing: /work/grodgers/git/tr-aomp/TheRock/build/ml-libs/composable_kernel/stage/include/ck/utility/type.hpp
1.3	-- Installing: /work/grodgers/git/tr-aomp/TheRock/build/ml-libs/composable_kernel/stage/include/ck/utility/type_convert.hpp
1.3	-- Installing: /work/grodgers/git/tr-aomp/TheRock/build/ml-libs/composable_kernel/stage/include/ck/utility/reduction_common.hpp
1.3	-- Installing: /work/grodgers/git/tr-aomp/TheRock/build/ml-libs/composable_kernel/stage/include/ck/utility/is_known_at_compile_time.hpp
1.3	-- Installing: /work/grodgers/git/tr-aomp/TheRock/build/ml-libs/composable_kernel/stage/include/ck/utility/workgroup_synchronization.hpp
1.3	-- Installing: /work/grodgers/git/tr-aomp/TheRock/build/ml-libs/composable_kernel/stage/include/ck/utility/amd_xdlops.hpp
1.3	-- Installing: /work/grodgers/git/tr-aomp/TheRock/build/ml-libs/composable_kernel/stage/include/ck/tensor_operation
1.3	-- Installing: /work/grodgers/git/tr-aomp/TheRock/build/ml-libs/composable_kernel/stage/include/ck/tensor_operation/operator_transform
1.3	-- Installing: /work/grodgers/git/tr-aomp/TheRock/build/ml-libs/composable_kernel/stage/include/ck/tensor_operation/operator_transform/transform_contraction_to_gemm_arraybase.hpp
1.3	-- Installing: /work/grodgers/git/tr-aomp/TheRock/build/ml-libs/composable_kernel/stage/include/ck/tensor_operation/operator_transform/transform_conv_bwd_data_to_gemm_v1.hpp
1.3	-- Installing: /work/grodgers/git/tr-aomp/TheRock/build/ml-libs/composable_kernel/stage/include/ck/tensor_operation/operator_transform/transform_conv_fwd_to_gemm.hpp
1.3	-- Installing: /work/grodgers/git/tr-aomp/TheRock/build/ml-libs/composable_kernel/stage/include/ck/tensor_operation/operator_transform/transform_contraction_to_gemm.hpp
1.3	-- Installing: /work/grodgers/git/tr-aomp/TheRock/build/ml-libs/composable_kernel/stage/include/ck/tensor_operation/operator_transform/transform_conv_bwd_weight_to_gemm_v2.hpp
1.3	-- Installing: /work/grodgers/git/tr-aomp/TheRock/build/ml-libs/composable_kernel/stage/include/ck/tensor_operation/operator_transform/transform_conv_bwd_weight_to_gemm.hpp
1.3	-- Installing: /work/grodgers/git/tr-aomp/TheRock/build/ml-libs/composable_kernel/stage/include/ck/tensor_operation/operator_transform/transform_conv_ngchw_to_nhwgc.hpp
1.3	-- Installing: /work/grodgers/git/tr-aomp/TheRock/build/ml-libs/composable_kernel/stage/include/ck/tensor_operation/gpu
1.3	-- Installing: /work/grodgers/git/tr-aomp/TheRock/build/ml-libs/composable_kernel/stage/include/ck/tensor_operation/gpu/block
1.3	-- Installing: /work/grodgers/git/tr-aomp/TheRock/build/ml-libs/composable_kernel/stage/include/ck/tensor_operation/gpu/block/blockwise_gemm_dpp.hpp
1.3	-- Installing: /work/grodgers/git/tr-aomp/TheRock/build/ml-libs/composable_kernel/stage/include/ck/tensor_operation/gpu/block/thread_group_tensor_slice_transfer_v4r1_gather.hpp
1.3	-- Installing: /work/grodgers/git/tr-aomp/TheRock/build/ml-libs/composable_kernel/stage/include/ck/tensor_operation/gpu/block/thread_group_tensor_slice_transfer_v7r3_scatter.hpp
1.3	-- Installing: /work/grodgers/git/tr-aomp/TheRock/build/ml-libs/composable_kernel/stage/include/ck/tensor_operation/gpu/block/blockwise_gemm_pipeline_xdlops_v2_ab_scale.hpp
1.3	-- Installing: /work/grodgers/git/tr-aomp/TheRock/build/ml-libs/composable_kernel/stage/include/ck/tensor_operation/gpu/block/blockwise_softmax.hpp
1.3	-- Installing: /work/grodgers/git/tr-aomp/TheRock/build/ml-libs/composable_kernel/stage/include/ck/tensor_operation/gpu/block/blockwise_gemm_pipeline_xdlops_mx_moe_nbs_v1.hpp
1.3	-- Installing: /work/grodgers/git/tr-aomp/TheRock/build/ml-libs/composable_kernel/stage/include/ck/tensor_operation/gpu/block/blockwise_gemm_pipeline_xdlops_b_preshuffle_dequant_v3.hpp
1.3	-- Installing: /work/grodgers/git/tr-aomp/TheRock/build/ml-libs/composable_kernel/stage/include/ck/tensor_operation/gpu/block/thread_group_tensor_slice_transfer_gather_direct_load.hpp
1.3	-- Installing: /work/grodgers/git/tr-aomp/TheRock/build/ml-libs/composable_kernel/stage/include/ck/tensor_operation/gpu/block/blockwise_gemm_smfmac_xdlops.hpp
1.3	-- Installing: /work/grodgers/git/tr-aomp/TheRock/build/ml-libs/composable_kernel/stage/include/ck/tensor_operation/gpu/block/blockwise_gemm_pipeline_xdlops_b_preshuffle_v2.hpp
1.3	-- Installing: /work/grodgers/git/tr-aomp/TheRock/build/ml-libs/composable_kernel/stage/include/ck/tensor_operation/gpu/block/blockwise_gemm_pipeline_xdlops_v1_b_scale.hpp
1.3	-- Installing: /work/grodgers/git/tr-aomp/TheRock/build/ml-libs/composable_kernel/stage/include/ck/tensor_operation/gpu/block/blockwise_gemm_pipeline_xdlops_b_preshuffle_gufusion_dequant_v1.hpp
1.3	-- Installing: /work/grodgers/git/tr-aomp/TheRock/build/ml-libs/composable_kernel/stage/include/ck/tensor_operation/gpu/block/blockwise_gemm_pipeline_xdlops_b_preshuffle_mx_moe_selector.hpp
1.3	-- Installing: /work/grodgers/git/tr-aomp/TheRock/build/ml-libs/composable_kernel/stage/include/ck/tensor_operation/gpu/block/blockwise_gemm_pipeline_xdlops_mx_moe_nbs_v3.hpp
1.3	-- Installing: /work/grodgers/git/tr-aomp/TheRock/build/ml-libs/composable_kernel/stage/include/ck/tensor_operation/gpu/block/blockwise_gemm_pipeline_xdlops_v2_b_scale.hpp
1.3	-- Installing: /work/grodgers/git/tr-aomp/TheRock/build/ml-libs/composable_kernel/stage/include/ck/tensor_operation/gpu/block/blockwise_gemm_pipeline_xdlops_moe_blockscale_b_preshuffle_gufusion_v3.hpp
1.3	-- Installing: /work/grodgers/git/tr-aomp/TheRock/build/ml-libs/composable_kernel/stage/include/ck/tensor_operation/gpu/block/blockwise_gemm_pipeline_wmmaops_base.hpp
1.3	-- Installing: /work/grodgers/git/tr-aomp/TheRock/build/ml-libs/composable_kernel/stage/include/ck/tensor_operation/gpu/block/blockwise_gemm_pipeline_xdlops_mx_selector.hpp
1.3	-- Installing: /work/grodgers/git/tr-aomp/TheRock/build/ml-libs/composable_kernel/stage/include/ck/tensor_operation/gpu/block/blockwise_gemm_dlops_v3.hpp
1.3	-- Installing: /work/grodgers/git/tr-aomp/TheRock/build/ml-libs/composable_kernel/stage/include/ck/tensor_operation/gpu/block/blockwise_gemm_pipeline_xdlops_mx_moe_nbs_gufusion_v3.hpp
1.3	-- Installing: /work/grodgers/git/tr-aomp/TheRock/build/ml-libs/composable_kernel/stage/include/ck/tensor_operation/gpu/block/blockwise_welford.hpp
1.3	-- Installing: /work/grodgers/git/tr-aomp/TheRock/build/ml-libs/composable_kernel/stage/include/ck/tensor_operation/gpu/block/blockwise_gemm_pipeline_wmmaops.hpp
1.3	-- Installing: /work/grodgers/git/tr-aomp/TheRock/build/ml-libs/composable_kernel/stage/include/ck/tensor_operation/gpu/block/blockwise_gemm_pipeline_xdlops.hpp
1.3	-- Installing: /work/grodgers/git/tr-aomp/TheRock/build/ml-libs/composable_kernel/stage/include/ck/tensor_operation/gpu/block/blockwise_gemm_pipeline_xdlops_base.hpp
1.3	-- Installing: /work/grodgers/git/tr-aomp/TheRock/build/ml-libs/composable_kernel/stage/include/ck/tensor_operation/gpu/block/thread_group_tensor_slice_transfer_v6r1r2.hpp
1.3	-- Installing: /work/grodgers/git/tr-aomp/TheRock/build/ml-libs/composable_kernel/stage/include/ck/tensor_operation/gpu/block/thread_group_tensor_slice_transfer_v7r3.hpp
1.3	-- Installing: /work/grodgers/git/tr-aomp/TheRock/build/ml-libs/composable_kernel/stage/include/ck/tensor_operation/gpu/block/reduction_functions_blockwise.hpp
1.3	-- Installing: /work/grodgers/git/tr-aomp/TheRock/build/ml-libs/composable_kernel/stage/include/ck/tensor_operation/gpu/block/blockwise_gemm_pipeline_wmmaops_v1.hpp
1.3	-- Installing: /work/grodgers/git/tr-aomp/TheRock/build/ml-libs/composable_kernel/stage/include/ck/tensor_operation/gpu/block/blockwise_gemm_pipeline_xdlops_v3_b_scale.hpp
1.3	-- Installing: /work/grodgers/git/tr-aomp/TheRock/build/ml-libs/composable_kernel/stage/include/ck/tensor_operation/gpu/block/blockwise_gemm_pipeline_wmmaops_v3.hpp
1.3	-- Installing: /work/grodgers/git/tr-aomp/TheRock/build/ml-libs/composable_kernel/stage/include/ck/tensor_operation/gpu/block/blockwise_gemm_pipeline_xdlops_mx_moe_v3.hpp
1.3	-- Installing: /work/grodgers/git/tr-aomp/TheRock/build/ml-libs/composable_kernel/stage/include/ck/tensor_operation/gpu/block/blockwise_gemm_pipeline_xdlops_selector.hpp
1.3	-- Installing: /work/grodgers/git/tr-aomp/TheRock/build/ml-libs/composable_kernel/stage/include/ck/tensor_operation/gpu/block/blockwise_gemm_pipeline_xdlops_b_preshuffle_v3.hpp
1.3	-- Installing: /work/grodgers/git/tr-aomp/TheRock/build/ml-libs/composable_kernel/stage/include/ck/tensor_operation/gpu/block/blockwise_gemm_pipeline_xdlops_blockscale_b_preshuffle_v1.hpp
1.3	-- Installing: /work/grodgers/git/tr-aomp/TheRock/build/ml-libs/composable_kernel/stage/include/ck/tensor_operation/gpu/block/blockwise_gemm_pipeline_xdlops_moe_blockscale_b_preshuffle_v1.hpp
1.3	-- Installing: /work/grodgers/git/tr-aomp/TheRock/build/ml-libs/composable_kernel/stage/include/ck/tensor_operation/gpu/block/blockwise_gemm_pipeline_xdlops_mx_bpreshuffle_selector.hpp
1.3	-- Installing: /work/grodgers/git/tr-aomp/TheRock/build/ml-libs/composable_kernel/stage/include/ck/tensor_operation/gpu/block/blockwise_gemm_pipeline_xdlops_v3_mx.hpp
1.3	-- Installing: /work/grodgers/git/tr-aomp/TheRock/build/ml-libs/composable_kernel/stage/include/ck/tensor_operation/gpu/block/blockwise_gemm_pipeline_xdlops_v1_mx.hpp
1.3	-- Installing: /work/grodgers/git/tr-aomp/TheRock/build/ml-libs/composable_kernel/stage/include/ck/tensor_operation/gpu/block/blockwise_gemm_pipeline_xdlops_blockscale_b_preshuffle_v3.hpp
1.3	-- Installing: /work/grodgers/git/tr-aomp/TheRock/build/ml-libs/composable_kernel/stage/include/ck/tensor_operation/gpu/block/blockwise_gemm_pipeline_xdlops_b_preshuffle_gufusion_v3.hpp
1.3	-- Installing: /work/grodgers/git/tr-aomp/TheRock/build/ml-libs/composable_kernel/stage/include/ck/tensor_operation/gpu/block/blockwise_gemm_pipeline_xdlops_v4.hpp
1.3	-- Installing: /work/grodgers/git/tr-aomp/TheRock/build/ml-libs/composable_kernel/stage/include/ck/tensor_operation/gpu/block/blockwise_gemm_pipeline_xdlops_moe_blockscale_b_preshuffle_gufusion_v1.hpp
1.3	-- Installing: /work/grodgers/git/tr-aomp/TheRock/build/ml-libs/composable_kernel/stage/include/ck/tensor_operation/gpu/block/blockwise_gemm_pipeline_xdlops_ab_scale_selector.hpp
1.3	-- Installing: /work/grodgers/git/tr-aomp/TheRock/build/ml-libs/composable_kernel/stage/include/ck/tensor_operation/gpu/block/thread_group_tensor_slice_transfer_direct_load.hpp
1.3	-- Installing: /work/grodgers/git/tr-aomp/TheRock/build/ml-libs/composable_kernel/stage/include/ck/tensor_operation/gpu/block/thread_group_tensor_slice_transfer_v6r3.hpp
1.3	-- Installing: /work/grodgers/git/tr-aomp/TheRock/build/ml-libs/composable_kernel/stage/include/ck/tensor_operation/gpu/block/blockwise_gemm_pipeline_xdlops_b_preshuffle_selector.hpp
1.3	-- Installing: /work/grodgers/git/tr-aomp/TheRock/build/ml-libs/composable_kernel/stage/include/ck/tensor_operation/gpu/block/thread_group_tensor_slice_transfer_v6r1.hpp
1.3	-- Installing: /work/grodgers/git/tr-aomp/TheRock/build/ml-libs/composable_kernel/stage/include/ck/tensor_operation/gpu/block/blockwise_gemm_pipeline_xdlops_v3.hpp
1.3	-- Installing: /work/grodgers/git/tr-aomp/TheRock/build/ml-libs/composable_kernel/stage/include/ck/tensor_operation/gpu/block/blockwise_gemm_pipeline_xdlops_b_scale_selector.hpp
1.3	-- Installing: /work/grodgers/git/tr-aomp/TheRock/build/ml-libs/composable_kernel/stage/include/ck/tensor_operation/gpu/block/blockwise_gemm_xdlops_skip_b_lds.hpp
1.3	-- Installing: /work/grodgers/git/tr-aomp/TheRock/build/ml-libs/composable_kernel/stage/include/ck/tensor_operation/gpu/block/thread_group_tensor_slice_transfer_v4r2.hpp
1.3	-- Installing: /work/grodgers/git/tr-aomp/TheRock/build/ml-libs/composable_kernel/stage/include/ck/tensor_operation/gpu/block/blockwise_gemm_pipeline_xdlops_b_preshuffle_gufusion_v1.hpp
1.3	-- Installing: /work/grodgers/git/tr-aomp/TheRock/build/ml-libs/composable_kernel/stage/include/ck/tensor_operation/gpu/block/blockwise_gemm_pipeline_xdlops_v4_b_scale.hpp
1.3	-- Installing: /work/grodgers/git/tr-aomp/TheRock/build/ml-libs/composable_kernel/stage/include/ck/tensor_operation/gpu/block/blockwise_gemm_wmma.hpp
1.3	-- Installing: /work/grodgers/git/tr-aomp/TheRock/build/ml-libs/composable_kernel/stage/include/ck/tensor_operation/gpu/block/blockwise_gemm_mx_pipeline_xdlops_base.hpp
1.3	-- Installing: /work/grodgers/git/tr-aomp/TheRock/build/ml-libs/composable_kernel/stage/include/ck/tensor_operation/gpu/block/blockwise_gemm_pipeline_xdlops_b_preshuffle_mx_moe_gufusion_v3.hpp
1.3	-- Installing: /work/grodgers/git/tr-aomp/TheRock/build/ml-libs/composable_kernel/stage/include/ck/tensor_operation/gpu/block/thread_group_tensor_slice_transfer_v6r2.hpp
1.3	-- Installing: /work/grodgers/git/tr-aomp/TheRock/build/ml-libs/composable_kernel/stage/include/ck/tensor_operation/gpu/block/blockwise_gemm_pipeline_xdlops_b_preshuffle_mx_moe_v3.hpp
1.3	-- Installing: /work/grodgers/git/tr-aomp/TheRock/build/ml-libs/composable_kernel/stage/include/ck/tensor_operation/gpu/block/blockwise_gemm_xdlops.hpp
1.3	-- Installing: /work/grodgers/git/tr-aomp/TheRock/build/ml-libs/composable_kernel/stage/include/ck/tensor_operation/gpu/block/blockwise_gemm_pipeline_wmma_selector.hpp
1.4	-- Installing: /work/grodgers/git/tr-aomp/TheRock/build/ml-libs/composable_kernel/stage/include/ck/tensor_operation/gpu/block/blockwise_gemm_pipeline_xdlops_mx_moe_selector.hpp
1.4	-- Installing: /work/grodgers/git/tr-aomp/TheRock/build/ml-libs/composable_kernel/stage/include/ck/tensor_operation/gpu/block/blockwise_gemm_pipeline_xdlops_v5.hpp
1.4	-- Installing: /work/grodgers/git/tr-aomp/TheRock/build/ml-libs/composable_kernel/stage/include/ck/tensor_operation/gpu/block/blockwise_gemm_pipeline_xdlops_b_preshuffle_dequant_v1.hpp
1.4	-- Installing: /work/grodgers/git/tr-aomp/TheRock/build/ml-libs/composable_kernel/stage/include/ck/tensor_operation/gpu/block/blockwise_gemm_pipeline_xdlops_b_preshuffle_v1.hpp
1.4	-- Installing: /work/grodgers/git/tr-aomp/TheRock/build/ml-libs/composable_kernel/stage/include/ck/tensor_operation/gpu/block/blockwise_gemm_pipeline_xdlops_v3_ab_scale.hpp
1.4	-- Installing: /work/grodgers/git/tr-aomp/TheRock/build/ml-libs/composable_kernel/stage/include/ck/tensor_operation/gpu/block/blockwise_gemm_dl_v2r3.hpp
1.4	-- Installing: /work/grodgers/git/tr-aomp/TheRock/build/ml-libs/composable_kernel/stage/include/ck/tensor_operation/gpu/block/thread_group_tensor_slice_transfer_v7r2.hpp
1.4	-- Installing: /work/grodgers/git/tr-aomp/TheRock/build/ml-libs/composable_kernel/stage/include/ck/tensor_operation/gpu/block/thread_group_tensor_slice_transfer_v4r1_dequant.hpp
1.4	-- Installing: /work/grodgers/git/tr-aomp/TheRock/build/ml-libs/composable_kernel/stage/include/ck/tensor_operation/gpu/block/blockwise_gemm_pipeline_xdlops_moe_blockscale_b_preshuffle_v3.hpp
1.4	-- Installing: /work/grodgers/git/tr-aomp/TheRock/build/ml-libs/composable_kernel/stage/include/ck/tensor_operation/gpu/block/blockwise_gemm_pipeline_xdlops_moe_blockscale_b_preshuffle_selector.hpp
1.4	-- Installing: /work/grodgers/git/tr-aomp/TheRock/build/ml-libs/composable_kernel/stage/include/ck/tensor_operation/gpu/block/blockwise_gemm_pipeline_xdlops_mx_moe_nbs_selector.hpp
1.4	-- Installing: /work/grodgers/git/tr-aomp/TheRock/build/ml-libs/composable_kernel/stage/include/ck/tensor_operation/gpu/block/blockwise_gemm_pipeline_xdlops_v3_mx_bpreshuffle.hpp
1.4	-- Installing: /work/grodgers/git/tr-aomp/TheRock/build/ml-libs/composable_kernel/stage/include/ck/tensor_operation/gpu/block/blockwise_gemm_pipeline_xdlops_mx_moe_gufusion_v3.hpp
1.4	-- Installing: /work/grodgers/git/tr-aomp/TheRock/build/ml-libs/composable_kernel/stage/include/ck/tensor_operation/gpu/block/blockwise_gemm_pipeline_xdlops_v1.hpp
1.4	-- Installing: /work/grodgers/git/tr-aomp/TheRock/build/ml-libs/composable_kernel/stage/include/ck/tensor_operation/gpu/block/blockwise_gemm_pipeline_xdlops_v2.hpp
1.4	-- Installing: /work/grodgers/git/tr-aomp/TheRock/build/ml-libs/composable_kernel/stage/include/ck/tensor_operation/gpu/block/blockwise_gemm_dlops_v2r2.hpp
1.4	-- Installing: /work/grodgers/git/tr-aomp/TheRock/build/ml-libs/composable_kernel/stage/include/ck/tensor_operation/gpu/block/blockwise_gemm_pipeline_xdlops_v1_ab_scale.hpp
1.4	-- Installing: /work/grodgers/git/tr-aomp/TheRock/build/ml-libs/composable_kernel/stage/include/ck/tensor_operation/gpu/block/thread_group_tensor_slice_transfer_v7.hpp
1.4	-- Installing: /work/grodgers/git/tr-aomp/TheRock/build/ml-libs/composable_kernel/stage/include/ck/tensor_operation/gpu/block/blockwise_tensor_slice_transfer_v5r1.hpp
1.4	-- Installing: /work/grodgers/git/tr-aomp/TheRock/build/ml-libs/composable_kernel/stage/include/ck/tensor_operation/gpu/block/blockwise_gemm_pipeline_xdlops_blockscale_b_preshuffle_selector.hpp
1.4	-- Installing: /work/grodgers/git/tr-aomp/TheRock/build/ml-libs/composable_kernel/stage/include/ck/tensor_operation/gpu/block/thread_group_tensor_slice_transfer_v4r1.hpp
1.4	-- Installing: /work/grodgers/git/tr-aomp/TheRock/build/ml-libs/composable_kernel/stage/include/ck/tensor_operation/gpu/grid
1.4	-- Installing: /work/grodgers/git/tr-aomp/TheRock/build/ml-libs/composable_kernel/stage/include/ck/tensor_operation/gpu/grid/gridwise_gemm_xdlops_v3r3.hpp
1.4	-- Installing: /work/grodgers/git/tr-aomp/TheRock/build/ml-libs/composable_kernel/stage/include/ck/tensor_operation/gpu/grid/gridwise_gemm_reduce_xdl_cshuffle_v1.hpp
1.4	-- Installing: /work/grodgers/git/tr-aomp/TheRock/build/ml-libs/composable_kernel/stage/include/ck/tensor_operation/gpu/grid/gridwise_gemm_split_k_multiple_d_xdl_cshuffle.hpp
1.4	-- Installing: /work/grodgers/git/tr-aomp/TheRock/build/ml-libs/composable_kernel/stage/include/ck/tensor_operation/gpu/grid/gridwise_gemm_multiple_d_xdl_cshuffle_lds_direct_load.hpp
1.4	-- Installing: /work/grodgers/git/tr-aomp/TheRock/build/ml-libs/composable_kernel/stage/include/ck/tensor_operation/gpu/grid/gridwise_gemm_xdlops_v2r4r2.hpp
1.4	-- Installing: /work/grodgers/git/tr-aomp/TheRock/build/ml-libs/composable_kernel/stage/include/ck/tensor_operation/gpu/grid/gridwise_gemm_xdl_cshuffle_v3_multi_d_blockscale_b_preshuffle.hpp
1.4	-- Installing: /work/grodgers/git/tr-aomp/TheRock/build/ml-libs/composable_kernel/stage/include/ck/tensor_operation/gpu/grid/gridwise_softmax.hpp
1.4	-- Installing: /work/grodgers/git/tr-aomp/TheRock/build/ml-libs/composable_kernel/stage/include/ck/tensor_operation/gpu/grid/gridwise_gemm_xdlops_v3r2.hpp
1.4	-- Installing: /work/grodgers/git/tr-aomp/TheRock/build/ml-libs/composable_kernel/stage/include/ck/tensor_operation/gpu/grid/gridwise_2d_reduction_threadwise.hpp
1.4	-- Installing: /work/grodgers/git/tr-aomp/TheRock/build/ml-libs/composable_kernel/stage/include/ck/tensor_operation/gpu/grid/gridwise_gemm_xdl_cshuffle_v3.hpp
1.4	-- Installing: /work/grodgers/git/tr-aomp/TheRock/build/ml-libs/composable_kernel/stage/include/ck/tensor_operation/gpu/grid/gridwise_gemm_xdl_cshuffle_v3_multi_d_ab_scale.hpp
1.4	-- Installing: /work/grodgers/git/tr-aomp/TheRock/build/ml-libs/composable_kernel/stage/include/ck/tensor_operation/gpu/grid/gridwise_gemm_pipeline_selector.hpp
1.4	-- Installing: /work/grodgers/git/tr-aomp/TheRock/build/ml-libs/composable_kernel/stage/include/ck/tensor_operation/gpu/grid/gridwise_gemm_xdl_cshuffle_v3_multi_abd.hpp
1.4	-- Installing: /work/grodgers/git/tr-aomp/TheRock/build/ml-libs/composable_kernel/stage/include/ck/tensor_operation/gpu/grid/gridwise_permute.hpp
1.4	-- Installing: /work/grodgers/git/tr-aomp/TheRock/build/ml-libs/composable_kernel/stage/include/ck/tensor_operation/gpu/grid/gridwise_batched_gemm_gemm_xdl_cshuffle_v1.hpp
1.4	-- Installing: /work/grodgers/git/tr-aomp/TheRock/build/ml-libs/composable_kernel/stage/include/ck/tensor_operation/gpu/grid/gridwise_gemm_split_k_multiple_d_xdl_cshuffle_v2.hpp
1.4	-- Installing: /work/grodgers/git/tr-aomp/TheRock/build/ml-libs/composable_kernel/stage/include/ck/tensor_operation/gpu/grid/gridwise_gemm_waveletmodel.hpp
1.4	-- Installing: /work/grodgers/git/tr-aomp/TheRock/build/ml-libs/composable_kernel/stage/include/ck/tensor_operation/gpu/grid/gridwise_gemm_multiple_d_multiple_r_xdl_cshuffle.hpp
1.4	-- Installing: /work/grodgers/git/tr-aomp/TheRock/build/ml-libs/composable_kernel/stage/include/ck/tensor_operation/gpu/grid/gridwise_moe_gemm_blockscale.hpp
1.4	-- Installing: /work/grodgers/git/tr-aomp/TheRock/build/ml-libs/composable_kernel/stage/include/ck/tensor_operation/gpu/grid/gridwise_gemm_xdl_cshuffle_v3_multi_d_b_preshuffle.hpp
1.4	-- Installing: /work/grodgers/git/tr-aomp/TheRock/build/ml-libs/composable_kernel/stage/include/ck/tensor_operation/gpu/grid/gridwise_gemm_bias_add_reduce_xdl_cshuffle_v1.hpp
1.4	-- Installing: /work/grodgers/git/tr-aomp/TheRock/build/ml-libs/composable_kernel/stage/include/ck/tensor_operation/gpu/grid/gridwise_gemm_xdlops_skip_b_lds_v1.hpp
1.4	-- Installing: /work/grodgers/git/tr-aomp/TheRock/build/ml-libs/composable_kernel/stage/include/ck/tensor_operation/gpu/grid/gridwise_gemm_xdlops_streamk.hpp
1.4	-- Installing: /work/grodgers/git/tr-aomp/TheRock/build/ml-libs/composable_kernel/stage/include/ck/tensor_operation/gpu/grid/gridwise_gemm_dpp.hpp
1.4	-- Installing: /work/grodgers/git/tr-aomp/TheRock/build/ml-libs/composable_kernel/stage/include/ck/tensor_operation/gpu/grid/gridwise_gemm_xdl_cshuffle_streamk_v3.hpp
1.4	-- Installing: /work/grodgers/git/tr-aomp/TheRock/build/ml-libs/composable_kernel/stage/include/ck/tensor_operation/gpu/grid/gridwise_gemm_xdl_cshuffle_v3_b_preshuffle.hpp
1.4	-- Installing: /work/grodgers/git/tr-aomp/TheRock/build/ml-libs/composable_kernel/stage/include/ck/tensor_operation/gpu/grid/gridwise_moe_mx_gemm_bpreshuffle.hpp
1.4	-- Installing: /work/grodgers/git/tr-aomp/TheRock/build/ml-libs/composable_kernel/stage/include/ck/tensor_operation/gpu/grid/gridwise_gemm_pipeline_v1.hpp
1.4	-- Installing: /work/grodgers/git/tr-aomp/TheRock/build/ml-libs/composable_kernel/stage/include/ck/tensor_operation/gpu/grid/gridwise_moe_mx_gemm.hpp
1.4	-- Installing: /work/grodgers/git/tr-aomp/TheRock/build/ml-libs/composable_kernel/stage/include/ck/tensor_operation/gpu/grid/gridwise_2d_multiple_reduction_multiblock.hpp
1.4	-- Installing: /work/grodgers/git/tr-aomp/TheRock/build/ml-libs/composable_kernel/stage/include/ck/tensor_operation/gpu/grid/gridwise_gemm_xdl_layernorm_cshuffle_v1.hpp
1.4	-- Installing: /work/grodgers/git/tr-aomp/TheRock/build/ml-libs/composable_kernel/stage/include/ck/tensor_operation/gpu/grid/gridwise_put_element_1d.hpp
1.4	-- Installing: /work/grodgers/git/tr-aomp/TheRock/build/ml-libs/composable_kernel/stage/include/ck/tensor_operation/gpu/grid/gemm_layernorm
1.4	-- Installing: /work/grodgers/git/tr-aomp/TheRock/build/ml-libs/composable_kernel/stage/include/ck/tensor_operation/gpu/grid/gemm_layernorm/gridwise_welford_second_half_layernorm2d.hpp
1.4	-- Installing: /work/grodgers/git/tr-aomp/TheRock/build/ml-libs/composable_kernel/stage/include/ck/tensor_operation/gpu/grid/gemm_layernorm/gridwise_gemm_multiple_d_welford_first_half_xdl_cshuffle.hpp
1.4	-- Installing: /work/grodgers/git/tr-aomp/TheRock/build/ml-libs/composable_kernel/stage/include/ck/tensor_operation/gpu/grid/gridwise_gemm_dl_multiple_d.hpp
1.4	-- Installing: /work/grodgers/git/tr-aomp/TheRock/build/ml-libs/composable_kernel/stage/include/ck/tensor_operation/gpu/grid/batchnorm_multiblock
1.4	-- Installing: /work/grodgers/git/tr-aomp/TheRock/build/ml-libs/composable_kernel/stage/include/ck/tensor_operation/gpu/grid/batchnorm_multiblock/gridwise_multiblock_reduce_second_half_batchnorm_backward_final.hpp
1.4	-- Installing: /work/grodgers/git/tr-aomp/TheRock/build/ml-libs/composable_kernel/stage/include/ck/tensor_operation/gpu/grid/batchnorm_multiblock/gridwise_multiblock_welford_first_half.hpp
1.4	-- Installing: /work/grodgers/git/tr-aomp/TheRock/build/ml-libs/composable_kernel/stage/include/ck/tensor_operation/gpu/grid/batchnorm_multiblock/gridwise_multiblock_batchnorm_forward.hpp
1.4	-- Installing: /work/grodgers/git/tr-aomp/TheRock/build/ml-libs/composable_kernel/stage/include/ck/tensor_operation/gpu/grid/batchnorm_multiblock/gridwise_multiblock_welford_second_half_multiblock_reduce_first_half.hpp
1.4	-- Installing: /work/grodgers/git/tr-aomp/TheRock/build/ml-libs/composable_kernel/stage/include/ck/tensor_operation/gpu/grid/batchnorm_multiblock/gridwise_multiblock_welford_second_half_batchnorm_forward_final_obsolete.hpp
1.4	-- Installing: /work/grodgers/git/tr-aomp/TheRock/build/ml-libs/composable_kernel/stage/include/ck/tensor_operation/gpu/grid/gridwise_gemm_xdl_cshuffle_v3_mx.hpp
1.4	-- Installing: /work/grodgers/git/tr-aomp/TheRock/build/ml-libs/composable_kernel/stage/include/ck/tensor_operation/gpu/grid/gridwise_gemm_pipeline_v3.hpp
1.4	-- Installing: /work/grodgers/git/tr-aomp/TheRock/build/ml-libs/composable_kernel/stage/include/ck/tensor_operation/gpu/grid/gridwise_tensor_rearrange.hpp
1.4	-- Installing: /work/grodgers/git/tr-aomp/TheRock/build/ml-libs/composable_kernel/stage/include/ck/tensor_operation/gpu/grid/gridwise_gemm_pipeline_v2.hpp
1.4	-- Installing: /work/grodgers/git/tr-aomp/TheRock/build/ml-libs/composable_kernel/stage/include/ck/tensor_operation/gpu/grid/gridwise_gemm_xdlops_v2r4.hpp
1.4	-- Installing: /work/grodgers/git/tr-aomp/TheRock/build/ml-libs/composable_kernel/stage/include/ck/tensor_operation/gpu/grid/gridwise_gemm_dl_v1r3.hpp
1.4	-- Installing: /work/grodgers/git/tr-aomp/TheRock/build/ml-libs/composable_kernel/stage/include/ck/tensor_operation/gpu/grid/gridwise_gemm_xdlops_v3r1.hpp
1.4	-- Installing: /work/grodgers/git/tr-aomp/TheRock/build/ml-libs/composable_kernel/stage/include/ck/tensor_operation/gpu/grid/gridwise_gemm_xdl_cshuffle_v3_b_scale.hpp
1.4	-- Installing: /work/grodgers/git/tr-aomp/TheRock/build/ml-libs/composable_kernel/stage/include/ck/tensor_operation/gpu/grid/gridwise_fpAintB_gemm_wmma.hpp
1.4	-- Installing: /work/grodgers/git/tr-aomp/TheRock/build/ml-libs/composable_kernel/stage/include/ck/tensor_operation/gpu/grid/gridwise_gemm_xdl_cshuffle_v3_mx_bpreshuffle.hpp
1.4	-- Installing: /work/grodgers/git/tr-aomp/TheRock/build/ml-libs/composable_kernel/stage/include/ck/tensor_operation/gpu/grid/gridwise_gemm_xdlops_splitk_lds_direct_load.hpp
1.4	-- Installing: /work/grodgers/git/tr-aomp/TheRock/build/ml-libs/composable_kernel/stage/include/ck/tensor_operation/gpu/grid/gridwise_sparse_embeddings_forward_layernorm.hpp
1.4	-- Installing: /work/grodgers/git/tr-aomp/TheRock/build/ml-libs/composable_kernel/stage/include/ck/tensor_operation/gpu/grid/gridwise_gemm_multiple_d_xdl_cshuffle.hpp
1.4	-- Installing: /work/grodgers/git/tr-aomp/TheRock/build/ml-libs/composable_kernel/stage/include/ck/tensor_operation/gpu/grid/gridwise_set_buffer_value.hpp
1.4	-- Installing: /work/grodgers/git/tr-aomp/TheRock/build/ml-libs/composable_kernel/stage/include/ck/tensor_operation/gpu/grid/gridwise_gemm_xdl_waveletmodel_cshuffle.hpp
1.4	-- Installing: /work/grodgers/git/tr-aomp/TheRock/build/ml-libs/composable_kernel/stage/include/ck/tensor_operation/gpu/grid/normalization
1.4	-- Installing: /work/grodgers/git/tr-aomp/TheRock/build/ml-libs/composable_kernel/stage/include/ck/tensor_operation/gpu/grid/normalization/gridwise_normalization_bwd_data.hpp
1.4	-- Installing: /work/grodgers/git/tr-aomp/TheRock/build/ml-libs/composable_kernel/stage/include/ck/tensor_operation/gpu/grid/normalization/gridwise_normalization_splitk_2nd.hpp
1.4	-- Installing: /work/grodgers/git/tr-aomp/TheRock/build/ml-libs/composable_kernel/stage/include/ck/tensor_operation/gpu/grid/normalization/gridwise_normalization_bwd_gamma_beta.hpp
1.4	-- Installing: /work/grodgers/git/tr-aomp/TheRock/build/ml-libs/composable_kernel/stage/include/ck/tensor_operation/gpu/grid/normalization/gridwise_normalization_selector.hpp
1.4	-- Installing: /work/grodgers/git/tr-aomp/TheRock/build/ml-libs/composable_kernel/stage/include/ck/tensor_operation/gpu/grid/normalization/gridwise_normalization_splitk_1st.hpp
1.4	-- Installing: /work/grodgers/git/tr-aomp/TheRock/build/ml-libs/composable_kernel/stage/include/ck/tensor_operation/gpu/grid/normalization/gridwise_normalization_welford_variance.hpp
1.4	-- Installing: /work/grodgers/git/tr-aomp/TheRock/build/ml-libs/composable_kernel/stage/include/ck/tensor_operation/gpu/grid/normalization/gridwise_normalization_naive_variance.hpp
1.4	-- Installing: /work/grodgers/git/tr-aomp/TheRock/build/ml-libs/composable_kernel/stage/include/ck/tensor_operation/gpu/grid/gridwise_gemm_xdlops_bwd_weight.hpp
1.4	-- Installing: /work/grodgers/git/tr-aomp/TheRock/build/ml-libs/composable_kernel/stage/include/ck/tensor_operation/gpu/grid/gridwise_elementwise_1d_scale.hpp
1.4	-- Installing: /work/grodgers/git/tr-aomp/TheRock/build/ml-libs/composable_kernel/stage/include/ck/tensor_operation/gpu/grid/gridwise_gemm_xdl_cshuffle_v3_multi_d.hpp
1.4	-- Installing: /work/grodgers/git/tr-aomp/TheRock/build/ml-libs/composable_kernel/stage/include/ck/tensor_operation/gpu/grid/gridwise_gemm_xdlops_v2r3.hpp
1.4	-- Installing: /work/grodgers/git/tr-aomp/TheRock/build/ml-libs/composable_kernel/stage/include/ck/tensor_operation/gpu/grid/gridwise_set_multiple_buffer_value.hpp
1.4	-- Installing: /work/grodgers/git/tr-aomp/TheRock/build/ml-libs/composable_kernel/stage/include/ck/tensor_operation/gpu/grid/gridwise_gemm_multiple_d_xdl_splitk_cshuffle.hpp
1.4	-- Installing: /work/grodgers/git/tr-aomp/TheRock/build/ml-libs/composable_kernel/stage/include/ck/tensor_operation/gpu/grid/gridwise_batchnorm_forward_blockwise_welford.hpp
1.4	-- Installing: /work/grodgers/git/tr-aomp/TheRock/build/ml-libs/composable_kernel/stage/include/ck/tensor_operation/gpu/grid/gridwise_gemm_multiple_d_wmma_cshuffle.hpp
1.4	-- Installing: /work/grodgers/git/tr-aomp/TheRock/build/ml-libs/composable_kernel/stage/include/ck/tensor_operation/gpu/grid/gridwise_batched_gemm_multiple_d_gemm_multiple_d_xdl_cshuffle_v1.hpp
1.4	-- Installing: /work/grodgers/git/tr-aomp/TheRock/build/ml-libs/composable_kernel/stage/include/ck/tensor_operation/gpu/grid/gridwise_gemm_multiple_abd_xdl_cshuffle.hpp
1.4	-- Installing: /work/grodgers/git/tr-aomp/TheRock/build/ml-libs/composable_kernel/stage/include/ck/tensor_operation/gpu/grid/gridwise_gemm_xdl_cshuffle_v1.hpp
1.4	-- Installing: /work/grodgers/git/tr-aomp/TheRock/build/ml-libs/composable_kernel/stage/include/ck/tensor_operation/gpu/grid/gridwise_gemm_wmma_cshuffle_v3.hpp
1.4	-- Installing: /work/grodgers/git/tr-aomp/TheRock/build/ml-libs/composable_kernel/stage/include/ck/tensor_operation/gpu/grid/gridwise_2d_multiple_reduction_threadwise.hpp
1.4	-- Installing: /work/grodgers/git/tr-aomp/TheRock/build/ml-libs/composable_kernel/stage/include/ck/tensor_operation/gpu/grid/gridwise_batchnorm_backward_blockwise_welford.hpp
1.4	-- Installing: /work/grodgers/git/tr-aomp/TheRock/build/ml-libs/composable_kernel/stage/include/ck/tensor_operation/gpu/grid/gridwise_gemm_wmma.hpp
1.4	-- Installing: /work/grodgers/git/tr-aomp/TheRock/build/ml-libs/composable_kernel/stage/include/ck/tensor_operation/gpu/grid/gridwise_moe_mx_gemm_bns.hpp
1.4	-- Installing: /work/grodgers/git/tr-aomp/TheRock/build/ml-libs/composable_kernel/stage/include/ck/tensor_operation/gpu/grid/gridwise_gemm_xdl_cshuffle_v2.hpp
1.4	-- Installing: /work/grodgers/git/tr-aomp/TheRock/build/ml-libs/composable_kernel/stage/include/ck/tensor_operation/gpu/grid/gridwise_batched_gemm_softmax_gemm_xdl_cshuffle_v1.hpp
1.4	-- Installing: /work/grodgers/git/tr-aomp/TheRock/build/ml-libs/composable_kernel/stage/include/ck/tensor_operation/gpu/grid/gridwise_sparse_embeddings_forward_layernorm_builtins.hpp
1.4	-- Installing: /work/grodgers/git/tr-aomp/TheRock/build/ml-libs/composable_kernel/stage/include/ck/tensor_operation/gpu/grid/block_to_ctile_map.hpp
1.4	-- Installing: /work/grodgers/git/tr-aomp/TheRock/build/ml-libs/composable_kernel/stage/include/ck/tensor_operation/gpu/grid/gridwise_gemm_xdl_cshuffle_conv_v3.hpp
1.4	-- Installing: /work/grodgers/git/tr-aomp/TheRock/build/ml-libs/composable_kernel/stage/include/ck/tensor_operation/gpu/grid/gridwise_2d_reduction_multiblock.hpp
1.4	-- Installing: /work/grodgers/git/tr-aomp/TheRock/build/ml-libs/composable_kernel/stage/include/ck/tensor_operation/gpu/grid/gridwise_moe_gemm.hpp
1.4	-- Installing: /work/grodgers/git/tr-aomp/TheRock/build/ml-libs/composable_kernel/stage/include/ck/tensor_operation/gpu/grid/gridwise_2d_reduction_threadwise_multi_d.hpp
1.4	-- Installing: /work/grodgers/git/tr-aomp/TheRock/build/ml-libs/composable_kernel/stage/include/ck/tensor_operation/gpu/grid/gridwise_gemm_pipeline_v4_direct_load.hpp
1.4	-- Installing: /work/grodgers/git/tr-aomp/TheRock/build/ml-libs/composable_kernel/stage/include/ck/tensor_operation/gpu/grid/gridwise_gemm_wmma_cshuffle_v3_common.hpp
1.4	-- Installing: /work/grodgers/git/tr-aomp/TheRock/build/ml-libs/composable_kernel/stage/include/ck/tensor_operation/gpu/grid/gridwise_gemm_wmma_cshuffle_v3_b_scale.hpp
1.4	-- Installing: /work/grodgers/git/tr-aomp/TheRock/build/ml-libs/composable_kernel/stage/include/ck/tensor_operation/gpu/grid/gridwise_elementwise_2d.hpp
1.4	-- Installing: /work/grodgers/git/tr-aomp/TheRock/build/ml-libs/composable_kernel/stage/include/ck/tensor_operation/gpu/grid/gridwise_batched_gemm_multiple_d_softmax_gemm_xdl_cshuffle_v1.hpp
1.4	-- Installing: /work/grodgers/git/tr-aomp/TheRock/build/ml-libs/composable_kernel/stage/include/ck/tensor_operation/gpu/grid/gridwise_elementwise_layernorm_welford_variance.hpp
1.4	-- Installing: /work/grodgers/git/tr-aomp/TheRock/build/ml-libs/composable_kernel/stage/include/ck/tensor_operation/gpu/grid/gridwise_batched_gemm_softmax_gemm_wmma_cshuffle.hpp
1.4	-- Installing: /work/grodgers/git/tr-aomp/TheRock/build/ml-libs/composable_kernel/stage/include/ck/tensor_operation/gpu/warp
1.4	-- Installing: /work/grodgers/git/tr-aomp/TheRock/build/ml-libs/composable_kernel/stage/include/ck/tensor_operation/gpu/warp/xdlops_gemm.hpp
1.4	-- Installing: /work/grodgers/git/tr-aomp/TheRock/build/ml-libs/composable_kernel/stage/include/ck/tensor_operation/gpu/warp/smfmac_xdlops_gemm.hpp
1.4	-- Installing: /work/grodgers/git/tr-aomp/TheRock/build/ml-libs/composable_kernel/stage/include/ck/tensor_operation/gpu/warp/dpp_gemm.hpp
1.4	-- Installing: /work/grodgers/git/tr-aomp/TheRock/build/ml-libs/composable_kernel/stage/include/ck/tensor_operation/gpu/warp/wmma_gemm.hpp
1.4	-- Installing: /work/grodgers/git/tr-aomp/TheRock/build/ml-libs/composable_kernel/stage/include/ck/tensor_operation/gpu/element
1.4	-- Installing: /work/grodgers/git/tr-aomp/TheRock/build/ml-libs/composable_kernel/stage/include/ck/tensor_operation/gpu/element/binary_element_wise_operation.hpp
1.4	-- Installing: /work/grodgers/git/tr-aomp/TheRock/build/ml-libs/composable_kernel/stage/include/ck/tensor_operation/gpu/element/element_wise_operation.hpp
1.4	-- Installing: /work/grodgers/git/tr-aomp/TheRock/build/ml-libs/composable_kernel/stage/include/ck/tensor_operation/gpu/element/quantization_operation.hpp
1.4	-- Installing: /work/grodgers/git/tr-aomp/TheRock/build/ml-libs/composable_kernel/stage/include/ck/tensor_operation/gpu/element/unary_element_wise_operation.hpp
1.4	-- Installing: /work/grodgers/git/tr-aomp/TheRock/build/ml-libs/composable_kernel/stage/include/ck/tensor_operation/gpu/element/combined_element_wise_operation.hpp
1.4	-- Installing: /work/grodgers/git/tr-aomp/TheRock/build/ml-libs/composable_kernel/stage/include/ck/tensor_operation/gpu/thread
1.4	-- Installing: /work/grodgers/git/tr-aomp/TheRock/build/ml-libs/composable_kernel/stage/include/ck/tensor_operation/gpu/thread/reduction_functions_threadwise.hpp
1.4	-- Installing: /work/grodgers/git/tr-aomp/TheRock/build/ml-libs/composable_kernel/stage/include/ck/tensor_operation/gpu/thread/threadwise_tensor_slice_transfer_v7r3_scatter.hpp
1.4	-- Installing: /work/grodgers/git/tr-aomp/TheRock/build/ml-libs/composable_kernel/stage/include/ck/tensor_operation/gpu/thread/threadwise_tensor_slice_transfer_v6r1.hpp
1.4	-- Installing: /work/grodgers/git/tr-aomp/TheRock/build/ml-libs/composable_kernel/stage/include/ck/tensor_operation/gpu/thread/threadwise_tensor_slice_transfer.hpp
1.4	-- Installing: /work/grodgers/git/tr-aomp/TheRock/build/ml-libs/composable_kernel/stage/include/ck/tensor_operation/gpu/thread/threadwise_tensor_slice_transfer_v3r1.hpp
1.4	-- Installing: /work/grodgers/git/tr-aomp/TheRock/build/ml-libs/composable_kernel/stage/include/ck/tensor_operation/gpu/thread/threadwise_tensor_slice_transfer_util.hpp
1.4	-- Installing: /work/grodgers/git/tr-aomp/TheRock/build/ml-libs/composable_kernel/stage/include/ck/tensor_operation/gpu/thread/threadwise_contraction_dl.hpp
1.4	-- Installing: /work/grodgers/git/tr-aomp/TheRock/build/ml-libs/composable_kernel/stage/include/ck/tensor_operation/gpu/thread/threadwise_tensor_slice_transfer_v3r2.hpp
1.4	-- Installing: /work/grodgers/git/tr-aomp/TheRock/build/ml-libs/composable_kernel/stage/include/ck/tensor_operation/gpu/thread/threadwise_tensor_slice_transfer_v5r1.hpp
1.4	-- Installing: /work/grodgers/git/tr-aomp/TheRock/build/ml-libs/composable_kernel/stage/include/ck/tensor_operation/gpu/thread/threadwise_tensor_slice_transfer_v6r2.hpp
1.4	-- Installing: /work/grodgers/git/tr-aomp/TheRock/build/ml-libs/composable_kernel/stage/include/ck/tensor_operation/gpu/thread/threadwise_tensor_slice_transfer_v7r3.hpp
1.4	-- Installing: /work/grodgers/git/tr-aomp/TheRock/build/ml-libs/composable_kernel/stage/include/ck/tensor_operation/gpu/thread/threadwise_tensor_slice_transfer_v3r1_gather.hpp
1.4	-- Installing: /work/grodgers/git/tr-aomp/TheRock/build/ml-libs/composable_kernel/stage/include/ck/tensor_operation/gpu/thread/threadwise_welford.hpp
1.4	-- Installing: /work/grodgers/git/tr-aomp/TheRock/build/ml-libs/composable_kernel/stage/include/ck/tensor_operation/gpu/thread/threadwise_tensor_slice_set.hpp
1.4	-- Installing: /work/grodgers/git/tr-aomp/TheRock/build/ml-libs/composable_kernel/stage/include/ck/tensor_operation/gpu/thread/threadwise_tensor_slice_transfer_v4r1.hpp
1.4	-- Installing: /work/grodgers/git/tr-aomp/TheRock/build/ml-libs/composable_kernel/stage/include/ck/tensor_operation/gpu/thread/threadwise_tensor_slice_transfer_v7r2.hpp
1.4	-- Installing: /work/grodgers/git/tr-aomp/TheRock/build/ml-libs/composable_kernel/stage/include/ck/tensor_operation/gpu/thread/threadwise_gemm_dlops_v3.hpp
1.4	-- Installing: /work/grodgers/git/tr-aomp/TheRock/build/ml-libs/composable_kernel/stage/include/ck/tensor_operation/gpu/thread/threadwise_tensor_slice_transfer_v6r1r2.hpp
1.4	-- Installing: /work/grodgers/git/tr-aomp/TheRock/build/ml-libs/composable_kernel/stage/include/ck/tensor_operation/gpu/thread/threadwise_tensor_slice_transfer_v6r3.hpp
1.4	-- Installing: /work/grodgers/git/tr-aomp/TheRock/build/ml-libs/composable_kernel/stage/include/ck/tensor_operation/gpu/thread/threadwise_tensor_slice_transfer_v7.hpp
1.4	-- Installing: /work/grodgers/git/tr-aomp/TheRock/build/ml-libs/composable_kernel/stage/include/ck/tensor_operation/gpu/thread/threadwise_tensor_slice_transfer_v3r1_dequant.hpp
1.4	-- Installing: /work/grodgers/git/tr-aomp/TheRock/build/ml-libs/composable_kernel/stage/include/ck/tensor_operation/gpu/device
1.4	-- Installing: /work/grodgers/git/tr-aomp/TheRock/build/ml-libs/composable_kernel/stage/include/ck/tensor_operation/gpu/device/device_gemm_streamk_v2.hpp
1.4	-- Installing: /work/grodgers/git/tr-aomp/TheRock/build/ml-libs/composable_kernel/stage/include/ck/tensor_operation/gpu/device/device_grouped_gemm_softmax_gemm_permute.hpp
1.4	-- Installing: /work/grodgers/git/tr-aomp/TheRock/build/ml-libs/composable_kernel/stage/include/ck/tensor_operation/gpu/device/device_grouped_conv_bwd_data_multiple_d.hpp
1.4	-- Installing: /work/grodgers/git/tr-aomp/TheRock/build/ml-libs/composable_kernel/stage/include/ck/tensor_operation/gpu/device/device_gemm_reduce.hpp
1.4	-- Installing: /work/grodgers/git/tr-aomp/TheRock/build/ml-libs/composable_kernel/stage/include/ck/tensor_operation/gpu/device/masking_specialization.hpp
1.4	-- Installing: /work/grodgers/git/tr-aomp/TheRock/build/ml-libs/composable_kernel/stage/include/ck/tensor_operation/gpu/device/device_conv_fwd.hpp
1.4	-- Installing: /work/grodgers/git/tr-aomp/TheRock/build/ml-libs/composable_kernel/stage/include/ck/tensor_operation/gpu/device/device_max_pool_bwd.hpp
1.4	-- Installing: /work/grodgers/git/tr-aomp/TheRock/build/ml-libs/composable_kernel/stage/include/ck/tensor_operation/gpu/device/device_grouped_gemm_multi_abd.hpp
1.4	-- Installing: /work/grodgers/git/tr-aomp/TheRock/build/ml-libs/composable_kernel/stage/include/ck/tensor_operation/gpu/device/device_batchnorm_backward.hpp
1.4	-- Installing: /work/grodgers/git/tr-aomp/TheRock/build/ml-libs/composable_kernel/stage/include/ck/tensor_operation/gpu/device/device_multiple_reduce.hpp
1.4	-- Installing: /work/grodgers/git/tr-aomp/TheRock/build/ml-libs/composable_kernel/stage/include/ck/tensor_operation/gpu/device/device_reduce_multi_d.hpp
1.4	-- Installing: /work/grodgers/git/tr-aomp/TheRock/build/ml-libs/composable_kernel/stage/include/ck/tensor_operation/gpu/device/device_gemm_dequantB.hpp
1.4	-- Installing: /work/grodgers/git/tr-aomp/TheRock/build/ml-libs/composable_kernel/stage/include/ck/tensor_operation/gpu/device/device_gemm_multiple_d.hpp
1.4	-- Installing: /work/grodgers/git/tr-aomp/TheRock/build/ml-libs/composable_kernel/stage/include/ck/tensor_operation/gpu/device/gemm_specialization.hpp
1.4	-- Installing: /work/grodgers/git/tr-aomp/TheRock/build/ml-libs/composable_kernel/stage/include/ck/tensor_operation/gpu/device/device_grouped_conv_bwd_weight.hpp
1.4	-- Installing: /work/grodgers/git/tr-aomp/TheRock/build/ml-libs/composable_kernel/stage/include/ck/tensor_operation/gpu/device/device_gemm_multiple_d_multiple_r.hpp
1.4	-- Installing: /work/grodgers/git/tr-aomp/TheRock/build/ml-libs/composable_kernel/stage/include/ck/tensor_operation/gpu/device/device_gemm_v2.hpp
1.4	-- Installing: /work/grodgers/git/tr-aomp/TheRock/build/ml-libs/composable_kernel/stage/include/ck/tensor_operation/gpu/device/device_contraction_multiple_d.hpp
1.4	-- Installing: /work/grodgers/git/tr-aomp/TheRock/build/ml-libs/composable_kernel/stage/include/ck/tensor_operation/gpu/device/convolution_backward_data_specialization.hpp
1.4	-- Installing: /work/grodgers/git/tr-aomp/TheRock/build/ml-libs/composable_kernel/stage/include/ck/tensor_operation/gpu/device/device_put_element.hpp
1.4	-- Installing: /work/grodgers/git/tr-aomp/TheRock/build/ml-libs/composable_kernel/stage/include/ck/tensor_operation/gpu/device/device_batched_gemm.hpp
1.4	-- Installing: /work/grodgers/git/tr-aomp/TheRock/build/ml-libs/composable_kernel/stage/include/ck/tensor_operation/gpu/device/device_gemm_mx.hpp
1.4	-- Installing: /work/grodgers/git/tr-aomp/TheRock/build/ml-libs/composable_kernel/stage/include/ck/tensor_operation/gpu/device/device_grouped_gemm_splitk.hpp
1.4	-- Installing: /work/grodgers/git/tr-aomp/TheRock/build/ml-libs/composable_kernel/stage/include/ck/tensor_operation/gpu/device/device_elementwise.hpp
1.4	-- Installing: /work/grodgers/git/tr-aomp/TheRock/build/ml-libs/composable_kernel/stage/include/ck/tensor_operation/gpu/device/device_batched_gemm_softmax_gemm.hpp
1.4	-- Installing: /work/grodgers/git/tr-aomp/TheRock/build/ml-libs/composable_kernel/stage/include/ck/tensor_operation/gpu/device/device_batched_gemm_gemm.hpp
1.4	-- Installing: /work/grodgers/git/tr-aomp/TheRock/build/ml-libs/composable_kernel/stage/include/ck/tensor_operation/gpu/device/device_batched_gemm_multiple_d_gemm_multiple_d.hpp
1.4	-- Installing: /work/grodgers/git/tr-aomp/TheRock/build/ml-libs/composable_kernel/stage/include/ck/tensor_operation/gpu/device/conv_tensor_rearrange_op.hpp
1.4	-- Installing: /work/grodgers/git/tr-aomp/TheRock/build/ml-libs/composable_kernel/stage/include/ck/tensor_operation/gpu/device/device_gemm_multiple_d_ab_scale.hpp
1.4	-- Installing: /work/grodgers/git/tr-aomp/TheRock/build/ml-libs/composable_kernel/stage/include/ck/tensor_operation/gpu/device/device_conv_fwd_bias_activation_add.hpp
1.4	-- Installing: /work/grodgers/git/tr-aomp/TheRock/build/ml-libs/composable_kernel/stage/include/ck/tensor_operation/gpu/device/device_grouped_gemm_multi_abd_fixed_nk.hpp
1.4	-- Installing: /work/grodgers/git/tr-aomp/TheRock/build/ml-libs/composable_kernel/stage/include/ck/tensor_operation/gpu/device/device_grouped_conv_bwd_weight_multiple_d.hpp
1.4	-- Installing: /work/grodgers/git/tr-aomp/TheRock/build/ml-libs/composable_kernel/stage/include/ck/tensor_operation/gpu/device/device_normalization_bwd_gamma_beta.hpp
1.4	-- Installing: /work/grodgers/git/tr-aomp/TheRock/build/ml-libs/composable_kernel/stage/include/ck/tensor_operation/gpu/device/device_batched_gemm_softmax_gemm_permute.hpp
1.4	-- Installing: /work/grodgers/git/tr-aomp/TheRock/build/ml-libs/composable_kernel/stage/include/ck/tensor_operation/gpu/device/device_grouped_gemm.hpp
1.4	-- Installing: /work/grodgers/git/tr-aomp/TheRock/build/ml-libs/composable_kernel/stage/include/ck/tensor_operation/gpu/device/device_batched_gemm_multi_d.hpp
1.4	-- Installing: /work/grodgers/git/tr-aomp/TheRock/build/ml-libs/composable_kernel/stage/include/ck/tensor_operation/gpu/device/device_gemm_streamk.hpp
1.4	-- Installing: /work/grodgers/git/tr-aomp/TheRock/build/ml-libs/composable_kernel/stage/include/ck/tensor_operation/gpu/device/reduction_operator_mapping.hpp
1.4	-- Installing: /work/grodgers/git/tr-aomp/TheRock/build/ml-libs/composable_kernel/stage/include/ck/tensor_operation/gpu/device/device_base.hpp
1.4	-- Installing: /work/grodgers/git/tr-aomp/TheRock/build/ml-libs/composable_kernel/stage/include/ck/tensor_operation/gpu/device/device_avgpool_bwd.hpp
1.4	-- Installing: /work/grodgers/git/tr-aomp/TheRock/build/ml-libs/composable_kernel/stage/include/ck/tensor_operation/gpu/device/welford_helper.hpp
1.4	-- Installing: /work/grodgers/git/tr-aomp/TheRock/build/ml-libs/composable_kernel/stage/include/ck/tensor_operation/gpu/device/device_grouped_conv_fwd_multiple_abd.hpp
1.4	-- Installing: /work/grodgers/git/tr-aomp/TheRock/build/ml-libs/composable_kernel/stage/include/ck/tensor_operation/gpu/device/device_conv_tensor_rearrange.hpp
1.4	-- Installing: /work/grodgers/git/tr-aomp/TheRock/build/ml-libs/composable_kernel/stage/include/ck/tensor_operation/gpu/device/tensor_specialization.hpp
1.4	-- Installing: /work/grodgers/git/tr-aomp/TheRock/build/ml-libs/composable_kernel/stage/include/ck/tensor_operation/gpu/device/device_normalization_bwd_data.hpp
1.4	-- Installing: /work/grodgers/git/tr-aomp/TheRock/build/ml-libs/composable_kernel/stage/include/ck/tensor_operation/gpu/device/tensor_layout.hpp
1.4	-- Installing: /work/grodgers/git/tr-aomp/TheRock/build/ml-libs/composable_kernel/stage/include/ck/tensor_operation/gpu/device/device_batchnorm_forward.hpp
1.4	-- Installing: /work/grodgers/git/tr-aomp/TheRock/build/ml-libs/composable_kernel/stage/include/ck/tensor_operation/gpu/device/device_normalization_fwd.hpp
1.4	-- Installing: /work/grodgers/git/tr-aomp/TheRock/build/ml-libs/composable_kernel/stage/include/ck/tensor_operation/gpu/device/device_gemm_bias_e_permute.hpp
1.4	-- Installing: /work/grodgers/git/tr-aomp/TheRock/build/ml-libs/composable_kernel/stage/include/ck/tensor_operation/gpu/device/device_pool_fwd.hpp
1.4	-- Installing: /work/grodgers/git/tr-aomp/TheRock/build/ml-libs/composable_kernel/stage/include/ck/tensor_operation/gpu/device/device_grouped_conv_fwd_multiple_d.hpp
1.4	-- Installing: /work/grodgers/git/tr-aomp/TheRock/build/ml-libs/composable_kernel/stage/include/ck/tensor_operation/gpu/device/device_elementwise_normalization.hpp
1.4	-- Installing: /work/grodgers/git/tr-aomp/TheRock/build/ml-libs/composable_kernel/stage/include/ck/tensor_operation/gpu/device/helper.hpp
1.4	-- Installing: /work/grodgers/git/tr-aomp/TheRock/build/ml-libs/composable_kernel/stage/include/ck/tensor_operation/gpu/device/device_gemm_splitk.hpp
1.4	-- Installing: /work/grodgers/git/tr-aomp/TheRock/build/ml-libs/composable_kernel/stage/include/ck/tensor_operation/gpu/device/device_gemm_multiple_d_layernorm.hpp
1.4	-- Installing: /work/grodgers/git/tr-aomp/TheRock/build/ml-libs/composable_kernel/stage/include/ck/tensor_operation/gpu/device/device_elementwise_scale.hpp
1.4	-- Installing: /work/grodgers/git/tr-aomp/TheRock/build/ml-libs/composable_kernel/stage/include/ck/tensor_operation/gpu/device/device_batched_contraction_multiple_d.hpp
1.4	-- Installing: /work/grodgers/git/tr-aomp/TheRock/build/ml-libs/composable_kernel/stage/include/ck/tensor_operation/gpu/device/device_grouped_gemm_fixed_nk.hpp
1.4	-- Installing: /work/grodgers/git/tr-aomp/TheRock/build/ml-libs/composable_kernel/stage/include/ck/tensor_operation/gpu/device/device_permute.hpp
1.4	-- Installing: /work/grodgers/git/tr-aomp/TheRock/build/ml-libs/composable_kernel/stage/include/ck/tensor_operation/gpu/device/matrix_padder.hpp
1.4	-- Installing: /work/grodgers/git/tr-aomp/TheRock/build/ml-libs/composable_kernel/stage/include/ck/tensor_operation/gpu/device/device_gemm.hpp
1.4	-- Installing: /work/grodgers/git/tr-aomp/TheRock/build/ml-libs/composable_kernel/stage/include/ck/tensor_operation/gpu/device/device_reduce.hpp
1.4	-- Installing: /work/grodgers/git/tr-aomp/TheRock/build/ml-libs/composable_kernel/stage/include/ck/tensor_operation/gpu/device/device_gemm_multiple_abd.hpp
1.4	-- Installing: /work/grodgers/git/tr-aomp/TheRock/build/ml-libs/composable_kernel/stage/include/ck/tensor_operation/gpu/device/device_batchnorm_infer.hpp
1.4	-- Installing: /work/grodgers/git/tr-aomp/TheRock/build/ml-libs/composable_kernel/stage/include/ck/tensor_operation/gpu/device/device_conv_fwd_bias_activation.hpp
1.4	-- Installing: /work/grodgers/git/tr-aomp/TheRock/build/ml-libs/composable_kernel/stage/include/ck/tensor_operation/gpu/device/device_conv_bwd_data.hpp
1.4	-- Installing: /work/grodgers/git/tr-aomp/TheRock/build/ml-libs/composable_kernel/stage/include/ck/tensor_operation/gpu/device/device_splitk_contraction_multiple_d.hpp
1.4	-- Installing: /work/grodgers/git/tr-aomp/TheRock/build/ml-libs/composable_kernel/stage/include/ck/tensor_operation/gpu/device/convolution_forward_specialization.hpp
1.4	-- Installing: /work/grodgers/git/tr-aomp/TheRock/build/ml-libs/composable_kernel/stage/include/ck/tensor_operation/gpu/device/convolution_backward_weight_specialization.hpp
1.4	-- Installing: /work/grodgers/git/tr-aomp/TheRock/build/ml-libs/composable_kernel/stage/include/ck/tensor_operation/gpu/device/device_grouped_contraction_multiple_d.hpp
1.4	-- Installing: /work/grodgers/git/tr-aomp/TheRock/build/ml-libs/composable_kernel/stage/include/ck/tensor_operation/gpu/device/device_contraction_multiple_abd.hpp
1.4	-- Installing: /work/grodgers/git/tr-aomp/TheRock/build/ml-libs/composable_kernel/stage/include/ck/tensor_operation/gpu/device/device_cgemm.hpp
1.4	-- Installing: /work/grodgers/git/tr-aomp/TheRock/build/ml-libs/composable_kernel/stage/include/ck/tensor_operation/gpu/device/device_grouped_conv_fwd.hpp
1.4	-- Installing: /work/grodgers/git/tr-aomp/TheRock/build/ml-libs/composable_kernel/stage/include/ck/tensor_operation/gpu/device/device_batched_gemm_e_permute.hpp
1.4	-- Installing: /work/grodgers/git/tr-aomp/TheRock/build/ml-libs/composable_kernel/stage/include/ck/tensor_operation/gpu/device/device_grouped_gemm_tile_loop.hpp
1.4	-- Installing: /work/grodgers/git/tr-aomp/TheRock/build/ml-libs/composable_kernel/stage/include/ck/tensor_operation/gpu/device/impl
1.4	-- Installing: /work/grodgers/git/tr-aomp/TheRock/build/ml-libs/composable_kernel/stage/include/ck/tensor_operation/gpu/device/impl/device_gemm_xdl_cshuffle_v2.hpp
1.4	-- Installing: /work/grodgers/git/tr-aomp/TheRock/build/ml-libs/composable_kernel/stage/include/ck/tensor_operation/gpu/device/impl/device_moe_gemm.hpp
1.4	-- Installing: /work/grodgers/git/tr-aomp/TheRock/build/ml-libs/composable_kernel/stage/include/ck/tensor_operation/gpu/device/impl/device_gemm_multiple_d_multiple_r_xdl_cshuffle.hpp
1.4	-- Installing: /work/grodgers/git/tr-aomp/TheRock/build/ml-libs/composable_kernel/stage/include/ck/tensor_operation/gpu/device/impl/device_gemm_multiple_d_xdl_cshuffle_v3_b_preshuffle.hpp
1.4	-- Installing: /work/grodgers/git/tr-aomp/TheRock/build/ml-libs/composable_kernel/stage/include/ck/tensor_operation/gpu/device/impl/device_gemm_xdl_streamk.hpp
1.4	-- Installing: /work/grodgers/git/tr-aomp/TheRock/build/ml-libs/composable_kernel/stage/include/ck/tensor_operation/gpu/device/impl/device_batched_gemm_gemm_xdl_cshuffle.hpp
1.4	-- Installing: /work/grodgers/git/tr-aomp/TheRock/build/ml-libs/composable_kernel/stage/include/ck/tensor_operation/gpu/device/impl/device_grouped_contraction_multiple_d_xdl_cshuffle.hpp
1.4	-- Installing: /work/grodgers/git/tr-aomp/TheRock/build/ml-libs/composable_kernel/stage/include/ck/tensor_operation/gpu/device/impl/device_conv2d_fwd_xdl_c_shuffle_bias_activation_nhwc_kyxc_nhwk.hpp
1.4	-- Installing: /work/grodgers/git/tr-aomp/TheRock/build/ml-libs/composable_kernel/stage/include/ck/tensor_operation/gpu/device/impl/device_gemm_wmma_cshuffle_v3_b_scale.hpp
1.4	-- Installing: /work/grodgers/git/tr-aomp/TheRock/build/ml-libs/composable_kernel/stage/include/ck/tensor_operation/gpu/device/impl/device_reduce_threadwise_multi_d.hpp
1.4	-- Installing: /work/grodgers/git/tr-aomp/TheRock/build/ml-libs/composable_kernel/stage/include/ck/tensor_operation/gpu/device/impl/device_batchnorm_forward_impl.hpp
1.4	-- Installing: /work/grodgers/git/tr-aomp/TheRock/build/ml-libs/composable_kernel/stage/include/ck/tensor_operation/gpu/device/impl/device_permute_impl.hpp
1.4	-- Installing: /work/grodgers/git/tr-aomp/TheRock/build/ml-libs/composable_kernel/stage/include/ck/tensor_operation/gpu/device/impl/device_batched_contraction_multiple_d_wmma_cshuffle.hpp
1.4	-- Installing: /work/grodgers/git/tr-aomp/TheRock/build/ml-libs/composable_kernel/stage/include/ck/tensor_operation/gpu/device/impl/device_reduce_common.hpp
1.4	-- Installing: /work/grodgers/git/tr-aomp/TheRock/build/ml-libs/composable_kernel/stage/include/ck/tensor_operation/gpu/device/impl/device_grouped_conv_fwd_dl_multiple_d_nhwc_kyxc_nhwk.hpp
1.4	-- Installing: /work/grodgers/git/tr-aomp/TheRock/build/ml-libs/composable_kernel/stage/include/ck/tensor_operation/gpu/device/impl/device_gemm_reduce_xdl_cshuffle.hpp
1.4	-- Installing: /work/grodgers/git/tr-aomp/TheRock/build/ml-libs/composable_kernel/stage/include/ck/tensor_operation/gpu/device/impl/device_convnd_bwd_data_nwc_kxc_nwk_xdl.hpp
1.4	-- Installing: /work/grodgers/git/tr-aomp/TheRock/build/ml-libs/composable_kernel/stage/include/ck/tensor_operation/gpu/device/impl/device_normalization_bwd_gamma_beta_impl.hpp
1.4	-- Installing: /work/grodgers/git/tr-aomp/TheRock/build/ml-libs/composable_kernel/stage/include/ck/tensor_operation/gpu/device/impl/device_grouped_query_attention_forward_wmma.hpp
1.4	-- Installing: /work/grodgers/git/tr-aomp/TheRock/build/ml-libs/composable_kernel/stage/include/ck/tensor_operation/gpu/device/impl/device_batched_gemm_multiple_d_xdl_cshuffle_v3.hpp
1.4	-- Installing: /work/grodgers/git/tr-aomp/TheRock/build/ml-libs/composable_kernel/stage/include/ck/tensor_operation/gpu/device/impl/split_k_arg.hpp
1.4	-- Installing: /work/grodgers/git/tr-aomp/TheRock/build/ml-libs/composable_kernel/stage/include/ck/tensor_operation/gpu/device/impl/device_grouped_conv_fwd_multiple_d_multiple_r.hpp
1.4	-- Installing: /work/grodgers/git/tr-aomp/TheRock/build/ml-libs/composable_kernel/stage/include/ck/tensor_operation/gpu/device/impl/device_moe_mx_gemm_bpreshuffle.hpp
1.4	-- Installing: /work/grodgers/git/tr-aomp/TheRock/build/ml-libs/composable_kernel/stage/include/ck/tensor_operation/gpu/device/impl/device_gemm_multiple_d_xdl_cshuffle_lds_direct_load.hpp
1.4	-- Installing: /work/grodgers/git/tr-aomp/TheRock/build/ml-libs/composable_kernel/stage/include/ck/tensor_operation/gpu/device/impl/device_gemm_xdl_cshuffle_v3_b_preshuffle.hpp
1.4	-- Installing: /work/grodgers/git/tr-aomp/TheRock/build/ml-libs/composable_kernel/stage/include/ck/tensor_operation/gpu/device/impl/device_grouped_conv_fwd_multiple_abd_xdl_cshuffle.hpp
1.4	-- Installing: /work/grodgers/git/tr-aomp/TheRock/build/ml-libs/composable_kernel/stage/include/ck/tensor_operation/gpu/device/impl/device_multiple_reduce_multiblock.hpp
1.4	-- Installing: /work/grodgers/git/tr-aomp/TheRock/build/ml-libs/composable_kernel/stage/include/ck/tensor_operation/gpu/device/impl/device_elementwise_scale_impl.hpp
1.4	-- Installing: /work/grodgers/git/tr-aomp/TheRock/build/ml-libs/composable_kernel/stage/include/ck/tensor_operation/gpu/device/impl/device_pool2d_fwd_nhwc_nhwc.hpp
1.4	-- Installing: /work/grodgers/git/tr-aomp/TheRock/build/ml-libs/composable_kernel/stage/include/ck/tensor_operation/gpu/device/impl/device_grouped_conv_bwd_weight_wmma_cshuffle.hpp
1.4	-- Installing: /work/grodgers/git/tr-aomp/TheRock/build/ml-libs/composable_kernel/stage/include/ck/tensor_operation/gpu/device/impl/device_gemm_xdl_cshuffle_streamk_v3.hpp
1.4	-- Installing: /work/grodgers/git/tr-aomp/TheRock/build/ml-libs/composable_kernel/stage/include/ck/tensor_operation/gpu/device/impl/device_image_to_column_impl.hpp
1.4	-- Installing: /work/grodgers/git/tr-aomp/TheRock/build/ml-libs/composable_kernel/stage/include/ck/tensor_operation/gpu/device/impl/device_grouped_gemm_multiple_d_xdl_cshuffle_tile_loop.hpp
1.4	-- Installing: /work/grodgers/git/tr-aomp/TheRock/build/ml-libs/composable_kernel/stage/include/ck/tensor_operation/gpu/device/impl/device_grouped_conv_fwd_multiple_d_multiple_r_xdl_cshuffle.hpp
1.4	-- Installing: /work/grodgers/git/tr-aomp/TheRock/build/ml-libs/composable_kernel/stage/include/ck/tensor_operation/gpu/device/impl/device_grouped_conv_bwd_weight_dl.hpp
1.4	-- Installing: /work/grodgers/git/tr-aomp/TheRock/build/ml-libs/composable_kernel/stage/include/ck/tensor_operation/gpu/device/impl/device_sparse_embeddings_forward_layernorm.hpp
1.4	-- Installing: /work/grodgers/git/tr-aomp/TheRock/build/ml-libs/composable_kernel/stage/include/ck/tensor_operation/gpu/device/impl/device_grouped_gemm_xdl_fixed_nk.hpp
1.4	-- Installing: /work/grodgers/git/tr-aomp/TheRock/build/ml-libs/composable_kernel/stage/include/ck/tensor_operation/gpu/device/impl/device_gemm_xdl_cshuffle.hpp
1.4	-- Installing: /work/grodgers/git/tr-aomp/TheRock/build/ml-libs/composable_kernel/stage/include/ck/tensor_operation/gpu/device/impl/device_gemm_xdl_splitk_c_shuffle_lds_direct_load.hpp
1.4	-- Installing: /work/grodgers/git/tr-aomp/TheRock/build/ml-libs/composable_kernel/stage/include/ck/tensor_operation/gpu/device/impl/device_gemm_xdl_cshuffle_v3.hpp
1.4	-- Installing: /work/grodgers/git/tr-aomp/TheRock/build/ml-libs/composable_kernel/stage/include/ck/tensor_operation/gpu/device/impl/device_contraction_utils.hpp
1.4	-- Installing: /work/grodgers/git/tr-aomp/TheRock/build/ml-libs/composable_kernel/stage/include/ck/tensor_operation/gpu/device/impl/device_gemm_xdl_cshuffle_v3_b_scale.hpp
1.4	-- Installing: /work/grodgers/git/tr-aomp/TheRock/build/ml-libs/composable_kernel/stage/include/ck/tensor_operation/gpu/device/impl/device_grouped_gemm_softmax_gemm_permute_xdl_cshuffle.hpp
1.4	-- Installing: /work/grodgers/git/tr-aomp/TheRock/build/ml-libs/composable_kernel/stage/include/ck/tensor_operation/gpu/device/impl/device_grouped_conv_fwd_multiple_d_wmma_cshuffle.hpp
1.4	-- Installing: /work/grodgers/git/tr-aomp/TheRock/build/ml-libs/composable_kernel/stage/include/ck/tensor_operation/gpu/device/impl/device_gemm_wmma.hpp
1.4	-- Installing: /work/grodgers/git/tr-aomp/TheRock/build/ml-libs/composable_kernel/stage/include/ck/tensor_operation/gpu/device/impl/device_batched_gemm_xdl_fpAintB_b_scale.hpp
1.4	-- Installing: /work/grodgers/git/tr-aomp/TheRock/build/ml-libs/composable_kernel/stage/include/ck/tensor_operation/gpu/device/impl/device_batched_gemm_softmax_gemm_permute_xdl_cshuffle.hpp
1.4	-- Installing: /work/grodgers/git/tr-aomp/TheRock/build/ml-libs/composable_kernel/stage/include/ck/tensor_operation/gpu/device/impl/device_batched_gemm_wmma_cshuffle_v3.hpp
1.4	-- Installing: /work/grodgers/git/tr-aomp/TheRock/build/ml-libs/composable_kernel/stage/include/ck/tensor_operation/gpu/device/impl/device_batched_contraction_multiple_d_xdl_cshuffle.hpp
1.4	-- Installing: /work/grodgers/git/tr-aomp/TheRock/build/ml-libs/composable_kernel/stage/include/ck/tensor_operation/gpu/device/impl/device_batched_gemm_reduce_xdl_cshuffle.hpp
1.4	-- Installing: /work/grodgers/git/tr-aomp/TheRock/build/ml-libs/composable_kernel/stage/include/ck/tensor_operation/gpu/device/impl/device_grouped_conv_fwd_multiple_d_xdl_cshuffle.hpp
1.4	-- Installing: /work/grodgers/git/tr-aomp/TheRock/build/ml-libs/composable_kernel/stage/include/ck/tensor_operation/gpu/device/impl/device_batched_gemm_e_permute_xdl.hpp
1.4	-- Installing: /work/grodgers/git/tr-aomp/TheRock/build/ml-libs/composable_kernel/stage/include/ck/tensor_operation/gpu/device/impl/device_splitk_contraction_multiple_d_xdl_cshuffle.hpp
1.4	-- Installing: /work/grodgers/git/tr-aomp/TheRock/build/ml-libs/composable_kernel/stage/include/ck/tensor_operation/gpu/device/impl/device_gemm_multiple_abd_xdl_cshuffle.hpp
1.4	-- Installing: /work/grodgers/git/tr-aomp/TheRock/build/ml-libs/composable_kernel/stage/include/ck/tensor_operation/gpu/device/impl/device_gemm_wmma_cshuffle_v3.hpp
1.4	-- Installing: /work/grodgers/git/tr-aomp/TheRock/build/ml-libs/composable_kernel/stage/include/ck/tensor_operation/gpu/device/impl/device_batched_gemm_xdl.hpp
1.4	-- Installing: /work/grodgers/git/tr-aomp/TheRock/build/ml-libs/composable_kernel/stage/include/ck/tensor_operation/gpu/device/impl/device_batched_gemm_multiple_d_gemm_multiple_d_xdl_cshuffle.hpp
1.4	-- Installing: /work/grodgers/git/tr-aomp/TheRock/build/ml-libs/composable_kernel/stage/include/ck/tensor_operation/gpu/device/impl/device_conv2d_bwd_data_xdl_nhwc_kyxc_nhwk.hpp
1.4	-- Installing: /work/grodgers/git/tr-aomp/TheRock/build/ml-libs/composable_kernel/stage/include/ck/tensor_operation/gpu/device/impl/device_grouped_conv_bwd_weight_xdl_cshuffle_v3.hpp
1.4	-- Installing: /work/grodgers/git/tr-aomp/TheRock/build/ml-libs/composable_kernel/stage/include/ck/tensor_operation/gpu/device/impl/device_grouped_gemm_multi_abd_xdl_fixed_nk.hpp
1.4	-- Installing: /work/grodgers/git/tr-aomp/TheRock/build/ml-libs/composable_kernel/stage/include/ck/tensor_operation/gpu/device/impl/device_conv2d_fwd_xdl_nhwc_kyxc_nhwk.hpp
1.4	-- Installing: /work/grodgers/git/tr-aomp/TheRock/build/ml-libs/composable_kernel/stage/include/ck/tensor_operation/gpu/device/impl/device_gemm_multiple_d_layernorm_xdl_cshuffle.hpp
1.4	-- Installing: /work/grodgers/git/tr-aomp/TheRock/build/ml-libs/composable_kernel/stage/include/ck/tensor_operation/gpu/device/impl/device_conv2d_fwd_xdl_c_shuffle_bias_activation_add_nhwc_kyxc_nhwk.hpp
1.4	-- Installing: /work/grodgers/git/tr-aomp/TheRock/build/ml-libs/composable_kernel/stage/include/ck/tensor_operation/gpu/device/impl/device_gemm_dpp.hpp
1.4	-- Installing: /work/grodgers/git/tr-aomp/TheRock/build/ml-libs/composable_kernel/stage/include/ck/tensor_operation/gpu/device/impl/device_gemm_wmma_cshuffle_v3_common.hpp
1.4	-- Installing: /work/grodgers/git/tr-aomp/TheRock/build/ml-libs/composable_kernel/stage/include/ck/tensor_operation/gpu/device/impl/device_gemm_xdl_cshuffle_v3r1.hpp
1.4	-- Installing: /work/grodgers/git/tr-aomp/TheRock/build/ml-libs/composable_kernel/stage/include/ck/tensor_operation/gpu/device/impl/device_max_pool_bwd_impl.hpp
1.4	-- Installing: /work/grodgers/git/tr-aomp/TheRock/build/ml-libs/composable_kernel/stage/include/ck/tensor_operation/gpu/device/impl/device_gemm_xdl_cshuffle_v3_mx.hpp
1.4	-- Installing: /work/grodgers/git/tr-aomp/TheRock/build/ml-libs/composable_kernel/stage/include/ck/tensor_operation/gpu/device/impl/codegen_device_grouped_conv_fwd_multiple_abd_xdl_cshuffle.hpp
1.4	-- Installing: /work/grodgers/git/tr-aomp/TheRock/build/ml-libs/composable_kernel/stage/include/ck/tensor_operation/gpu/device/impl/device_gemm_xdl_splitk_c_shuffle.hpp
1.4	-- Installing: /work/grodgers/git/tr-aomp/TheRock/build/ml-libs/composable_kernel/stage/include/ck/tensor_operation/gpu/device/impl/device_conv2d_backward_weight_xdl_c_shuffle_nhwc_kyxc_nhwk.hpp
1.4	-- Installing: /work/grodgers/git/tr-aomp/TheRock/build/ml-libs/composable_kernel/stage/include/ck/tensor_operation/gpu/device/impl/device_avgpool2d_bwd_nhwc_nhwc.hpp
1.4	-- Installing: /work/grodgers/git/tr-aomp/TheRock/build/ml-libs/composable_kernel/stage/include/ck/tensor_operation/gpu/device/impl/device_batchnorm_forward_impl_obsolete.hpp
1.4	-- Installing: /work/grodgers/git/tr-aomp/TheRock/build/ml-libs/composable_kernel/stage/include/ck/tensor_operation/gpu/device/impl/device_conv2d_fwd_xdl_c_shuffle_nhwc_kyxc_nhwk.hpp
1.4	-- Installing: /work/grodgers/git/tr-aomp/TheRock/build/ml-libs/composable_kernel/stage/include/ck/tensor_operation/gpu/device/impl/device_softmax_impl.hpp
1.4	-- Installing: /work/grodgers/git/tr-aomp/TheRock/build/ml-libs/composable_kernel/stage/include/ck/tensor_operation/gpu/device/impl/device_grouped_conv_utils.hpp
1.4	-- Installing: /work/grodgers/git/tr-aomp/TheRock/build/ml-libs/composable_kernel/stage/include/ck/tensor_operation/gpu/device/impl/device_moe_mx_gemm_bns.hpp
1.4	-- Installing: /work/grodgers/git/tr-aomp/TheRock/build/ml-libs/composable_kernel/stage/include/ck/tensor_operation/gpu/device/impl/device_grouped_conv_fwd_multiple_abd_xdl_cshuffle_v3.hpp
1.4	-- Installing: /work/grodgers/git/tr-aomp/TheRock/build/ml-libs/composable_kernel/stage/include/ck/tensor_operation/gpu/device/impl/device_grouped_conv_fwd_dl_nhwc_kyxc_nhwk.hpp
1.4	-- Installing: /work/grodgers/git/tr-aomp/TheRock/build/ml-libs/composable_kernel/stage/include/ck/tensor_operation/gpu/device/impl/device_gemm_xdl_skip_b_lds.hpp
1.4	-- Installing: /work/grodgers/git/tr-aomp/TheRock/build/ml-libs/composable_kernel/stage/include/ck/tensor_operation/gpu/device/impl/device_contraction_multiple_abd_xdl_cshuffle.hpp
1.4	-- Installing: /work/grodgers/git/tr-aomp/TheRock/build/ml-libs/composable_kernel/stage/include/ck/tensor_operation/gpu/device/impl/device_grouped_conv_fwd_multiple_d_xdl_large_tensor_cshuffle.hpp
1.4	-- Installing: /work/grodgers/git/tr-aomp/TheRock/build/ml-libs/composable_kernel/stage/include/ck/tensor_operation/gpu/device/impl/device_conv3d_fwd_naive_ndhwc_kzyxc_ndhwk.hpp
1.4	-- Installing: /work/grodgers/git/tr-aomp/TheRock/build/ml-libs/composable_kernel/stage/include/ck/tensor_operation/gpu/device/impl/device_gemm_multiple_d_xdl_cshuffle.hpp
1.4	-- Installing: /work/grodgers/git/tr-aomp/TheRock/build/ml-libs/composable_kernel/stage/include/ck/tensor_operation/gpu/device/impl/device_grouped_conv_bwd_data_multiple_d_xdl_cshuffle_v1.hpp
1.4	-- Installing: /work/grodgers/git/tr-aomp/TheRock/build/ml-libs/composable_kernel/stage/include/ck/tensor_operation/gpu/device/impl/device_grouped_conv_bwd_weight_two_stage_xdl_cshuffle.hpp
1.4	-- Installing: /work/grodgers/git/tr-aomp/TheRock/build/ml-libs/composable_kernel/stage/include/ck/tensor_operation/gpu/device/impl/device_cgemm_4gemm_xdl_cshuffle.hpp
1.4	-- Installing: /work/grodgers/git/tr-aomp/TheRock/build/ml-libs/composable_kernel/stage/include/ck/tensor_operation/gpu/device/impl/device_multiple_reduce_threadwise.hpp
1.4	-- Installing: /work/grodgers/git/tr-aomp/TheRock/build/ml-libs/composable_kernel/stage/include/ck/tensor_operation/gpu/device/impl/device_grouped_conv_bwd_weight_explicit_xdl.hpp
1.4	-- Installing: /work/grodgers/git/tr-aomp/TheRock/build/ml-libs/composable_kernel/stage/include/ck/tensor_operation/gpu/device/impl/split_k_utils.hpp
1.4	-- Installing: /work/grodgers/git/tr-aomp/TheRock/build/ml-libs/composable_kernel/stage/include/ck/tensor_operation/gpu/device/impl/device_normalization_fwd_impl.hpp
1.4	-- Installing: /work/grodgers/git/tr-aomp/TheRock/build/ml-libs/composable_kernel/stage/include/ck/tensor_operation/gpu/device/impl/device_column_to_image_impl.hpp
1.4	-- Installing: /work/grodgers/git/tr-aomp/TheRock/build/ml-libs/composable_kernel/stage/include/ck/tensor_operation/gpu/device/impl/device_batched_gemm_multi_d_xdl.hpp
1.4	-- Installing: /work/grodgers/git/tr-aomp/TheRock/build/ml-libs/composable_kernel/stage/include/ck/tensor_operation/gpu/device/impl/device_gemm_xdl_cshuffle_lds_direct_load.hpp
1.4	-- Installing: /work/grodgers/git/tr-aomp/TheRock/build/ml-libs/composable_kernel/stage/include/ck/tensor_operation/gpu/device/impl/device_grouped_conv_bwd_data_multiple_d_wmma_cshuffle.hpp
1.4	-- Installing: /work/grodgers/git/tr-aomp/TheRock/build/ml-libs/composable_kernel/stage/include/ck/tensor_operation/gpu/device/impl/device_gemm_multiple_d_wmma_cshuffle.hpp
1.4	-- Installing: /work/grodgers/git/tr-aomp/TheRock/build/ml-libs/composable_kernel/stage/include/ck/tensor_operation/gpu/device/impl/device_multi_query_attention_forward_wmma.hpp
1.4	-- Installing: /work/grodgers/git/tr-aomp/TheRock/build/ml-libs/composable_kernel/stage/include/ck/tensor_operation/gpu/device/impl/device_grouped_gemm_xdl.hpp
1.4	-- Installing: /work/grodgers/git/tr-aomp/TheRock/build/ml-libs/composable_kernel/stage/include/ck/tensor_operation/gpu/device/impl/device_gemm_xdl_layernorm_cshuffle.hpp
1.4	-- Installing: /work/grodgers/git/tr-aomp/TheRock/build/ml-libs/composable_kernel/stage/include/ck/tensor_operation/gpu/device/impl/device_grouped_gemm_multiple_d_splitk_xdl_cshuffle_two_stage.hpp
1.4	-- Installing: /work/grodgers/git/tr-aomp/TheRock/build/ml-libs/composable_kernel/stage/include/ck/tensor_operation/gpu/device/impl/device_reduce_threadwise.hpp
1.4	-- Installing: /work/grodgers/git/tr-aomp/TheRock/build/ml-libs/composable_kernel/stage/include/ck/tensor_operation/gpu/device/impl/device_convnd_bwd_data_nwc_kxc_nwk_dl.hpp
1.4	-- Installing: /work/grodgers/git/tr-aomp/TheRock/build/ml-libs/composable_kernel/stage/include/ck/tensor_operation/gpu/device/impl/device_gemm_xdl.hpp
1.4	-- Installing: /work/grodgers/git/tr-aomp/TheRock/build/ml-libs/composable_kernel/stage/include/ck/tensor_operation/gpu/device/impl/device_batched_gemm_softmax_gemm_permute_wmma_cshuffle.hpp
1.4	-- Installing: /work/grodgers/git/tr-aomp/TheRock/build/ml-libs/composable_kernel/stage/include/ck/tensor_operation/gpu/device/impl/device_elementwise_normalization_impl.hpp
1.4	-- Installing: /work/grodgers/git/tr-aomp/TheRock/build/ml-libs/composable_kernel/stage/include/ck/tensor_operation/gpu/device/impl/device_gemm_dl.hpp
1.4	-- Installing: /work/grodgers/git/tr-aomp/TheRock/build/ml-libs/composable_kernel/stage/include/ck/tensor_operation/gpu/device/impl/device_grouped_conv_bwd_weight_xdl_cshuffle.hpp
1.4	-- Installing: /work/grodgers/git/tr-aomp/TheRock/build/ml-libs/composable_kernel/stage/include/ck/tensor_operation/gpu/device/impl/device_moe_mx_gemm.hpp
1.4	-- Installing: /work/grodgers/git/tr-aomp/TheRock/build/ml-libs/composable_kernel/stage/include/ck/tensor_operation/gpu/device/impl/device_gemm_multiple_d_dl.hpp
1.4	-- Installing: /work/grodgers/git/tr-aomp/TheRock/build/ml-libs/composable_kernel/stage/include/ck/tensor_operation/gpu/device/impl/device_avgpool3d_bwd_ndhwc_ndhwc.hpp
1.4	-- Installing: /work/grodgers/git/tr-aomp/TheRock/build/ml-libs/composable_kernel/stage/include/ck/tensor_operation/gpu/device/impl/device_normalization_fwd_splitk_impl.hpp
1.4	-- Installing: /work/grodgers/git/tr-aomp/TheRock/build/ml-libs/composable_kernel/stage/include/ck/tensor_operation/gpu/device/impl/device_grouped_gemm_multiple_d_dl.hpp
1.4	-- Installing: /work/grodgers/git/tr-aomp/TheRock/build/ml-libs/composable_kernel/stage/include/ck/tensor_operation/gpu/device/impl/device_grouped_gemm_xdl_splitk_cshuffle.hpp
1.4	-- Installing: /work/grodgers/git/tr-aomp/TheRock/build/ml-libs/composable_kernel/stage/include/ck/tensor_operation/gpu/device/impl/device_contraction_multiple_d_xdl_cshuffle.hpp
1.4	-- Installing: /work/grodgers/git/tr-aomp/TheRock/build/ml-libs/composable_kernel/stage/include/ck/tensor_operation/gpu/device/impl/device_reduce_multiblock.hpp
1.4	-- Installing: /work/grodgers/git/tr-aomp/TheRock/build/ml-libs/composable_kernel/stage/include/ck/tensor_operation/gpu/device/impl/device_gemm_multiple_d_xdl_cshuffle_v3_ab_scale.hpp
1.4	-- Installing: /work/grodgers/git/tr-aomp/TheRock/build/ml-libs/composable_kernel/stage/include/ck/tensor_operation/gpu/device/impl/device_fpAintB_gemm_wmma.hpp
1.4	-- Installing: /work/grodgers/git/tr-aomp/TheRock/build/ml-libs/composable_kernel/stage/include/ck/tensor_operation/gpu/device/impl/device_grouped_conv_bwd_weight_multiple_d_xdl_cshuffle.hpp
1.4	-- Installing: /work/grodgers/git/tr-aomp/TheRock/build/ml-libs/composable_kernel/stage/include/ck/tensor_operation/gpu/device/impl/device_normalization_bwd_data_impl.hpp
1.4	-- Installing: /work/grodgers/git/tr-aomp/TheRock/build/ml-libs/composable_kernel/stage/include/ck/tensor_operation/gpu/device/impl/device_put_element_impl.hpp
1.4	-- Installing: /work/grodgers/git/tr-aomp/TheRock/build/ml-libs/composable_kernel/stage/include/ck/tensor_operation/gpu/device/impl/device_elementwise_dynamic_vector_dims_impl.hpp
1.4	-- Installing: /work/grodgers/git/tr-aomp/TheRock/build/ml-libs/composable_kernel/stage/include/ck/tensor_operation/gpu/device/impl/device_batchnorm_backward_impl.hpp
1.4	-- Installing: /work/grodgers/git/tr-aomp/TheRock/build/ml-libs/composable_kernel/stage/include/ck/tensor_operation/gpu/device/impl/device_moe_gemm_blockscale.hpp
1.4	-- Installing: /work/grodgers/git/tr-aomp/TheRock/build/ml-libs/composable_kernel/stage/include/ck/tensor_operation/gpu/device/impl/device_gemm_bias_add_reduce_xdl_cshuffle.hpp
1.4	-- Installing: /work/grodgers/git/tr-aomp/TheRock/build/ml-libs/composable_kernel/stage/include/ck/tensor_operation/gpu/device/impl/device_pool3d_fwd_ndhwc_ndhwc.hpp
1.4	-- Installing: /work/grodgers/git/tr-aomp/TheRock/build/ml-libs/composable_kernel/stage/include/ck/tensor_operation/gpu/device/impl/device_gemm_multiple_d_xdl_cshuffle_v3.hpp
1.4	-- Installing: /work/grodgers/git/tr-aomp/TheRock/build/ml-libs/composable_kernel/stage/include/ck/tensor_operation/gpu/device/impl/device_conv3d_fwd_xdl_ndhwc_kzyxc_ndhwk.hpp
1.4	-- Installing: /work/grodgers/git/tr-aomp/TheRock/build/ml-libs/composable_kernel/stage/include/ck/tensor_operation/gpu/device/impl/device_gemm_xdl_waveletmodel_cshuffle.hpp
1.4	-- Installing: /work/grodgers/git/tr-aomp/TheRock/build/ml-libs/composable_kernel/stage/include/ck/tensor_operation/gpu/device/impl/device_gemm_multiple_d_xdl_cshuffle_v3_blockscale_bpreshuffle.hpp
1.4	-- Installing: /work/grodgers/git/tr-aomp/TheRock/build/ml-libs/composable_kernel/stage/include/ck/tensor_operation/gpu/device/impl/device_batched_gemm_multiple_d_dl.hpp
1.4	-- Installing: /work/grodgers/git/tr-aomp/TheRock/build/ml-libs/composable_kernel/stage/include/ck/tensor_operation/gpu/device/impl/device_batched_gemm_softmax_gemm_xdl_cshuffle.hpp
1.4	-- Installing: /work/grodgers/git/tr-aomp/TheRock/build/ml-libs/composable_kernel/stage/include/ck/tensor_operation/gpu/device/device_softmax.hpp
1.4	-- Installing: /work/grodgers/git/tr-aomp/TheRock/build/ml-libs/composable_kernel/stage/include/ck/stream_config.hpp
1.4	-- Installing: /work/grodgers/git/tr-aomp/TheRock/build/ml-libs/composable_kernel/stage/include/ck/tensor_description
1.4	-- Installing: /work/grodgers/git/tr-aomp/TheRock/build/ml-libs/composable_kernel/stage/include/ck/tensor_description/tensor_descriptor.hpp
1.4	-- Installing: /work/grodgers/git/tr-aomp/TheRock/build/ml-libs/composable_kernel/stage/include/ck/tensor_description/cluster_descriptor.hpp
1.4	-- Installing: /work/grodgers/git/tr-aomp/TheRock/build/ml-libs/composable_kernel/stage/include/ck/tensor_description/tensor_descriptor_helper.hpp
1.4	-- Installing: /work/grodgers/git/tr-aomp/TheRock/build/ml-libs/composable_kernel/stage/include/ck/tensor_description/multi_index_transform.hpp
1.4	-- Installing: /work/grodgers/git/tr-aomp/TheRock/build/ml-libs/composable_kernel/stage/include/ck/tensor_description/tensor_space_filling_curve.hpp
1.4	-- Installing: /work/grodgers/git/tr-aomp/TheRock/build/ml-libs/composable_kernel/stage/include/ck/tensor_description/tensor_adaptor.hpp
1.4	-- Installing: /work/grodgers/git/tr-aomp/TheRock/build/ml-libs/composable_kernel/stage/include/ck/tensor_description/multi_index_transform_helper.hpp
1.4	-- Installing: /work/grodgers/git/tr-aomp/TheRock/build/ml-libs/composable_kernel/stage/include/ck/problem_transform
1.4	-- Installing: /work/grodgers/git/tr-aomp/TheRock/build/ml-libs/composable_kernel/stage/include/ck/problem_transform/transform_forward_convolution3d_into_gemm_v4r4r4_ndhwc_kzyxc_ndhwk.hpp
1.4	-- Up-to-date: /work/grodgers/git/tr-aomp/TheRock/build/ml-libs/composable_kernel/stage/include/ck
1.4	-- Up-to-date: /work/grodgers/git/tr-aomp/TheRock/build/ml-libs/composable_kernel/stage/include/ck/library
1.4	-- Installing: /work/grodgers/git/tr-aomp/TheRock/build/ml-libs/composable_kernel/stage/include/ck/library/reference_tensor_operation
1.4	-- Installing: /work/grodgers/git/tr-aomp/TheRock/build/ml-libs/composable_kernel/stage/include/ck/library/reference_tensor_operation/gpu
1.4	-- Installing: /work/grodgers/git/tr-aomp/TheRock/build/ml-libs/composable_kernel/stage/include/ck/library/reference_tensor_operation/gpu/reference_gemm.hpp
1.4	-- Installing: /work/grodgers/git/tr-aomp/TheRock/build/ml-libs/composable_kernel/stage/include/ck/library/reference_tensor_operation/gpu/naive_conv_fwd.hpp
1.4	-- Installing: /work/grodgers/git/tr-aomp/TheRock/build/ml-libs/composable_kernel/stage/include/ck/library/reference_tensor_operation/cpu
1.4	-- Installing: /work/grodgers/git/tr-aomp/TheRock/build/ml-libs/composable_kernel/stage/include/ck/library/reference_tensor_operation/cpu/reference_batched_gemm.hpp
1.4	-- Installing: /work/grodgers/git/tr-aomp/TheRock/build/ml-libs/composable_kernel/stage/include/ck/library/reference_tensor_operation/cpu/reference_pool_fwd.hpp
1.4	-- Installing: /work/grodgers/git/tr-aomp/TheRock/build/ml-libs/composable_kernel/stage/include/ck/library/reference_tensor_operation/cpu/reference_softmax.hpp
1.4	-- Installing: /work/grodgers/git/tr-aomp/TheRock/build/ml-libs/composable_kernel/stage/include/ck/library/reference_tensor_operation/cpu/reference_layernorm_bwd.hpp
1.4	-- Installing: /work/grodgers/git/tr-aomp/TheRock/build/ml-libs/composable_kernel/stage/include/ck/library/reference_tensor_operation/cpu/reference_gemm_layernorm.hpp
1.4	-- Installing: /work/grodgers/git/tr-aomp/TheRock/build/ml-libs/composable_kernel/stage/include/ck/library/reference_tensor_operation/cpu/reference_groupnorm_bwd.hpp
1.4	-- Installing: /work/grodgers/git/tr-aomp/TheRock/build/ml-libs/composable_kernel/stage/include/ck/library/reference_tensor_operation/cpu/reference_moe_mx_gemm1.hpp
1.4	-- Installing: /work/grodgers/git/tr-aomp/TheRock/build/ml-libs/composable_kernel/stage/include/ck/library/reference_tensor_operation/cpu/reference_conv_fwd_bias_activation_add.hpp
1.4	-- Installing: /work/grodgers/git/tr-aomp/TheRock/build/ml-libs/composable_kernel/stage/include/ck/library/reference_tensor_operation/cpu/reference_moe_gemm1_blockscale.hpp
1.4	-- Installing: /work/grodgers/git/tr-aomp/TheRock/build/ml-libs/composable_kernel/stage/include/ck/library/reference_tensor_operation/cpu/reference_conv_bwd_weight.hpp
1.4	-- Installing: /work/grodgers/git/tr-aomp/TheRock/build/ml-libs/composable_kernel/stage/include/ck/library/reference_tensor_operation/cpu/reference_fpAintB_gemm.hpp
1.4	-- Installing: /work/grodgers/git/tr-aomp/TheRock/build/ml-libs/composable_kernel/stage/include/ck/library/reference_tensor_operation/cpu/reference_moe_gemm.hpp
1.4	-- Installing: /work/grodgers/git/tr-aomp/TheRock/build/ml-libs/composable_kernel/stage/include/ck/library/reference_tensor_operation/cpu/reference_contraction.hpp
1.4	-- Installing: /work/grodgers/git/tr-aomp/TheRock/build/ml-libs/composable_kernel/stage/include/ck/library/reference_tensor_operation/cpu/reference_batchnorm_backward.hpp
1.4	-- Installing: /work/grodgers/git/tr-aomp/TheRock/build/ml-libs/composable_kernel/stage/include/ck/library/reference_tensor_operation/cpu/reference_image_to_column.hpp
1.4	-- Installing: /work/grodgers/git/tr-aomp/TheRock/build/ml-libs/composable_kernel/stage/include/ck/library/reference_tensor_operation/cpu/reference_maxpool_bwd.hpp
1.4	-- Installing: /work/grodgers/git/tr-aomp/TheRock/build/ml-libs/composable_kernel/stage/include/ck/library/reference_tensor_operation/cpu/reference_sparse_embedding3_forward_layernorm.hpp
1.4	-- Installing: /work/grodgers/git/tr-aomp/TheRock/build/ml-libs/composable_kernel/stage/include/ck/library/reference_tensor_operation/cpu/reference_gemm.hpp
1.4	-- Installing: /work/grodgers/git/tr-aomp/TheRock/build/ml-libs/composable_kernel/stage/include/ck/library/reference_tensor_operation/cpu/reference_groupnorm.hpp
1.4	-- Installing: /work/grodgers/git/tr-aomp/TheRock/build/ml-libs/composable_kernel/stage/include/ck/library/reference_tensor_operation/cpu/reference_column_to_image.hpp
1.4	-- Installing: /work/grodgers/git/tr-aomp/TheRock/build/ml-libs/composable_kernel/stage/include/ck/library/reference_tensor_operation/cpu/reference_conv_bwd_data.hpp
1.4	-- Installing: /work/grodgers/git/tr-aomp/TheRock/build/ml-libs/composable_kernel/stage/include/ck/library/reference_tensor_operation/cpu/reference_moe_mx_gemm2.hpp
1.4	-- Installing: /work/grodgers/git/tr-aomp/TheRock/build/ml-libs/composable_kernel/stage/include/ck/library/reference_tensor_operation/cpu/reference_mx_gemm.hpp
1.4	-- Installing: /work/grodgers/git/tr-aomp/TheRock/build/ml-libs/composable_kernel/stage/include/ck/library/reference_tensor_operation/cpu/reference_batchnorm_forward.hpp
1.4	-- Installing: /work/grodgers/git/tr-aomp/TheRock/build/ml-libs/composable_kernel/stage/include/ck/library/reference_tensor_operation/cpu/reference_batchnorm_infer.hpp
1.4	-- Installing: /work/grodgers/git/tr-aomp/TheRock/build/ml-libs/composable_kernel/stage/include/ck/library/reference_tensor_operation/cpu/reference_avgpool_bwd.hpp
1.4	-- Installing: /work/grodgers/git/tr-aomp/TheRock/build/ml-libs/composable_kernel/stage/include/ck/library/reference_tensor_operation/cpu/reference_conv_fwd_bias_activation.hpp
1.4	-- Installing: /work/grodgers/git/tr-aomp/TheRock/build/ml-libs/composable_kernel/stage/include/ck/library/reference_tensor_operation/cpu/reference_moe_gemm2.hpp
1.4	-- Installing: /work/grodgers/git/tr-aomp/TheRock/build/ml-libs/composable_kernel/stage/include/ck/library/reference_tensor_operation/cpu/reference_moe_gemm2_blockscale.hpp
1.4	-- Installing: /work/grodgers/git/tr-aomp/TheRock/build/ml-libs/composable_kernel/stage/include/ck/library/reference_tensor_operation/cpu/reference_gemm_multiple_d.hpp
1.4	-- Installing: /work/grodgers/git/tr-aomp/TheRock/build/ml-libs/composable_kernel/stage/include/ck/library/reference_tensor_operation/cpu/reference_cgemm.hpp
1.4	-- Installing: /work/grodgers/git/tr-aomp/TheRock/build/ml-libs/composable_kernel/stage/include/ck/library/reference_tensor_operation/cpu/reference_reduce.hpp
1.4	-- Installing: /work/grodgers/git/tr-aomp/TheRock/build/ml-libs/composable_kernel/stage/include/ck/library/reference_tensor_operation/cpu/reference_conv_fwd.hpp
1.4	-- Installing: /work/grodgers/git/tr-aomp/TheRock/build/ml-libs/composable_kernel/stage/include/ck/library/reference_tensor_operation/cpu/reference_elementwise.hpp
1.4	-- Installing: /work/grodgers/git/tr-aomp/TheRock/build/ml-libs/composable_kernel/stage/include/ck/library/reference_tensor_operation/cpu/reference_layernorm.hpp
1.4	-- Installing: /work/grodgers/git/tr-aomp/TheRock/build/ml-libs/composable_kernel/stage/include/ck/library/tensor_operation_instance
1.4	-- Installing: /work/grodgers/git/tr-aomp/TheRock/build/ml-libs/composable_kernel/stage/include/ck/library/tensor_operation_instance/device_operation_instance_factory.hpp
1.4	-- Installing: /work/grodgers/git/tr-aomp/TheRock/build/ml-libs/composable_kernel/stage/include/ck/library/tensor_operation_instance/gpu
1.4	-- Installing: /work/grodgers/git/tr-aomp/TheRock/build/ml-libs/composable_kernel/stage/include/ck/library/tensor_operation_instance/gpu/gemm_bilinear.hpp
1.4	-- Installing: /work/grodgers/git/tr-aomp/TheRock/build/ml-libs/composable_kernel/stage/include/ck/library/tensor_operation_instance/gpu/contraction
1.4	-- Installing: /work/grodgers/git/tr-aomp/TheRock/build/ml-libs/composable_kernel/stage/include/ck/library/tensor_operation_instance/gpu/contraction/device_contraction_instance.hpp
1.4	-- Installing: /work/grodgers/git/tr-aomp/TheRock/build/ml-libs/composable_kernel/stage/include/ck/library/tensor_operation_instance/gpu/batched_gemm_bias_permute.hpp
1.4	-- Installing: /work/grodgers/git/tr-aomp/TheRock/build/ml-libs/composable_kernel/stage/include/ck/library/tensor_operation_instance/gpu/grouped_gemm.hpp
1.4	-- Installing: /work/grodgers/git/tr-aomp/TheRock/build/ml-libs/composable_kernel/stage/include/ck/library/tensor_operation_instance/gpu/convolution_forward.hpp
1.4	-- Installing: /work/grodgers/git/tr-aomp/TheRock/build/ml-libs/composable_kernel/stage/include/ck/library/tensor_operation_instance/gpu/grouped_convolution_forward_bias_bnorm_clamp_xdl.inc
1.4	-- Installing: /work/grodgers/git/tr-aomp/TheRock/build/ml-libs/composable_kernel/stage/include/ck/library/tensor_operation_instance/gpu/grouped_gemm
1.4	-- Installing: /work/grodgers/git/tr-aomp/TheRock/build/ml-libs/composable_kernel/stage/include/ck/library/tensor_operation_instance/gpu/grouped_gemm/device_grouped_gemm_xdl_splitk_instance.hpp
1.4	-- Installing: /work/grodgers/git/tr-aomp/TheRock/build/ml-libs/composable_kernel/stage/include/ck/library/tensor_operation_instance/gpu/gemm_add_fastgelu.hpp
1.4	-- Installing: /work/grodgers/git/tr-aomp/TheRock/build/ml-libs/composable_kernel/stage/include/ck/library/tensor_operation_instance/gpu/grouped_convolution_backward_weight_bilinear.hpp
1.4	-- Installing: /work/grodgers/git/tr-aomp/TheRock/build/ml-libs/composable_kernel/stage/include/ck/library/tensor_operation_instance/gpu/grouped_convolution_forward_scaleadd_scaleadd_relu.hpp
1.4	-- Installing: /work/grodgers/git/tr-aomp/TheRock/build/ml-libs/composable_kernel/stage/include/ck/library/tensor_operation_instance/gpu/pool2d_fwd.hpp
1.4	-- Installing: /work/grodgers/git/tr-aomp/TheRock/build/ml-libs/composable_kernel/stage/include/ck/library/tensor_operation_instance/gpu/gemm_universal_batched.hpp
1.4	-- Installing: /work/grodgers/git/tr-aomp/TheRock/build/ml-libs/composable_kernel/stage/include/ck/library/tensor_operation_instance/gpu/grouped_convolution_forward_clamp_xdl.inc
1.4	-- Installing: /work/grodgers/git/tr-aomp/TheRock/build/ml-libs/composable_kernel/stage/include/ck/library/tensor_operation_instance/gpu/grouped_gemm_bias.hpp
1.4	-- Installing: /work/grodgers/git/tr-aomp/TheRock/build/ml-libs/composable_kernel/stage/include/ck/library/tensor_operation_instance/gpu/batched_gemm_gemm.hpp
1.4	-- Installing: /work/grodgers/git/tr-aomp/TheRock/build/ml-libs/composable_kernel/stage/include/ck/library/tensor_operation_instance/gpu/grouped_convolution_backward_data_wmma.inc
1.4	-- Installing: /work/grodgers/git/tr-aomp/TheRock/build/ml-libs/composable_kernel/stage/include/ck/library/tensor_operation_instance/gpu/gemm_universal_preshuffle.inc
1.4	-- Installing: /work/grodgers/git/tr-aomp/TheRock/build/ml-libs/composable_kernel/stage/include/ck/library/tensor_operation_instance/gpu/gemm_universal.hpp
1.4	-- Installing: /work/grodgers/git/tr-aomp/TheRock/build/ml-libs/composable_kernel/stage/include/ck/library/tensor_operation_instance/gpu/grouped_convolution_backward_weight.hpp
1.4	-- Installing: /work/grodgers/git/tr-aomp/TheRock/build/ml-libs/composable_kernel/stage/include/ck/library/tensor_operation_instance/gpu/gemm_blockscale_wp.hpp
1.4	-- Installing: /work/grodgers/git/tr-aomp/TheRock/build/ml-libs/composable_kernel/stage/include/ck/library/tensor_operation_instance/gpu/grouped_gemm_tile_loop.hpp
1.4	-- Installing: /work/grodgers/git/tr-aomp/TheRock/build/ml-libs/composable_kernel/stage/include/ck/library/tensor_operation_instance/gpu/grouped_gemm_multi_abd_fixed_nk.hpp
1.4	-- Installing: /work/grodgers/git/tr-aomp/TheRock/build/ml-libs/composable_kernel/stage/include/ck/library/tensor_operation_instance/gpu/gemm_add.hpp
1.4	-- Installing: /work/grodgers/git/tr-aomp/TheRock/build/ml-libs/composable_kernel/stage/include/ck/library/tensor_operation_instance/gpu/grouped_convolution_forward_wmma.inc
1.4	-- Installing: /work/grodgers/git/tr-aomp/TheRock/build/ml-libs/composable_kernel/stage/include/ck/library/tensor_operation_instance/gpu/gemm_multiply_multiply_wp.hpp
1.4	-- Installing: /work/grodgers/git/tr-aomp/TheRock/build/ml-libs/composable_kernel/stage/include/ck/library/tensor_operation_instance/gpu/gemm_add_multiply.hpp
1.4	-- Installing: /work/grodgers/git/tr-aomp/TheRock/build/ml-libs/composable_kernel/stage/include/ck/library/tensor_operation_instance/gpu/gemm_splitk.hpp
1.4	-- Installing: /work/grodgers/git/tr-aomp/TheRock/build/ml-libs/composable_kernel/stage/include/ck/library/tensor_operation_instance/gpu/normalization_fwd.hpp
1.4	-- Installing: /work/grodgers/git/tr-aomp/TheRock/build/ml-libs/composable_kernel/stage/include/ck/library/tensor_operation_instance/gpu/gemm_universal_wmma.inc
1.4	-- Installing: /work/grodgers/git/tr-aomp/TheRock/build/ml-libs/composable_kernel/stage/include/ck/library/tensor_operation_instance/gpu/gemm_add_silu.hpp
1.4	-- Installing: /work/grodgers/git/tr-aomp/TheRock/build/ml-libs/composable_kernel/stage/include/ck/library/tensor_operation_instance/gpu/gemm_b_scale.hpp
1.4	-- Installing: /work/grodgers/git/tr-aomp/TheRock/build/ml-libs/composable_kernel/stage/include/ck/library/tensor_operation_instance/gpu/gemm_wmma.inc
1.4	-- Installing: /work/grodgers/git/tr-aomp/TheRock/build/ml-libs/composable_kernel/stage/include/ck/library/tensor_operation_instance/gpu/groupnorm_bwd_gamma_beta.hpp
1.4	-- Installing: /work/grodgers/git/tr-aomp/TheRock/build/ml-libs/composable_kernel/stage/include/ck/library/tensor_operation_instance/gpu/gemm_xdl.inc
1.4	-- Installing: /work/grodgers/git/tr-aomp/TheRock/build/ml-libs/composable_kernel/stage/include/ck/library/tensor_operation_instance/gpu/device_gemm_xdl_c_shuffle_fp8_fp8_fp8_mk_kn_mn_v2_instance.hpp
1.4	-- Installing: /work/grodgers/git/tr-aomp/TheRock/build/ml-libs/composable_kernel/stage/include/ck/library/tensor_operation_instance/gpu/grouped_convolution_forward_convscale_relu.hpp
1.4	-- Installing: /work/grodgers/git/tr-aomp/TheRock/build/ml-libs/composable_kernel/stage/include/ck/library/tensor_operation_instance/gpu/grouped_convolution_forward_xdl.inc
1.4	-- Installing: /work/grodgers/git/tr-aomp/TheRock/build/ml-libs/composable_kernel/stage/include/ck/library/tensor_operation_instance/gpu/grouped_convolution_forward_xdl_merged_groups.inc
1.4	-- Installing: /work/grodgers/git/tr-aomp/TheRock/build/ml-libs/composable_kernel/stage/include/ck/library/tensor_operation_instance/gpu/gemm_universal_preshuffle.hpp
1.4	-- Installing: /work/grodgers/git/tr-aomp/TheRock/build/ml-libs/composable_kernel/stage/include/ck/library/tensor_operation_instance/gpu/groupnorm_bwd_data.hpp
1.4	-- Installing: /work/grodgers/git/tr-aomp/TheRock/build/ml-libs/composable_kernel/stage/include/ck/library/tensor_operation_instance/gpu/grouped_conv_fwd
1.4	-- Installing: /work/grodgers/git/tr-aomp/TheRock/build/ml-libs/composable_kernel/stage/include/ck/library/tensor_operation_instance/gpu/grouped_conv_fwd/device_grouped_conv_fwd_xdl_mem_instance.hpp
1.4	-- Installing: /work/grodgers/git/tr-aomp/TheRock/build/ml-libs/composable_kernel/stage/include/ck/library/tensor_operation_instance/gpu/grouped_conv_fwd/device_grouped_conv_fwd_xdl_instance.hpp
1.4	-- Installing: /work/grodgers/git/tr-aomp/TheRock/build/ml-libs/composable_kernel/stage/include/ck/library/tensor_operation_instance/gpu/grouped_conv_fwd/device_grouped_conv_fwd_dl_instance.hpp
1.4	-- Installing: /work/grodgers/git/tr-aomp/TheRock/build/ml-libs/composable_kernel/stage/include/ck/library/tensor_operation_instance/gpu/grouped_conv_fwd/device_grouped_conv_fwd_xdl_merged_groups_instance.hpp
1.4	-- Installing: /work/grodgers/git/tr-aomp/TheRock/build/ml-libs/composable_kernel/stage/include/ck/library/tensor_operation_instance/gpu/grouped_conv_fwd/device_grouped_conv_fwd_xdl_bilinear_instance.hpp
1.4	-- Installing: /work/grodgers/git/tr-aomp/TheRock/build/ml-libs/composable_kernel/stage/include/ck/library/tensor_operation_instance/gpu/grouped_conv_fwd/device_grouped_conv_fwd_xdl_scale_instance.hpp
1.4	-- Installing: /work/grodgers/git/tr-aomp/TheRock/build/ml-libs/composable_kernel/stage/include/ck/library/tensor_operation_instance/gpu/grouped_conv_fwd/device_grouped_conv_fwd_xdl_scaleadd_scaleadd_relu_instance.hpp
1.4	-- Installing: /work/grodgers/git/tr-aomp/TheRock/build/ml-libs/composable_kernel/stage/include/ck/library/tensor_operation_instance/gpu/grouped_conv_fwd/device_grouped_conv_fwd_wmma_instance.hpp
1.4	-- Installing: /work/grodgers/git/tr-aomp/TheRock/build/ml-libs/composable_kernel/stage/include/ck/library/tensor_operation_instance/gpu/grouped_conv_fwd/device_grouped_conv_fwd_xdl_binary_outelementop_instance.hpp
1.4	-- Installing: /work/grodgers/git/tr-aomp/TheRock/build/ml-libs/composable_kernel/stage/include/ck/library/tensor_operation_instance/gpu/grouped_conv_fwd/device_grouped_conv_fwd_xdl_comp_instance.hpp
1.4	-- Installing: /work/grodgers/git/tr-aomp/TheRock/build/ml-libs/composable_kernel/stage/include/ck/library/tensor_operation_instance/gpu/grouped_conv_fwd/device_grouped_conv_fwd_xdl_large_tensor_instance.hpp
1.4	-- Installing: /work/grodgers/git/tr-aomp/TheRock/build/ml-libs/composable_kernel/stage/include/ck/library/tensor_operation_instance/gpu/grouped_conv_fwd/device_grouped_conv_fwd_xdl_outelementop_instance.hpp
1.4	-- Installing: /work/grodgers/git/tr-aomp/TheRock/build/ml-libs/composable_kernel/stage/include/ck/library/tensor_operation_instance/gpu/grouped_conv_fwd/device_grouped_conv_fwd_xdl_scaleadd_ab_instance.hpp
1.4	-- Installing: /work/grodgers/git/tr-aomp/TheRock/build/ml-libs/composable_kernel/stage/include/ck/library/tensor_operation_instance/gpu/grouped_conv_fwd/device_grouped_conv_fwd_xdl_dynamic_op_instance.hpp
1.4	-- Installing: /work/grodgers/git/tr-aomp/TheRock/build/ml-libs/composable_kernel/stage/include/ck/library/tensor_operation_instance/gpu/grouped_convolution_forward_scale.hpp
1.4	-- Installing: /work/grodgers/git/tr-aomp/TheRock/build/ml-libs/composable_kernel/stage/include/ck/library/tensor_operation_instance/gpu/max_pool_bwd.hpp
1.4	-- Installing: /work/grodgers/git/tr-aomp/TheRock/build/ml-libs/composable_kernel/stage/include/ck/library/tensor_operation_instance/gpu/grouped_convolution_backward_weight_xdl.inc
1.4	-- Installing: /work/grodgers/git/tr-aomp/TheRock/build/ml-libs/composable_kernel/stage/include/ck/library/tensor_operation_instance/gpu/layernorm_bwd_gamma_beta.hpp
1.4	-- Installing: /work/grodgers/git/tr-aomp/TheRock/build/ml-libs/composable_kernel/stage/include/ck/library/tensor_operation_instance/gpu/gemm_fastgelu.hpp
1.4	-- Installing: /work/grodgers/git/tr-aomp/TheRock/build/ml-libs/composable_kernel/stage/include/ck/library/tensor_operation_instance/gpu/grouped_gemm_fixed_nk.hpp
1.4	-- Installing: /work/grodgers/git/tr-aomp/TheRock/build/ml-libs/composable_kernel/stage/include/ck/library/tensor_operation_instance/gpu/contraction_scale.hpp
1.4	-- Installing: /work/grodgers/git/tr-aomp/TheRock/build/ml-libs/composable_kernel/stage/include/ck/library/tensor_operation_instance/gpu/gemm_dpp.inc
1.4	-- Installing: /work/grodgers/git/tr-aomp/TheRock/build/ml-libs/composable_kernel/stage/include/ck/library/tensor_operation_instance/gpu/grouped_gemm_fastgelu.hpp
1.4	-- Installing: /work/grodgers/git/tr-aomp/TheRock/build/ml-libs/composable_kernel/stage/include/ck/library/tensor_operation_instance/gpu/quantization
1.4	-- Installing: /work/grodgers/git/tr-aomp/TheRock/build/ml-libs/composable_kernel/stage/include/ck/library/tensor_operation_instance/gpu/quantization/grouped_convolution_bias_forward_perchannel_quantization.hpp
1.4	-- Installing: /work/grodgers/git/tr-aomp/TheRock/build/ml-libs/composable_kernel/stage/include/ck/library/tensor_operation_instance/gpu/quantization/grouped_convolution_forward_perlayer_quantization.hpp
1.4	-- Installing: /work/grodgers/git/tr-aomp/TheRock/build/ml-libs/composable_kernel/stage/include/ck/library/tensor_operation_instance/gpu/quantization/grouped_convolution_bias_forward_perlayer_quantization.hpp
1.4	-- Installing: /work/grodgers/git/tr-aomp/TheRock/build/ml-libs/composable_kernel/stage/include/ck/library/tensor_operation_instance/gpu/quantization/grouped_convolution_forward_perchannel_quantization.hpp
1.4	-- Installing: /work/grodgers/git/tr-aomp/TheRock/build/ml-libs/composable_kernel/stage/include/ck/library/tensor_operation_instance/gpu/quantization/gemm_quantization.hpp
1.4	-- Installing: /work/grodgers/git/tr-aomp/TheRock/build/ml-libs/composable_kernel/stage/include/ck/library/tensor_operation_instance/gpu/gemm_universal_xdl.inc
1.4	-- Installing: /work/grodgers/git/tr-aomp/TheRock/build/ml-libs/composable_kernel/stage/include/ck/library/tensor_operation_instance/gpu/avg_pool3d_bwd.hpp
1.4	-- Installing: /work/grodgers/git/tr-aomp/TheRock/build/ml-libs/composable_kernel/stage/include/ck/library/tensor_operation_instance/gpu/batched_gemm_multi_d.hpp
1.4	-- Installing: /work/grodgers/git/tr-aomp/TheRock/build/ml-libs/composable_kernel/stage/include/ck/library/tensor_operation_instance/gpu/grouped_convolution_forward_dynamic_op.hpp
1.4	-- Installing: /work/grodgers/git/tr-aomp/TheRock/build/ml-libs/composable_kernel/stage/include/ck/library/tensor_operation_instance/gpu/grouped_convolution_forward_bias_clamp_xdl.inc
1.4	-- Installing: /work/grodgers/git/tr-aomp/TheRock/build/ml-libs/composable_kernel/stage/include/ck/library/tensor_operation_instance/gpu/grouped_convolution_forward_convscale_add.hpp
1.4	-- Installing: /work/grodgers/git/tr-aomp/TheRock/build/ml-libs/composable_kernel/stage/include/ck/library/tensor_operation_instance/gpu/grouped_convolution_forward_bias_clamp.hpp
1.4	-- Installing: /work/grodgers/git/tr-aomp/TheRock/build/ml-libs/composable_kernel/stage/include/ck/library/tensor_operation_instance/gpu/conv_tensor_rearrange.hpp
1.4	-- Installing: /work/grodgers/git/tr-aomp/TheRock/build/ml-libs/composable_kernel/stage/include/ck/library/tensor_operation_instance/gpu/gemm_add_add_fastgelu.hpp
1.4	-- Installing: /work/grodgers/git/tr-aomp/TheRock/build/ml-libs/composable_kernel/stage/include/ck/library/tensor_operation_instance/gpu/grouped_convolution_backward_weight_dl.inc
1.4	-- Installing: /work/grodgers/git/tr-aomp/TheRock/build/ml-libs/composable_kernel/stage/include/ck/library/tensor_operation_instance/gpu/batched_gemm_softmax_gemm_permute.hpp
1.4	-- Installing: /work/grodgers/git/tr-aomp/TheRock/build/ml-libs/composable_kernel/stage/include/ck/library/tensor_operation_instance/gpu/grouped_convolution_forward_bias_bnorm_clamp.hpp
1.4	-- Installing: /work/grodgers/git/tr-aomp/TheRock/build/ml-libs/composable_kernel/stage/include/ck/library/tensor_operation_instance/gpu/grouped_convolution_backward_data_bilinear.hpp
1.4	-- Installing: /work/grodgers/git/tr-aomp/TheRock/build/ml-libs/composable_kernel/stage/include/ck/library/tensor_operation_instance/gpu/batched_gemm_softmax_gemm.hpp
1.4	-- Installing: /work/grodgers/git/tr-aomp/TheRock/build/ml-libs/composable_kernel/stage/include/ck/library/tensor_operation_instance/gpu/transpose
1.4	-- Installing: /work/grodgers/git/tr-aomp/TheRock/build/ml-libs/composable_kernel/stage/include/ck/library/tensor_operation_instance/gpu/transpose/device_transpose_instance.hpp
1.4	-- Installing: /work/grodgers/git/tr-aomp/TheRock/build/ml-libs/composable_kernel/stage/include/ck/library/tensor_operation_instance/gpu/softmax.hpp
1.4	-- Installing: /work/grodgers/git/tr-aomp/TheRock/build/ml-libs/composable_kernel/stage/include/ck/library/tensor_operation_instance/gpu/batchnorm_backward.hpp
1.4	-- Installing: /work/grodgers/git/tr-aomp/TheRock/build/ml-libs/composable_kernel/stage/include/ck/library/tensor_operation_instance/gpu/batched_gemm.hpp
1.4	-- Installing: /work/grodgers/git/tr-aomp/TheRock/build/ml-libs/composable_kernel/stage/include/ck/library/tensor_operation_instance/gpu/layernorm_bwd_data.hpp
1.4	-- Installing: /work/grodgers/git/tr-aomp/TheRock/build/ml-libs/composable_kernel/stage/include/ck/library/tensor_operation_instance/gpu/grouped_conv_bwd_weight
1.4	-- Installing: /work/grodgers/git/tr-aomp/TheRock/build/ml-libs/composable_kernel/stage/include/ck/library/tensor_operation_instance/gpu/grouped_conv_bwd_weight/device_grouped_conv_bwd_weight_wmma_instance.hpp
1.4	-- Installing: /work/grodgers/git/tr-aomp/TheRock/build/ml-libs/composable_kernel/stage/include/ck/library/tensor_operation_instance/gpu/grouped_conv_bwd_weight/device_grouped_conv_bwd_weight_xdl_bilinear_instance.hpp
1.4	-- Installing: /work/grodgers/git/tr-aomp/TheRock/build/ml-libs/composable_kernel/stage/include/ck/library/tensor_operation_instance/gpu/grouped_conv_bwd_weight/device_grouped_conv_bwd_weight_dl_instance.hpp
1.4	-- Installing: /work/grodgers/git/tr-aomp/TheRock/build/ml-libs/composable_kernel/stage/include/ck/library/tensor_operation_instance/gpu/grouped_conv_bwd_weight/device_grouped_conv_bwd_weight_xdl_instance.hpp
1.4	-- Installing: /work/grodgers/git/tr-aomp/TheRock/build/ml-libs/composable_kernel/stage/include/ck/library/tensor_operation_instance/gpu/grouped_conv_bwd_weight/device_grouped_conv_bwd_weight_two_stage_xdl_instance.hpp
1.4	-- Installing: /work/grodgers/git/tr-aomp/TheRock/build/ml-libs/composable_kernel/stage/include/ck/library/tensor_operation_instance/gpu/grouped_conv_bwd_weight/device_grouped_conv_bwd_weight_v3_xdl_instance.hpp
1.4	-- Installing: /work/grodgers/git/tr-aomp/TheRock/build/ml-libs/composable_kernel/stage/include/ck/library/tensor_operation_instance/gpu/grouped_conv_bwd_weight/device_grouped_conv_bwd_weight_xdl_scale_instance.hpp
1.4	-- Installing: /work/grodgers/git/tr-aomp/TheRock/build/ml-libs/composable_kernel/stage/include/ck/library/tensor_operation_instance/gpu/grouped_conv_bwd_weight/device_exp_gemm_xdl_universal_km_kn_mn_instance.hpp
1.4	-- Installing: /work/grodgers/git/tr-aomp/TheRock/build/ml-libs/composable_kernel/stage/include/ck/library/tensor_operation_instance/gpu/gemm_universal_reduce.hpp
1.4	-- Installing: /work/grodgers/git/tr-aomp/TheRock/build/ml-libs/composable_kernel/stage/include/ck/library/tensor_operation_instance/gpu/avg_pool2d_bwd.hpp
1.4	-- Installing: /work/grodgers/git/tr-aomp/TheRock/build/ml-libs/composable_kernel/stage/include/ck/library/tensor_operation_instance/gpu/batchnorm_infer.hpp
1.4	-- Installing: /work/grodgers/git/tr-aomp/TheRock/build/ml-libs/composable_kernel/stage/include/ck/library/tensor_operation_instance/gpu/grouped_convolution_forward.hpp
1.4	-- Installing: /work/grodgers/git/tr-aomp/TheRock/build/ml-libs/composable_kernel/stage/include/ck/library/tensor_operation_instance/gpu/batched_gemm_b_scale.hpp
1.4	-- Installing: /work/grodgers/git/tr-aomp/TheRock/build/ml-libs/composable_kernel/stage/include/ck/library/tensor_operation_instance/gpu/grouped_convolution_backward_data_scale.hpp
1.4	-- Installing: /work/grodgers/git/tr-aomp/TheRock/build/ml-libs/composable_kernel/stage/include/ck/library/tensor_operation_instance/gpu/grouped_conv_bwd_data
1.4	-- Installing: /work/grodgers/git/tr-aomp/TheRock/build/ml-libs/composable_kernel/stage/include/ck/library/tensor_operation_instance/gpu/grouped_conv_bwd_data/device_grouped_conv_bwd_data_wmma_f16_instance.hpp
1.4	-- Installing: /work/grodgers/git/tr-aomp/TheRock/build/ml-libs/composable_kernel/stage/include/ck/library/tensor_operation_instance/gpu/grouped_conv_bwd_data/device_grouped_conv_bwd_data_xdl_scale_instance.hpp
1.4	-- Installing: /work/grodgers/git/tr-aomp/TheRock/build/ml-libs/composable_kernel/stage/include/ck/library/tensor_operation_instance/gpu/grouped_conv_bwd_data/device_grouped_conv_bwd_data_xdl_bilinear_instance.hpp
1.4	-- Installing: /work/grodgers/git/tr-aomp/TheRock/build/ml-libs/composable_kernel/stage/include/ck/library/tensor_operation_instance/gpu/grouped_conv_bwd_data/device_grouped_conv_bwd_data_xdl_instance.hpp
1.4	-- Installing: /work/grodgers/git/tr-aomp/TheRock/build/ml-libs/composable_kernel/stage/include/ck/library/tensor_operation_instance/gpu/grouped_conv_bwd_data/device_grouped_conv_bwd_data_wmma_i8_instance.hpp
1.4	-- Installing: /work/grodgers/git/tr-aomp/TheRock/build/ml-libs/composable_kernel/stage/include/ck/library/tensor_operation_instance/gpu/grouped_conv_bwd_data/device_grouped_conv_bwd_data_transpose_xdl_instance.hpp
1.4	-- Installing: /work/grodgers/git/tr-aomp/TheRock/build/ml-libs/composable_kernel/stage/include/ck/library/tensor_operation_instance/gpu/normalization_fwd_swish.hpp
1.4	-- Installing: /work/grodgers/git/tr-aomp/TheRock/build/ml-libs/composable_kernel/stage/include/ck/library/tensor_operation_instance/gpu/grouped_convolution_forward_mem_intra_xdl.inc
1.4	-- Installing: /work/grodgers/git/tr-aomp/TheRock/build/ml-libs/composable_kernel/stage/include/ck/library/tensor_operation_instance/gpu/gemm_streamk.hpp
1.4	-- Installing: /work/grodgers/git/tr-aomp/TheRock/build/ml-libs/composable_kernel/stage/include/ck/library/tensor_operation_instance/gpu/batchnorm_forward.hpp
1.4	-- Installing: /work/grodgers/git/tr-aomp/TheRock/build/ml-libs/composable_kernel/stage/include/ck/library/tensor_operation_instance/gpu/grouped_convolution_backward_data.hpp
1.4	-- Installing: /work/grodgers/git/tr-aomp/TheRock/build/ml-libs/composable_kernel/stage/include/ck/library/tensor_operation_instance/gpu/gemm.hpp
1.4	-- Installing: /work/grodgers/git/tr-aomp/TheRock/build/ml-libs/composable_kernel/stage/include/ck/library/tensor_operation_instance/gpu/permute_scale
1.4	-- Installing: /work/grodgers/git/tr-aomp/TheRock/build/ml-libs/composable_kernel/stage/include/ck/library/tensor_operation_instance/gpu/permute_scale/device_permute_scale_instances.hpp
1.4	-- Installing: /work/grodgers/git/tr-aomp/TheRock/build/ml-libs/composable_kernel/stage/include/ck/library/tensor_operation_instance/gpu/elementwise_normalization.hpp
1.4	-- Installing: /work/grodgers/git/tr-aomp/TheRock/build/ml-libs/composable_kernel/stage/include/ck/library/tensor_operation_instance/gpu/gemm_multiply_multiply.hpp
1.4	-- Installing: /work/grodgers/git/tr-aomp/TheRock/build/ml-libs/composable_kernel/stage/include/ck/library/tensor_operation_instance/gpu/gemm_ab_scale.hpp
1.4	-- Installing: /work/grodgers/git/tr-aomp/TheRock/build/ml-libs/composable_kernel/stage/include/ck/library/tensor_operation_instance/gpu/contraction_bilinear.hpp
1.4	-- Installing: /work/grodgers/git/tr-aomp/TheRock/build/ml-libs/composable_kernel/stage/include/ck/library/tensor_operation_instance/gpu/gemm_multiply_add.hpp
1.4	-- Installing: /work/grodgers/git/tr-aomp/TheRock/build/ml-libs/composable_kernel/stage/include/ck/library/tensor_operation_instance/gpu/grouped_convolution_backward_weight_wmma.inc
1.4	-- Installing: /work/grodgers/git/tr-aomp/TheRock/build/ml-libs/composable_kernel/stage/include/ck/library/tensor_operation_instance/gpu/permute_scale.hpp
1.4	-- Installing: /work/grodgers/git/tr-aomp/TheRock/build/ml-libs/composable_kernel/stage/include/ck/library/tensor_operation_instance/gpu/grouped_convolution_forward_comp_xdl.inc
1.4	-- Installing: /work/grodgers/git/tr-aomp/TheRock/build/ml-libs/composable_kernel/stage/include/ck/library/tensor_operation_instance/gpu/gemm_universal_streamk.hpp
1.4	-- Installing: /work/grodgers/git/tr-aomp/TheRock/build/ml-libs/composable_kernel/stage/include/ck/library/tensor_operation_instance/gpu/softmax
1.4	-- Installing: /work/grodgers/git/tr-aomp/TheRock/build/ml-libs/composable_kernel/stage/include/ck/library/tensor_operation_instance/gpu/softmax/device_softmax_f16_f16_instance_rank3_reduce3.hpp
1.4	-- Installing: /work/grodgers/git/tr-aomp/TheRock/build/ml-libs/composable_kernel/stage/include/ck/library/tensor_operation_instance/gpu/softmax/device_softmax_f16_f16_instance_type.hpp
1.4	-- Installing: /work/grodgers/git/tr-aomp/TheRock/build/ml-libs/composable_kernel/stage/include/ck/library/tensor_operation_instance/gpu/softmax/device_softmax_f16_f16_instance_rank4_reduce2.hpp
1.4	-- Installing: /work/grodgers/git/tr-aomp/TheRock/build/ml-libs/composable_kernel/stage/include/ck/library/tensor_operation_instance/gpu/softmax/device_softmax_f16_f16_instance_rank4_reduce4.hpp
1.4	-- Installing: /work/grodgers/git/tr-aomp/TheRock/build/ml-libs/composable_kernel/stage/include/ck/library/tensor_operation_instance/gpu/softmax/device_softmax_f32_f32_instance_rank3_reduce1.hpp
1.4	-- Installing: /work/grodgers/git/tr-aomp/TheRock/build/ml-libs/composable_kernel/stage/include/ck/library/tensor_operation_instance/gpu/softmax/device_softmax_f32_f32_instance_type.hpp
1.4	-- Installing: /work/grodgers/git/tr-aomp/TheRock/build/ml-libs/composable_kernel/stage/include/ck/library/tensor_operation_instance/gpu/softmax/device_softmax_f32_f32_instance_rank4_reduce3.hpp
1.4	-- Installing: /work/grodgers/git/tr-aomp/TheRock/build/ml-libs/composable_kernel/stage/include/ck/library/tensor_operation_instance/gpu/softmax/device_softmax_f16_f16_instance_rank3_reduce2.hpp
1.4	-- Installing: /work/grodgers/git/tr-aomp/TheRock/build/ml-libs/composable_kernel/stage/include/ck/library/tensor_operation_instance/gpu/softmax/device_softmax_f16_f16_instance_rank3_reduce1.hpp
1.4	-- Installing: /work/grodgers/git/tr-aomp/TheRock/build/ml-libs/composable_kernel/stage/include/ck/library/tensor_operation_instance/gpu/softmax/device_softmax_f32_f32_instance_rank4_reduce1.hpp
1.4	-- Installing: /work/grodgers/git/tr-aomp/TheRock/build/ml-libs/composable_kernel/stage/include/ck/library/tensor_operation_instance/gpu/softmax/device_softmax_f32_f32_instance_rank4_reduce2.hpp
1.4	-- Installing: /work/grodgers/git/tr-aomp/TheRock/build/ml-libs/composable_kernel/stage/include/ck/library/tensor_operation_instance/gpu/softmax/device_softmax_f32_f32_instance_rank3_reduce3.hpp
1.4	-- Installing: /work/grodgers/git/tr-aomp/TheRock/build/ml-libs/composable_kernel/stage/include/ck/library/tensor_operation_instance/gpu/softmax/device_softmax_instance.hpp
1.4	-- Installing: /work/grodgers/git/tr-aomp/TheRock/build/ml-libs/composable_kernel/stage/include/ck/library/tensor_operation_instance/gpu/softmax/device_softmax_f32_f32_instance_rank3_reduce2.hpp
1.4	-- Installing: /work/grodgers/git/tr-aomp/TheRock/build/ml-libs/composable_kernel/stage/include/ck/library/tensor_operation_instance/gpu/softmax/device_softmax_f16_f16_instance_rank4_reduce1.hpp
1.4	-- Installing: /work/grodgers/git/tr-aomp/TheRock/build/ml-libs/composable_kernel/stage/include/ck/library/tensor_operation_instance/gpu/softmax/device_softmax_f16_f16_instance_rank4_reduce3.hpp
1.4	-- Installing: /work/grodgers/git/tr-aomp/TheRock/build/ml-libs/composable_kernel/stage/include/ck/library/tensor_operation_instance/gpu/softmax/device_softmax_f32_f32_instance_rank4_reduce4.hpp
1.4	-- Installing: /work/grodgers/git/tr-aomp/TheRock/build/ml-libs/composable_kernel/stage/include/ck/library/tensor_operation_instance/gpu/gemm_add_relu_add_layernorm.hpp
1.4	-- Installing: /work/grodgers/git/tr-aomp/TheRock/build/ml-libs/composable_kernel/stage/include/ck/library/tensor_operation_instance/gpu/grouped_convolution_forward_convscale.hpp
1.4	-- Installing: /work/grodgers/git/tr-aomp/TheRock/build/ml-libs/composable_kernel/stage/include/ck/library/tensor_operation_instance/gpu/grouped_gemm_tile_loop_multiply.hpp
1.4	-- Installing: /work/grodgers/git/tr-aomp/TheRock/build/ml-libs/composable_kernel/stage/include/ck/library/tensor_operation_instance/gpu/grouped_convolution_backward_weight_scale.hpp
1.4	-- Installing: /work/grodgers/git/tr-aomp/TheRock/build/ml-libs/composable_kernel/stage/include/ck/library/tensor_operation_instance/gpu/convolution_backward_data.hpp
1.4	-- Installing: /work/grodgers/git/tr-aomp/TheRock/build/ml-libs/composable_kernel/stage/include/ck/library/tensor_operation_instance/gpu/grouped_convolution_forward_scaleadd_ab.hpp
1.4	-- Installing: /work/grodgers/git/tr-aomp/TheRock/build/ml-libs/composable_kernel/stage/include/ck/library/tensor_operation_instance/gpu/grouped_convolution_forward_bilinear.hpp
1.4	-- Installing: /work/grodgers/git/tr-aomp/TheRock/build/ml-libs/composable_kernel/stage/include/ck/library/tensor_operation_instance/gpu/conv_tensor_rearrange
1.4	-- Installing: /work/grodgers/git/tr-aomp/TheRock/build/ml-libs/composable_kernel/stage/include/ck/library/tensor_operation_instance/gpu/conv_tensor_rearrange/device_column_to_image_instance.hpp
1.4	-- Installing: /work/grodgers/git/tr-aomp/TheRock/build/ml-libs/composable_kernel/stage/include/ck/library/tensor_operation_instance/gpu/conv_tensor_rearrange/device_image_to_column_instance.hpp
1.4	-- Installing: /work/grodgers/git/tr-aomp/TheRock/build/ml-libs/composable_kernel/stage/include/ck/library/tensor_operation_instance/gpu/grouped_convolution_backward_data_xdl.inc
1.4	-- Installing: /work/grodgers/git/tr-aomp/TheRock/build/ml-libs/composable_kernel/stage/include/ck/library/tensor_operation_instance/gpu/gemm_mx.hpp
1.4	-- Installing: /work/grodgers/git/tr-aomp/TheRock/build/ml-libs/composable_kernel/stage/include/ck/library/tensor_operation_instance/gpu/device_elementwise_instance.hpp
1.4	-- Installing: /work/grodgers/git/tr-aomp/TheRock/build/ml-libs/composable_kernel/stage/include/ck/library/tensor_operation_instance/gpu/grouped_convolution_forward_dl.inc
1.4	-- Installing: /work/grodgers/git/tr-aomp/TheRock/build/ml-libs/composable_kernel/stage/include/ck/library/tensor_operation_instance/gpu/device_gemm_xdl_c_shuffle_fp8_fp8_fp8_mk_kn_mn_v1_interwave_instance.hpp
1.4	-- Installing: /work/grodgers/git/tr-aomp/TheRock/build/ml-libs/composable_kernel/stage/include/ck/library/tensor_operation_instance/gpu/grouped_convolution_forward_xdl_large_tensor.inc
1.4	-- Installing: /work/grodgers/git/tr-aomp/TheRock/build/ml-libs/composable_kernel/stage/include/ck/library/tensor_operation_instance/gpu/transpose_3d.hpp
1.4	-- Installing: /work/grodgers/git/tr-aomp/TheRock/build/ml-libs/composable_kernel/stage/include/ck/library/tensor_operation_instance/gpu/device_gemm_xdl_c_shuffle_fp8_fp8_fp8_mk_kn_mn_v1_instance.hpp
1.4	-- Installing: /work/grodgers/git/tr-aomp/TheRock/build/ml-libs/composable_kernel/stage/include/ck/library/tensor_operation_instance/gpu/grouped_convolution_forward_clamp.hpp
1.4	-- Installing: /work/grodgers/git/tr-aomp/TheRock/build/ml-libs/composable_kernel/stage/include/ck/library/tensor_operation_instance/gpu/batched_gemm_add_relu_gemm_add.hpp
1.4	-- Installing: /work/grodgers/git/tr-aomp/TheRock/build/ml-libs/composable_kernel/stage/include/ck/library/tensor_operation_instance/gpu/batched_gemm_bias_softmax_gemm_permute.hpp
1.4	-- Installing: /work/grodgers/git/tr-aomp/TheRock/build/ml-libs/composable_kernel/stage/include/ck/library/tensor_operation_instance/gpu/grouped_convolution_forward_mem_inter_xdl.inc
1.4	-- Installing: /work/grodgers/git/tr-aomp/TheRock/build/ml-libs/composable_kernel/stage/include/ck/library/tensor_operation_instance/gpu/gemm_dl.inc
1.4	-- Installing: /work/grodgers/git/tr-aomp/TheRock/build/ml-libs/composable_kernel/stage/include/ck/library/tensor_operation_instance/gpu/reduce
1.4	-- Installing: /work/grodgers/git/tr-aomp/TheRock/build/ml-libs/composable_kernel/stage/include/ck/library/tensor_operation_instance/gpu/reduce/device_reduce_instance.hpp
1.4	-- Installing: /work/grodgers/git/tr-aomp/TheRock/build/ml-libs/composable_kernel/stage/include/ck/library/tensor_operation_instance/gpu/reduce/device_reduce_instance_impl_common.hpp
1.4	-- Installing: /work/grodgers/git/tr-aomp/TheRock/build/ml-libs/composable_kernel/stage/include/ck/library/tensor_operation_instance/gpu/reduce/device_reduce_instance_blockwise_f16_f32_f16_avg.hpp
1.4	-- Installing: /work/grodgers/git/tr-aomp/TheRock/build/ml-libs/composable_kernel/stage/include/ck/library/tensor_operation_instance/gpu/reduce/device_reduce_instance_blockwise_b16_f32_b16_avg.hpp
1.4	-- Installing: /work/grodgers/git/tr-aomp/TheRock/build/ml-libs/composable_kernel/stage/include/ck/library/tensor_operation_instance/gpu/reduce/device_reduce_instance_blockwise_i8_i32_i8_avg.hpp
1.4	-- Installing: /work/grodgers/git/tr-aomp/TheRock/build/ml-libs/composable_kernel/stage/include/ck/library/tensor_operation_instance/gpu/reduce/reduce.hpp
1.4	-- Installing: /work/grodgers/git/tr-aomp/TheRock/build/ml-libs/composable_kernel/stage/include/ck/library/tensor_operation_instance/gpu/reduce/device_reduce_instance_blockwise_f32_f32_f32_max.hpp
1.4	-- Installing: /work/grodgers/git/tr-aomp/TheRock/build/ml-libs/composable_kernel/stage/include/ck/library/tensor_operation_instance/gpu/reduce/device_reduce_instance_blockwise_f64_f64_f64_avg.hpp
1.4	-- Installing: /work/grodgers/git/tr-aomp/TheRock/build/ml-libs/composable_kernel/stage/include/ck/library/tensor_operation_instance/gpu/reduce/device_reduce_instance_threadwise_f32_f32_f32_add.hpp
1.4	-- Installing: /work/grodgers/git/tr-aomp/TheRock/build/ml-libs/composable_kernel/stage/include/ck/library/tensor_operation_instance/gpu/reduce/device_reduce_instance_threadwise_b16_f32_b16_min.hpp
1.4	-- Installing: /work/grodgers/git/tr-aomp/TheRock/build/ml-libs/composable_kernel/stage/include/ck/library/tensor_operation_instance/gpu/reduce/device_reduce_instance_blockwise_f32_f32_f32_add.hpp
1.4	-- Installing: /work/grodgers/git/tr-aomp/TheRock/build/ml-libs/composable_kernel/stage/include/ck/library/tensor_operation_instance/gpu/reduce/device_reduce_instance_blockwise_f64_f64_f64_min.hpp
1.4	-- Installing: /work/grodgers/git/tr-aomp/TheRock/build/ml-libs/composable_kernel/stage/include/ck/library/tensor_operation_instance/gpu/reduce/device_reduce_instance_multiblock_atomic_add_f64_f64_f64_add.hpp
1.4	-- Installing: /work/grodgers/git/tr-aomp/TheRock/build/ml-libs/composable_kernel/stage/include/ck/library/tensor_operation_instance/gpu/reduce/device_reduce_instance_blockwise_f16_f16_f16_max.hpp
1.4	-- Installing: /work/grodgers/git/tr-aomp/TheRock/build/ml-libs/composable_kernel/stage/include/ck/library/tensor_operation_instance/gpu/reduce/device_reduce_instance_blockwise_f16_f16_f16_amax.hpp
1.4	-- Installing: /work/grodgers/git/tr-aomp/TheRock/build/ml-libs/composable_kernel/stage/include/ck/library/tensor_operation_instance/gpu/reduce/device_reduce_instance_blockwise_b16_f32_b16_amax.hpp
1.4	-- Installing: /work/grodgers/git/tr-aomp/TheRock/build/ml-libs/composable_kernel/stage/include/ck/library/tensor_operation_instance/gpu/reduce/device_reduce_instance_blockwise.hpp
1.4	-- Installing: /work/grodgers/git/tr-aomp/TheRock/build/ml-libs/composable_kernel/stage/include/ck/library/tensor_operation_instance/gpu/reduce/device_reduce_instance_multiblock_atomic_add_f64_f64_f64_avg.hpp
1.4	-- Installing: /work/grodgers/git/tr-aomp/TheRock/build/ml-libs/composable_kernel/stage/include/ck/library/tensor_operation_instance/gpu/reduce/device_reduce_instance_blockwise_f64_f64_f64_norm2.hpp
1.4	-- Installing: /work/grodgers/git/tr-aomp/TheRock/build/ml-libs/composable_kernel/stage/include/ck/library/tensor_operation_instance/gpu/reduce/device_reduce_instance_multiblock_atomic_add_f32_f32_f32_add.hpp
1.4	-- Installing: /work/grodgers/git/tr-aomp/TheRock/build/ml-libs/composable_kernel/stage/include/ck/library/tensor_operation_instance/gpu/reduce/device_reduce_instance_blockwise_b16_f32_b16_add.hpp
1.4	-- Installing: /work/grodgers/git/tr-aomp/TheRock/build/ml-libs/composable_kernel/stage/include/ck/library/tensor_operation_instance/gpu/reduce/device_reduce_instance_blockwise_f64_f64_f64_amax.hpp
1.4	-- Installing: /work/grodgers/git/tr-aomp/TheRock/build/ml-libs/composable_kernel/stage/include/ck/library/tensor_operation_instance/gpu/reduce/device_reduce_instance_threadwise_f16_f32_f16_norm2.hpp
1.4	-- Installing: /work/grodgers/git/tr-aomp/TheRock/build/ml-libs/composable_kernel/stage/include/ck/library/tensor_operation_instance/gpu/reduce/device_reduce_instance_blockwise_f16_f16_f16_min.hpp
1.4	-- Installing: /work/grodgers/git/tr-aomp/TheRock/build/ml-libs/composable_kernel/stage/include/ck/library/tensor_operation_instance/gpu/reduce/device_reduce_instance_threadwise_f64_f64_f64_norm2.hpp
1.4	-- Installing: /work/grodgers/git/tr-aomp/TheRock/build/ml-libs/composable_kernel/stage/include/ck/library/tensor_operation_instance/gpu/reduce/device_reduce_instance_threadwise_f32_f32_f32_max.hpp
1.4	-- Installing: /work/grodgers/git/tr-aomp/TheRock/build/ml-libs/composable_kernel/stage/include/ck/library/tensor_operation_instance/gpu/reduce/device_reduce_instance_threadwise_f32_f32_f32_min.hpp
1.4	-- Installing: /work/grodgers/git/tr-aomp/TheRock/build/ml-libs/composable_kernel/stage/include/ck/library/tensor_operation_instance/gpu/reduce/device_reduce_instance_threadwise_i8_i32_i8_add.hpp
1.4	-- Installing: /work/grodgers/git/tr-aomp/TheRock/build/ml-libs/composable_kernel/stage/include/ck/library/tensor_operation_instance/gpu/reduce/device_reduce_instance_blockwise_i8_i8_i8_min.hpp
1.4	-- Installing: /work/grodgers/git/tr-aomp/TheRock/build/ml-libs/composable_kernel/stage/include/ck/library/tensor_operation_instance/gpu/reduce/device_reduce_instance_threadwise_i8_i32_i8_avg.hpp
1.4	-- Installing: /work/grodgers/git/tr-aomp/TheRock/build/ml-libs/composable_kernel/stage/include/ck/library/tensor_operation_instance/gpu/reduce/device_reduce_instance_blockwise_f64_f64_f64_add.hpp
1.4	-- Installing: /work/grodgers/git/tr-aomp/TheRock/build/ml-libs/composable_kernel/stage/include/ck/library/tensor_operation_instance/gpu/reduce/device_reduce_instance_threadwise_f64_f64_f64_amax.hpp
1.4	-- Installing: /work/grodgers/git/tr-aomp/TheRock/build/ml-libs/composable_kernel/stage/include/ck/library/tensor_operation_instance/gpu/reduce/device_reduce_instance_multiblock_atomic_add_b16_f32_f32_add.hpp
1.4	-- Installing: /work/grodgers/git/tr-aomp/TheRock/build/ml-libs/composable_kernel/stage/include/ck/library/tensor_operation_instance/gpu/reduce/device_reduce_instance_multiblock_atomic_add_f16_f32_f32_avg.hpp
1.4	-- Installing: /work/grodgers/git/tr-aomp/TheRock/build/ml-libs/composable_kernel/stage/include/ck/library/tensor_operation_instance/gpu/reduce/device_reduce_instance_threadwise_f16_f16_f16_max.hpp
1.4	-- Installing: /work/grodgers/git/tr-aomp/TheRock/build/ml-libs/composable_kernel/stage/include/ck/library/tensor_operation_instance/gpu/reduce/device_reduce_instance_multiblock_atomic_add_f32_f32_f32_avg.hpp
1.4	-- Installing: /work/grodgers/git/tr-aomp/TheRock/build/ml-libs/composable_kernel/stage/include/ck/library/tensor_operation_instance/gpu/reduce/device_reduce_instance_threadwise_f16_f16_f16_amax.hpp
1.4	-- Installing: /work/grodgers/git/tr-aomp/TheRock/build/ml-libs/composable_kernel/stage/include/ck/library/tensor_operation_instance/gpu/reduce/device_reduce_instance_threadwise_b16_f32_b16_max.hpp
1.4	-- Installing: /work/grodgers/git/tr-aomp/TheRock/build/ml-libs/composable_kernel/stage/include/ck/library/tensor_operation_instance/gpu/reduce/device_reduce_instance_threadwise_f64_f64_f64_avg.hpp
1.4	-- Installing: /work/grodgers/git/tr-aomp/TheRock/build/ml-libs/composable_kernel/stage/include/ck/library/tensor_operation_instance/gpu/reduce/device_reduce_instance_threadwise_i8_i8_i8_amax.hpp
1.4	-- Installing: /work/grodgers/git/tr-aomp/TheRock/build/ml-libs/composable_kernel/stage/include/ck/library/tensor_operation_instance/gpu/reduce/device_reduce_instance_blockwise_i8_i32_i8_add.hpp
1.4	-- Installing: /work/grodgers/git/tr-aomp/TheRock/build/ml-libs/composable_kernel/stage/include/ck/library/tensor_operation_instance/gpu/reduce/device_reduce_instance_blockwise_f32_f64_f32_avg.hpp
1.4	-- Installing: /work/grodgers/git/tr-aomp/TheRock/build/ml-libs/composable_kernel/stage/include/ck/library/tensor_operation_instance/gpu/reduce/device_reduce_instance_multiblock_atomic_add_f32_f64_f32_add.hpp
1.4	-- Installing: /work/grodgers/git/tr-aomp/TheRock/build/ml-libs/composable_kernel/stage/include/ck/library/tensor_operation_instance/gpu/reduce/device_reduce_instance_blockwise_f64_f64_f64_max.hpp
1.4	-- Installing: /work/grodgers/git/tr-aomp/TheRock/build/ml-libs/composable_kernel/stage/include/ck/library/tensor_operation_instance/gpu/reduce/device_reduce_instance_threadwise_f64_f64_f64_min.hpp
1.4	-- Installing: /work/grodgers/git/tr-aomp/TheRock/build/ml-libs/composable_kernel/stage/include/ck/library/tensor_operation_instance/gpu/reduce/device_reduce_instance_threadwise_f32_f64_f32_norm2.hpp
1.4	-- Installing: /work/grodgers/git/tr-aomp/TheRock/build/ml-libs/composable_kernel/stage/include/ck/library/tensor_operation_instance/gpu/reduce/device_reduce_instance_blockwise_f32_f64_f32_add.hpp
1.4	-- Installing: /work/grodgers/git/tr-aomp/TheRock/build/ml-libs/composable_kernel/stage/include/ck/library/tensor_operation_instance/gpu/reduce/device_reduce_instance_threadwise.hpp
1.4	-- Installing: /work/grodgers/git/tr-aomp/TheRock/build/ml-libs/composable_kernel/stage/include/ck/library/tensor_operation_instance/gpu/reduce/device_reduce_instance_threadwise_i8_i8_i8_max.hpp
1.4	-- Installing: /work/grodgers/git/tr-aomp/TheRock/build/ml-libs/composable_kernel/stage/include/ck/library/tensor_operation_instance/gpu/reduce/device_reduce_instance_blockwise_f32_f32_f32_avg.hpp
1.4	-- Installing: /work/grodgers/git/tr-aomp/TheRock/build/ml-libs/composable_kernel/stage/include/ck/library/tensor_operation_instance/gpu/reduce/device_reduce_instance_blockwise_f32_f32_f32_min.hpp
1.4	-- Installing: /work/grodgers/git/tr-aomp/TheRock/build/ml-libs/composable_kernel/stage/include/ck/library/tensor_operation_instance/gpu/reduce/device_reduce_instance_threadwise_b16_f32_b16_add.hpp
1.4	-- Installing: /work/grodgers/git/tr-aomp/TheRock/build/ml-libs/composable_kernel/stage/include/ck/library/tensor_operation_instance/gpu/reduce/device_reduce_instance_multiblock_atomic_add_f16_f32_f32_add.hpp
1.4	-- Installing: /work/grodgers/git/tr-aomp/TheRock/build/ml-libs/composable_kernel/stage/include/ck/library/tensor_operation_instance/gpu/reduce/device_reduce_instance_threadwise_f32_f32_f32_norm2.hpp
1.4	-- Installing: /work/grodgers/git/tr-aomp/TheRock/build/ml-libs/composable_kernel/stage/include/ck/library/tensor_operation_instance/gpu/reduce/device_reduce_instance_threadwise_f32_f32_f32_amax.hpp
1.4	-- Installing: /work/grodgers/git/tr-aomp/TheRock/build/ml-libs/composable_kernel/stage/include/ck/library/tensor_operation_instance/gpu/reduce/device_reduce_instance_blockwise_i8_i8_i8_max.hpp
1.4	-- Installing: /work/grodgers/git/tr-aomp/TheRock/build/ml-libs/composable_kernel/stage/include/ck/library/tensor_operation_instance/gpu/reduce/device_reduce_instance_multiblock_atomic_add_b16_f32_f32_avg.hpp
1.4	-- Installing: /work/grodgers/git/tr-aomp/TheRock/build/ml-libs/composable_kernel/stage/include/ck/library/tensor_operation_instance/gpu/reduce/device_reduce_instance_threadwise_f16_f16_f16_min.hpp
1.4	-- Installing: /work/grodgers/git/tr-aomp/TheRock/build/ml-libs/composable_kernel/stage/include/ck/library/tensor_operation_instance/gpu/reduce/device_reduce_instance_blockwise_b16_f32_b16_max.hpp
1.4	-- Installing: /work/grodgers/git/tr-aomp/TheRock/build/ml-libs/composable_kernel/stage/include/ck/library/tensor_operation_instance/gpu/reduce/device_reduce_instance_threadwise_f64_f64_f64_max.hpp
1.4	-- Installing: /work/grodgers/git/tr-aomp/TheRock/build/ml-libs/composable_kernel/stage/include/ck/library/tensor_operation_instance/gpu/reduce/device_reduce_instance_threadwise_f64_f64_f64_add.hpp
1.4	-- Installing: /work/grodgers/git/tr-aomp/TheRock/build/ml-libs/composable_kernel/stage/include/ck/library/tensor_operation_instance/gpu/reduce/device_reduce_instance_threadwise_b16_f32_b16_norm2.hpp
1.4	-- Installing: /work/grodgers/git/tr-aomp/TheRock/build/ml-libs/composable_kernel/stage/include/ck/library/tensor_operation_instance/gpu/reduce/device_reduce_instance_multiblock_atomic_add_f32_f64_f32_avg.hpp
1.4	-- Installing: /work/grodgers/git/tr-aomp/TheRock/build/ml-libs/composable_kernel/stage/include/ck/library/tensor_operation_instance/gpu/reduce/device_reduce_instance_threadwise_b16_f32_b16_amax.hpp
1.4	-- Installing: /work/grodgers/git/tr-aomp/TheRock/build/ml-libs/composable_kernel/stage/include/ck/library/tensor_operation_instance/gpu/reduce/device_reduce_instance_blockwise_f32_f64_f32_norm2.hpp
1.4	-- Installing: /work/grodgers/git/tr-aomp/TheRock/build/ml-libs/composable_kernel/stage/include/ck/library/tensor_operation_instance/gpu/reduce/device_reduce_instance_threadwise_f16_f32_f16_add.hpp
1.4	-- Installing: /work/grodgers/git/tr-aomp/TheRock/build/ml-libs/composable_kernel/stage/include/ck/library/tensor_operation_instance/gpu/reduce/device_reduce_instance_blockwise_i8_i8_i8_amax.hpp
1.4	-- Installing: /work/grodgers/git/tr-aomp/TheRock/build/ml-libs/composable_kernel/stage/include/ck/library/tensor_operation_instance/gpu/reduce/device_reduce_instance_threadwise_f32_f64_f32_add.hpp
1.4	-- Installing: /work/grodgers/git/tr-aomp/TheRock/build/ml-libs/composable_kernel/stage/include/ck/library/tensor_operation_instance/gpu/reduce/device_reduce_instance_threadwise_f32_f32_f32_avg.hpp
1.4	-- Installing: /work/grodgers/git/tr-aomp/TheRock/build/ml-libs/composable_kernel/stage/include/ck/library/tensor_operation_instance/gpu/reduce/device_reduce_instance_blockwise_f16_f32_f16_norm2.hpp
1.4	-- Installing: /work/grodgers/git/tr-aomp/TheRock/build/ml-libs/composable_kernel/stage/include/ck/library/tensor_operation_instance/gpu/reduce/device_reduce_instance_threadwise_i8_i8_i8_min.hpp
1.4	-- Installing: /work/grodgers/git/tr-aomp/TheRock/build/ml-libs/composable_kernel/stage/include/ck/library/tensor_operation_instance/gpu/reduce/device_reduce_instance_threadwise_f32_f64_f32_avg.hpp
1.4	-- Installing: /work/grodgers/git/tr-aomp/TheRock/build/ml-libs/composable_kernel/stage/include/ck/library/tensor_operation_instance/gpu/reduce/device_reduce_instance_blockwise_b16_f32_b16_norm2.hpp
1.4	-- Installing: /work/grodgers/git/tr-aomp/TheRock/build/ml-libs/composable_kernel/stage/include/ck/library/tensor_operation_instance/gpu/reduce/device_reduce_instance_blockwise_f16_f32_f16_add.hpp
1.4	-- Installing: /work/grodgers/git/tr-aomp/TheRock/build/ml-libs/composable_kernel/stage/include/ck/library/tensor_operation_instance/gpu/reduce/device_reduce_instance_blockwise_f32_f32_f32_amax.hpp
1.4	-- Installing: /work/grodgers/git/tr-aomp/TheRock/build/ml-libs/composable_kernel/stage/include/ck/library/tensor_operation_instance/gpu/reduce/device_reduce_instance_blockwise_f32_f32_f32_norm2.hpp
1.4	-- Installing: /work/grodgers/git/tr-aomp/TheRock/build/ml-libs/composable_kernel/stage/include/ck/library/tensor_operation_instance/gpu/reduce/device_reduce_instance_multiblock_atomic_add.hpp
1.4	-- Installing: /work/grodgers/git/tr-aomp/TheRock/build/ml-libs/composable_kernel/stage/include/ck/library/tensor_operation_instance/gpu/reduce/device_reduce_instance_threadwise_b16_f32_b16_avg.hpp
1.4	-- Installing: /work/grodgers/git/tr-aomp/TheRock/build/ml-libs/composable_kernel/stage/include/ck/library/tensor_operation_instance/gpu/reduce/device_reduce_instance_threadwise_f16_f32_f16_avg.hpp
1.4	-- Installing: /work/grodgers/git/tr-aomp/TheRock/build/ml-libs/composable_kernel/stage/include/ck/library/tensor_operation_instance/gpu/reduce/device_reduce_instance_blockwise_b16_f32_b16_min.hpp
1.4	-- Installing: /work/grodgers/git/tr-aomp/TheRock/build/ml-libs/composable_kernel/stage/include/ck/library/tensor_operation_instance/gpu/grouped_convolution_forward_convinvscale.hpp
1.4	-- Installing: /work/grodgers/git/tr-aomp/TheRock/build/ml-libs/composable_kernel/stage/include/ck/library/tensor_operation_instance/gpu/device_gemm_mean_squaremean_instance.hpp
1.4	-- Installing: /work/grodgers/git/tr-aomp/TheRock/build/ml-libs/composable_kernel/stage/include/ck/library/tensor_operation_instance/gpu/gemm_multi_abd.hpp
1.4	-- Installing: /work/grodgers/git/tr-aomp/TheRock/build/ml-libs/composable_kernel/stage/include/ck/library/tensor_operation_instance/gpu/pool3d_fwd.hpp
1.4	-- Installing: /work/grodgers/git/tr-aomp/TheRock/build/ml-libs/composable_kernel/stage/include/ck/library/tensor_operation_instance/gpu/gemm_add_relu.hpp
1.4	-- Installing: /work/grodgers/git/tr-aomp/TheRock/build/ml-libs/composable_kernel/stage/include/ck/library/tensor_operation_instance/gpu/grouped_convolution_backward_weight_explicit_xdl.inc
1.4	-- Installing: /work/grodgers/git/tr-aomp/TheRock/build/ml-libs/composable_kernel/stage/include/ck/library/tensor_operation_instance/add_grouped_conv_bwd_wei_exp_device_operation_instance.hpp
1.4	-- Installing: /work/grodgers/git/tr-aomp/TheRock/build/ml-libs/composable_kernel/stage/include/ck/library/tensor_operation_instance/add_device_operation_instance.hpp
1.4	-- Installing: /work/grodgers/git/tr-aomp/TheRock/build/ml-libs/composable_kernel/stage/lib/libutility.a
1.4	-- Installing: /work/grodgers/git/tr-aomp/TheRock/build/ml-libs/composable_kernel/stage/lib/cmake/composable_kernel/composable_kernelutilityTargets.cmake
1.4	-- Installing: /work/grodgers/git/tr-aomp/TheRock/build/ml-libs/composable_kernel/stage/lib/cmake/composable_kernel/composable_kernelutilityTargets-release.cmake
1.4	-- Installing: /work/grodgers/git/tr-aomp/TheRock/build/ml-libs/composable_kernel/stage/lib/cmake/composable_kernel/composable_kernelConfig.cmake
1.4	-- Installing: /work/grodgers/git/tr-aomp/TheRock/build/ml-libs/composable_kernel/stage/lib/cmake/composable_kernel/composable_kernelConfigVersion.cmake
1.4	-- Installing: /work/grodgers/git/tr-aomp/TheRock/build/ml-libs/composable_kernel/stage/include/ck/version.h
1.4	-- Installing: /work/grodgers/git/tr-aomp/TheRock/build/ml-libs/composable_kernel/stage/include/ck/config.h
1.4	-- Installing: /work/grodgers/git/tr-aomp/TheRock/build/ml-libs/composable_kernel/stage/share/doc/composablekernel/LICENSE
END	1757697776.3771484	1.4480969905853271	0
