BEGIN	1757697404.8670223
EXEC	/work1/grodgers/git/tr-aomp/TheRock/build/math-libs/BLAS/hipBLASLt/build	/usr/bin/cmake --install /work/grodgers/git/tr-aomp/TheRock/build/math-libs/BLAS/hipBLASLt/build
0.0	-- Install configuration: "Release"
0.0	-- Installing: /work/grodgers/git/tr-aomp/TheRock/build/math-libs/BLAS/hipBLASLt/stage/include/hipblaslt/hipblaslt.h
0.0	-- Installing: /work/grodgers/git/tr-aomp/TheRock/build/math-libs/BLAS/hipBLASLt/stage/include/hipblaslt/hipblaslt-export.h
0.0	-- Installing: /work/grodgers/git/tr-aomp/TheRock/build/math-libs/BLAS/hipBLASLt/stage/include/hipblaslt/hipblaslt_float8.h
0.0	-- Installing: /work/grodgers/git/tr-aomp/TheRock/build/math-libs/BLAS/hipBLASLt/stage/include/hipblaslt/hipblaslt-ext.hpp
0.0	-- Installing: /work/grodgers/git/tr-aomp/TheRock/build/math-libs/BLAS/hipBLASLt/stage/include/hipblaslt/hipblaslt-ext-op.h
0.0	-- Installing: /work/grodgers/git/tr-aomp/TheRock/build/math-libs/BLAS/hipBLASLt/stage/include/hipblaslt/hipblaslt-types.h
0.0	-- Installing: /work/grodgers/git/tr-aomp/TheRock/build/math-libs/BLAS/hipBLASLt/stage/include/hipblaslt/hipblaslt-version.h
0.0	-- Installing: /work/grodgers/git/tr-aomp/TheRock/build/math-libs/BLAS/hipBLASLt/stage/include/hipblaslt-export.h
0.0	-- Installing: /work/grodgers/git/tr-aomp/TheRock/build/math-libs/BLAS/hipBLASLt/stage/include/hipblaslt-version.h
0.0	-- Installing: /work/grodgers/git/tr-aomp/TheRock/build/math-libs/BLAS/hipBLASLt/stage/lib/libhipblaslt.so.1.1
0.0	-- Installing: /work/grodgers/git/tr-aomp/TheRock/build/math-libs/BLAS/hipBLASLt/stage/lib/libhipblaslt.so.1
0.0	-- Set non-toolchain portion of runtime path of "/work/grodgers/git/tr-aomp/TheRock/build/math-libs/BLAS/hipBLASLt/stage/lib/libhipblaslt.so.1.1" to "$ORIGIN/rocm_sysdeps/lib:$ORIGIN/llvm/lib:$ORIGIN:$ORIGIN/host-math/lib"
0.0	-- Installing: /work/grodgers/git/tr-aomp/TheRock/build/math-libs/BLAS/hipBLASLt/stage/lib/libhipblaslt.so
0.0	-- Installing: /work/grodgers/git/tr-aomp/TheRock/build/math-libs/BLAS/hipBLASLt/stage/lib/cmake/hipblaslt/hipblaslt-targets.cmake
0.0	-- Installing: /work/grodgers/git/tr-aomp/TheRock/build/math-libs/BLAS/hipBLASLt/stage/lib/cmake/hipblaslt/hipblaslt-targets-release.cmake
0.0	-- Installing: /work/grodgers/git/tr-aomp/TheRock/build/math-libs/BLAS/hipBLASLt/stage/lib/cmake/hipblaslt/hipblaslt-config.cmake
0.0	-- Installing: /work/grodgers/git/tr-aomp/TheRock/build/math-libs/BLAS/hipBLASLt/stage/lib/cmake/hipblaslt/hipblaslt-config-version.cmake
0.0	-- Installing: /work/grodgers/git/tr-aomp/TheRock/build/math-libs/BLAS/hipBLASLt/stage/lib/hipblaslt/library
0.0	-- Installing: /work/grodgers/git/tr-aomp/TheRock/build/math-libs/BLAS/hipBLASLt/stage/lib/hipblaslt/library/TensileLibrary_HH_HH_GG_UA_Type_HH_HPA_Contraction_l_Ailk_Bjlk_Cijk_Dijk_gfx908.co
0.0	-- Installing: /work/grodgers/git/tr-aomp/TheRock/build/math-libs/BLAS/hipBLASLt/stage/lib/hipblaslt/library/TensileLibrary_HH_SH_HA_Bias_SAV_UA_Type_HS_HPA_ExperimentalStreamK_Contraction_l_Ailk_Bljk_Cijk_Dijk_CU228_gfx942.co
0.0	-- Installing: /work/grodgers/git/tr-aomp/TheRock/build/math-libs/BLAS/hipBLASLt/stage/lib/hipblaslt/library/TensileLibrary_HH_HF8N_HA_Bias_SAV_UA_Type_HH_HPA_Contraction_l_Alik_Bjlk_Cijk_Dijk_gfx942.co
0.0	-- Installing: /work/grodgers/git/tr-aomp/TheRock/build/math-libs/BLAS/hipBLASLt/stage/lib/hipblaslt/library/TensileLibrary_B8NB8N_BB8N_HA_Bias_SAV_UA_Type_B8NB_HPA_ExperimentalStreamK_Contraction_l_Ailk_Bljk_Cijk_Dijk_CU228_gfx942.dat
0.0	-- Installing: /work/grodgers/git/tr-aomp/TheRock/build/math-libs/BLAS/hipBLASLt/stage/lib/hipblaslt/library/TensileLibrary_HH_SH_GG_UA_Type_HS_HPA_Contraction_l_Ailk_Bjlk_Cijk_Dijk_gfx908.dat
0.0	-- Installing: /work/grodgers/git/tr-aomp/TheRock/build/math-libs/BLAS/hipBLASLt/stage/lib/hipblaslt/library/TensileLibrary_F8NF8N_HF8N_HA_Bias_GG_SAV_UA_Type_F8NH_HPA_Contraction_l_Alik_Bljk_Cijk_Dijk_gfx942.dat
0.0	-- Installing: /work/grodgers/git/tr-aomp/TheRock/build/math-libs/BLAS/hipBLASLt/stage/lib/hipblaslt/library/TensileLibrary_B8NB8N_HB8N_HA_Bias_SAB_SAV_UA_Type_B8NH_HPA_Contraction_l_Alik_Bjlk_Cijk_Dijk_gfx942.co
0.0	-- Installing: /work/grodgers/git/tr-aomp/TheRock/build/math-libs/BLAS/hipBLASLt/stage/lib/hipblaslt/library/TensileLibrary_BB_BB_HA_Bias_SAV_Type_BB_HPA_Contraction_l_Alik_Bjlk_Cijk_Dijk_CU104_gfx90a.co
0.0	-- Installing: /work/grodgers/git/tr-aomp/TheRock/build/math-libs/BLAS/hipBLASLt/stage/lib/hipblaslt/library/TensileLibrary_BB_BB_UA_Type_BB_HPA_Contraction_l_Alik_Bljk_Cijk_Dijk_gfx90a.dat
0.0	-- Installing: /work/grodgers/git/tr-aomp/TheRock/build/math-libs/BLAS/hipBLASLt/stage/lib/hipblaslt/library/TensileLibrary_HH_HH_HA_Bias_SAV_UA_Type_HH_HPA_ExperimentalStreamK_Contraction_l_Ailk_Bljk_Cijk_Dijk_gfx942.dat
0.0	-- Installing: /work/grodgers/git/tr-aomp/TheRock/build/math-libs/BLAS/hipBLASLt/stage/lib/hipblaslt/library/TensileLibrary_F8NF8N_HF8N_UA_Type_F8NH_HPA_Contraction_l_Ailk_Bjlk_Cijk_Dijk_gfx942.co
0.0	-- Installing: /work/grodgers/git/tr-aomp/TheRock/build/math-libs/BLAS/hipBLASLt/stage/lib/hipblaslt/library/TensileLibrary_B8NB8N_B8NB8N_HA_Bias_SAB_SCD_SAV_UA_Type_B8NB8N_HPA_Contraction_l_Alik_Bljk_Cijk_Dijk_gfx942.dat
0.1	-- Installing: /work/grodgers/git/tr-aomp/TheRock/build/math-libs/BLAS/hipBLASLt/stage/lib/hipblaslt/library/TensileLibrary_BB_BB_HA_Bias_SAV_UA_Type_BB_HPA_Contraction_l_Ailk_Bljk_Cijk_Dijk_CU80_gfx942.co
0.1	-- Installing: /work/grodgers/git/tr-aomp/TheRock/build/math-libs/BLAS/hipBLASLt/stage/lib/hipblaslt/library/TensileLibrary_F8NB8N_BF8B8N_UA_Type_F8NB_HPA_Contraction_l_Alik_Bljk_Cijk_Dijk_gfx942.dat
0.1	-- Installing: /work/grodgers/git/tr-aomp/TheRock/build/math-libs/BLAS/hipBLASLt/stage/lib/hipblaslt/library/TensileLibrary_I8I8_I8I8_HA_SAV_UA_Type_I8I8_HPA_Contraction_l_Alik_Bljk_Cijk_Dijk_gfx942.co
0.1	-- Installing: /work/grodgers/git/tr-aomp/TheRock/build/math-libs/BLAS/hipBLASLt/stage/lib/hipblaslt/library/TensileLibrary_HH_HB_HA_Bias_SAV_UA_Type_HH_HPA_Contraction_l_Alik_Bljk_Cijk_Dijk_gfx90a.co
0.1	-- Installing: /work/grodgers/git/tr-aomp/TheRock/build/math-libs/BLAS/hipBLASLt/stage/lib/hipblaslt/library/TensileLibrary_HH_HF8N_HA_Bias_SAV_UA_Type_HH_HPA_Contraction_l_Ailk_Bljk_Cijk_Dijk_gfx942.dat
0.1	-- Installing: /work/grodgers/git/tr-aomp/TheRock/build/math-libs/BLAS/hipBLASLt/stage/lib/hipblaslt/library/TensileLibrary_HF8N_HH_HA_Bias_SAB_SAV_UA_Type_HH_HPA_Contraction_l_Alik_Bljk_Cijk_Dijk_gfx942.co
0.1	-- Installing: /work/grodgers/git/tr-aomp/TheRock/build/math-libs/BLAS/hipBLASLt/stage/lib/hipblaslt/library/TensileLibrary_I8I8_I8I8_HA_SAV_UA_Type_I8I8_HPA_Contraction_l_Alik_Bjlk_Cijk_Dijk_gfx942.dat
0.1	-- Installing: /work/grodgers/git/tr-aomp/TheRock/build/math-libs/BLAS/hipBLASLt/stage/lib/hipblaslt/library/TensileLibrary_BB_BB_UA_Type_BB_HPA_ExperimentalStreamK_Contraction_l_Alik_Bjlk_Cijk_Dijk_CU80_gfx942.co
0.1	-- Installing: /work/grodgers/git/tr-aomp/TheRock/build/math-libs/BLAS/hipBLASLt/stage/lib/hipblaslt/library/TensileLibrary_I8I8_II8_HA_SAV_UA_Type_I8I_HPA_Contraction_l_Alik_Bjlk_Cijk_Dijk_gfx90a.co
0.1	-- Installing: /work/grodgers/git/tr-aomp/TheRock/build/math-libs/BLAS/hipBLASLt/stage/lib/hipblaslt/library/TensileLibrary_SS_SS_HA_Bias_SAV_MX_UA_Type_SS_Contraction_l_Alik_Bjlk_Cijk_Dijk_CU80_gfx942.dat
0.1	-- Installing: /work/grodgers/git/tr-aomp/TheRock/build/math-libs/BLAS/hipBLASLt/stage/lib/hipblaslt/library/TensileLibrary_SS_SS_HA_Bias_SAV_UA_Type_SS_Contraction_l_Ailk_Bjlk_Cijk_Dijk_CU80_gfx942.dat
0.1	-- Installing: /work/grodgers/git/tr-aomp/TheRock/build/math-libs/BLAS/hipBLASLt/stage/lib/hipblaslt/library/TensileLibrary_F8NH_F8NH_HA_Bias_SAB_SCD_SAV_UA_Type_F8NF8N_HPA_Contraction_l_Alik_Bljk_Cijk_Dijk_gfx942.co
0.1	-- Installing: /work/grodgers/git/tr-aomp/TheRock/build/math-libs/BLAS/hipBLASLt/stage/lib/hipblaslt/library/TensileLibrary_HH_HH_HA_Bias_SAV_UA_Type_HH_HPA_ExperimentalStreamK_Contraction_l_Alik_Bjlk_Cijk_Dijk_CU228_gfx942.dat
0.1	-- Installing: /work/grodgers/git/tr-aomp/TheRock/build/math-libs/BLAS/hipBLASLt/stage/lib/hipblaslt/library/TensileLibrary_BB_BB_HA_Bias_Grad_SAV_UA_Type_BB_HPA_Contraction_l_Ailk_Bljk_Cijk_Dijk_gfx942.dat
0.1	-- Installing: /work/grodgers/git/tr-aomp/TheRock/build/math-libs/BLAS/hipBLASLt/stage/lib/hipblaslt/library/TensileLibrary_BB_BB_Bias_SAV_UA_Type_BB_HPA_Contraction_l_Ailk_Bjlk_Cijk_Dijk_gfx942.dat
0.1	-- Installing: /work/grodgers/git/tr-aomp/TheRock/build/math-libs/BLAS/hipBLASLt/stage/lib/hipblaslt/library/TensileLibrary_BB_BB_UA_Type_BB_HPA_ExperimentalStreamK_Contraction_l_Ailk_Bjlk_Cijk_Dijk_CU20_gfx942.dat
0.1	-- Installing: /work/grodgers/git/tr-aomp/TheRock/build/math-libs/BLAS/hipBLASLt/stage/lib/hipblaslt/library/TensileLibrary_HH_SH_HA_Bias_SAV_UA_Type_HS_HPA_Contraction_l_Alik_Bljk_Cijk_Dijk_CU20_gfx942.dat
0.1	-- Installing: /work/grodgers/git/tr-aomp/TheRock/build/math-libs/BLAS/hipBLASLt/stage/lib/hipblaslt/library/TensileLibrary_HF8N_HH_HA_Bias_GG_SAB_SAV_UA_Type_HH_HPA_Contraction_l_Alik_Bjlk_Cijk_Dijk_gfx942.dat
0.1	-- Installing: /work/grodgers/git/tr-aomp/TheRock/build/math-libs/BLAS/hipBLASLt/stage/lib/hipblaslt/library/TensileLibrary_SS_SS_MX_UA_Type_SS_Contraction_l_Alik_Bljk_Cijk_Dijk_gfx942.co
0.1	-- Installing: /work/grodgers/git/tr-aomp/TheRock/build/math-libs/BLAS/hipBLASLt/stage/lib/hipblaslt/library/TensileLibrary_BB_BB_HA_Bias_GG_SAV_UA_Type_BB_HPA_Contraction_l_Alik_Bljk_Cijk_Dijk_gfx942.co
0.1	-- Installing: /work/grodgers/git/tr-aomp/TheRock/build/math-libs/BLAS/hipBLASLt/stage/lib/hipblaslt/library/TensileLibrary_BB_BB_HA_Bias_Aux_SAV_UA_Type_BB_HPA_Contraction_l_Ailk_Bljk_Cijk_Dijk_gfx942.dat
0.1	-- Installing: /work/grodgers/git/tr-aomp/TheRock/build/math-libs/BLAS/hipBLASLt/stage/lib/hipblaslt/library/TensileLibrary_HH_SH_GG_UA_Type_HS_HPA_Contraction_l_Ailk_Bljk_Cijk_Dijk_gfx908.co
0.1	-- Installing: /work/grodgers/git/tr-aomp/TheRock/build/math-libs/BLAS/hipBLASLt/stage/lib/hipblaslt/library/TensileLibrary_I8I8_I8I8_UA_Type_I8I8_HPA_ExperimentalStreamK_Contraction_l_Alik_Bljk_Cijk_Dijk_CU20_gfx942.dat
0.1	-- Installing: /work/grodgers/git/tr-aomp/TheRock/build/math-libs/BLAS/hipBLASLt/stage/lib/hipblaslt/library/TensileLibrary_F8NF8N_HF8N_HA_Bias_SAB_SAV_UA_Type_F8NH_HPA_Contraction_l_Ailk_Bjlk_Cijk_Dijk_gfx942.dat
0.1	-- Installing: /work/grodgers/git/tr-aomp/TheRock/build/math-libs/BLAS/hipBLASLt/stage/lib/hipblaslt/library/TensileLibrary_BB_BB_HA_Bias_SAV_UA_Type_BB_HPA_Contraction_l_Alik_Bljk_Cijk_Dijk_CU64_gfx942.dat
0.1	-- Installing: /work/grodgers/git/tr-aomp/TheRock/build/math-libs/BLAS/hipBLASLt/stage/lib/hipblaslt/library/TensileLibrary_I8I8_II8_UA_Type_I8I_HPA_Contraction_l_Ailk_Bljk_Cijk_Dijk_gfx90a.co
0.1	-- Installing: /work/grodgers/git/tr-aomp/TheRock/build/math-libs/BLAS/hipBLASLt/stage/lib/hipblaslt/library/TensileLibrary_SS_SS_UA_Type_SS_ExperimentalStreamK_Contraction_l_Ailk_Bljk_Cijk_Dijk_CU38_gfx942.dat
0.1	-- Installing: /work/grodgers/git/tr-aomp/TheRock/build/math-libs/BLAS/hipBLASLt/stage/lib/hipblaslt/library/TensileLibrary_BB_SB_UA_Type_BS_HPA_ExperimentalStreamK_Contraction_l_Alik_Bljk_Cijk_Dijk_CU38_gfx942.co
0.1	-- Installing: /work/grodgers/git/tr-aomp/TheRock/build/math-libs/BLAS/hipBLASLt/stage/lib/hipblaslt/library/TensileLibrary_F8NH_SH_HA_Bias_SAB_SAV_UA_Type_F8NS_HPA_Contraction_l_Ailk_Bjlk_Cijk_Dijk_gfx942.dat
0.1	-- Installing: /work/grodgers/git/tr-aomp/TheRock/build/math-libs/BLAS/hipBLASLt/stage/lib/hipblaslt/library/TensileLibrary_HH_HH_HA_Bias_Grad_SAV_Type_HH_HPA_Contraction_l_Ailk_Bljk_Cijk_Dijk_gfx90a.dat
0.1	-- Installing: /work/grodgers/git/tr-aomp/TheRock/build/math-libs/BLAS/hipBLASLt/stage/lib/hipblaslt/library/TensileLibrary_I8I8_II8_UA_Type_I8I_HPA_ExperimentalStreamK_Contraction_l_Alik_Bljk_Cijk_Dijk_gfx942.co
0.1	-- Installing: /work/grodgers/git/tr-aomp/TheRock/build/math-libs/BLAS/hipBLASLt/stage/lib/hipblaslt/library/TensileLibrary_BB_BB_HA_STA_Bias_SAV_UA_Type_BB_HPA_Contraction_l_Alik_Bljk_Cijk_Dijk_CU80_gfx942.dat
0.1	-- Installing: /work/grodgers/git/tr-aomp/TheRock/build/math-libs/BLAS/hipBLASLt/stage/lib/hipblaslt/library/TensileLibrary_BB_BB_HA_Bias_SAV_UA_Type_BB_HPA_Contraction_l_Alik_Bljk_Cijk_Dijk_CU20_gfx942.dat
0.1	-- Installing: /work/grodgers/git/tr-aomp/TheRock/build/math-libs/BLAS/hipBLASLt/stage/lib/hipblaslt/library/TensileLibrary_I8I8_II8_HA_SAV_UA_Type_I8I_HPA_Contraction_l_Alik_Bljk_Cijk_Dijk_gfx90a.dat
0.1	-- Installing: /work/grodgers/git/tr-aomp/TheRock/build/math-libs/BLAS/hipBLASLt/stage/lib/hipblaslt/library/TensileLibrary_F8NF8N_HF8N_HA_Bias_SAB_SAV_UA_Type_F8NH_HPA_Contraction_l_Ailk_Bjlk_Cijk_Dijk_gfx942.co
0.1	-- Installing: /work/grodgers/git/tr-aomp/TheRock/build/math-libs/BLAS/hipBLASLt/stage/lib/hipblaslt/library/TensileLibrary_HH_HH_UA_Type_HH_HPA_Contraction_l_Alik_Bljk_Cijk_Dijk_CU80_gfx942.co
0.1	-- Installing: /work/grodgers/git/tr-aomp/TheRock/build/math-libs/BLAS/hipBLASLt/stage/lib/hipblaslt/library/TensileLibrary_F8NF8N_SF8N_HA_Bias_SAV_UA_Type_F8NS_HPA_ExperimentalStreamK_Contraction_l_Ailk_Bjlk_Cijk_Dijk_CU228_gfx942.co
0.1	-- Installing: /work/grodgers/git/tr-aomp/TheRock/build/math-libs/BLAS/hipBLASLt/stage/lib/hipblaslt/library/TensileLibrary_F8NF8N_B8NF8N_HA_Bias_SAV_UA_Type_F8NB8N_HPA_ExperimentalStreamK_Contraction_l_Ailk_Bjlk_Cijk_Dijk_CU228_gfx942.co
0.1	-- Installing: /work/grodgers/git/tr-aomp/TheRock/build/math-libs/BLAS/hipBLASLt/stage/lib/hipblaslt/library/TensileLibrary_B8NB8N_SB8N_HA_Bias_SAV_UA_Type_B8NS_HPA_ExperimentalStreamK_Contraction_l_Ailk_Bljk_Cijk_Dijk_CU228_gfx942.co
0.1	-- Installing: /work/grodgers/git/tr-aomp/TheRock/build/math-libs/BLAS/hipBLASLt/stage/lib/hipblaslt/library/TensileLibrary_F8NB8N_F8NF8B8N_HA_Bias_SAB_SCD_SAV_UA_Type_F8NF8N_HPA_Contraction_l_Alik_Bljk_Cijk_Dijk_gfx942.co
0.1	-- Installing: /work/grodgers/git/tr-aomp/TheRock/build/math-libs/BLAS/hipBLASLt/stage/lib/hipblaslt/library/TensileLibrary_B8NB8N_B8NB8N_HA_Bias_SAV_UA_Type_B8NB8N_HPA_ExperimentalStreamK_Contraction_l_Ailk_Bjlk_Cijk_Dijk_CU228_gfx942.co
0.1	-- Installing: /work/grodgers/git/tr-aomp/TheRock/build/math-libs/BLAS/hipBLASLt/stage/lib/hipblaslt/library/TensileLibrary_HF8N_HH_HA_Bias_GG_SAB_SAV_UA_Type_HH_HPA_Contraction_l_Ailk_Bjlk_Cijk_Dijk_gfx942.dat
0.1	-- Installing: /work/grodgers/git/tr-aomp/TheRock/build/math-libs/BLAS/hipBLASLt/stage/lib/hipblaslt/library/TensileLibrary_HH_HH_STA_UA_Type_HH_HPA_Contraction_l_Alik_Bljk_Cijk_Dijk_CU80_gfx942.dat
0.1	-- Installing: /work/grodgers/git/tr-aomp/TheRock/build/math-libs/BLAS/hipBLASLt/stage/lib/hipblaslt/library/TensileLibrary_BB_SB_UA_Type_BS_HPA_ExperimentalStreamK_Contraction_l_Alik_Bjlk_Cijk_Dijk_CU80_gfx942.co
0.1	-- Installing: /work/grodgers/git/tr-aomp/TheRock/build/math-libs/BLAS/hipBLASLt/stage/lib/hipblaslt/library/TensileLibrary_HH_HB8F8N_HA_Bias_SAV_UA_Type_HH_HPA_Contraction_l_Ailk_Bjlk_Cijk_Dijk_gfx942.co
0.1	-- Installing: /work/grodgers/git/tr-aomp/TheRock/build/math-libs/BLAS/hipBLASLt/stage/lib/hipblaslt/library/TensileLibrary_SS_SS_HA_Bias_SAV_MX_UA_Type_SS_Contraction_l_Ailk_Bljk_Cijk_Dijk_CU20_gfx942.co
0.1	-- Installing: /work/grodgers/git/tr-aomp/TheRock/build/math-libs/BLAS/hipBLASLt/stage/lib/hipblaslt/library/TensileLibrary_F8NB8N_BF8B8N_HA_Bias_SAB_SAV_UA_Type_F8NB_HPA_Contraction_l_Alik_Bljk_Cijk_Dijk_gfx942.co
0.1	-- Installing: /work/grodgers/git/tr-aomp/TheRock/build/math-libs/BLAS/hipBLASLt/stage/lib/hipblaslt/library/TensileLibrary_HH_HH_UA_Type_HH_HPA_Contraction_l_Alik_Bljk_Cijk_Dijk_CU64_gfx942.dat
0.1	-- Installing: /work/grodgers/git/tr-aomp/TheRock/build/math-libs/BLAS/hipBLASLt/stage/lib/hipblaslt/library/TensileLibrary_B8NF8N_SB8F8N_Bias_SAB_SAV_UA_Type_B8NS_HPA_Contraction_l_Ailk_Bjlk_Cijk_Dijk_gfx942.co
0.1	-- Installing: /work/grodgers/git/tr-aomp/TheRock/build/math-libs/BLAS/hipBLASLt/stage/lib/hipblaslt/library/TensileLibrary_BB_SB_HA_STA_Bias_SAV_UA_Type_BS_HPA_Contraction_l_Alik_Bljk_Cijk_Dijk_CU80_gfx942.co
0.1	-- Installing: /work/grodgers/git/tr-aomp/TheRock/build/math-libs/BLAS/hipBLASLt/stage/lib/hipblaslt/library/TensileLibrary_HH_HH_HA_Bias_SAV_UA_Type_HH_HPA_ExperimentalStreamK_Contraction_l_Ailk_Bljk_Cijk_Dijk_CU228_gfx942.dat
0.1	-- Installing: /work/grodgers/git/tr-aomp/TheRock/build/math-libs/BLAS/hipBLASLt/stage/lib/hipblaslt/library/TensileLibrary_F8NF8N_F8NF8N_UA_Type_F8NF8N_HPA_Contraction_l_Ailk_Bjlk_Cijk_Dijk_gfx942.dat
0.1	-- Installing: /work/grodgers/git/tr-aomp/TheRock/build/math-libs/BLAS/hipBLASLt/stage/lib/hipblaslt/library/TensileLibrary_SS_SS_HA_Bias_SAV_UA_Type_SS_ExperimentalStreamK_Contraction_l_Ailk_Bjlk_Cijk_Dijk_CU228_gfx942.dat
0.1	-- Installing: /work/grodgers/git/tr-aomp/TheRock/build/math-libs/BLAS/hipBLASLt/stage/lib/hipblaslt/library/TensileLibrary_F8NB8N_F8NF8B8N_HA_Bias_SAB_SCD_SAV_UA_Type_F8NF8N_HPA_Contraction_l_Ailk_Bljk_Cijk_Dijk_gfx942.co
0.1	-- Installing: /work/grodgers/git/tr-aomp/TheRock/build/math-libs/BLAS/hipBLASLt/stage/lib/hipblaslt/library/TensileLibrary_BB_BB_HA_Bias_SAV_Type_BB_HPA_Contraction_l_Ailk_Bljk_Cijk_Dijk_gfx908.dat
0.1	-- Installing: /work/grodgers/git/tr-aomp/TheRock/build/math-libs/BLAS/hipBLASLt/stage/lib/hipblaslt/library/TensileLibrary_HH_HH_GG_UA_Type_HH_HPA_Contraction_l_Ailk_Bjlk_Cijk_Dijk_gfx90a.dat
0.1	-- Installing: /work/grodgers/git/tr-aomp/TheRock/build/math-libs/BLAS/hipBLASLt/stage/lib/hipblaslt/library/TensileLibrary_F8NF8N_SF8N_Bias_SAB_SAV_UA_Type_F8NS_HPA_Contraction_l_Ailk_Bjlk_Cijk_Dijk_gfx942.dat
0.1	-- Installing: /work/grodgers/git/tr-aomp/TheRock/build/math-libs/BLAS/hipBLASLt/stage/lib/hipblaslt/library/TensileLibrary_HH_HH_HA_Bias_GG_SAV_UA_Type_HH_HPA_Contraction_l_Alik_Bjlk_Cijk_Dijk_gfx908.dat
0.1	-- Installing: /work/grodgers/git/tr-aomp/TheRock/build/math-libs/BLAS/hipBLASLt/stage/lib/hipblaslt/library/TensileLibrary_SS_SS_HA_Bias_SAV_UA_Type_SS_Contraction_l_Alik_Bljk_Cijk_Dijk_CU38_gfx942.co
0.1	-- Installing: /work/grodgers/git/tr-aomp/TheRock/build/math-libs/BLAS/hipBLASLt/stage/lib/hipblaslt/library/TensileLibrary_BB_BB_HA_Bias_SAV_Type_BB_HPA_Contraction_l_Alik_Bljk_Cijk_Dijk_CU104_gfx90a.co
0.1	-- Installing: /work/grodgers/git/tr-aomp/TheRock/build/math-libs/BLAS/hipBLASLt/stage/lib/hipblaslt/library/TensileLibrary_BB_BB_UA_Type_BB_HPA_Contraction_l_Ailk_Bljk_Cijk_Dijk_gfx90a.co
0.1	-- Installing: /work/grodgers/git/tr-aomp/TheRock/build/math-libs/BLAS/hipBLASLt/stage/lib/hipblaslt/library/TensileLibrary_SS_SS_UA_Type_SS_ExperimentalStreamK_Contraction_l_Ailk_Bjlk_Cijk_Dijk_CU80_gfx942.co
0.1	-- Installing: /work/grodgers/git/tr-aomp/TheRock/build/math-libs/BLAS/hipBLASLt/stage/lib/hipblaslt/library/TensileLibrary_B8NB8N_F8NB8N_HA_Bias_SAV_UA_Type_B8NF8N_HPA_ExperimentalStreamK_Contraction_l_Alik_Bljk_Cijk_Dijk_CU228_gfx942.dat
0.1	-- Installing: /work/grodgers/git/tr-aomp/TheRock/build/math-libs/BLAS/hipBLASLt/stage/lib/hipblaslt/library/TensileLibrary_B8NF8N_SB8F8N_HA_Bias_SAV_UA_Type_B8NS_HPA_ExperimentalStreamK_Contraction_l_Ailk_Bljk_Cijk_Dijk_CU228_gfx942.dat
0.1	-- Installing: /work/grodgers/git/tr-aomp/TheRock/build/math-libs/BLAS/hipBLASLt/stage/lib/hipblaslt/library/TensileLibrary_HH_HH_HA_Bias_GG_SAV_UA_Type_HH_HPA_Contraction_l_Alik_Bjlk_Cijk_Dijk_gfx90a.co
0.1	-- Installing: /work/grodgers/git/tr-aomp/TheRock/build/math-libs/BLAS/hipBLASLt/stage/lib/hipblaslt/library/TensileLibrary_I8I8_II8_UA_Type_I8I_HPA_Contraction_l_Ailk_Bljk_Cijk_Dijk_CU80_gfx942.co
0.1	-- Installing: /work/grodgers/git/tr-aomp/TheRock/build/math-libs/BLAS/hipBLASLt/stage/lib/hipblaslt/library/TensileLibrary_SS_SS_UA_Type_SS_ExperimentalStreamK_Contraction_l_Alik_Bjlk_Cijk_Dijk_CU20_gfx942.dat
0.1	-- Installing: /work/grodgers/git/tr-aomp/TheRock/build/math-libs/BLAS/hipBLASLt/stage/lib/hipblaslt/library/TensileLibrary_BB_SB_UA_Type_BS_HPA_ExperimentalStreamK_Contraction_l_Ailk_Bjlk_Cijk_Dijk_CU20_gfx942.co
0.1	-- Installing: /work/grodgers/git/tr-aomp/TheRock/build/math-libs/BLAS/hipBLASLt/stage/lib/hipblaslt/library/TensileLibrary_SS_SS_HA_Bias_SAV_MX_UA_Type_SS_Contraction_l_Alik_Bjlk_Cijk_Dijk_gfx942.co
0.1	-- Installing: /work/grodgers/git/tr-aomp/TheRock/build/math-libs/BLAS/hipBLASLt/stage/lib/hipblaslt/library/TensileLibrary_I8I8_I8I8_UA_Type_I8I8_HPA_ExperimentalStreamK_Contraction_l_Ailk_Bjlk_Cijk_Dijk_CU38_gfx942.dat
0.1	-- Installing: /work/grodgers/git/tr-aomp/TheRock/build/math-libs/BLAS/hipBLASLt/stage/lib/hipblaslt/library/TensileLibrary_HH_HH_HA_Bias_Aux_SAV_Type_HH_HPA_Contraction_l_Alik_Bljk_Cijk_Dijk_gfx90a.dat
0.1	-- Installing: /work/grodgers/git/tr-aomp/TheRock/build/math-libs/BLAS/hipBLASLt/stage/lib/hipblaslt/library/TensileLibrary_F8NH_SH_HA_Bias_GG_SAB_SAV_UA_Type_F8NS_HPA_Contraction_l_Alik_Bljk_Cijk_Dijk_gfx942.co
0.2	-- Installing: /work/grodgers/git/tr-aomp/TheRock/build/math-libs/BLAS/hipBLASLt/stage/lib/hipblaslt/library/TensileLibrary_I8I8_II8_UA_Type_I8I_HPA_ExperimentalStreamK_Contraction_l_Alik_Bljk_Cijk_Dijk_gfx942.dat
0.2	-- Installing: /work/grodgers/git/tr-aomp/TheRock/build/math-libs/BLAS/hipBLASLt/stage/lib/hipblaslt/library/TensileLibrary_BB_SB_HA_Bias_SAV_UA_Type_BS_HPA_ExperimentalStreamK_Contraction_l_Ailk_Bljk_Cijk_Dijk_CU228_gfx942.dat
0.2	-- Installing: /work/grodgers/git/tr-aomp/TheRock/build/math-libs/BLAS/hipBLASLt/stage/lib/hipblaslt/library/TensileLibrary_F8NF8N_BF8N_SAB_UA_Type_F8NB_HPA_Contraction_l_Alik_Bljk_Cijk_Dijk_gfx942.dat
0.2	-- Installing: /work/grodgers/git/tr-aomp/TheRock/build/math-libs/BLAS/hipBLASLt/stage/lib/hipblaslt/library/TensileLibrary_HH_SH_GG_UA_Type_HS_HPA_Contraction_l_Alik_Bljk_Cijk_Dijk_gfx90a.dat
0.2	-- Installing: /work/grodgers/git/tr-aomp/TheRock/build/math-libs/BLAS/hipBLASLt/stage/lib/hipblaslt/library/TensileLibrary_BB_BB_HA_Bias_SAV_Type_BB_HPA_Contraction_l_Ailk_Bljk_Cijk_Dijk_gfx90a.co
0.2	-- Installing: /work/grodgers/git/tr-aomp/TheRock/build/math-libs/BLAS/hipBLASLt/stage/lib/hipblaslt/library/extop_gfx942.co
0.2	-- Installing: /work/grodgers/git/tr-aomp/TheRock/build/math-libs/BLAS/hipBLASLt/stage/lib/hipblaslt/library/TensileLibrary_HH_SH_HA_Bias_Aux_SAV_UA_Type_HS_HPA_Contraction_l_Alik_Bljk_Cijk_Dijk_gfx942.dat
0.2	-- Installing: /work/grodgers/git/tr-aomp/TheRock/build/math-libs/BLAS/hipBLASLt/stage/lib/hipblaslt/library/TensileLibrary_I8I8_I8I8_UA_Type_I8I8_HPA_ExperimentalStreamK_Contraction_l_Ailk_Bjlk_Cijk_Dijk_CU80_gfx942.co
0.2	-- Installing: /work/grodgers/git/tr-aomp/TheRock/build/math-libs/BLAS/hipBLASLt/stage/lib/hipblaslt/library/TensileLibrary_BB_SB_HA_Bias_SAV_UA_Type_BS_HPA_Contraction_l_Alik_Bljk_Cijk_Dijk_CU80_gfx942.co
0.2	-- Installing: /work/grodgers/git/tr-aomp/TheRock/build/math-libs/BLAS/hipBLASLt/stage/lib/hipblaslt/library/TensileLibrary_HH_HH_HA_Bias_SAV_UA_Type_HH_HPA_Contraction_l_Alik_Bljk_Cijk_Dijk_CU64_gfx942.co
0.2	-- Installing: /work/grodgers/git/tr-aomp/TheRock/build/math-libs/BLAS/hipBLASLt/stage/lib/hipblaslt/library/TensileLibrary_F8NF8N_HF8N_HA_Bias_SAV_UA_Type_F8NH_HPA_Contraction_l_Ailk_Bljk_Cijk_Dijk_CU38_gfx942.dat
0.2	-- Installing: /work/grodgers/git/tr-aomp/TheRock/build/math-libs/BLAS/hipBLASLt/stage/lib/hipblaslt/library/TensileLibrary_F8NF8N_F8NF8N_HA_Bias_SAV_UA_Type_F8NF8N_HPA_ExperimentalStreamK_Contraction_l_Alik_Bjlk_Cijk_Dijk_CU228_gfx942.co
0.2	-- Installing: /work/grodgers/git/tr-aomp/TheRock/build/math-libs/BLAS/hipBLASLt/stage/lib/hipblaslt/library/TensileLibrary_HH_SH_HA_Bias_SAV_UA_Type_HS_HPA_Contraction_l_Alik_Bjlk_Cijk_Dijk_gfx942.dat
0.2	-- Installing: /work/grodgers/git/tr-aomp/TheRock/build/math-libs/BLAS/hipBLASLt/stage/lib/hipblaslt/library/TensileLibrary_HH_HH_Bias_SAV_UA_Type_HH_HPA_Contraction_l_Ailk_Bljk_Cijk_Dijk_gfx942.co
0.2	-- Installing: /work/grodgers/git/tr-aomp/TheRock/build/math-libs/BLAS/hipBLASLt/stage/lib/hipblaslt/library/TensileLibrary_F8NH_F8NH_HA_Bias_SAB_SCD_SAV_UA_Type_F8NF8N_HPA_Contraction_l_Ailk_Bjlk_Cijk_Dijk_gfx942.dat
0.2	-- Installing: /work/grodgers/git/tr-aomp/TheRock/build/math-libs/BLAS/hipBLASLt/stage/lib/hipblaslt/library/TensileLibrary_BB_SB_HA_Bias_Aux_SAV_UA_Type_BS_HPA_Contraction_l_Ailk_Bljk_Cijk_Dijk_gfx942.dat
0.2	-- Installing: /work/grodgers/git/tr-aomp/TheRock/build/math-libs/BLAS/hipBLASLt/stage/lib/hipblaslt/library/TensileLibrary_F8NF8N_HF8N_HA_Bias_SAB_SAV_UA_Type_F8NH_HPA_Contraction_l_Alik_Bljk_Cijk_Dijk_CU152_gfx942.co
0.2	-- Installing: /work/grodgers/git/tr-aomp/TheRock/build/math-libs/BLAS/hipBLASLt/stage/lib/hipblaslt/library/TensileLibrary_I8I8_II8_UA_Type_I8I_HPA_Contraction_l_Alik_Bljk_Cijk_Dijk_CU80_gfx942.co
0.2	-- Installing: /work/grodgers/git/tr-aomp/TheRock/build/math-libs/BLAS/hipBLASLt/stage/lib/hipblaslt/library/TensileLibrary_HH_SH_HA_Bias_SAV_Type_HS_HPA_Contraction_l_Ailk_Bjlk_Cijk_Dijk_gfx90a.co
0.2	-- Installing: /work/grodgers/git/tr-aomp/TheRock/build/math-libs/BLAS/hipBLASLt/stage/lib/hipblaslt/library/TensileLibrary_I8I8_II8_UA_Type_I8I_HPA_Contraction_l_Ailk_Bljk_Cijk_Dijk_gfx90a.dat
0.2	-- Installing: /work/grodgers/git/tr-aomp/TheRock/build/math-libs/BLAS/hipBLASLt/stage/lib/hipblaslt/library/TensileLibrary_HH_HH_UA_Type_HH_HPA_ExperimentalStreamK_Contraction_l_Alik_Bljk_Cijk_Dijk_CU80_gfx942.co
0.2	-- Installing: /work/grodgers/git/tr-aomp/TheRock/build/math-libs/BLAS/hipBLASLt/stage/lib/hipblaslt/library/TensileLibrary_HF8N_SH_HA_Bias_SAB_SAV_UA_Type_HS_HPA_Contraction_l_Ailk_Bjlk_Cijk_Dijk_gfx942.dat
0.2	-- Installing: /work/grodgers/git/tr-aomp/TheRock/build/math-libs/BLAS/hipBLASLt/stage/lib/hipblaslt/library/TensileLibrary_HH_HH_HA_Bias_GG_SAV_UA_Type_HH_HPA_Contraction_l_Alik_Bjlk_Cijk_Dijk_gfx942.co
0.2	-- Installing: /work/grodgers/git/tr-aomp/TheRock/build/math-libs/BLAS/hipBLASLt/stage/lib/hipblaslt/library/TensileLibrary_B8NF8N_B8NB8F8N_HA_Bias_SAB_SCD_SAV_UA_Type_B8NB8N_HPA_Contraction_l_Ailk_Bjlk_Cijk_Dijk_gfx942.dat
0.2	-- Installing: /work/grodgers/git/tr-aomp/TheRock/build/math-libs/BLAS/hipBLASLt/stage/lib/hipblaslt/library/TensileLibrary_HH_HF8N_HA_Bias_SAV_UA_Type_HH_HPA_Contraction_l_Ailk_Bjlk_Cijk_Dijk_gfx942.co
0.2	-- Installing: /work/grodgers/git/tr-aomp/TheRock/build/math-libs/BLAS/hipBLASLt/stage/lib/hipblaslt/library/TensileLibrary_F8NF8N_BF8N_HA_Bias_SAB_SAV_UA_Type_F8NB_HPA_Contraction_l_Alik_Bljk_Cijk_Dijk_gfx942.co
0.2	-- Installing: /work/grodgers/git/tr-aomp/TheRock/build/math-libs/BLAS/hipBLASLt/stage/lib/hipblaslt/library/TensileLibrary_I8I8_II8_HA_SAV_UA_Type_I8I_HPA_Contraction_l_Alik_Bljk_Cijk_Dijk_gfx942.co
0.2	-- Installing: /work/grodgers/git/tr-aomp/TheRock/build/math-libs/BLAS/hipBLASLt/stage/lib/hipblaslt/library/TensileLibrary_F8NB8N_F8NF8B8N_HA_Bias_SAV_UA_Type_F8NF8N_HPA_ExperimentalStreamK_Contraction_l_Alik_Bjlk_Cijk_Dijk_CU228_gfx942.co
0.2	-- Installing: /work/grodgers/git/tr-aomp/TheRock/build/math-libs/BLAS/hipBLASLt/stage/lib/hipblaslt/library/TensileLibrary_HF8N_HH_HA_Bias_GG_SAB_SAV_UA_Type_HH_HPA_Contraction_l_Alik_Bljk_Cijk_Dijk_gfx942.co
0.2	-- Installing: /work/grodgers/git/tr-aomp/TheRock/build/math-libs/BLAS/hipBLASLt/stage/lib/hipblaslt/library/TensileLibrary_HH_HH_HA_Bias_SAV_UA_Type_HH_HPA_Contraction_l_Ailk_Bljk_Cijk_Dijk_gfx908.dat
0.2	-- Installing: /work/grodgers/git/tr-aomp/TheRock/build/math-libs/BLAS/hipBLASLt/stage/lib/hipblaslt/library/TensileLibrary_F8NF8N_SF8N_SAB_UA_Type_F8NS_HPA_Contraction_l_Alik_Bljk_Cijk_Dijk_gfx942.co
0.2	-- Installing: /work/grodgers/git/tr-aomp/TheRock/build/math-libs/BLAS/hipBLASLt/stage/lib/hipblaslt/library/TensileLibrary_HH_SH_HA_Bias_SAV_UA_Type_HS_HPA_Contraction_l_Alik_Bljk_Cijk_Dijk_CU80_gfx942.dat
0.2	-- Installing: /work/grodgers/git/tr-aomp/TheRock/build/math-libs/BLAS/hipBLASLt/stage/lib/hipblaslt/library/TensileLibrary_SS_SS_HA_Bias_Grad_SAV_UA_Type_SS_Contraction_l_Ailk_Bjlk_Cijk_Dijk_gfx942.dat
0.2	-- Installing: /work/grodgers/git/tr-aomp/TheRock/build/math-libs/BLAS/hipBLASLt/stage/lib/hipblaslt/library/TensileLibrary_SS_SS_HA_Bias_SAV_Type_SS_Contraction_l_Alik_Bljk_Cijk_Dijk_CU104_gfx90a.co
0.2	-- Installing: /work/grodgers/git/tr-aomp/TheRock/build/math-libs/BLAS/hipBLASLt/stage/lib/hipblaslt/library/TensileLibrary_I8I8_I8I8_UA_Type_I8I8_HPA_ExperimentalStreamK_Contraction_l_Alik_Bljk_Cijk_Dijk_gfx942.co
0.2	-- Installing: /work/grodgers/git/tr-aomp/TheRock/build/math-libs/BLAS/hipBLASLt/stage/lib/hipblaslt/library/TensileLibrary_HH_SH_GG_UA_Type_HS_HPA_Contraction_l_Ailk_Bljk_Cijk_Dijk_gfx942.dat
0.2	-- Installing: /work/grodgers/git/tr-aomp/TheRock/build/math-libs/BLAS/hipBLASLt/stage/lib/hipblaslt/library/TensileLibrary_B8NB8N_F8NB8N_HA_Bias_SAB_SCD_SAV_UA_Type_B8NF8N_HPA_Contraction_l_Alik_Bjlk_Cijk_Dijk_gfx942.co
0.2	-- Installing: /work/grodgers/git/tr-aomp/TheRock/build/math-libs/BLAS/hipBLASLt/stage/lib/hipblaslt/library/TensileLibrary_HH_HH_Bias_SAV_UA_Type_HH_HPA_Contraction_l_Ailk_Bjlk_Cijk_Dijk_gfx908.co
0.2	-- Installing: /work/grodgers/git/tr-aomp/TheRock/build/math-libs/BLAS/hipBLASLt/stage/lib/hipblaslt/library/TensileLibrary_BB_SB_HA_Bias_SAV_UA_Type_BS_HPA_ExperimentalStreamK_Contraction_l_Alik_Bjlk_Cijk_Dijk_CU228_gfx942.co
0.2	-- Installing: /work/grodgers/git/tr-aomp/TheRock/build/math-libs/BLAS/hipBLASLt/stage/lib/hipblaslt/library/TensileLibrary_F8NF8N_BF8N_HA_STA_Bias_SABV_SAV_UA_Type_F8NB_HPA_Contraction_l_Alik_Bljk_Cijk_Dijk_gfx942.dat
0.2	-- Installing: /work/grodgers/git/tr-aomp/TheRock/build/math-libs/BLAS/hipBLASLt/stage/lib/hipblaslt/library/TensileLibrary_HH_SH_HA_Bias_SAV_UA_Type_HS_HPA_ExperimentalStreamK_Contraction_l_Alik_Bjlk_Cijk_Dijk_gfx942.dat
0.2	-- Installing: /work/grodgers/git/tr-aomp/TheRock/build/math-libs/BLAS/hipBLASLt/stage/lib/hipblaslt/library/TensileLibrary_SS_SS_HA_Bias_SAV_MX_UA_Type_SS_Contraction_l_Alik_Bljk_Cijk_Dijk_CU80_gfx942.co
0.2	-- Installing: /work/grodgers/git/tr-aomp/TheRock/build/math-libs/BLAS/hipBLASLt/stage/lib/hipblaslt/library/TensileLibrary_HH_HH_HA_Bias_Grad_SAV_UA_Type_HH_HPA_Contraction_l_Alik_Bljk_Cijk_Dijk_gfx908.co
0.2	-- Installing: /work/grodgers/git/tr-aomp/TheRock/build/math-libs/BLAS/hipBLASLt/stage/lib/hipblaslt/library/TensileLibrary_HF8N_SH_SAB_UA_Type_HS_HPA_Contraction_l_Ailk_Bljk_Cijk_Dijk_gfx942.co
0.2	-- Installing: /work/grodgers/git/tr-aomp/TheRock/build/math-libs/BLAS/hipBLASLt/stage/lib/hipblaslt/library/TensileLibrary_F8NF8N_B8NF8N_HA_Bias_SAB_SCD_SAV_UA_Type_F8NB8N_HPA_Contraction_l_Ailk_Bjlk_Cijk_Dijk_gfx942.co
0.2	-- Installing: /work/grodgers/git/tr-aomp/TheRock/build/math-libs/BLAS/hipBLASLt/stage/lib/hipblaslt/library/TensileLibrary_HH_SH_HA_Bias_GG_SAV_UA_Type_HS_HPA_Contraction_l_Alik_Bljk_Cijk_Dijk_gfx942.dat
0.2	-- Installing: /work/grodgers/git/tr-aomp/TheRock/build/math-libs/BLAS/hipBLASLt/stage/lib/hipblaslt/library/TensileLibrary_HH_SH_HA_Bias_SAV_Type_HS_HPA_Contraction_l_Alik_Bjlk_Cijk_Dijk_gfx90a.co
0.2	-- Installing: /work/grodgers/git/tr-aomp/TheRock/build/math-libs/BLAS/hipBLASLt/stage/lib/hipblaslt/library/TensileLibrary_I8I8_II8_UA_Type_I8I_HPA_ExperimentalStreamK_Contraction_l_Ailk_Bljk_Cijk_Dijk_CU64_gfx942.co
0.2	-- Installing: /work/grodgers/git/tr-aomp/TheRock/build/math-libs/BLAS/hipBLASLt/stage/lib/hipblaslt/library/TensileLibrary_I8I8_I8I8_HA_SAV_UA_Type_I8I8_HPA_Contraction_l_Alik_Bljk_Cijk_Dijk_CU20_gfx942.dat
0.2	-- Installing: /work/grodgers/git/tr-aomp/TheRock/build/math-libs/BLAS/hipBLASLt/stage/lib/hipblaslt/library/TensileLibrary_I8I8_I8I8_UA_Type_I8I8_HPA_Contraction_l_Ailk_Bljk_Cijk_Dijk_gfx90a.co
0.2	-- Installing: /work/grodgers/git/tr-aomp/TheRock/build/math-libs/BLAS/hipBLASLt/stage/lib/hipblaslt/library/TensileLibrary_B8NF8N_BB8F8N_HA_Bias_SAB_SAV_UA_Type_B8NB_HPA_Contraction_l_Alik_Bljk_Cijk_Dijk_gfx942.dat
0.2	-- Installing: /work/grodgers/git/tr-aomp/TheRock/build/math-libs/BLAS/hipBLASLt/stage/lib/hipblaslt/library/TensileLibrary_HH_SH_HA_Bias_SAV_UA_Type_HS_HPA_Contraction_l_Alik_Bljk_Cijk_Dijk_gfx942.co
0.2	-- Installing: /work/grodgers/git/tr-aomp/TheRock/build/math-libs/BLAS/hipBLASLt/stage/lib/hipblaslt/library/TensileLibrary_SS_SS_HA_Bias_SAV_UA_Type_SS_Contraction_l_Ailk_Bljk_Cijk_Dijk_gfx942.co
0.2	-- Installing: /work/grodgers/git/tr-aomp/TheRock/build/math-libs/BLAS/hipBLASLt/stage/lib/hipblaslt/library/TensileLibrary_SS_SS_HA_Bias_SAV_Type_SS_Contraction_l_Ailk_Bjlk_Cijk_Dijk_gfx90a.co
0.2	-- Installing: /work/grodgers/git/tr-aomp/TheRock/build/math-libs/BLAS/hipBLASLt/stage/lib/hipblaslt/library/TensileLibrary_I8I8_I8I8_UA_Type_I8I8_HPA_ExperimentalStreamK_Contraction_l_Ailk_Bljk_Cijk_Dijk_CU64_gfx942.co
0.2	-- Installing: /work/grodgers/git/tr-aomp/TheRock/build/math-libs/BLAS/hipBLASLt/stage/lib/hipblaslt/library/TensileLibrary_F8NF8N_BF8N_HA_Bias_SAV_UA_Type_F8NB_HPA_ExperimentalStreamK_Contraction_l_Alik_Bljk_Cijk_Dijk_CU228_gfx942.dat
0.2	-- Installing: /work/grodgers/git/tr-aomp/TheRock/build/math-libs/BLAS/hipBLASLt/stage/lib/hipblaslt/library/TensileLibrary_I8I8_II8_UA_Type_I8I_HPA_ExperimentalStreamK_Contraction_l_Ailk_Bljk_Cijk_Dijk_CU80_gfx942.dat
0.2	-- Installing: /work/grodgers/git/tr-aomp/TheRock/build/math-libs/BLAS/hipBLASLt/stage/lib/hipblaslt/library/TensileLibrary_BB_BB_HA_Bias_Aux_SAV_UA_Type_BB_HPA_Contraction_l_Alik_Bljk_Cijk_Dijk_gfx942.dat
0.2	-- Installing: /work/grodgers/git/tr-aomp/TheRock/build/math-libs/BLAS/hipBLASLt/stage/lib/hipblaslt/library/TensileLibrary_HH_HH_HA_Bias_SAV_UA_Type_HH_HPA_Contraction_l_Ailk_Bjlk_Cijk_Dijk_CU64_gfx942.dat
0.2	-- Installing: /work/grodgers/git/tr-aomp/TheRock/build/math-libs/BLAS/hipBLASLt/stage/lib/hipblaslt/library/TensileLibrary_SS_SS_HA_Bias_SAV_UA_Type_SS_Contraction_l_Ailk_Bljk_Cijk_Dijk_gfx908.co
0.2	-- Installing: /work/grodgers/git/tr-aomp/TheRock/build/math-libs/BLAS/hipBLASLt/stage/lib/hipblaslt/library/TensileLibrary_HH_HH_UA_Type_HH_HPA_Contraction_l_Ailk_Bljk_Cijk_Dijk_CU20_gfx942.co
0.2	-- Installing: /work/grodgers/git/tr-aomp/TheRock/build/math-libs/BLAS/hipBLASLt/stage/lib/hipblaslt/library/TensileLibrary_SS_SS_HA_Bias_SAV_Type_SS_Contraction_l_Alik_Bjlk_Cijk_Dijk_gfx90a.dat
0.2	-- Installing: /work/grodgers/git/tr-aomp/TheRock/build/math-libs/BLAS/hipBLASLt/stage/lib/hipblaslt/library/TensileLibrary_I8I8_II8_UA_Type_I8I_HPA_ExperimentalStreamK_Contraction_l_Ailk_Bjlk_Cijk_Dijk_CU64_gfx942.dat
0.2	-- Installing: /work/grodgers/git/tr-aomp/TheRock/build/math-libs/BLAS/hipBLASLt/stage/lib/hipblaslt/library/TensileLibrary_F8NB8N_SF8B8N_HA_Bias_SAV_UA_Type_F8NS_HPA_ExperimentalStreamK_Contraction_l_Alik_Bjlk_Cijk_Dijk_CU228_gfx942.dat
0.2	-- Installing: /work/grodgers/git/tr-aomp/TheRock/build/math-libs/BLAS/hipBLASLt/stage/lib/hipblaslt/library/TensileLibrary_SS_SS_UA_Type_SS_Contraction_l_Alik_Bljk_Cijk_Dijk_gfx942.co
0.2	-- Installing: /work/grodgers/git/tr-aomp/TheRock/build/math-libs/BLAS/hipBLASLt/stage/lib/hipblaslt/library/TensileLibrary_SS_SS_HA_Bias_SAV_UA_Type_SS_Contraction_l_Alik_Bljk_Cijk_Dijk_CU20_gfx942.dat
0.2	-- Installing: /work/grodgers/git/tr-aomp/TheRock/build/math-libs/BLAS/hipBLASLt/stage/lib/hipblaslt/library/TensileLibrary_I8I8_II8_UA_Type_I8I_HPA_ExperimentalStreamK_Contraction_l_Alik_Bjlk_Cijk_Dijk_CU64_gfx942.dat
0.2	-- Installing: /work/grodgers/git/tr-aomp/TheRock/build/math-libs/BLAS/hipBLASLt/stage/lib/hipblaslt/library/TensileLibrary_I8I8_II8_UA_Type_I8I_HPA_Contraction_l_Ailk_Bjlk_Cijk_Dijk_gfx90a.co
0.2	-- Installing: /work/grodgers/git/tr-aomp/TheRock/build/math-libs/BLAS/hipBLASLt/stage/lib/hipblaslt/library/TensileLibrary_HH_HH_Type_HH_HPA_Contraction_l_Ailk_Bljk_Cijk_Dijk_gfx90a.co
0.2	-- Installing: /work/grodgers/git/tr-aomp/TheRock/build/math-libs/BLAS/hipBLASLt/stage/lib/hipblaslt/library/TensileLibrary_SS_SS_HA_Bias_Grad_SAV_UA_Type_SS_Contraction_l_Alik_Bjlk_Cijk_Dijk_gfx942.co
0.2	-- Installing: /work/grodgers/git/tr-aomp/TheRock/build/math-libs/BLAS/hipBLASLt/stage/lib/hipblaslt/library/TensileLibrary_BB_BB_UA_Type_BB_HPA_Contraction_l_Alik_Bljk_Cijk_Dijk_gfx942.co
0.2	-- Installing: /work/grodgers/git/tr-aomp/TheRock/build/math-libs/BLAS/hipBLASLt/stage/lib/hipblaslt/library/TensileLibrary_HH_HH_HA_Bias_GG_SAV_UA_Type_HH_HPA_Contraction_l_Ailk_Bljk_Cijk_Dijk_gfx90a.co
0.2	-- Installing: /work/grodgers/git/tr-aomp/TheRock/build/math-libs/BLAS/hipBLASLt/stage/lib/hipblaslt/library/TensileLibrary_HH_SH_HA_Bias_GG_SAV_UA_Type_HS_HPA_Contraction_l_Alik_Bljk_Cijk_Dijk_gfx90a.co
0.2	-- Installing: /work/grodgers/git/tr-aomp/TheRock/build/math-libs/BLAS/hipBLASLt/stage/lib/hipblaslt/library/TensileLibrary_SS_SS_UA_Type_SS_ExperimentalStreamK_Contraction_l_Ailk_Bljk_Cijk_Dijk_CU80_gfx942.co
0.3	-- Installing: /work/grodgers/git/tr-aomp/TheRock/build/math-libs/BLAS/hipBLASLt/stage/lib/hipblaslt/library/TensileLibrary_HH_HH_GG_UA_Type_HH_HPA_Contraction_l_Alik_Bjlk_Cijk_Dijk_gfx90a.dat
0.3	-- Installing: /work/grodgers/git/tr-aomp/TheRock/build/math-libs/BLAS/hipBLASLt/stage/lib/hipblaslt/library/TensileLibrary_DD_DD_UA_Type_DD_Contraction_l_Alik_Bjlk_Cijk_Dijk_gfx942.co
0.3	-- Installing: /work/grodgers/git/tr-aomp/TheRock/build/math-libs/BLAS/hipBLASLt/stage/lib/hipblaslt/library/TensileLibrary_B8NF8N_BB8F8N_HA_Bias_SAB_SAV_UA_Type_B8NB_HPA_Contraction_l_Alik_Bjlk_Cijk_Dijk_gfx942.dat
0.3	-- Installing: /work/grodgers/git/tr-aomp/TheRock/build/math-libs/BLAS/hipBLASLt/stage/lib/hipblaslt/library/TensileLibrary_F8NB8N_SF8B8N_HA_Bias_SAB_SAV_UA_Type_F8NS_HPA_Contraction_l_Ailk_Bjlk_Cijk_Dijk_gfx942.dat
0.3	-- Installing: /work/grodgers/git/tr-aomp/TheRock/build/math-libs/BLAS/hipBLASLt/stage/lib/hipblaslt/library/TensileLibrary_BB_SB_HA_Bias_SAV_UA_Type_BS_HPA_Contraction_l_Ailk_Bjlk_Cijk_Dijk_CU20_gfx942.co
0.3	-- Installing: /work/grodgers/git/tr-aomp/TheRock/build/math-libs/BLAS/hipBLASLt/stage/lib/hipblaslt/library/TensileLibrary_B8NB8N_F8NB8N_HA_Bias_SAV_UA_Type_B8NF8N_HPA_ExperimentalStreamK_Contraction_l_Alik_Bjlk_Cijk_Dijk_CU228_gfx942.dat
0.3	-- Installing: /work/grodgers/git/tr-aomp/TheRock/build/math-libs/BLAS/hipBLASLt/stage/lib/hipblaslt/library/TensileLibrary_HF8N_HH_GG_SAB_UA_Type_HH_HPA_Contraction_l_Ailk_Bljk_Cijk_Dijk_gfx942.dat
0.3	-- Installing: /work/grodgers/git/tr-aomp/TheRock/build/math-libs/BLAS/hipBLASLt/stage/lib/hipblaslt/library/TensileLibrary_I8I8_II8_UA_Type_I8I_HPA_Contraction_l_Alik_Bljk_Cijk_Dijk_gfx90a.dat
0.3	-- Installing: /work/grodgers/git/tr-aomp/TheRock/build/math-libs/BLAS/hipBLASLt/stage/lib/hipblaslt/library/TensileLibrary_HH_HH_HA_Bias_SAV_Type_HH_HPA_Contraction_l_Ailk_Bjlk_Cijk_Dijk_CU104_gfx90a.co
0.3	-- Installing: /work/grodgers/git/tr-aomp/TheRock/build/math-libs/BLAS/hipBLASLt/stage/lib/hipblaslt/library/TensileLibrary_SS_SS_UA_Type_SS_ExperimentalStreamK_Contraction_l_Alik_Bjlk_Cijk_Dijk_CU20_gfx942.co
0.3	-- Installing: /work/grodgers/git/tr-aomp/TheRock/build/math-libs/BLAS/hipBLASLt/stage/lib/hipblaslt/library/TensileLibrary_B8NB8N_SB8N_HA_Bias_SAV_UA_Type_B8NS_HPA_ExperimentalStreamK_Contraction_l_Alik_Bljk_Cijk_Dijk_CU228_gfx942.dat
0.3	-- Installing: /work/grodgers/git/tr-aomp/TheRock/build/math-libs/BLAS/hipBLASLt/stage/lib/hipblaslt/library/TensileLibrary_I8I8_I8I8_UA_Type_I8I8_HPA_ExperimentalStreamK_Contraction_l_Ailk_Bljk_Cijk_Dijk_CU38_gfx942.co
0.3	-- Installing: /work/grodgers/git/tr-aomp/TheRock/build/math-libs/BLAS/hipBLASLt/stage/lib/hipblaslt/library/TensileLibrary_SS_SS_HA_Bias_SAV_UA_Type_SS_ExperimentalStreamK_Contraction_l_Ailk_Bljk_Cijk_Dijk_CU228_gfx942.dat
0.3	-- Installing: /work/grodgers/git/tr-aomp/TheRock/build/math-libs/BLAS/hipBLASLt/stage/lib/hipblaslt/library/TensileLibrary_B8NB8N_B8NB8N_HA_Bias_SAV_UA_Type_B8NB8N_HPA_ExperimentalStreamK_Contraction_l_Alik_Bljk_Cijk_Dijk_CU228_gfx942.dat
0.3	-- Installing: /work/grodgers/git/tr-aomp/TheRock/build/math-libs/BLAS/hipBLASLt/stage/lib/hipblaslt/library/TensileLibrary_BB_BB_UA_Type_BB_HPA_Contraction_l_Alik_Bljk_Cijk_Dijk_CU104_gfx90a.co
0.3	-- Installing: /work/grodgers/git/tr-aomp/TheRock/build/math-libs/BLAS/hipBLASLt/stage/lib/hipblaslt/library/TensileLibrary_SS_SS_HA_Bias_SAV_MX_UA_Type_SS_Contraction_l_Ailk_Bjlk_Cijk_Dijk_CU20_gfx942.dat
0.3	-- Installing: /work/grodgers/git/tr-aomp/TheRock/build/math-libs/BLAS/hipBLASLt/stage/lib/hipblaslt/library/TensileLibrary_BB_BB_UA_Type_BB_HPA_ExperimentalStreamK_Contraction_l_Alik_Bljk_Cijk_Dijk_CU80_gfx942.co
0.3	-- Installing: /work/grodgers/git/tr-aomp/TheRock/build/math-libs/BLAS/hipBLASLt/stage/lib/hipblaslt/library/TensileLibrary_BB_BB_HA_Bias_SAV_UA_Type_BB_HPA_Contraction_l_Ailk_Bjlk_Cijk_Dijk_CU80_gfx942.dat
0.3	-- Installing: /work/grodgers/git/tr-aomp/TheRock/build/math-libs/BLAS/hipBLASLt/stage/lib/hipblaslt/library/TensileLibrary_HH_HH_Bias_SAV_Type_HH_HPA_Contraction_l_Ailk_Bjlk_Cijk_Dijk_gfx942.co
0.3	-- Installing: /work/grodgers/git/tr-aomp/TheRock/build/math-libs/BLAS/hipBLASLt/stage/lib/hipblaslt/library/TensileLibrary_I8I8_I8I8_HA_SAV_UA_Type_I8I8_HPA_Contraction_l_Alik_Bjlk_Cijk_Dijk_CU80_gfx942.co
0.3	-- Installing: /work/grodgers/git/tr-aomp/TheRock/build/math-libs/BLAS/hipBLASLt/stage/lib/hipblaslt/library/TensileLibrary_F8NH_SH_HA_Bias_SAB_SAV_UA_Type_F8NS_HPA_Contraction_l_Ailk_Bljk_Cijk_Dijk_gfx942.dat
0.3	-- Installing: /work/grodgers/git/tr-aomp/TheRock/build/math-libs/BLAS/hipBLASLt/stage/lib/hipblaslt/library/TensileLibrary_HH_HF8B8N_HA_Bias_SAV_UA_Type_HH_HPA_Contraction_l_Alik_Bljk_Cijk_Dijk_gfx942.co
0.3	-- Installing: /work/grodgers/git/tr-aomp/TheRock/build/math-libs/BLAS/hipBLASLt/stage/lib/hipblaslt/library/TensileLibrary_HF8N_F8NH_HA_Bias_SAB_SCD_SAV_UA_Type_HF8N_HPA_Contraction_l_Ailk_Bljk_Cijk_Dijk_gfx942.dat
0.3	-- Installing: /work/grodgers/git/tr-aomp/TheRock/build/math-libs/BLAS/hipBLASLt/stage/lib/hipblaslt/library/TensileLibrary_BB_BB_HA_Bias_SAV_UA_Type_BB_HPA_Contraction_l_Alik_Bjlk_Cijk_Dijk_CU80_gfx942.dat
0.3	-- Installing: /work/grodgers/git/tr-aomp/TheRock/build/math-libs/BLAS/hipBLASLt/stage/lib/hipblaslt/library/TensileLibrary_DD_DD_UA_Type_DD_Contraction_l_Alik_Bljk_Cijk_Dijk_gfx942.co
0.3	-- Installing: /work/grodgers/git/tr-aomp/TheRock/build/math-libs/BLAS/hipBLASLt/stage/lib/hipblaslt/library/TensileLibrary_B8NF8N_HB8F8N_HA_Bias_SAB_SAV_UA_Type_B8NH_HPA_Contraction_l_Ailk_Bjlk_Cijk_Dijk_gfx942.dat
0.3	-- Installing: /work/grodgers/git/tr-aomp/TheRock/build/math-libs/BLAS/hipBLASLt/stage/lib/hipblaslt/library/TensileLibrary_BB_BB_HA_Bias_SAV_UA_Type_BB_HPA_Contraction_l_Ailk_Bljk_Cijk_Dijk_CU152_gfx942.co
0.3	-- Installing: /work/grodgers/git/tr-aomp/TheRock/build/math-libs/BLAS/hipBLASLt/stage/lib/hipblaslt/library/TensileLibrary_I8I8_II8_UA_Type_I8I_HPA_ExperimentalStreamK_Contraction_l_Alik_Bljk_Cijk_Dijk_CU80_gfx942.co
0.3	-- Installing: /work/grodgers/git/tr-aomp/TheRock/build/math-libs/BLAS/hipBLASLt/stage/lib/hipblaslt/library/TensileLibrary_HF8N_SH_HA_Bias_SAB_SAV_UA_Type_HS_HPA_Contraction_l_Alik_Bljk_Cijk_Dijk_gfx942.dat
0.3	-- Installing: /work/grodgers/git/tr-aomp/TheRock/build/math-libs/BLAS/hipBLASLt/stage/lib/hipblaslt/library/TensileLibrary_B8NF8N_SB8F8N_HA_Bias_SAV_UA_Type_B8NS_HPA_ExperimentalStreamK_Contraction_l_Alik_Bjlk_Cijk_Dijk_CU228_gfx942.co
0.3	-- Installing: /work/grodgers/git/tr-aomp/TheRock/build/math-libs/BLAS/hipBLASLt/stage/lib/hipblaslt/library/TensileLibrary_B8NF8N_B8NB8F8N_HA_Bias_SAV_UA_Type_B8NB8N_HPA_ExperimentalStreamK_Contraction_l_Alik_Bjlk_Cijk_Dijk_CU228_gfx942.co
0.3	-- Installing: /work/grodgers/git/tr-aomp/TheRock/build/math-libs/BLAS/hipBLASLt/stage/lib/hipblaslt/library/TensileLibrary_F8NF8N_HF8N_HA_Bias_SAV_UA_Type_F8NH_HPA_Contraction_l_Ailk_Bjlk_Cijk_Dijk_CU38_gfx942.dat
0.3	-- Installing: /work/grodgers/git/tr-aomp/TheRock/build/math-libs/BLAS/hipBLASLt/stage/lib/hipblaslt/library/TensileLibrary_SS_SS_HA_Bias_SAV_Type_SS_Contraction_l_Ailk_Bljk_Cijk_Dijk_CU104_gfx90a.co
0.3	-- Installing: /work/grodgers/git/tr-aomp/TheRock/build/math-libs/BLAS/hipBLASLt/stage/lib/hipblaslt/library/TensileLibrary_HH_HH_HA_Bias_SAV_UA_Type_HH_HPA_Contraction_l_Ailk_Bljk_Cijk_Dijk_CU38_gfx942.co
0.3	-- Installing: /work/grodgers/git/tr-aomp/TheRock/build/math-libs/BLAS/hipBLASLt/stage/lib/hipblaslt/library/TensileLibrary_SS_SS_HA_Bias_SAV_MX_UA_Type_SS_Contraction_l_Ailk_Bljk_Cijk_Dijk_CU64_gfx942.dat
0.3	-- Installing: /work/grodgers/git/tr-aomp/TheRock/build/math-libs/BLAS/hipBLASLt/stage/lib/hipblaslt/library/TensileLibrary_B8NF8N_BB8F8N_HA_Bias_SAV_UA_Type_B8NB_HPA_ExperimentalStreamK_Contraction_l_Alik_Bjlk_Cijk_Dijk_CU228_gfx942.co
0.3	-- Installing: /work/grodgers/git/tr-aomp/TheRock/build/math-libs/BLAS/hipBLASLt/stage/lib/hipblaslt/library/TensileLibrary_F8NB8N_F8NF8B8N_HA_Bias_SAB_SCD_SAV_UA_Type_F8NF8N_HPA_Contraction_l_Alik_Bjlk_Cijk_Dijk_gfx942.co
0.3	-- Installing: /work/grodgers/git/tr-aomp/TheRock/build/math-libs/BLAS/hipBLASLt/stage/lib/hipblaslt/library/TensileLibrary_B8NF8N_F8NB8F8N_HA_Bias_SAB_SCD_SAV_UA_Type_B8NF8N_HPA_Contraction_l_Alik_Bjlk_Cijk_Dijk_gfx942.dat
0.3	-- Installing: /work/grodgers/git/tr-aomp/TheRock/build/math-libs/BLAS/hipBLASLt/stage/lib/hipblaslt/library/TensileLibrary_B8NB8N_BB8N_HA_Bias_SAB_SAV_UA_Type_B8NB_HPA_Contraction_l_Ailk_Bjlk_Cijk_Dijk_gfx942.dat
0.3	-- Installing: /work/grodgers/git/tr-aomp/TheRock/build/math-libs/BLAS/hipBLASLt/stage/lib/hipblaslt/library/TensileLibrary_F8NB8N_HF8B8N_HA_Bias_SAV_UA_Type_F8NH_HPA_ExperimentalStreamK_Contraction_l_Ailk_Bjlk_Cijk_Dijk_CU228_gfx942.dat
0.3	-- Installing: /work/grodgers/git/tr-aomp/TheRock/build/math-libs/BLAS/hipBLASLt/stage/lib/hipblaslt/library/TensileLibrary_HH_HH_HA_Bias_SAV_Type_HH_HPA_Contraction_l_Ailk_Bljk_Cijk_Dijk_CU104_gfx90a.co
0.3	-- Installing: /work/grodgers/git/tr-aomp/TheRock/build/math-libs/BLAS/hipBLASLt/stage/lib/hipblaslt/library/TensileLibrary_HF8N_HH_Type_HH_HPA_Contraction_l_Ailk_Bljk_Cijk_Dijk_gfx942.co
0.3	-- Installing: /work/grodgers/git/tr-aomp/TheRock/build/math-libs/BLAS/hipBLASLt/stage/lib/hipblaslt/library/TensileLibrary_HF8N_HH_UA_Type_HH_HPA_Contraction_l_Alik_Bljk_Cijk_Dijk_gfx942.dat
0.3	-- Installing: /work/grodgers/git/tr-aomp/TheRock/build/math-libs/BLAS/hipBLASLt/stage/lib/hipblaslt/library/TensileLibrary_BB_SB_UA_Type_BS_HPA_ExperimentalStreamK_Contraction_l_Alik_Bljk_Cijk_Dijk_CU80_gfx942.dat
0.3	-- Installing: /work/grodgers/git/tr-aomp/TheRock/build/math-libs/BLAS/hipBLASLt/stage/lib/hipblaslt/library/TensileLibrary_BB_SB_Bias_SAV_UA_Type_BS_HPA_Contraction_l_Ailk_Bjlk_Cijk_Dijk_gfx942.co
0.3	-- Installing: /work/grodgers/git/tr-aomp/TheRock/build/math-libs/BLAS/hipBLASLt/stage/lib/hipblaslt/library/TensileLibrary_I8I8_II8_UA_Type_I8I_HPA_Contraction_l_Ailk_Bjlk_Cijk_Dijk_gfx90a.dat
0.3	-- Installing: /work/grodgers/git/tr-aomp/TheRock/build/math-libs/BLAS/hipBLASLt/stage/lib/hipblaslt/library/TensileLibrary_BB_BB_UA_Type_BB_HPA_ExperimentalStreamK_Contraction_l_Alik_Bljk_Cijk_Dijk_CU38_gfx942.co
0.3	-- Installing: /work/grodgers/git/tr-aomp/TheRock/build/math-libs/BLAS/hipBLASLt/stage/lib/hipblaslt/library/TensileLibrary_SS_SS_HA_Bias_SAV_Type_SS_Contraction_l_Alik_Bljk_Cijk_Dijk_CU104_gfx90a.dat
0.3	-- Installing: /work/grodgers/git/tr-aomp/TheRock/build/math-libs/BLAS/hipBLASLt/stage/lib/hipblaslt/library/TensileLibrary_B8NF8N_F8NB8F8N_HA_Bias_SAV_UA_Type_B8NF8N_HPA_ExperimentalStreamK_Contraction_l_Ailk_Bjlk_Cijk_Dijk_CU228_gfx942.dat
0.3	-- Installing: /work/grodgers/git/tr-aomp/TheRock/build/math-libs/BLAS/hipBLASLt/stage/lib/hipblaslt/library/TensileLibrary_HF8N_HH_HA_Bias_SAB_SAV_UA_Type_HH_HPA_Contraction_l_Alik_Bjlk_Cijk_Dijk_gfx942.dat
0.3	-- Installing: /work/grodgers/git/tr-aomp/TheRock/build/math-libs/BLAS/hipBLASLt/stage/lib/hipblaslt/library/TensileLibrary_I8I8_II8_UA_Type_I8I_HPA_ExperimentalStreamK_Contraction_l_Alik_Bjlk_Cijk_Dijk_CU80_gfx942.co
0.3	-- Installing: /work/grodgers/git/tr-aomp/TheRock/build/math-libs/BLAS/hipBLASLt/stage/lib/hipblaslt/library/TensileLibrary_I8I8_I8I8_HA_SAV_UA_Type_I8I8_HPA_Contraction_l_Alik_Bjlk_Cijk_Dijk_CU20_gfx942.co
0.3	-- Installing: /work/grodgers/git/tr-aomp/TheRock/build/math-libs/BLAS/hipBLASLt/stage/lib/hipblaslt/library/TensileLibrary_SS_SS_HA_Bias_SAV_MX_UA_Type_SS_Contraction_l_Alik_Bljk_Cijk_Dijk_gfx942.co
0.3	-- Installing: /work/grodgers/git/tr-aomp/TheRock/build/math-libs/BLAS/hipBLASLt/stage/lib/hipblaslt/library/TensileLibrary_F8NF8N_HF8N_HA_Bias_SAV_UA_Type_F8NH_HPA_Contraction_l_Alik_Bljk_Cijk_Dijk_CU38_gfx942.dat
0.3	-- Installing: /work/grodgers/git/tr-aomp/TheRock/build/math-libs/BLAS/hipBLASLt/stage/lib/hipblaslt/library/TensileLibrary_DD_DD_UA_Type_DD_Contraction_l_Alik_Bljk_Cijk_Dijk_gfx90a.dat
0.3	-- Installing: /work/grodgers/git/tr-aomp/TheRock/build/math-libs/BLAS/hipBLASLt/stage/lib/hipblaslt/library/TensileLibrary_F8NF8N_F8NF8N_HA_Bias_SAB_SCD_SAV_UA_Type_F8NF8N_HPA_Contraction_l_Ailk_Bljk_Cijk_Dijk_gfx942.co
0.3	-- Installing: /work/grodgers/git/tr-aomp/TheRock/build/math-libs/BLAS/hipBLASLt/stage/lib/hipblaslt/library/TensileLibrary_HH_SH_HA_Bias_GG_SAV_UA_Type_HS_HPA_Contraction_l_Alik_Bjlk_Cijk_Dijk_gfx90a.dat
0.3	-- Installing: /work/grodgers/git/tr-aomp/TheRock/build/math-libs/BLAS/hipBLASLt/stage/lib/hipblaslt/library/TensileLibrary_I8I8_II8_HA_SAV_UA_Type_I8I_HPA_Contraction_l_Alik_Bjlk_Cijk_Dijk_gfx942.co
0.3	-- Installing: /work/grodgers/git/tr-aomp/TheRock/build/math-libs/BLAS/hipBLASLt/stage/lib/hipblaslt/library/TensileLibrary_BB_BB_HA_Bias_SAV_Type_BB_HPA_Contraction_l_Ailk_Bjlk_Cijk_Dijk_gfx90a.dat
0.3	-- Installing: /work/grodgers/git/tr-aomp/TheRock/build/math-libs/BLAS/hipBLASLt/stage/lib/hipblaslt/library/TensileLibrary_HH_HH_HA_Bias_Aux_SAV_Type_HH_HPA_Contraction_l_Ailk_Bjlk_Cijk_Dijk_gfx90a.co
0.3	-- Installing: /work/grodgers/git/tr-aomp/TheRock/build/math-libs/BLAS/hipBLASLt/stage/lib/hipblaslt/library/TensileLibrary_B8NF8N_F8NB8F8N_HA_Bias_SAV_UA_Type_B8NF8N_HPA_ExperimentalStreamK_Contraction_l_Ailk_Bljk_Cijk_Dijk_CU228_gfx942.co
0.3	-- Installing: /work/grodgers/git/tr-aomp/TheRock/build/math-libs/BLAS/hipBLASLt/stage/lib/hipblaslt/library/TensileLibrary_HH_HH_HA_Bias_Grad_SAV_Type_HH_HPA_Contraction_l_Alik_Bljk_Cijk_Dijk_gfx942.co
0.3	-- Installing: /work/grodgers/git/tr-aomp/TheRock/build/math-libs/BLAS/hipBLASLt/stage/lib/hipblaslt/library/TensileLibrary_SS_SS_HA_Bias_SAV_Type_SS_Contraction_l_Ailk_Bjlk_Cijk_Dijk_CU64_gfx942.co
0.3	-- Installing: /work/grodgers/git/tr-aomp/TheRock/build/math-libs/BLAS/hipBLASLt/stage/lib/hipblaslt/library/TensileLibrary_SS_SS_HA_Bias_SAV_MX_UA_Type_SS_Contraction_l_Alik_Bjlk_Cijk_Dijk_CU80_gfx942.co
0.3	-- Installing: /work/grodgers/git/tr-aomp/TheRock/build/math-libs/BLAS/hipBLASLt/stage/lib/hipblaslt/library/TensileLibrary_F8NB8N_B8NF8B8N_HA_Bias_SAB_SCD_SAV_UA_Type_F8NB8N_HPA_Contraction_l_Alik_Bjlk_Cijk_Dijk_gfx942.dat
0.3	-- Installing: /work/grodgers/git/tr-aomp/TheRock/build/math-libs/BLAS/hipBLASLt/stage/lib/hipblaslt/library/TensileLibrary_I8I8_I8I8_UA_Type_I8I8_HPA_ExperimentalStreamK_Contraction_l_Ailk_Bljk_Cijk_Dijk_CU20_gfx942.co
0.3	-- Installing: /work/grodgers/git/tr-aomp/TheRock/build/math-libs/BLAS/hipBLASLt/stage/lib/hipblaslt/library/TensileLibrary_BB_BB_UA_Type_BB_HPA_ExperimentalStreamK_Contraction_l_Alik_Bljk_Cijk_Dijk_CU20_gfx942.dat
0.3	-- Installing: /work/grodgers/git/tr-aomp/TheRock/build/math-libs/BLAS/hipBLASLt/stage/lib/hipblaslt/library/TensileLibrary_DD_DD_UA_Type_DD_Contraction_l_Alik_Bljk_Cijk_Dijk_gfx942.dat
0.3	-- Installing: /work/grodgers/git/tr-aomp/TheRock/build/math-libs/BLAS/hipBLASLt/stage/lib/hipblaslt/library/TensileLibrary_B8NF8N_B8NB8F8N_HA_Bias_SAV_UA_Type_B8NB8N_HPA_ExperimentalStreamK_Contraction_l_Ailk_Bljk_Cijk_Dijk_CU228_gfx942.co
0.3	-- Installing: /work/grodgers/git/tr-aomp/TheRock/build/math-libs/BLAS/hipBLASLt/stage/lib/hipblaslt/library/TensileLibrary_I8I8_I8I8_UA_Type_I8I8_HPA_ExperimentalStreamK_Contraction_l_Alik_Bjlk_Cijk_Dijk_CU80_gfx942.co
0.3	-- Installing: /work/grodgers/git/tr-aomp/TheRock/build/math-libs/BLAS/hipBLASLt/stage/lib/hipblaslt/library/TensileLibrary_F8NB8N_SF8B8N_HA_Bias_SAB_SAV_UA_Type_F8NS_HPA_Contraction_l_Ailk_Bljk_Cijk_Dijk_gfx942.dat
0.3	-- Installing: /work/grodgers/git/tr-aomp/TheRock/build/math-libs/BLAS/hipBLASLt/stage/lib/hipblaslt/library/TensileLibrary_SS_SS_UA_Type_SS_ExperimentalStreamK_Contraction_l_Ailk_Bljk_Cijk_Dijk_CU38_gfx942.co
0.3	-- Installing: /work/grodgers/git/tr-aomp/TheRock/build/math-libs/BLAS/hipBLASLt/stage/lib/hipblaslt/library/TensileLibrary_B8NB8N_B8NB8N_HA_Bias_SAV_UA_Type_B8NB8N_HPA_ExperimentalStreamK_Contraction_l_Alik_Bljk_Cijk_Dijk_CU228_gfx942.co
0.3	-- Installing: /work/grodgers/git/tr-aomp/TheRock/build/math-libs/BLAS/hipBLASLt/stage/lib/hipblaslt/library/TensileLibrary_BB_SB_HA_Bias_Aux_SAV_UA_Type_BS_HPA_Contraction_l_Ailk_Bjlk_Cijk_Dijk_gfx942.dat
0.3	-- Installing: /work/grodgers/git/tr-aomp/TheRock/build/math-libs/BLAS/hipBLASLt/stage/lib/hipblaslt/library/TensileLibrary_BB_BB_HA_Bias_SAV_UA_Type_BB_HPA_Contraction_l_Ailk_Bljk_Cijk_Dijk_CU80_gfx942.dat
0.3	-- Installing: /work/grodgers/git/tr-aomp/TheRock/build/math-libs/BLAS/hipBLASLt/stage/lib/hipblaslt/library/TensileLibrary_B8NB8N_F8NB8N_HA_Bias_SAV_UA_Type_B8NF8N_HPA_ExperimentalStreamK_Contraction_l_Ailk_Bljk_Cijk_Dijk_CU228_gfx942.dat
0.3	-- Installing: /work/grodgers/git/tr-aomp/TheRock/build/math-libs/BLAS/hipBLASLt/stage/lib/hipblaslt/library/TensileLibrary_I8I8_I8I8_UA_Type_I8I8_HPA_ExperimentalStreamK_Contraction_l_Alik_Bljk_Cijk_Dijk_CU64_gfx942.co
0.3	-- Installing: /work/grodgers/git/tr-aomp/TheRock/build/math-libs/BLAS/hipBLASLt/stage/lib/hipblaslt/library/TensileLibrary_F8NF8N_BF8N_STA_SAB_UA_Type_F8NB_HPA_Contraction_l_Alik_Bljk_Cijk_Dijk_gfx942.dat
0.3	-- Installing: /work/grodgers/git/tr-aomp/TheRock/build/math-libs/BLAS/hipBLASLt/stage/lib/hipblaslt/library/TensileLibrary_HH_HH_HA_Bias_Grad_SAV_Type_HH_HPA_Contraction_l_Ailk_Bjlk_Cijk_Dijk_gfx90a.co
0.3	-- Installing: /work/grodgers/git/tr-aomp/TheRock/build/math-libs/BLAS/hipBLASLt/stage/lib/hipblaslt/library/TensileLibrary_HH_HH_HA_Bias_GG_SAV_UA_Type_HH_HPA_Contraction_l_Ailk_Bjlk_Cijk_Dijk_gfx908.co
0.3	-- Installing: /work/grodgers/git/tr-aomp/TheRock/build/math-libs/BLAS/hipBLASLt/stage/lib/hipblaslt/library/TensileLibrary_HH_HH_UA_Type_HH_HPA_ExperimentalStreamK_Contraction_l_Alik_Bjlk_Cijk_Dijk_CU20_gfx942.dat
0.3	-- Installing: /work/grodgers/git/tr-aomp/TheRock/build/math-libs/BLAS/hipBLASLt/stage/lib/hipblaslt/library/TensileLibrary_SS_SS_HA_Bias_SAV_UA_Type_SS_Contraction_l_Alik_Bjlk_Cijk_Dijk_gfx908.dat
0.3	-- Installing: /work/grodgers/git/tr-aomp/TheRock/build/math-libs/BLAS/hipBLASLt/stage/lib/hipblaslt/library/TensileLibrary_BB_SB_HA_STA_Bias_SAV_UA_Type_BS_HPA_Contraction_l_Alik_Bljk_Cijk_Dijk_CU80_gfx942.dat
0.3	-- Installing: /work/grodgers/git/tr-aomp/TheRock/build/math-libs/BLAS/hipBLASLt/stage/lib/hipblaslt/library/TensileLibrary_HF8N_HH_UA_Type_HH_HPA_Contraction_l_Ailk_Bljk_Cijk_Dijk_gfx942.dat
0.3	-- Installing: /work/grodgers/git/tr-aomp/TheRock/build/math-libs/BLAS/hipBLASLt/stage/lib/hipblaslt/library/TensileLibrary_HH_HH_UA_Type_HH_HPA_ExperimentalStreamK_Contraction_l_Alik_Bljk_Cijk_Dijk_CU20_gfx942.co
0.4	-- Installing: /work/grodgers/git/tr-aomp/TheRock/build/math-libs/BLAS/hipBLASLt/stage/lib/hipblaslt/library/TensileLibrary_BB_SB_HA_Bias_SAV_UA_Type_BS_HPA_ExperimentalStreamK_Contraction_l_Alik_Bjlk_Cijk_Dijk_CU228_gfx942.dat
0.4	-- Installing: /work/grodgers/git/tr-aomp/TheRock/build/math-libs/BLAS/hipBLASLt/stage/lib/hipblaslt/library/TensileLibrary_HH_SH_HA_Bias_SAV_UA_Type_HS_HPA_Contraction_l_Alik_Bljk_Cijk_Dijk_CU38_gfx942.co
0.4	-- Installing: /work/grodgers/git/tr-aomp/TheRock/build/math-libs/BLAS/hipBLASLt/stage/lib/hipblaslt/library/TensileLibrary_F8NF8N_HF8N_HA_Bias_SAB_SAV_UA_Type_F8NH_HPA_Contraction_l_Alik_Bjlk_Cijk_Dijk_gfx942.dat
0.4	-- Installing: /work/grodgers/git/tr-aomp/TheRock/build/math-libs/BLAS/hipBLASLt/stage/lib/hipblaslt/library/TensileLibrary_BB_BB_UA_Type_BB_HPA_Contraction_l_Ailk_Bljk_Cijk_Dijk_CU64_gfx942.co
0.4	-- Installing: /work/grodgers/git/tr-aomp/TheRock/build/math-libs/BLAS/hipBLASLt/stage/lib/hipblaslt/library/TensileLibrary_SS_SS_HA_Bias_SAV_UA_Type_SS_ExperimentalStreamK_Contraction_l_Ailk_Bljk_Cijk_Dijk_CU228_gfx942.co
0.4	-- Installing: /work/grodgers/git/tr-aomp/TheRock/build/math-libs/BLAS/hipBLASLt/stage/lib/hipblaslt/library/TensileLibrary_SS_SS_HA_Bias_SAV_UA_Type_SS_ExperimentalStreamK_Contraction_l_Ailk_Bjlk_Cijk_Dijk_CU228_gfx942.co
0.4	-- Installing: /work/grodgers/git/tr-aomp/TheRock/build/math-libs/BLAS/hipBLASLt/stage/lib/hipblaslt/library/TensileLibrary_B8NB8N_BB8N_HA_Bias_SAB_SAV_UA_Type_B8NB_HPA_Contraction_l_Alik_Bljk_Cijk_Dijk_gfx942.co
0.4	-- Installing: /work/grodgers/git/tr-aomp/TheRock/build/math-libs/BLAS/hipBLASLt/stage/lib/hipblaslt/library/TensileLibrary_B8NB8N_HB8N_HA_Bias_SAB_SAV_UA_Type_B8NH_HPA_Contraction_l_Alik_Bjlk_Cijk_Dijk_gfx942.dat
0.4	-- Installing: /work/grodgers/git/tr-aomp/TheRock/build/math-libs/BLAS/hipBLASLt/stage/lib/hipblaslt/library/TensileLibrary_SS_SS_HA_Bias_SAV_Type_SS_Contraction_l_Ailk_Bjlk_Cijk_Dijk_CU104_gfx90a.dat
0.4	-- Installing: /work/grodgers/git/tr-aomp/TheRock/build/math-libs/BLAS/hipBLASLt/stage/lib/hipblaslt/library/TensileLibrary_HH_HH_UA_Type_HH_HPA_Contraction_l_Ailk_Bljk_Cijk_Dijk_CU80_gfx942.dat
0.4	-- Installing: /work/grodgers/git/tr-aomp/TheRock/build/math-libs/BLAS/hipBLASLt/stage/lib/hipblaslt/library/TensileLibrary_HH_SH_HA_Bias_SAV_UA_Type_HS_HPA_Contraction_l_Ailk_Bljk_Cijk_Dijk_CU20_gfx942.co
0.4	-- Installing: /work/grodgers/git/tr-aomp/TheRock/build/math-libs/BLAS/hipBLASLt/stage/lib/hipblaslt/library/TensileLibrary_B8NB8N_BB8N_HA_Bias_SAB_SAV_UA_Type_B8NB_HPA_Contraction_l_Ailk_Bjlk_Cijk_Dijk_gfx942.co
0.4	-- Installing: /work/grodgers/git/tr-aomp/TheRock/build/math-libs/BLAS/hipBLASLt/stage/lib/hipblaslt/library/TensileLibrary_B8NB8N_SB8N_HA_Bias_SAB_SAV_UA_Type_B8NS_HPA_Contraction_l_Alik_Bljk_Cijk_Dijk_gfx942.co
0.4	-- Installing: /work/grodgers/git/tr-aomp/TheRock/build/math-libs/BLAS/hipBLASLt/stage/lib/hipblaslt/library/TensileLibrary_F8NF8N_HF8N_HA_Bias_SAB_SAV_UA_Type_F8NH_HPA_Contraction_l_Alik_Bjlk_Cijk_Dijk_gfx942.co
0.4	-- Installing: /work/grodgers/git/tr-aomp/TheRock/build/math-libs/BLAS/hipBLASLt/stage/lib/hipblaslt/library/TensileLibrary_HH_HH_UA_Type_HH_HPA_Contraction_l_Ailk_Bjlk_Cijk_Dijk_gfx942.co
0.4	-- Installing: /work/grodgers/git/tr-aomp/TheRock/build/math-libs/BLAS/hipBLASLt/stage/lib/hipblaslt/library/TensileLibrary_HF8N_HH_HA_Bias_SAB_SAV_UA_Type_HH_HPA_Contraction_l_Alik_Bjlk_Cijk_Dijk_gfx942.co
0.4	-- Installing: /work/grodgers/git/tr-aomp/TheRock/build/math-libs/BLAS/hipBLASLt/stage/lib/hipblaslt/library/TensileLibrary_HH_SH_HA_Bias_GG_SAV_UA_Type_HS_HPA_Contraction_l_Ailk_Bljk_Cijk_Dijk_gfx942.co
0.4	-- Installing: /work/grodgers/git/tr-aomp/TheRock/build/math-libs/BLAS/hipBLASLt/stage/lib/hipblaslt/library/TensileLibrary_B8NF8N_F8NB8F8N_HA_Bias_SAB_SCD_SAV_UA_Type_B8NF8N_HPA_Contraction_l_Alik_Bljk_Cijk_Dijk_gfx942.dat
0.4	-- Installing: /work/grodgers/git/tr-aomp/TheRock/build/math-libs/BLAS/hipBLASLt/stage/lib/hipblaslt/library/TensileLibrary_F8NH_SH_HA_Bias_SAB_SAV_UA_Type_F8NS_HPA_Contraction_l_Alik_Bljk_Cijk_Dijk_gfx942.dat
0.4	-- Installing: /work/grodgers/git/tr-aomp/TheRock/build/math-libs/BLAS/hipBLASLt/stage/lib/hipblaslt/library/TensileLibrary_B8NF8N_SB8F8N_HA_Bias_SAV_UA_Type_B8NS_HPA_ExperimentalStreamK_Contraction_l_Ailk_Bjlk_Cijk_Dijk_CU228_gfx942.co
0.4	-- Installing: /work/grodgers/git/tr-aomp/TheRock/build/math-libs/BLAS/hipBLASLt/stage/lib/hipblaslt/library/TensileLibrary_I8I8_I8I8_HA_SAV_UA_Type_I8I8_HPA_Contraction_l_Ailk_Bjlk_Cijk_Dijk_gfx942.co
0.4	-- Installing: /work/grodgers/git/tr-aomp/TheRock/build/math-libs/BLAS/hipBLASLt/stage/lib/hipblaslt/library/TensileLibrary_HH_SH_HA_Bias_SAV_UA_Type_HS_HPA_Contraction_l_Ailk_Bjlk_Cijk_Dijk_CU80_gfx942.co
0.4	-- Installing: /work/grodgers/git/tr-aomp/TheRock/build/math-libs/BLAS/hipBLASLt/stage/lib/hipblaslt/library/TensileLibrary_HH_HH_HA_Bias_SAV_UA_Type_HH_HPA_Contraction_l_Ailk_Bjlk_Cijk_Dijk_CU228_gfx942.co
0.4	-- Installing: /work/grodgers/git/tr-aomp/TheRock/build/math-libs/BLAS/hipBLASLt/stage/lib/hipblaslt/library/TensileLibrary_SS_SS_HA_Bias_SAV_Type_SS_Contraction_l_Ailk_Bljk_Cijk_Dijk_CU104_gfx90a.dat
0.4	-- Installing: /work/grodgers/git/tr-aomp/TheRock/build/math-libs/BLAS/hipBLASLt/stage/lib/hipblaslt/library/TensileLibrary_I8I8_I8I8_HA_SAV_UA_Type_I8I8_HPA_Contraction_l_Ailk_Bljk_Cijk_Dijk_CU80_gfx942.co
0.4	-- Installing: /work/grodgers/git/tr-aomp/TheRock/build/math-libs/BLAS/hipBLASLt/stage/lib/hipblaslt/library/TensileLibrary_HH_HH_Bias_SAV_UA_Type_HH_HPA_Contraction_l_Alik_Bljk_Cijk_Dijk_gfx908.co
0.4	-- Installing: /work/grodgers/git/tr-aomp/TheRock/build/math-libs/BLAS/hipBLASLt/stage/lib/hipblaslt/library/TensileLibrary_BB_BB_UA_Type_BB_HPA_Contraction_l_Ailk_Bljk_Cijk_Dijk_CU104_gfx90a.dat
0.4	-- Installing: /work/grodgers/git/tr-aomp/TheRock/build/math-libs/BLAS/hipBLASLt/stage/lib/hipblaslt/library/TensileLibrary_B8NF8N_B8NB8F8N_HA_Bias_SAV_UA_Type_B8NB8N_HPA_ExperimentalStreamK_Contraction_l_Alik_Bljk_Cijk_Dijk_CU228_gfx942.co
0.4	-- Installing: /work/grodgers/git/tr-aomp/TheRock/build/math-libs/BLAS/hipBLASLt/stage/lib/hipblaslt/library/TensileLibrary_F8NF8N_SF8N_HA_Bias_SAV_UA_Type_F8NS_HPA_ExperimentalStreamK_Contraction_l_Ailk_Bljk_Cijk_Dijk_CU228_gfx942.co
0.4	-- Installing: /work/grodgers/git/tr-aomp/TheRock/build/math-libs/BLAS/hipBLASLt/stage/lib/hipblaslt/library/TensileLibrary_F8NH_HH_HA_Bias_SAB_SAV_UA_Type_F8NH_HPA_Contraction_l_Ailk_Bjlk_Cijk_Dijk_gfx942.co
0.4	-- Installing: /work/grodgers/git/tr-aomp/TheRock/build/math-libs/BLAS/hipBLASLt/stage/lib/hipblaslt/library/TensileLibrary_HH_HH_HA_Bias_Aux_SAV_UA_Type_HH_HPA_Contraction_l_Alik_Bljk_Cijk_Dijk_gfx908.co
0.4	-- Installing: /work/grodgers/git/tr-aomp/TheRock/build/math-libs/BLAS/hipBLASLt/stage/lib/hipblaslt/library/TensileLibrary_F8NB8N_SF8B8N_HA_Bias_SAV_UA_Type_F8NS_HPA_ExperimentalStreamK_Contraction_l_Alik_Bljk_Cijk_Dijk_CU228_gfx942.dat
0.4	-- Installing: /work/grodgers/git/tr-aomp/TheRock/build/math-libs/BLAS/hipBLASLt/stage/lib/hipblaslt/library/TensileLibrary_I8I8_I8I8_UA_Type_I8I8_HPA_ExperimentalStreamK_Contraction_l_Alik_Bjlk_Cijk_Dijk_CU64_gfx942.co
0.4	-- Installing: /work/grodgers/git/tr-aomp/TheRock/build/math-libs/BLAS/hipBLASLt/stage/lib/hipblaslt/library/TensileLibrary_SS_SS_HA_Bias_SAV_UA_Type_SS_Contraction_l_Ailk_Bljk_Cijk_Dijk_CU38_gfx942.dat
0.4	-- Installing: /work/grodgers/git/tr-aomp/TheRock/build/math-libs/BLAS/hipBLASLt/stage/lib/hipblaslt/library/TensileLibrary_HF8N_HH_HA_Bias_GG_SAB_SAV_UA_Type_HH_HPA_Contraction_l_Ailk_Bljk_Cijk_Dijk_gfx942.dat
0.4	-- Installing: /work/grodgers/git/tr-aomp/TheRock/build/math-libs/BLAS/hipBLASLt/stage/lib/hipblaslt/library/TensileLibrary_HH_HH_Bias_SAV_Type_HH_HPA_Contraction_l_Alik_Bjlk_Cijk_Dijk_gfx90a.co
0.4	-- Installing: /work/grodgers/git/tr-aomp/TheRock/build/math-libs/BLAS/hipBLASLt/stage/lib/hipblaslt/library/TensileLibrary_F8NB8N_BF8B8N_HA_Bias_SAB_SAV_UA_Type_F8NB_HPA_Contraction_l_Ailk_Bljk_Cijk_Dijk_gfx942.dat
0.4	-- Installing: /work/grodgers/git/tr-aomp/TheRock/build/math-libs/BLAS/hipBLASLt/stage/lib/hipblaslt/library/TensileLibrary_HH_SH_GG_UA_Type_HS_HPA_Contraction_l_Ailk_Bjlk_Cijk_Dijk_gfx90a.co
0.4	-- Installing: /work/grodgers/git/tr-aomp/TheRock/build/math-libs/BLAS/hipBLASLt/stage/lib/hipblaslt/library/TensileLibrary_BB_BB_HA_Bias_SAV_UA_Type_BB_HPA_ExperimentalStreamK_Contraction_l_Alik_Bjlk_Cijk_Dijk_CU228_gfx942.dat
0.4	-- Installing: /work/grodgers/git/tr-aomp/TheRock/build/math-libs/BLAS/hipBLASLt/stage/lib/hipblaslt/library/TensileLibrary_SS_SS_HA_Bias_SAV_UA_Type_SS_Contraction_l_Ailk_Bljk_Cijk_Dijk_CU80_gfx942.co
0.4	-- Installing: /work/grodgers/git/tr-aomp/TheRock/build/math-libs/BLAS/hipBLASLt/stage/lib/hipblaslt/library/TensileLibrary_I8I8_II8_UA_Type_I8I_HPA_ExperimentalStreamK_Contraction_l_Ailk_Bjlk_Cijk_Dijk_gfx942.co
0.4	-- Installing: /work/grodgers/git/tr-aomp/TheRock/build/math-libs/BLAS/hipBLASLt/stage/lib/hipblaslt/library/TensileLibrary_B8NB8N_SB8N_HA_Bias_SAB_SAV_UA_Type_B8NS_HPA_Contraction_l_Ailk_Bjlk_Cijk_Dijk_gfx942.co
0.4	-- Installing: /work/grodgers/git/tr-aomp/TheRock/build/math-libs/BLAS/hipBLASLt/stage/lib/hipblaslt/library/TensileLibrary_F8NB8N_SF8B8N_Bias_SAB_SAV_UA_Type_F8NS_HPA_Contraction_l_Ailk_Bjlk_Cijk_Dijk_gfx942.co
0.4	-- Installing: /work/grodgers/git/tr-aomp/TheRock/build/math-libs/BLAS/hipBLASLt/stage/lib/hipblaslt/library/TensileLibrary_BB_BB_HA_Bias_SAV_Type_BB_HPA_Contraction_l_Alik_Bljk_Cijk_Dijk_CU104_gfx90a.dat
0.4	-- Installing: /work/grodgers/git/tr-aomp/TheRock/build/math-libs/BLAS/hipBLASLt/stage/lib/hipblaslt/library/TensileLibrary_I8I8_II8_UA_Type_I8I_HPA_ExperimentalStreamK_Contraction_l_Ailk_Bljk_Cijk_Dijk_CU80_gfx942.co
0.4	-- Installing: /work/grodgers/git/tr-aomp/TheRock/build/math-libs/BLAS/hipBLASLt/stage/lib/hipblaslt/library/TensileLibrary_SS_SS_HA_Bias_SAV_MX_UA_Type_SS_Contraction_l_Ailk_Bjlk_Cijk_Dijk_gfx942.co
0.4	-- Installing: /work/grodgers/git/tr-aomp/TheRock/build/math-libs/BLAS/hipBLASLt/stage/lib/hipblaslt/library/TensileLibrary_F8NF8N_B8NF8N_HA_Bias_SAB_SCD_SAV_UA_Type_F8NB8N_HPA_Contraction_l_Ailk_Bjlk_Cijk_Dijk_gfx942.dat
0.4	-- Installing: /work/grodgers/git/tr-aomp/TheRock/build/math-libs/BLAS/hipBLASLt/stage/lib/hipblaslt/library/TensileLibrary_I8I8_II8_Type_I8I_HPA_Contraction_l_Alik_Bjlk_Cijk_Dijk_gfx908.co
0.4	-- Installing: /work/grodgers/git/tr-aomp/TheRock/build/math-libs/BLAS/hipBLASLt/stage/lib/hipblaslt/library/TensileLibrary_HH_HH_HA_Bias_SAV_Type_HH_HPA_Contraction_l_Ailk_Bjlk_Cijk_Dijk_gfx90a.co
0.4	-- Installing: /work/grodgers/git/tr-aomp/TheRock/build/math-libs/BLAS/hipBLASLt/stage/lib/hipblaslt/library/TensileLibrary_HH_SH_UA_Type_HS_HPA_ExperimentalStreamK_Contraction_l_Alik_Bjlk_Cijk_Dijk_CU38_gfx942.dat
0.4	-- Installing: /work/grodgers/git/tr-aomp/TheRock/build/math-libs/BLAS/hipBLASLt/stage/lib/hipblaslt/library/TensileLibrary_F8NF8N_HF8N_HA_STA_Bias_SAB_SAV_UA_Type_F8NH_HPA_Contraction_l_Alik_Bljk_Cijk_Dijk_gfx942.dat
0.4	-- Installing: /work/grodgers/git/tr-aomp/TheRock/build/math-libs/BLAS/hipBLASLt/stage/lib/hipblaslt/library/TensileLibrary_SS_SS_Bias_UA_Type_SS_Contraction_l_Ailk_Bjlk_Cijk_Dijk_gfx942.co
0.4	-- Installing: /work/grodgers/git/tr-aomp/TheRock/build/math-libs/BLAS/hipBLASLt/stage/lib/hipblaslt/library/TensileLibrary_HH_SH_HA_Bias_SAV_UA_Type_HS_HPA_Contraction_l_Ailk_Bjlk_Cijk_Dijk_CU20_gfx942.co
0.4	-- Installing: /work/grodgers/git/tr-aomp/TheRock/build/math-libs/BLAS/hipBLASLt/stage/lib/hipblaslt/library/TensileLibrary_F8NB8N_B8NF8B8N_HA_Bias_SAV_UA_Type_F8NB8N_HPA_ExperimentalStreamK_Contraction_l_Alik_Bljk_Cijk_Dijk_CU228_gfx942.dat
0.4	-- Installing: /work/grodgers/git/tr-aomp/TheRock/build/math-libs/BLAS/hipBLASLt/stage/lib/hipblaslt/library/TensileLibrary_HH_SH_HA_Bias_GG_SAV_UA_Type_HS_HPA_Contraction_l_Ailk_Bjlk_Cijk_Dijk_gfx942.co
0.4	-- Installing: /work/grodgers/git/tr-aomp/TheRock/build/math-libs/BLAS/hipBLASLt/stage/lib/hipblaslt/library/TensileLibrary_SS_SS_HA_Bias_SAV_UA_Type_SS_Contraction_l_Ailk_Bljk_Cijk_Dijk_CU38_gfx942.co
0.4	-- Installing: /work/grodgers/git/tr-aomp/TheRock/build/math-libs/BLAS/hipBLASLt/stage/lib/hipblaslt/library/TensileLibrary_I8I8_II8_UA_Type_I8I_HPA_ExperimentalStreamK_Contraction_l_Alik_Bjlk_Cijk_Dijk_CU20_gfx942.dat
0.4	-- Installing: /work/grodgers/git/tr-aomp/TheRock/build/math-libs/BLAS/hipBLASLt/stage/lib/hipblaslt/library/TensileLibrary_F8NF8N_HF8N_HA_Bias_SAV_UA_Type_F8NH_HPA_ExperimentalStreamK_Contraction_l_Ailk_Bjlk_Cijk_Dijk_CU228_gfx942.dat
0.4	-- Installing: /work/grodgers/git/tr-aomp/TheRock/build/math-libs/BLAS/hipBLASLt/stage/lib/hipblaslt/library/TensileLibrary_HH_HH_HA_Bias_SAV_UA_Type_HH_HPA_Contraction_l_Alik_Bljk_Cijk_Dijk_gfx908.co
0.4	-- Installing: /work/grodgers/git/tr-aomp/TheRock/build/math-libs/BLAS/hipBLASLt/stage/lib/hipblaslt/library/TensileLibrary_HH_HH_HA_Bias_SAV_UA_Type_HH_HPA_Contraction_l_Ailk_Bjlk_Cijk_Dijk_CU20_gfx942.dat
0.4	-- Installing: /work/grodgers/git/tr-aomp/TheRock/build/math-libs/BLAS/hipBLASLt/stage/lib/hipblaslt/library/TensileLibrary_HH_HH_HA_Bias_Aux_SAV_UA_Type_HH_HPA_Contraction_l_Ailk_Bjlk_Cijk_Dijk_gfx942.co
0.4	-- Installing: /work/grodgers/git/tr-aomp/TheRock/build/math-libs/BLAS/hipBLASLt/stage/lib/hipblaslt/library/TensileLibrary_HH_HB8F8N_HA_Bias_SAV_UA_Type_HH_HPA_Contraction_l_Ailk_Bljk_Cijk_Dijk_gfx942.dat
0.4	-- Installing: /work/grodgers/git/tr-aomp/TheRock/build/math-libs/BLAS/hipBLASLt/stage/lib/hipblaslt/library/TensileLibrary_F8NH_F8NH_HA_Bias_SAB_SCD_SAV_Type_F8NF8N_HPA_Contraction_l_Alik_Bjlk_Cijk_Dijk_gfx942.co
0.5	-- Installing: /work/grodgers/git/tr-aomp/TheRock/build/math-libs/BLAS/hipBLASLt/stage/lib/hipblaslt/library/TensileLibrary_BB_BB_UA_Type_BB_HPA_Contraction_l_Ailk_Bjlk_Cijk_Dijk_CU80_gfx942.co
0.5	-- Installing: /work/grodgers/git/tr-aomp/TheRock/build/math-libs/BLAS/hipBLASLt/stage/lib/hipblaslt/library/TensileLibrary_HH_HH_HA_Bias_SAV_UA_Type_HH_HPA_Contraction_l_Alik_Bjlk_Cijk_Dijk_CU80_gfx942.dat
0.5	-- Installing: /work/grodgers/git/tr-aomp/TheRock/build/math-libs/BLAS/hipBLASLt/stage/lib/hipblaslt/library/TensileLibrary_I8I8_I8I8_HA_SAV_UA_Type_I8I8_HPA_Contraction_l_Ailk_Bjlk_Cijk_Dijk_CU20_gfx942.dat
0.5	-- Installing: /work/grodgers/git/tr-aomp/TheRock/build/math-libs/BLAS/hipBLASLt/stage/lib/hipblaslt/library/TensileLibrary_HH_SH_HA_Bias_SAV_UA_Type_HS_HPA_ExperimentalStreamK_Contraction_l_Ailk_Bjlk_Cijk_Dijk_CU228_gfx942.dat
0.5	-- Installing: /work/grodgers/git/tr-aomp/TheRock/build/math-libs/BLAS/hipBLASLt/stage/lib/hipblaslt/library/TensileLibrary_I8I8_II8_Type_I8I_HPA_Contraction_l_Ailk_Bljk_Cijk_Dijk_gfx908.co
0.5	-- Installing: /work/grodgers/git/tr-aomp/TheRock/build/math-libs/BLAS/hipBLASLt/stage/lib/hipblaslt/library/TensileLibrary_SS_SS_UA_Type_SS_ExperimentalStreamK_Contraction_l_Ailk_Bjlk_Cijk_Dijk_CU80_gfx942.dat
0.5	-- Installing: /work/grodgers/git/tr-aomp/TheRock/build/math-libs/BLAS/hipBLASLt/stage/lib/hipblaslt/library/TensileLibrary_F8NF8N_BF8N_UA_Type_F8NB_HPA_Contraction_l_Ailk_Bljk_Cijk_Dijk_gfx942.co
0.5	-- Installing: /work/grodgers/git/tr-aomp/TheRock/build/math-libs/BLAS/hipBLASLt/stage/lib/hipblaslt/library/TensileLibrary_BB_SB_HA_Bias_SAV_UA_Type_BS_HPA_ExperimentalStreamK_Contraction_l_Alik_Bljk_Cijk_Dijk_CU228_gfx942.co
0.5	-- Installing: /work/grodgers/git/tr-aomp/TheRock/build/math-libs/BLAS/hipBLASLt/stage/lib/hipblaslt/library/TensileLibrary_HH_HH_HA_Bias_Grad_SAV_UA_Type_HH_HPA_Contraction_l_Ailk_Bjlk_Cijk_Dijk_gfx908.co
0.5	-- Installing: /work/grodgers/git/tr-aomp/TheRock/build/math-libs/BLAS/hipBLASLt/stage/lib/hipblaslt/library/TensileLibrary_F8NH_SH_HA_Bias_SAB_SAV_UA_Type_F8NS_HPA_Contraction_l_Ailk_Bjlk_Cijk_Dijk_gfx942.co
0.5	-- Installing: /work/grodgers/git/tr-aomp/TheRock/build/math-libs/BLAS/hipBLASLt/stage/lib/hipblaslt/library/TensileLibrary_BB_BB_HA_Bias_SAV_Type_BB_HPA_Contraction_l_Ailk_Bjlk_Cijk_Dijk_CU104_gfx90a.dat
0.5	-- Installing: /work/grodgers/git/tr-aomp/TheRock/build/math-libs/BLAS/hipBLASLt/stage/lib/hipblaslt/library/TensileLibrary_F8NB8N_SF8B8N_HA_Bias_SAV_UA_Type_F8NS_HPA_ExperimentalStreamK_Contraction_l_Ailk_Bjlk_Cijk_Dijk_CU228_gfx942.co
0.5	-- Installing: /work/grodgers/git/tr-aomp/TheRock/build/math-libs/BLAS/hipBLASLt/stage/lib/hipblaslt/library/TensileLibrary_HH_HH_STA_UA_Type_HH_HPA_Contraction_l_Alik_Bljk_Cijk_Dijk_CU80_gfx942.co
0.5	-- Installing: /work/grodgers/git/tr-aomp/TheRock/build/math-libs/BLAS/hipBLASLt/stage/lib/hipblaslt/library/TensileLibrary_F8NF8N_F8NF8N_HA_Bias_SAV_UA_Type_F8NF8N_HPA_ExperimentalStreamK_Contraction_l_Ailk_Bljk_Cijk_Dijk_CU228_gfx942.dat
0.5	-- Installing: /work/grodgers/git/tr-aomp/TheRock/build/math-libs/BLAS/hipBLASLt/stage/lib/hipblaslt/library/TensileLibrary_I8I8_II8_UA_Type_I8I_HPA_Contraction_l_Alik_Bjlk_Cijk_Dijk_gfx90a.co
0.5	-- Installing: /work/grodgers/git/tr-aomp/TheRock/build/math-libs/BLAS/hipBLASLt/stage/lib/hipblaslt/library/TensileLibrary_HH_HH_HA_Bias_SAV_UA_Type_HH_HPA_ExperimentalStreamK_Contraction_l_Alik_Bljk_Cijk_Dijk_CU228_gfx942.co
0.5	-- Installing: /work/grodgers/git/tr-aomp/TheRock/build/math-libs/BLAS/hipBLASLt/stage/lib/hipblaslt/library/TensileLibrary_SS_SS_HA_Bias_SAV_UA_Type_SS_Contraction_l_Ailk_Bljk_Cijk_Dijk_gfx908.dat
0.5	-- Installing: /work/grodgers/git/tr-aomp/TheRock/build/math-libs/BLAS/hipBLASLt/stage/lib/hipblaslt/library/TensileLibrary_HH_HH_HA_Bias_SAV_UA_Type_HH_HPA_ExperimentalStreamK_Contraction_l_Ailk_Bjlk_Cijk_Dijk_gfx942.dat
0.5	-- Installing: /work/grodgers/git/tr-aomp/TheRock/build/math-libs/BLAS/hipBLASLt/stage/lib/hipblaslt/library/TensileLibrary_HH_HH_HA_Bias_GG_SAV_UA_Type_HH_HPA_Contraction_l_Ailk_Bjlk_Cijk_Dijk_gfx942.dat
0.5	-- Installing: /work/grodgers/git/tr-aomp/TheRock/build/math-libs/BLAS/hipBLASLt/stage/lib/hipblaslt/library/TensileLibrary_HH_HH_HA_Bias_SAV_UA_Type_HH_HPA_ExperimentalStreamK_Contraction_l_Alik_Bjlk_Cijk_Dijk_gfx942.dat
0.5	-- Installing: /work/grodgers/git/tr-aomp/TheRock/build/math-libs/BLAS/hipBLASLt/stage/lib/hipblaslt/library/TensileLibrary_F8NB8N_B8NF8B8N_HA_Bias_SAB_SCD_SAV_UA_Type_F8NB8N_HPA_Contraction_l_Ailk_Bjlk_Cijk_Dijk_gfx942.co
0.5	-- Installing: /work/grodgers/git/tr-aomp/TheRock/build/math-libs/BLAS/hipBLASLt/stage/lib/hipblaslt/library/TensileLibrary_HH_HB_HA_Bias_SAV_UA_Type_HH_HPA_Contraction_l_Alik_Bljk_Cijk_Dijk_gfx90a.dat
0.5	-- Installing: /work/grodgers/git/tr-aomp/TheRock/build/math-libs/BLAS/hipBLASLt/stage/lib/hipblaslt/library/TensileLibrary_HH_HH_HA_Bias_SAV_UA_Type_HH_HPA_ExperimentalStreamK_Contraction_l_Ailk_Bjlk_Cijk_Dijk_CU228_gfx942.co
0.5	-- Installing: /work/grodgers/git/tr-aomp/TheRock/build/math-libs/BLAS/hipBLASLt/stage/lib/hipblaslt/library/TensileLibrary_BB_BB_HA_Bias_SAV_UA_Type_BB_HPA_Contraction_l_Alik_Bjlk_Cijk_Dijk_CU20_gfx942.co
0.5	-- Installing: /work/grodgers/git/tr-aomp/TheRock/build/math-libs/BLAS/hipBLASLt/stage/lib/hipblaslt/library/TensileLibrary_HH_HH_GG_UA_Type_HH_HPA_Contraction_l_Alik_Bjlk_Cijk_Dijk_gfx908.co
0.5	-- Installing: /work/grodgers/git/tr-aomp/TheRock/build/math-libs/BLAS/hipBLASLt/stage/lib/hipblaslt/library/TensileLibrary_B8NF8N_SB8F8N_HA_Bias_SAB_SAV_UA_Type_B8NS_HPA_Contraction_l_Alik_Bjlk_Cijk_Dijk_gfx942.dat
0.5	-- Installing: /work/grodgers/git/tr-aomp/TheRock/build/math-libs/BLAS/hipBLASLt/stage/lib/hipblaslt/library/TensileLibrary_I8I8_II8_HA_SAV_UA_Type_I8I_HPA_Contraction_l_Ailk_Bljk_Cijk_Dijk_gfx90a.dat
0.5	-- Installing: /work/grodgers/git/tr-aomp/TheRock/build/math-libs/BLAS/hipBLASLt/stage/lib/hipblaslt/library/TensileLibrary_I8I8_II8_HA_SAV_UA_Type_I8I_HPA_Contraction_l_Alik_Bljk_Cijk_Dijk_gfx942.dat
0.5	-- Installing: /work/grodgers/git/tr-aomp/TheRock/build/math-libs/BLAS/hipBLASLt/stage/lib/hipblaslt/library/TensileLibrary_BB_BB_HA_Bias_SAV_UA_Type_BB_HPA_Contraction_l_Ailk_Bjlk_Cijk_Dijk_CU38_gfx942.dat
0.5	-- Installing: /work/grodgers/git/tr-aomp/TheRock/build/math-libs/BLAS/hipBLASLt/stage/lib/hipblaslt/library/TensileLibrary_B8NF8N_B8NB8F8N_HA_Bias_SAV_UA_Type_B8NB8N_HPA_ExperimentalStreamK_Contraction_l_Alik_Bljk_Cijk_Dijk_CU228_gfx942.dat
0.5	-- Installing: /work/grodgers/git/tr-aomp/TheRock/build/math-libs/BLAS/hipBLASLt/stage/lib/hipblaslt/library/TensileLibrary_HF8N_SH_HA_Bias_SAB_SAV_UA_Type_HS_HPA_Contraction_l_Alik_Bljk_Cijk_Dijk_gfx942.co
0.5	-- Installing: /work/grodgers/git/tr-aomp/TheRock/build/math-libs/BLAS/hipBLASLt/stage/lib/hipblaslt/library/TensileLibrary_B8NF8N_F8NB8F8N_HA_Bias_SAB_SCD_SAV_UA_Type_B8NF8N_HPA_Contraction_l_Ailk_Bjlk_Cijk_Dijk_gfx942.co
0.5	-- Installing: /work/grodgers/git/tr-aomp/TheRock/build/math-libs/BLAS/hipBLASLt/stage/lib/hipblaslt/library/TensileLibrary_B8NF8N_F8NB8F8N_HA_Bias_SAB_SCD_SAV_UA_Type_B8NF8N_HPA_Contraction_l_Ailk_Bljk_Cijk_Dijk_gfx942.co
0.5	-- Installing: /work/grodgers/git/tr-aomp/TheRock/build/math-libs/BLAS/hipBLASLt/stage/lib/hipblaslt/library/TensileLibrary_B8NF8N_BB8F8N_HA_Bias_SAB_SAV_UA_Type_B8NB_HPA_Contraction_l_Ailk_Bljk_Cijk_Dijk_gfx942.co
0.5	-- Installing: /work/grodgers/git/tr-aomp/TheRock/build/math-libs/BLAS/hipBLASLt/stage/lib/hipblaslt/library/TensileLibrary_F8NF8N_BF8N_HA_Bias_SAV_UA_Type_F8NB_HPA_Contraction_l_Ailk_Bljk_Cijk_Dijk_CU38_gfx942.co
0.5	-- Installing: /work/grodgers/git/tr-aomp/TheRock/build/math-libs/BLAS/hipBLASLt/stage/lib/hipblaslt/library/TensileLibrary_BB_BB_HA_Bias_SAV_UA_Type_BB_HPA_Contraction_l_Ailk_Bjlk_Cijk_Dijk_CU38_gfx942.co
0.5	-- Installing: /work/grodgers/git/tr-aomp/TheRock/build/math-libs/BLAS/hipBLASLt/stage/lib/hipblaslt/library/TensileLibrary_HH_HH_UA_Type_HH_HPA_ExperimentalStreamK_Contraction_l_Alik_Bljk_Cijk_Dijk_CU38_gfx942.dat
0.5	-- Installing: /work/grodgers/git/tr-aomp/TheRock/build/math-libs/BLAS/hipBLASLt/stage/lib/hipblaslt/library/TensileLibrary_F8NH_HH_GG_SAB_UA_Type_F8NH_HPA_Contraction_l_Ailk_Bljk_Cijk_Dijk_gfx942.co
0.5	-- Installing: /work/grodgers/git/tr-aomp/TheRock/build/math-libs/BLAS/hipBLASLt/stage/lib/hipblaslt/library/TensileLibrary_B8NF8N_SB8F8N_Bias_SAB_SAV_UA_Type_B8NS_HPA_Contraction_l_Alik_Bjlk_Cijk_Dijk_gfx942.dat
0.5	-- Installing: /work/grodgers/git/tr-aomp/TheRock/build/math-libs/BLAS/hipBLASLt/stage/lib/hipblaslt/library/TensileLibrary_BB_BB_UA_Type_BB_HPA_Contraction_l_Ailk_Bjlk_Cijk_Dijk_gfx90a.co
0.5	-- Installing: /work/grodgers/git/tr-aomp/TheRock/build/math-libs/BLAS/hipBLASLt/stage/lib/hipblaslt/library/TensileLibrary_I8I8_I8I8_UA_Type_I8I8_HPA_Contraction_l_Ailk_Bjlk_Cijk_Dijk_gfx90a.dat
0.5	-- Installing: /work/grodgers/git/tr-aomp/TheRock/build/math-libs/BLAS/hipBLASLt/stage/lib/hipblaslt/library/TensileLibrary_HH_SH_HA_Bias_SAV_UA_Type_HS_HPA_Contraction_l_Ailk_Bljk_Cijk_Dijk_CU80_gfx942.dat
0.5	-- Installing: /work/grodgers/git/tr-aomp/TheRock/build/math-libs/BLAS/hipBLASLt/stage/lib/hipblaslt/library/TensileLibrary_I8I8_I8I8_UA_Type_I8I8_HPA_ExperimentalStreamK_Contraction_l_Ailk_Bljk_Cijk_Dijk_CU64_gfx942.dat
0.5	-- Installing: /work/grodgers/git/tr-aomp/TheRock/build/math-libs/BLAS/hipBLASLt/stage/lib/hipblaslt/library/TensileLibrary_F8NB8N_B8NF8B8N_HA_Bias_SAV_UA_Type_F8NB8N_HPA_ExperimentalStreamK_Contraction_l_Ailk_Bjlk_Cijk_Dijk_CU228_gfx942.co
0.5	-- Installing: /work/grodgers/git/tr-aomp/TheRock/build/math-libs/BLAS/hipBLASLt/stage/lib/hipblaslt/library/TensileLibrary_I8I8_I8I8_UA_Type_I8I8_HPA_Contraction_l_Ailk_Bjlk_Cijk_Dijk_CU104_gfx90a.dat
0.5	-- Installing: /work/grodgers/git/tr-aomp/TheRock/build/math-libs/BLAS/hipBLASLt/stage/lib/hipblaslt/library/TensileLibrary_HH_HH_HA_Bias_Grad_SAV_UA_Type_HH_HPA_Contraction_l_Alik_Bljk_Cijk_Dijk_gfx908.dat
0.5	-- Installing: /work/grodgers/git/tr-aomp/TheRock/build/math-libs/BLAS/hipBLASLt/stage/lib/hipblaslt/library/TensileLibrary_HH_SH_HA_Bias_GG_SAV_UA_Type_HS_HPA_Contraction_l_Alik_Bljk_Cijk_Dijk_gfx908.dat
0.5	-- Installing: /work/grodgers/git/tr-aomp/TheRock/build/math-libs/BLAS/hipBLASLt/stage/lib/hipblaslt/library/TensileLibrary_B8NB8N_F8NB8N_HA_Bias_SAV_UA_Type_B8NF8N_HPA_ExperimentalStreamK_Contraction_l_Ailk_Bljk_Cijk_Dijk_CU228_gfx942.co
0.5	-- Installing: /work/grodgers/git/tr-aomp/TheRock/build/math-libs/BLAS/hipBLASLt/stage/lib/hipblaslt/library/TensileLibrary_HH_SH_HA_Bias_Aux_SAV_UA_Type_HS_HPA_Contraction_l_Alik_Bjlk_Cijk_Dijk_gfx942.dat
0.5	-- Installing: /work/grodgers/git/tr-aomp/TheRock/build/math-libs/BLAS/hipBLASLt/stage/lib/hipblaslt/library/TensileLibrary_HH_HH_HA_Bias_SAV_UA_Type_HH_HPA_ExperimentalStreamK_Contraction_l_Ailk_Bjlk_Cijk_Dijk_CU228_gfx942.dat
0.5	-- Installing: /work/grodgers/git/tr-aomp/TheRock/build/math-libs/BLAS/hipBLASLt/stage/lib/hipblaslt/library/TensileLibrary_BB_BB_HA_Bias_SAV_UA_Type_BB_HPA_ExperimentalStreamK_Contraction_l_Ailk_Bjlk_Cijk_Dijk_CU228_gfx942.co
0.5	-- Installing: /work/grodgers/git/tr-aomp/TheRock/build/math-libs/BLAS/hipBLASLt/stage/lib/hipblaslt/library/TensileLibrary_HH_HH_HA_Bias_SAV_UA_Type_HH_HPA_Contraction_l_Alik_Bljk_Cijk_Dijk_gfx942.co
0.5	-- Installing: /work/grodgers/git/tr-aomp/TheRock/build/math-libs/BLAS/hipBLASLt/stage/lib/hipblaslt/library/TensileLibrary_BB_SB_UA_Type_BS_HPA_ExperimentalStreamK_Contraction_l_Ailk_Bljk_Cijk_Dijk_CU20_gfx942.dat
0.5	-- Installing: /work/grodgers/git/tr-aomp/TheRock/build/math-libs/BLAS/hipBLASLt/stage/lib/hipblaslt/library/TensileLibrary_SS_SS_HA_Bias_SAV_UA_Type_SS_ExperimentalStreamK_Contraction_l_Alik_Bljk_Cijk_Dijk_CU228_gfx942.dat
0.5	-- Installing: /work/grodgers/git/tr-aomp/TheRock/build/math-libs/BLAS/hipBLASLt/stage/lib/hipblaslt/library/TensileLibrary_F8NB8N_B8NF8B8N_HA_Bias_SAV_UA_Type_F8NB8N_HPA_ExperimentalStreamK_Contraction_l_Alik_Bljk_Cijk_Dijk_CU228_gfx942.co
0.5	-- Installing: /work/grodgers/git/tr-aomp/TheRock/build/math-libs/BLAS/hipBLASLt/stage/lib/hipblaslt/library/TensileLibrary_HH_SH_UA_Type_HS_HPA_ExperimentalStreamK_Contraction_l_Ailk_Bljk_Cijk_Dijk_CU20_gfx942.dat
0.5	-- Installing: /work/grodgers/git/tr-aomp/TheRock/build/math-libs/BLAS/hipBLASLt/stage/lib/hipblaslt/library/TensileLibrary_HH_HH_UA_Type_HH_HPA_ExperimentalStreamK_Contraction_l_Alik_Bljk_Cijk_Dijk_CU80_gfx942.dat
0.5	-- Installing: /work/grodgers/git/tr-aomp/TheRock/build/math-libs/BLAS/hipBLASLt/stage/lib/hipblaslt/library/TensileLibrary_HH_HH_GG_UA_Type_HH_HPA_Contraction_l_Ailk_Bjlk_Cijk_Dijk_gfx90a.co
0.5	-- Installing: /work/grodgers/git/tr-aomp/TheRock/build/math-libs/BLAS/hipBLASLt/stage/lib/hipblaslt/library/TensileLibrary_BB_BB_HA_Bias_SAV_UA_Type_BB_HPA_Contraction_l_Alik_Bjlk_Cijk_Dijk_CU80_gfx942.co
0.5	-- Installing: /work/grodgers/git/tr-aomp/TheRock/build/math-libs/BLAS/hipBLASLt/stage/lib/hipblaslt/library/TensileLibrary_B8NB8N_F8NB8N_HA_Bias_SAV_UA_Type_B8NF8N_HPA_ExperimentalStreamK_Contraction_l_Alik_Bjlk_Cijk_Dijk_CU228_gfx942.co
0.5	-- Installing: /work/grodgers/git/tr-aomp/TheRock/build/math-libs/BLAS/hipBLASLt/stage/lib/hipblaslt/library/TensileLibrary_I8I8_I8I8_UA_Type_I8I8_HPA_Contraction_l_Alik_Bjlk_Cijk_Dijk_CU104_gfx90a.co
0.5	-- Installing: /work/grodgers/git/tr-aomp/TheRock/build/math-libs/BLAS/hipBLASLt/stage/lib/hipblaslt/library/TensileLiteLibrary_lazy_Mapping.dat
0.5	-- Installing: /work/grodgers/git/tr-aomp/TheRock/build/math-libs/BLAS/hipBLASLt/stage/lib/hipblaslt/library/TensileLibrary_HH_SH_HA_Bias_Aux_SAV_UA_Type_HS_HPA_Contraction_l_Ailk_Bljk_Cijk_Dijk_gfx908.co
0.5	-- Installing: /work/grodgers/git/tr-aomp/TheRock/build/math-libs/BLAS/hipBLASLt/stage/lib/hipblaslt/library/TensileLibrary_F8NF8N_F8NF8N_HA_Bias_SAV_UA_Type_F8NF8N_HPA_ExperimentalStreamK_Contraction_l_Ailk_Bjlk_Cijk_Dijk_CU228_gfx942.co
0.5	-- Installing: /work/grodgers/git/tr-aomp/TheRock/build/math-libs/BLAS/hipBLASLt/stage/lib/hipblaslt/library/TensileLibrary_F8NB8N_SF8B8N_HA_Bias_SAB_SAV_UA_Type_F8NS_HPA_Contraction_l_Alik_Bjlk_Cijk_Dijk_gfx942.dat
0.5	-- Installing: /work/grodgers/git/tr-aomp/TheRock/build/math-libs/BLAS/hipBLASLt/stage/lib/hipblaslt/library/TensileLibrary_HH_SH_UA_Type_HS_HPA_ExperimentalStreamK_Contraction_l_Ailk_Bjlk_Cijk_Dijk_CU80_gfx942.co
0.5	-- Installing: /work/grodgers/git/tr-aomp/TheRock/build/math-libs/BLAS/hipBLASLt/stage/lib/hipblaslt/library/TensileLibrary_BB_BB_UA_Type_BB_HPA_ExperimentalStreamK_Contraction_l_Ailk_Bjlk_Cijk_Dijk_CU38_gfx942.dat
0.5	-- Installing: /work/grodgers/git/tr-aomp/TheRock/build/math-libs/BLAS/hipBLASLt/stage/lib/hipblaslt/library/TensileLibrary_SS_SS_Bias_SAV_UA_Type_SS_Contraction_l_Ailk_Bjlk_Cijk_Dijk_gfx942.dat
0.5	-- Installing: /work/grodgers/git/tr-aomp/TheRock/build/math-libs/BLAS/hipBLASLt/stage/lib/hipblaslt/library/TensileLibrary_F8NF8N_BF8N_HA_Bias_SAB_SAV_UA_Type_F8NB_HPA_Contraction_l_Alik_Bljk_Cijk_Dijk_CU80_gfx942.dat
0.5	-- Installing: /work/grodgers/git/tr-aomp/TheRock/build/math-libs/BLAS/hipBLASLt/stage/lib/hipblaslt/library/TensileLibrary_HH_HH_UA_Type_HH_HPA_Contraction_l_Ailk_Bjlk_Cijk_Dijk_CU80_gfx942.dat
0.5	-- Installing: /work/grodgers/git/tr-aomp/TheRock/build/math-libs/BLAS/hipBLASLt/stage/lib/hipblaslt/library/TensileLibrary_B8NF8N_SB8F8N_HA_Bias_SAV_UA_Type_B8NS_HPA_ExperimentalStreamK_Contraction_l_Alik_Bljk_Cijk_Dijk_CU228_gfx942.dat
0.5	-- Installing: /work/grodgers/git/tr-aomp/TheRock/build/math-libs/BLAS/hipBLASLt/stage/lib/hipblaslt/library/TensileLibrary_HH_HH_HA_Bias_SAV_UA_Type_HH_HPA_Contraction_l_Ailk_Bjlk_Cijk_Dijk_CU38_gfx942.dat
0.5	-- Installing: /work/grodgers/git/tr-aomp/TheRock/build/math-libs/BLAS/hipBLASLt/stage/lib/hipblaslt/library/TensileLibrary_HH_HH_HA_Bias_GG_SAV_UA_Type_HH_HPA_Contraction_l_Ailk_Bjlk_Cijk_Dijk_gfx90a.dat
0.5	-- Installing: /work/grodgers/git/tr-aomp/TheRock/build/math-libs/BLAS/hipBLASLt/stage/lib/hipblaslt/library/TensileLibrary_HF8N_SH_HA_Bias_GG_SAB_SAV_UA_Type_HS_HPA_Contraction_l_Ailk_Bljk_Cijk_Dijk_gfx942.dat
0.5	-- Installing: /work/grodgers/git/tr-aomp/TheRock/build/math-libs/BLAS/hipBLASLt/stage/lib/hipblaslt/library/TensileLibrary_B8NB8N_BB8N_HA_Bias_SAV_UA_Type_B8NB_HPA_ExperimentalStreamK_Contraction_l_Alik_Bjlk_Cijk_Dijk_CU228_gfx942.dat
0.5	-- Installing: /work/grodgers/git/tr-aomp/TheRock/build/math-libs/BLAS/hipBLASLt/stage/lib/hipblaslt/library/TensileLibrary_F8NB8N_BF8B8N_HA_Bias_SAV_UA_Type_F8NB_HPA_ExperimentalStreamK_Contraction_l_Ailk_Bjlk_Cijk_Dijk_CU228_gfx942.dat
0.5	-- Installing: /work/grodgers/git/tr-aomp/TheRock/build/math-libs/BLAS/hipBLASLt/stage/lib/hipblaslt/library/TensileLibrary_BB_BB_HA_Bias_SAV_UA_Type_BB_HPA_Contraction_l_Ailk_Bljk_Cijk_Dijk_gfx942.dat
0.5	-- Installing: /work/grodgers/git/tr-aomp/TheRock/build/math-libs/BLAS/hipBLASLt/stage/lib/hipblaslt/library/TensileLibrary_HH_HH_Bias_SAV_Type_HH_HPA_Contraction_l_Alik_Bljk_Cijk_Dijk_gfx90a.dat
0.5	-- Installing: /work/grodgers/git/tr-aomp/TheRock/build/math-libs/BLAS/hipBLASLt/stage/lib/hipblaslt/library/TensileLibrary_SS_SS_HA_Bias_SAV_MX_UA_Type_SS_Contraction_l_Alik_Bjlk_Cijk_Dijk_gfx942.dat
0.5	-- Installing: /work/grodgers/git/tr-aomp/TheRock/build/math-libs/BLAS/hipBLASLt/stage/lib/hipblaslt/library/TensileLibrary_BB_BB_HA_Bias_SAV_UA_Type_BB_HPA_Contraction_l_Ailk_Bljk_Cijk_Dijk_gfx942.co
0.5	-- Installing: /work/grodgers/git/tr-aomp/TheRock/build/math-libs/BLAS/hipBLASLt/stage/lib/hipblaslt/library/TensileLibrary_B8NB8N_B8NB8N_HA_Bias_SAB_SCD_SAV_UA_Type_B8NB8N_HPA_Contraction_l_Ailk_Bjlk_Cijk_Dijk_gfx942.co
0.5	-- Installing: /work/grodgers/git/tr-aomp/TheRock/build/math-libs/BLAS/hipBLASLt/stage/lib/hipblaslt/library/TensileLibrary_SS_SS_HA_Bias_SAV_MX_UA_Type_SS_Contraction_l_Ailk_Bjlk_Cijk_Dijk_CU80_gfx942.dat
0.5	-- Installing: /work/grodgers/git/tr-aomp/TheRock/build/math-libs/BLAS/hipBLASLt/stage/lib/hipblaslt/library/TensileLibrary_HF8N_F8NH_HA_Bias_SAB_SCD_SAV_Type_HF8N_HPA_Contraction_l_Alik_Bjlk_Cijk_Dijk_gfx942.co
0.5	-- Installing: /work/grodgers/git/tr-aomp/TheRock/build/math-libs/BLAS/hipBLASLt/stage/lib/hipblaslt/library/TensileLibrary_HF8N_SH_GG_SAB_UA_Type_HS_HPA_Contraction_l_Ailk_Bljk_Cijk_Dijk_gfx942.co
0.5	-- Installing: /work/grodgers/git/tr-aomp/TheRock/build/math-libs/BLAS/hipBLASLt/stage/lib/hipblaslt/library/TensileLibrary_F8NB8N_SF8B8N_HA_Bias_SAB_SAV_UA_Type_F8NS_HPA_Contraction_l_Alik_Bljk_Cijk_Dijk_gfx942.dat
0.6	-- Installing: /work/grodgers/git/tr-aomp/TheRock/build/math-libs/BLAS/hipBLASLt/stage/lib/hipblaslt/library/TensileLibrary_BB_BB_HA_Bias_SAV_UA_Type_BB_HPA_Contraction_l_Ailk_Bljk_Cijk_Dijk_CU64_gfx942.co
0.6	-- Installing: /work/grodgers/git/tr-aomp/TheRock/build/math-libs/BLAS/hipBLASLt/stage/lib/hipblaslt/library/TensileLibrary_B8NB8N_HB8N_HA_Bias_SAB_SAV_UA_Type_B8NH_HPA_Contraction_l_Alik_Bljk_Cijk_Dijk_gfx942.co
0.6	-- Installing: /work/grodgers/git/tr-aomp/TheRock/build/math-libs/BLAS/hipBLASLt/stage/lib/hipblaslt/library/TensileLibrary_B8NF8N_F8NB8F8N_HA_Bias_SAV_UA_Type_B8NF8N_HPA_ExperimentalStreamK_Contraction_l_Alik_Bjlk_Cijk_Dijk_CU228_gfx942.dat
0.6	-- Installing: /work/grodgers/git/tr-aomp/TheRock/build/math-libs/BLAS/hipBLASLt/stage/lib/hipblaslt/library/TensileLibrary_HH_HH_HA_Bias_SAV_UA_Type_HH_HPA_Contraction_l_Alik_Bjlk_Cijk_Dijk_CU80_gfx942.co
0.6	-- Installing: /work/grodgers/git/tr-aomp/TheRock/build/math-libs/BLAS/hipBLASLt/stage/lib/hipblaslt/library/TensileLibrary_BB_SB_HA_Bias_SAV_UA_Type_BS_HPA_ExperimentalStreamK_Contraction_l_Ailk_Bljk_Cijk_Dijk_gfx942.co
0.6	-- Installing: /work/grodgers/git/tr-aomp/TheRock/build/math-libs/BLAS/hipBLASLt/stage/lib/hipblaslt/library/TensileLibrary_HH_HH_Bias_SAV_UA_Type_HH_HPA_Contraction_l_Ailk_Bljk_Cijk_Dijk_gfx908.co
0.6	-- Installing: /work/grodgers/git/tr-aomp/TheRock/build/math-libs/BLAS/hipBLASLt/stage/lib/hipblaslt/library/TensileLibrary_B8NB8N_HB8N_HA_Bias_SAB_SAV_UA_Type_B8NH_HPA_Contraction_l_Ailk_Bjlk_Cijk_Dijk_gfx942.dat
0.6	-- Installing: /work/grodgers/git/tr-aomp/TheRock/build/math-libs/BLAS/hipBLASLt/stage/lib/hipblaslt/library/TensileLibrary_HH_HH_Bias_SAV_UA_Type_HH_HPA_Contraction_l_Ailk_Bljk_Cijk_Dijk_gfx908.dat
0.6	-- Installing: /work/grodgers/git/tr-aomp/TheRock/build/math-libs/BLAS/hipBLASLt/stage/lib/hipblaslt/library/TensileLibrary_SS_SS_HA_Bias_SAV_Type_SS_Contraction_l_Ailk_Bljk_Cijk_Dijk_gfx90a.dat
0.6	-- Installing: /work/grodgers/git/tr-aomp/TheRock/build/math-libs/BLAS/hipBLASLt/stage/lib/hipblaslt/library/TensileLibrary_F8NF8N_BF8N_STA_SABV_UA_Type_F8NB_HPA_Contraction_l_Alik_Bljk_Cijk_Dijk_CU80_gfx942.dat
0.6	-- Installing: /work/grodgers/git/tr-aomp/TheRock/build/math-libs/BLAS/hipBLASLt/stage/lib/hipblaslt/library/TensileLibrary_HH_SH_UA_Type_HS_HPA_ExperimentalStreamK_Contraction_l_Alik_Bljk_Cijk_Dijk_CU38_gfx942.dat
0.6	-- Installing: /work/grodgers/git/tr-aomp/TheRock/build/math-libs/BLAS/hipBLASLt/stage/lib/hipblaslt/library/TensileLibrary_BB_SB_HA_Bias_SAV_UA_Type_BS_HPA_ExperimentalStreamK_Contraction_l_Alik_Bljk_Cijk_Dijk_CU228_gfx942.dat
0.6	-- Installing: /work/grodgers/git/tr-aomp/TheRock/build/math-libs/BLAS/hipBLASLt/stage/lib/hipblaslt/library/TensileLibrary_F8NF8N_B8NF8N_HA_Bias_SAV_UA_Type_F8NB8N_HPA_ExperimentalStreamK_Contraction_l_Ailk_Bljk_Cijk_Dijk_CU228_gfx942.dat
0.6	-- Installing: /work/grodgers/git/tr-aomp/TheRock/build/math-libs/BLAS/hipBLASLt/stage/lib/hipblaslt/library/TensileLibrary_SS_SS_HA_Bias_SAV_UA_Type_SS_Contraction_l_Ailk_Bljk_Cijk_Dijk_CU80_gfx942.dat
0.6	-- Installing: /work/grodgers/git/tr-aomp/TheRock/build/math-libs/BLAS/hipBLASLt/stage/lib/hipblaslt/library/TensileLibrary_I8I8_II8_UA_Type_I8I_HPA_ExperimentalStreamK_Contraction_l_Alik_Bljk_Cijk_Dijk_CU38_gfx942.co
0.6	-- Installing: /work/grodgers/git/tr-aomp/TheRock/build/math-libs/BLAS/hipBLASLt/stage/lib/hipblaslt/library/TensileLibrary_SS_SS_HA_Bias_SAV_UA_Type_SS_Contraction_l_Alik_Bljk_Cijk_Dijk_gfx942.co
0.6	-- Installing: /work/grodgers/git/tr-aomp/TheRock/build/math-libs/BLAS/hipBLASLt/stage/lib/hipblaslt/library/TensileLibrary_HH_HH_HA_Bias_GG_SAV_UA_Type_HH_HPA_Contraction_l_Ailk_Bljk_Cijk_Dijk_gfx908.dat
0.6	-- Installing: /work/grodgers/git/tr-aomp/TheRock/build/math-libs/BLAS/hipBLASLt/stage/lib/hipblaslt/library/TensileLibrary_HH_HH_Bias_SAV_Type_HH_HPA_Contraction_l_Alik_Bjlk_Cijk_Dijk_gfx942.co
0.6	-- Installing: /work/grodgers/git/tr-aomp/TheRock/build/math-libs/BLAS/hipBLASLt/stage/lib/hipblaslt/library/TensileLibrary_SS_SS_HA_Bias_SAV_Type_SS_Contraction_l_Alik_Bjlk_Cijk_Dijk_CU104_gfx90a.dat
0.6	-- Installing: /work/grodgers/git/tr-aomp/TheRock/build/math-libs/BLAS/hipBLASLt/stage/lib/hipblaslt/library/TensileLibrary_I8I8_II8_Type_I8I_HPA_Contraction_l_Alik_Bljk_Cijk_Dijk_gfx908.dat
0.6	-- Installing: /work/grodgers/git/tr-aomp/TheRock/build/math-libs/BLAS/hipBLASLt/stage/lib/hipblaslt/library/TensileLibrary_BB_SB_HA_Bias_Aux_SAV_UA_Type_BS_HPA_Contraction_l_Ailk_Bjlk_Cijk_Dijk_gfx942.co
0.6	-- Installing: /work/grodgers/git/tr-aomp/TheRock/build/math-libs/BLAS/hipBLASLt/stage/lib/hipblaslt/library/TensileLibrary_BB_BB_HA_Bias_UA_Type_BB_HPA_Contraction_l_Ailk_Bljk_Cijk_Dijk_gfx942.co
0.6	-- Installing: /work/grodgers/git/tr-aomp/TheRock/build/math-libs/BLAS/hipBLASLt/stage/lib/hipblaslt/library/TensileLibrary_SS_SS_HA_Bias_SAV_MX_UA_Type_SS_Contraction_l_Alik_Bjlk_Cijk_Dijk_CU20_gfx942.dat
0.6	-- Installing: /work/grodgers/git/tr-aomp/TheRock/build/math-libs/BLAS/hipBLASLt/stage/lib/hipblaslt/library/TensileLibrary_HH_HH_UA_Type_HH_HPA_Contraction_l_Ailk_Bjlk_Cijk_Dijk_CU64_gfx942.co
0.6	-- Installing: /work/grodgers/git/tr-aomp/TheRock/build/math-libs/BLAS/hipBLASLt/stage/lib/hipblaslt/library/TensileLibrary_HH_HH_Bias_SAV_UA_Type_HH_HPA_Contraction_l_Ailk_Bjlk_Cijk_Dijk_gfx908.dat
0.6	-- Installing: /work/grodgers/git/tr-aomp/TheRock/build/math-libs/BLAS/hipBLASLt/stage/lib/hipblaslt/library/TensileLibrary_HH_HH_UA_Type_HH_HPA_Contraction_l_Alik_Bljk_Cijk_Dijk_gfx908.dat
0.6	-- Installing: /work/grodgers/git/tr-aomp/TheRock/build/math-libs/BLAS/hipBLASLt/stage/lib/hipblaslt/library/TensileLibrary_F8NF8N_BF8N_HA_Bias_SAB_SAV_UA_Type_F8NB_HPA_Contraction_l_Ailk_Bljk_Cijk_Dijk_gfx942.co
0.6	-- Installing: /work/grodgers/git/tr-aomp/TheRock/build/math-libs/BLAS/hipBLASLt/stage/lib/hipblaslt/library/TensileLibrary_F8NH_HH_HA_Bias_GG_SAB_SAV_UA_Type_F8NH_HPA_Contraction_l_Ailk_Bljk_Cijk_Dijk_gfx942.co
0.6	-- Installing: /work/grodgers/git/tr-aomp/TheRock/build/math-libs/BLAS/hipBLASLt/stage/lib/hipblaslt/library/TensileLibrary_F8NF8N_BF8N_HA_Bias_SAV_UA_Type_F8NB_HPA_Contraction_l_Alik_Bljk_Cijk_Dijk_CU38_gfx942.co
0.6	-- Installing: /work/grodgers/git/tr-aomp/TheRock/build/math-libs/BLAS/hipBLASLt/stage/lib/hipblaslt/library/TensileLibrary_F8NF8N_HF8N_HA_Bias_SAV_UA_Type_F8NH_HPA_ExperimentalStreamK_Contraction_l_Ailk_Bljk_Cijk_Dijk_CU228_gfx942.dat
0.6	-- Installing: /work/grodgers/git/tr-aomp/TheRock/build/math-libs/BLAS/hipBLASLt/stage/lib/hipblaslt/library/TensileLibrary_BB_BB_HA_Bias_SAV_UA_Type_BB_HPA_Contraction_l_Ailk_Bljk_Cijk_Dijk_CU152_gfx942.dat
0.6	-- Installing: /work/grodgers/git/tr-aomp/TheRock/build/math-libs/BLAS/hipBLASLt/stage/lib/hipblaslt/library/TensileLibrary_HH_HF8B8N_HA_Bias_SAV_UA_Type_HH_HPA_Contraction_l_Ailk_Bljk_Cijk_Dijk_gfx942.co
0.6	-- Installing: /work/grodgers/git/tr-aomp/TheRock/build/math-libs/BLAS/hipBLASLt/stage/lib/hipblaslt/library/TensileLibrary_HH_HH_GG_UA_Type_HH_HPA_Contraction_l_Ailk_Bljk_Cijk_Dijk_gfx90a.dat
0.6	-- Installing: /work/grodgers/git/tr-aomp/TheRock/build/math-libs/BLAS/hipBLASLt/stage/lib/hipblaslt/library/TensileLibrary_SS_SS_UA_Type_SS_ExperimentalStreamK_Contraction_l_Ailk_Bljk_Cijk_Dijk_CU20_gfx942.dat
0.6	-- Installing: /work/grodgers/git/tr-aomp/TheRock/build/math-libs/BLAS/hipBLASLt/stage/lib/hipblaslt/library/TensileLibrary_F8NF8N_F8NF8N_UA_Type_F8NF8N_HPA_Contraction_l_Ailk_Bjlk_Cijk_Dijk_gfx942.co
0.6	-- Installing: /work/grodgers/git/tr-aomp/TheRock/build/math-libs/BLAS/hipBLASLt/stage/lib/hipblaslt/library/TensileLibrary_HH_HH_HA_Bias_Aux_SAV_Type_HH_HPA_Contraction_l_Alik_Bjlk_Cijk_Dijk_gfx90a.dat
0.6	-- Installing: /work/grodgers/git/tr-aomp/TheRock/build/math-libs/BLAS/hipBLASLt/stage/lib/hipblaslt/library/TensileLibrary_SS_SS_HA_Bias_SAV_UA_Type_SS_ExperimentalStreamK_Contraction_l_Alik_Bljk_Cijk_Dijk_CU228_gfx942.co
0.6	-- Installing: /work/grodgers/git/tr-aomp/TheRock/build/math-libs/BLAS/hipBLASLt/stage/lib/hipblaslt/library/TensileLibrary_HH_HH_HA_Bias_GG_SAV_UA_Type_HH_HPA_Contraction_l_Ailk_Bjlk_Cijk_Dijk_gfx90a.co
0.6	-- Installing: /work/grodgers/git/tr-aomp/TheRock/build/math-libs/BLAS/hipBLASLt/stage/lib/hipblaslt/library/TensileLibrary_HH_HH_HA_Bias_SAV_Type_HH_HPA_Contraction_l_Alik_Bjlk_Cijk_Dijk_gfx90a.dat
0.6	-- Installing: /work/grodgers/git/tr-aomp/TheRock/build/math-libs/BLAS/hipBLASLt/stage/lib/hipblaslt/library/TensileLibrary_HH_HH_HA_Bias_SAV_UA_Type_HH_HPA_Contraction_l_Ailk_Bjlk_Cijk_Dijk_gfx908.dat
0.6	-- Installing: /work/grodgers/git/tr-aomp/TheRock/build/math-libs/BLAS/hipBLASLt/stage/lib/hipblaslt/library/TensileLibrary_I8I8_II8_HA_SAV_UA_Type_I8I_HPA_Contraction_l_Ailk_Bljk_Cijk_Dijk_gfx942.dat
0.6	-- Installing: /work/grodgers/git/tr-aomp/TheRock/build/math-libs/BLAS/hipBLASLt/stage/lib/hipblaslt/library/TensileLibrary_HH_HB_HA_Bias_SAV_UA_Type_HH_HPA_Contraction_l_Ailk_Bjlk_Cijk_Dijk_gfx90a.dat
0.6	-- Installing: /work/grodgers/git/tr-aomp/TheRock/build/math-libs/BLAS/hipBLASLt/stage/lib/hipblaslt/library/TensileLibrary_B8NF8N_SB8F8N_Bias_SAB_SAV_UA_Type_B8NS_HPA_Contraction_l_Alik_Bljk_Cijk_Dijk_gfx942.dat
0.6	-- Installing: /work/grodgers/git/tr-aomp/TheRock/build/math-libs/BLAS/hipBLASLt/stage/lib/hipblaslt/library/TensileLibrary_BB_BB_HA_Bias_SAV_UA_Type_BB_HPA_Contraction_l_Ailk_Bjlk_Cijk_Dijk_gfx942.co
0.6	-- Installing: /work/grodgers/git/tr-aomp/TheRock/build/math-libs/BLAS/hipBLASLt/stage/lib/hipblaslt/library/TensileLibrary_SS_SS_HA_Bias_SAV_UA_Type_SS_ExperimentalStreamK_Contraction_l_Ailk_Bjlk_Cijk_Dijk_gfx942.co
0.6	-- Installing: /work/grodgers/git/tr-aomp/TheRock/build/math-libs/BLAS/hipBLASLt/stage/lib/hipblaslt/library/TensileLibrary_BB_BB_HA_Bias_SAV_UA_Type_BB_HPA_Contraction_l_Alik_Bjlk_Cijk_Dijk_gfx942.dat
0.6	-- Installing: /work/grodgers/git/tr-aomp/TheRock/build/math-libs/BLAS/hipBLASLt/stage/lib/hipblaslt/library/TensileLibrary_B8NB8N_F8NB8N_HA_Bias_SAB_SCD_SAV_UA_Type_B8NF8N_HPA_Contraction_l_Ailk_Bjlk_Cijk_Dijk_gfx942.dat
0.6	-- Installing: /work/grodgers/git/tr-aomp/TheRock/build/math-libs/BLAS/hipBLASLt/stage/lib/hipblaslt/library/TensileLibrary_HH_HH_Type_HH_HPA_Contraction_l_Ailk_Bljk_Cijk_Dijk_gfx90a.dat
0.6	-- Installing: /work/grodgers/git/tr-aomp/TheRock/build/math-libs/BLAS/hipBLASLt/stage/lib/hipblaslt/library/TensileLibrary_BB_BB_HA_Bias_SAV_UA_Type_BB_HPA_ExperimentalStreamK_Contraction_l_Ailk_Bjlk_Cijk_Dijk_gfx942.co
0.6	-- Installing: /work/grodgers/git/tr-aomp/TheRock/build/math-libs/BLAS/hipBLASLt/stage/lib/hipblaslt/library/TensileLibrary_BB_BB_HA_Bias_SAV_UA_Type_BB_HPA_Contraction_l_Ailk_Bjlk_Cijk_Dijk_CU20_gfx942.dat
0.6	-- Installing: /work/grodgers/git/tr-aomp/TheRock/build/math-libs/BLAS/hipBLASLt/stage/lib/hipblaslt/library/TensileLibrary_HH_HH_HA_Bias_SAV_UA_Type_HH_HPA_ExperimentalStreamK_Contraction_l_Ailk_Bljk_Cijk_Dijk_CU228_gfx942.co
0.6	-- Installing: /work/grodgers/git/tr-aomp/TheRock/build/math-libs/BLAS/hipBLASLt/stage/lib/hipblaslt/library/TensileLibrary_HH_HH_HA_Bias_SAV_UA_Type_HH_HPA_Contraction_l_Ailk_Bjlk_Cijk_Dijk_CU38_gfx942.co
0.6	-- Installing: /work/grodgers/git/tr-aomp/TheRock/build/math-libs/BLAS/hipBLASLt/stage/lib/hipblaslt/library/TensileLibrary_BB_BB_HA_Bias_GG_SAV_UA_Type_BB_HPA_Contraction_l_Ailk_Bjlk_Cijk_Dijk_gfx942.co
0.6	-- Installing: /work/grodgers/git/tr-aomp/TheRock/build/math-libs/BLAS/hipBLASLt/stage/lib/hipblaslt/library/TensileLibrary_HH_SH_GG_UA_Type_HS_HPA_Contraction_l_Ailk_Bljk_Cijk_Dijk_gfx908.dat
0.6	-- Installing: /work/grodgers/git/tr-aomp/TheRock/build/math-libs/BLAS/hipBLASLt/stage/lib/hipblaslt/library/TensileLibrary_B8NF8N_SB8F8N_HA_Bias_SAV_UA_Type_B8NS_HPA_ExperimentalStreamK_Contraction_l_Alik_Bljk_Cijk_Dijk_CU228_gfx942.co
0.6	-- Installing: /work/grodgers/git/tr-aomp/TheRock/build/math-libs/BLAS/hipBLASLt/stage/lib/hipblaslt/library/TensileLibrary_BB_BB_UA_Type_BB_HPA_Contraction_l_Alik_Bljk_Cijk_Dijk_CU104_gfx90a.dat
0.6	-- Installing: /work/grodgers/git/tr-aomp/TheRock/build/math-libs/BLAS/hipBLASLt/stage/lib/hipblaslt/library/TensileLibrary_HH_HH_UA_Type_HH_HPA_ExperimentalStreamK_Contraction_l_Ailk_Bljk_Cijk_Dijk_CU38_gfx942.co
0.6	-- Installing: /work/grodgers/git/tr-aomp/TheRock/build/math-libs/BLAS/hipBLASLt/stage/lib/hipblaslt/library/TensileLibrary_SS_SS_HA_Bias_GG_SAV_MX_UA_Type_SS_Contraction_l_Alik_Bljk_Cijk_Dijk_gfx942.dat
0.6	-- Installing: /work/grodgers/git/tr-aomp/TheRock/build/math-libs/BLAS/hipBLASLt/stage/lib/hipblaslt/library/TensileLibrary_HH_HH_HA_Bias_SAV_UA_Type_HH_HPA_Contraction_l_Alik_Bljk_Cijk_Dijk_CU152_gfx942.co
0.6	-- Installing: /work/grodgers/git/tr-aomp/TheRock/build/math-libs/BLAS/hipBLASLt/stage/lib/hipblaslt/library/TensileLibrary_F8NF8N_HF8N_HA_Bias_SAV_UA_Type_F8NH_HPA_Contraction_l_Ailk_Bljk_Cijk_Dijk_CU38_gfx942.co
0.6	-- Installing: /work/grodgers/git/tr-aomp/TheRock/build/math-libs/BLAS/hipBLASLt/stage/lib/hipblaslt/library/TensileLibrary_B8NB8N_BB8N_HA_Bias_SAV_UA_Type_B8NB_HPA_ExperimentalStreamK_Contraction_l_Alik_Bljk_Cijk_Dijk_CU228_gfx942.dat
0.6	-- Installing: /work/grodgers/git/tr-aomp/TheRock/build/math-libs/BLAS/hipBLASLt/stage/lib/hipblaslt/library/TensileLibrary_F8NH_SH_HA_Bias_GG_SAB_SAV_UA_Type_F8NS_HPA_Contraction_l_Ailk_Bjlk_Cijk_Dijk_gfx942.co
0.6	-- Installing: /work/grodgers/git/tr-aomp/TheRock/build/math-libs/BLAS/hipBLASLt/stage/lib/hipblaslt/library/TensileLibrary_BB_SB_Bias_SAV_UA_Type_BS_HPA_Contraction_l_Ailk_Bjlk_Cijk_Dijk_gfx942.dat
0.6	-- Installing: /work/grodgers/git/tr-aomp/TheRock/build/math-libs/BLAS/hipBLASLt/stage/lib/hipblaslt/library/TensileLibrary_SS_SS_UA_Type_SS_Contraction_l_Ailk_Bljk_Cijk_Dijk_CU80_gfx942.dat
0.6	-- Installing: /work/grodgers/git/tr-aomp/TheRock/build/math-libs/BLAS/hipBLASLt/stage/lib/hipblaslt/library/TensileLibrary_BB_BB_HA_STA_Bias_SAV_UA_Type_BB_HPA_Contraction_l_Alik_Bljk_Cijk_Dijk_gfx942.co
0.6	-- Installing: /work/grodgers/git/tr-aomp/TheRock/build/math-libs/BLAS/hipBLASLt/stage/lib/hipblaslt/library/TensileLibrary_F8NB8N_B8NF8B8N_HA_Bias_SAV_UA_Type_F8NB8N_HPA_ExperimentalStreamK_Contraction_l_Ailk_Bljk_Cijk_Dijk_CU228_gfx942.co
0.6	-- Installing: /work/grodgers/git/tr-aomp/TheRock/build/math-libs/BLAS/hipBLASLt/stage/lib/hipblaslt/library/TensileLibrary_B8NB8N_B8NB8N_HA_Bias_SAV_UA_Type_B8NB8N_HPA_ExperimentalStreamK_Contraction_l_Alik_Bjlk_Cijk_Dijk_CU228_gfx942.dat
0.6	-- Installing: /work/grodgers/git/tr-aomp/TheRock/build/math-libs/BLAS/hipBLASLt/stage/lib/hipblaslt/library/TensileLibrary_F8NB8N_BF8B8N_HA_Bias_SAV_UA_Type_F8NB_HPA_ExperimentalStreamK_Contraction_l_Ailk_Bljk_Cijk_Dijk_CU228_gfx942.dat
0.6	-- Installing: /work/grodgers/git/tr-aomp/TheRock/build/math-libs/BLAS/hipBLASLt/stage/lib/hipblaslt/library/TensileLibrary_F8NB8N_BF8B8N_HA_Bias_SAV_UA_Type_F8NB_HPA_ExperimentalStreamK_Contraction_l_Ailk_Bjlk_Cijk_Dijk_CU228_gfx942.co
0.6	-- Installing: /work/grodgers/git/tr-aomp/TheRock/build/math-libs/BLAS/hipBLASLt/stage/lib/hipblaslt/library/TensileLibrary_HH_SH_UA_Type_HS_HPA_ExperimentalStreamK_Contraction_l_Ailk_Bljk_Cijk_Dijk_CU80_gfx942.co
0.6	-- Installing: /work/grodgers/git/tr-aomp/TheRock/build/math-libs/BLAS/hipBLASLt/stage/lib/hipblaslt/library/TensileLibrary_HH_SH_HA_Bias_Aux_SAV_UA_Type_HS_HPA_Contraction_l_Ailk_Bljk_Cijk_Dijk_gfx942.dat
0.6	-- Installing: /work/grodgers/git/tr-aomp/TheRock/build/math-libs/BLAS/hipBLASLt/stage/lib/hipblaslt/library/TensileLibrary_F8NB8N_F8NF8B8N_HA_Bias_SAB_SCD_SAV_UA_Type_F8NF8N_HPA_Contraction_l_Ailk_Bjlk_Cijk_Dijk_gfx942.dat
0.6	-- Installing: /work/grodgers/git/tr-aomp/TheRock/build/math-libs/BLAS/hipBLASLt/stage/lib/hipblaslt/library/TensileLibrary_F8NH_HH_HA_Bias_GG_SAB_SAV_UA_Type_F8NH_HPA_Contraction_l_Alik_Bljk_Cijk_Dijk_gfx942.co
0.6	-- Installing: /work/grodgers/git/tr-aomp/TheRock/build/math-libs/BLAS/hipBLASLt/stage/lib/hipblaslt/library/TensileLibrary_HH_HH_HA_Bias_Aux_SAV_UA_Type_HH_HPA_Contraction_l_Ailk_Bljk_Cijk_Dijk_gfx942.dat
0.6	-- Installing: /work/grodgers/git/tr-aomp/TheRock/build/math-libs/BLAS/hipBLASLt/stage/lib/hipblaslt/library/TensileLibrary_DD_DD_UA_Type_DD_Contraction_l_Ailk_Bjlk_Cijk_Dijk_gfx90a.co
0.6	-- Installing: /work/grodgers/git/tr-aomp/TheRock/build/math-libs/BLAS/hipBLASLt/stage/lib/hipblaslt/library/TensileLibrary_HH_HH_GG_UA_Type_HH_HPA_Contraction_l_Ailk_Bljk_Cijk_Dijk_gfx90a.co
0.6	-- Installing: /work/grodgers/git/tr-aomp/TheRock/build/math-libs/BLAS/hipBLASLt/stage/lib/hipblaslt/library/TensileLibrary_BB_BB_HA_Bias_GG_SAV_UA_Type_BB_HPA_Contraction_l_Ailk_Bljk_Cijk_Dijk_gfx942.dat
0.7	-- Installing: /work/grodgers/git/tr-aomp/TheRock/build/math-libs/BLAS/hipBLASLt/stage/lib/hipblaslt/library/TensileLibrary_HH_HH_HA_Bias_Aux_SAV_UA_Type_HH_HPA_Contraction_l_Alik_Bjlk_Cijk_Dijk_gfx942.dat
0.7	-- Installing: /work/grodgers/git/tr-aomp/TheRock/build/math-libs/BLAS/hipBLASLt/stage/lib/hipblaslt/library/TensileLibrary_BB_BB_HA_Bias_SAV_UA_Type_BB_HPA_Contraction_l_Alik_Bjlk_Cijk_Dijk_CU20_gfx942.dat
0.7	-- Installing: /work/grodgers/git/tr-aomp/TheRock/build/math-libs/BLAS/hipBLASLt/stage/lib/hipblaslt/library/TensileLibrary_HH_HH_UA_Type_HH_HPA_ExperimentalStreamK_Contraction_l_Ailk_Bjlk_Cijk_Dijk_CU20_gfx942.co
0.7	-- Installing: /work/grodgers/git/tr-aomp/TheRock/build/math-libs/BLAS/hipBLASLt/stage/lib/hipblaslt/library/TensileLibrary_F8NF8N_F8NF8N_HA_Bias_SAB_SCD_SAV_UA_Type_F8NF8N_HPA_Contraction_l_Alik_Bjlk_Cijk_Dijk_gfx942.co
0.7	-- Installing: /work/grodgers/git/tr-aomp/TheRock/build/math-libs/BLAS/hipBLASLt/stage/lib/hipblaslt/library/TensileLibrary_BB_BB_HA_Bias_SAV_Type_BB_HPA_Contraction_l_Alik_Bjlk_Cijk_Dijk_gfx908.dat
0.7	-- Installing: /work/grodgers/git/tr-aomp/TheRock/build/math-libs/BLAS/hipBLASLt/stage/lib/hipblaslt/library/TensileLibrary_HH_HB8F8N_HA_Bias_SAV_UA_Type_HH_HPA_Contraction_l_Alik_Bjlk_Cijk_Dijk_gfx942.dat
0.7	-- Installing: /work/grodgers/git/tr-aomp/TheRock/build/math-libs/BLAS/hipBLASLt/stage/lib/hipblaslt/library/TensileLibrary_I8I8_II8_UA_Type_I8I_HPA_Contraction_l_Alik_Bjlk_Cijk_Dijk_CU80_gfx942.co
0.7	-- Installing: /work/grodgers/git/tr-aomp/TheRock/build/math-libs/BLAS/hipBLASLt/stage/lib/hipblaslt/library/TensileLibrary_F8NB8N_BF8B8N_HA_Bias_SAB_SAV_UA_Type_F8NB_HPA_Contraction_l_Alik_Bljk_Cijk_Dijk_CU80_gfx942.co
0.7	-- Installing: /work/grodgers/git/tr-aomp/TheRock/build/math-libs/BLAS/hipBLASLt/stage/lib/hipblaslt/library/TensileLibrary_I8I8_II8_HA_SAV_UA_Type_I8I_HPA_Contraction_l_Ailk_Bljk_Cijk_Dijk_gfx942.co
0.7	-- Installing: /work/grodgers/git/tr-aomp/TheRock/build/math-libs/BLAS/hipBLASLt/stage/lib/hipblaslt/library/TensileLibrary_B8NF8N_B8NB8F8N_HA_Bias_SAV_UA_Type_B8NB8N_HPA_ExperimentalStreamK_Contraction_l_Ailk_Bljk_Cijk_Dijk_CU228_gfx942.dat
0.7	-- Installing: /work/grodgers/git/tr-aomp/TheRock/build/math-libs/BLAS/hipBLASLt/stage/lib/hipblaslt/library/TensileLibrary_HH_HH_HA_Bias_Grad_SAV_UA_Type_HH_HPA_Contraction_l_Ailk_Bljk_Cijk_Dijk_gfx908.co
0.7	-- Installing: /work/grodgers/git/tr-aomp/TheRock/build/math-libs/BLAS/hipBLASLt/stage/lib/hipblaslt/library/TensileLibrary_I8I8_I8I8_UA_Type_I8I8_HPA_ExperimentalStreamK_Contraction_l_Ailk_Bjlk_Cijk_Dijk_CU20_gfx942.dat
0.7	-- Installing: /work/grodgers/git/tr-aomp/TheRock/build/math-libs/BLAS/hipBLASLt/stage/lib/hipblaslt/library/TensileLibrary_B8NF8N_F8NB8F8N_HA_Bias_SAV_UA_Type_B8NF8N_HPA_ExperimentalStreamK_Contraction_l_Ailk_Bljk_Cijk_Dijk_CU228_gfx942.dat
0.7	-- Installing: /work/grodgers/git/tr-aomp/TheRock/build/math-libs/BLAS/hipBLASLt/stage/lib/hipblaslt/library/TensileLibrary_HH_SH_HA_Bias_SAV_UA_Type_HS_HPA_Contraction_l_Alik_Bljk_Cijk_Dijk_gfx942.dat
0.7	-- Installing: /work/grodgers/git/tr-aomp/TheRock/build/math-libs/BLAS/hipBLASLt/stage/lib/hipblaslt/library/TensileLibrary_B8NB8N_F8NB8N_HA_Bias_SAV_UA_Type_B8NF8N_HPA_ExperimentalStreamK_Contraction_l_Ailk_Bjlk_Cijk_Dijk_CU228_gfx942.co
0.7	-- Installing: /work/grodgers/git/tr-aomp/TheRock/build/math-libs/BLAS/hipBLASLt/stage/lib/hipblaslt/library/TensileLibrary_HF8N_SH_HA_Bias_GG_SAB_SAV_UA_Type_HS_HPA_Contraction_l_Alik_Bljk_Cijk_Dijk_gfx942.dat
0.7	-- Installing: /work/grodgers/git/tr-aomp/TheRock/build/math-libs/BLAS/hipBLASLt/stage/lib/hipblaslt/library/TensileLibrary_HH_SH_HA_Bias_GG_SAV_UA_Type_HS_HPA_Contraction_l_Alik_Bljk_Cijk_Dijk_gfx908.co
0.7	-- Installing: /work/grodgers/git/tr-aomp/TheRock/build/math-libs/BLAS/hipBLASLt/stage/lib/hipblaslt/library/TensileLibrary_HH_HH_Type_HH_HPA_Contraction_l_Alik_Bljk_Cijk_Dijk_gfx90a.co
0.7	-- Installing: /work/grodgers/git/tr-aomp/TheRock/build/math-libs/BLAS/hipBLASLt/stage/lib/hipblaslt/library/TensileLibrary_HH_SH_HA_Bias_SAV_UA_Type_HS_HPA_ExperimentalStreamK_Contraction_l_Alik_Bjlk_Cijk_Dijk_CU228_gfx942.dat
0.7	-- Installing: /work/grodgers/git/tr-aomp/TheRock/build/math-libs/BLAS/hipBLASLt/stage/lib/hipblaslt/library/TensileLibrary_I8I8_I8I8_UA_Type_I8I8_HPA_Contraction_l_Alik_Bjlk_Cijk_Dijk_gfx90a.dat
0.7	-- Installing: /work/grodgers/git/tr-aomp/TheRock/build/math-libs/BLAS/hipBLASLt/stage/lib/hipblaslt/library/TensileLibrary_BB_BB_HA_Bias_SAV_UA_Type_BB_HPA_ExperimentalStreamK_Contraction_l_Alik_Bjlk_Cijk_Dijk_gfx942.dat
0.7	-- Installing: /work/grodgers/git/tr-aomp/TheRock/build/math-libs/BLAS/hipBLASLt/stage/lib/hipblaslt/library/TensileLibrary_F8NB8N_SF8B8N_Bias_SAB_SAV_UA_Type_F8NS_HPA_Contraction_l_Alik_Bjlk_Cijk_Dijk_gfx942.dat
0.7	-- Installing: /work/grodgers/git/tr-aomp/TheRock/build/math-libs/BLAS/hipBLASLt/stage/lib/hipblaslt/library/TensileLibrary_HH_HH_Bias_UA_Type_HH_HPA_Contraction_l_Ailk_Bljk_Cijk_Dijk_gfx942.co
0.7	-- Installing: /work/grodgers/git/tr-aomp/TheRock/build/math-libs/BLAS/hipBLASLt/stage/lib/hipblaslt/library/TensileLibrary_F8NF8N_F8NF8N_HA_Bias_Aux_SAB_UA_Type_F8NF8N_HPA_Contraction_l_Alik_Bljk_Cijk_Dijk_gfx942.dat
0.7	-- Installing: /work/grodgers/git/tr-aomp/TheRock/build/math-libs/BLAS/hipBLASLt/stage/lib/hipblaslt/library/TensileLibrary_I8I8_II8_HA_SAV_UA_Type_I8I_HPA_Contraction_l_Ailk_Bjlk_Cijk_Dijk_gfx942.dat
0.7	-- Installing: /work/grodgers/git/tr-aomp/TheRock/build/math-libs/BLAS/hipBLASLt/stage/lib/hipblaslt/library/TensileLibrary_HH_SH_GG_UA_Type_HS_HPA_Contraction_l_Alik_Bljk_Cijk_Dijk_gfx90a.co
0.7	-- Installing: /work/grodgers/git/tr-aomp/TheRock/build/math-libs/BLAS/hipBLASLt/stage/lib/hipblaslt/library/TensileLibrary_BB_BB_UA_Type_BB_HPA_ExperimentalStreamK_Contraction_l_Alik_Bjlk_Cijk_Dijk_CU38_gfx942.co
0.7	-- Installing: /work/grodgers/git/tr-aomp/TheRock/build/math-libs/BLAS/hipBLASLt/stage/lib/hipblaslt/library/TensileLibrary_HH_HH_HA_Bias_SAV_UA_Type_HH_HPA_Contraction_l_Ailk_Bljk_Cijk_Dijk_gfx942.dat
0.7	-- Installing: /work/grodgers/git/tr-aomp/TheRock/build/math-libs/BLAS/hipBLASLt/stage/lib/hipblaslt/library/TensileLibrary_BB_BB_HA_Bias_SAV_Type_BB_HPA_Contraction_l_Alik_Bjlk_Cijk_Dijk_gfx90a.co
0.7	-- Installing: /work/grodgers/git/tr-aomp/TheRock/build/math-libs/BLAS/hipBLASLt/stage/lib/hipblaslt/library/TensileLibrary_HH_HH_UA_Type_HH_HPA_ExperimentalStreamK_Contraction_l_Ailk_Bljk_Cijk_Dijk_CU20_gfx942.dat
0.7	-- Installing: /work/grodgers/git/tr-aomp/TheRock/build/math-libs/BLAS/hipBLASLt/stage/lib/hipblaslt/library/TensileLibrary_F8NB8N_B8NF8B8N_HA_Bias_SAB_SCD_SAV_UA_Type_F8NB8N_HPA_Contraction_l_Alik_Bljk_Cijk_Dijk_gfx942.dat
0.7	-- Installing: /work/grodgers/git/tr-aomp/TheRock/build/math-libs/BLAS/hipBLASLt/stage/lib/hipblaslt/library/TensileLibrary_BB_SB_HA_Bias_SAV_UA_Type_BS_HPA_Contraction_l_Ailk_Bljk_Cijk_Dijk_gfx942.dat
0.7	-- Installing: /work/grodgers/git/tr-aomp/TheRock/build/math-libs/BLAS/hipBLASLt/stage/lib/hipblaslt/library/TensileLibrary_HF8N_F8NH_HA_Bias_SAB_SCD_SAV_UA_Type_HF8N_HPA_Contraction_l_Ailk_Bjlk_Cijk_Dijk_gfx942.dat
0.7	-- Installing: /work/grodgers/git/tr-aomp/TheRock/build/math-libs/BLAS/hipBLASLt/stage/lib/hipblaslt/library/TensileLibrary_B8NB8N_B8NB8N_HA_Bias_SAV_UA_Type_B8NB8N_HPA_ExperimentalStreamK_Contraction_l_Ailk_Bljk_Cijk_Dijk_CU228_gfx942.dat
0.7	-- Installing: /work/grodgers/git/tr-aomp/TheRock/build/math-libs/BLAS/hipBLASLt/stage/lib/hipblaslt/library/TensileLibrary_F8NB8N_SF8B8N_HA_Bias_SAV_UA_Type_F8NS_HPA_ExperimentalStreamK_Contraction_l_Ailk_Bljk_Cijk_Dijk_CU228_gfx942.co
0.7	-- Installing: /work/grodgers/git/tr-aomp/TheRock/build/math-libs/BLAS/hipBLASLt/stage/lib/hipblaslt/library/TensileLibrary_HH_HH_HA_Bias_Aux_SAV_Type_HH_HPA_Contraction_l_Ailk_Bljk_Cijk_Dijk_gfx90a.co
0.7	-- Installing: /work/grodgers/git/tr-aomp/TheRock/build/math-libs/BLAS/hipBLASLt/stage/lib/hipblaslt/library/TensileLibrary_HH_HH_HA_Bias_Aux_SAV_UA_Type_HH_HPA_Contraction_l_Alik_Bjlk_Cijk_Dijk_gfx908.co
0.7	-- Installing: /work/grodgers/git/tr-aomp/TheRock/build/math-libs/BLAS/hipBLASLt/stage/lib/hipblaslt/library/TensileLibrary_HH_SH_HA_Bias_Aux_SAV_UA_Type_HS_HPA_Contraction_l_Ailk_Bljk_Cijk_Dijk_gfx908.dat
0.7	-- Installing: /work/grodgers/git/tr-aomp/TheRock/build/math-libs/BLAS/hipBLASLt/stage/lib/hipblaslt/library/TensileLibrary_SS_SS_HA_Bias_SAV_MX_UA_Type_SS_Contraction_l_Ailk_Bjlk_Cijk_Dijk_gfx942.dat
0.8	-- Installing: /work/grodgers/git/tr-aomp/TheRock/build/math-libs/BLAS/hipBLASLt/stage/lib/hipblaslt/library/TensileLibrary_F8NF8N_HF8N_HA_STA_Bias_SAB_SAV_UA_Type_F8NH_HPA_Contraction_l_Alik_Bljk_Cijk_Dijk_gfx942.co
0.8	-- Installing: /work/grodgers/git/tr-aomp/TheRock/build/math-libs/BLAS/hipBLASLt/stage/lib/hipblaslt/library/TensileLibrary_B8NF8N_SB8F8N_HA_Bias_SAV_UA_Type_B8NS_HPA_ExperimentalStreamK_Contraction_l_Ailk_Bljk_Cijk_Dijk_CU228_gfx942.co
0.8	-- Installing: /work/grodgers/git/tr-aomp/TheRock/build/math-libs/BLAS/hipBLASLt/stage/lib/hipblaslt/library/TensileLibrary_SS_SS_HA_Bias_Aux_SAV_UA_Type_SS_Contraction_l_Ailk_Bjlk_Cijk_Dijk_gfx942.co
0.8	-- Installing: /work/grodgers/git/tr-aomp/TheRock/build/math-libs/BLAS/hipBLASLt/stage/lib/hipblaslt/library/TensileLibrary_B8NB8N_BB8N_HA_Bias_SAV_UA_Type_B8NB_HPA_ExperimentalStreamK_Contraction_l_Alik_Bljk_Cijk_Dijk_CU228_gfx942.co
0.8	-- Installing: /work/grodgers/git/tr-aomp/TheRock/build/math-libs/BLAS/hipBLASLt/stage/lib/hipblaslt/library/TensileLibrary_I8I8_II8_UA_Type_I8I_HPA_ExperimentalStreamK_Contraction_l_Ailk_Bljk_Cijk_Dijk_CU38_gfx942.dat
0.8	-- Installing: /work/grodgers/git/tr-aomp/TheRock/build/math-libs/BLAS/hipBLASLt/stage/lib/hipblaslt/library/TensileLibrary_F8NF8N_F8NF8N_HA_Bias_Aux_SAB_SCD_SAV_UA_Type_F8NF8N_HPA_Contraction_l_Alik_Bljk_Cijk_Dijk_gfx942.co
0.8	-- Installing: /work/grodgers/git/tr-aomp/TheRock/build/math-libs/BLAS/hipBLASLt/stage/lib/hipblaslt/library/TensileLibrary_HH_HH_Bias_SAV_Type_HH_HPA_Contraction_l_Ailk_Bjlk_Cijk_Dijk_gfx942.dat
0.8	-- Installing: /work/grodgers/git/tr-aomp/TheRock/build/math-libs/BLAS/hipBLASLt/stage/lib/hipblaslt/library/TensileLibrary_B8NF8N_HB8F8N_HA_Bias_SAV_UA_Type_B8NH_HPA_ExperimentalStreamK_Contraction_l_Alik_Bjlk_Cijk_Dijk_CU228_gfx942.dat
0.8	-- Installing: /work/grodgers/git/tr-aomp/TheRock/build/math-libs/BLAS/hipBLASLt/stage/lib/hipblaslt/library/TensileLibrary_I8I8_II8_UA_Type_I8I_HPA_ExperimentalStreamK_Contraction_l_Alik_Bjlk_Cijk_Dijk_gfx942.dat
0.8	-- Installing: /work/grodgers/git/tr-aomp/TheRock/build/math-libs/BLAS/hipBLASLt/stage/lib/hipblaslt/library/TensileLibrary_B8NF8N_B8NB8F8N_HA_Bias_SAB_SCD_SAV_UA_Type_B8NB8N_HPA_Contraction_l_Ailk_Bjlk_Cijk_Dijk_gfx942.co
0.8	-- Installing: /work/grodgers/git/tr-aomp/TheRock/build/math-libs/BLAS/hipBLASLt/stage/lib/hipblaslt/library/TensileLibrary_HF8N_SH_HA_Bias_GG_SAB_SAV_UA_Type_HS_HPA_Contraction_l_Alik_Bjlk_Cijk_Dijk_gfx942.dat
0.8	-- Installing: /work/grodgers/git/tr-aomp/TheRock/build/math-libs/BLAS/hipBLASLt/stage/lib/hipblaslt/library/TensileLibrary_BB_BB_UA_Type_BB_HPA_ExperimentalStreamK_Contraction_l_Alik_Bljk_Cijk_Dijk_CU38_gfx942.dat
0.8	-- Installing: /work/grodgers/git/tr-aomp/TheRock/build/math-libs/BLAS/hipBLASLt/stage/lib/hipblaslt/library/TensileLibrary_B8NB8N_SB8N_HA_Bias_SAV_UA_Type_B8NS_HPA_ExperimentalStreamK_Contraction_l_Ailk_Bljk_Cijk_Dijk_CU228_gfx942.dat
0.8	-- Installing: /work/grodgers/git/tr-aomp/TheRock/build/math-libs/BLAS/hipBLASLt/stage/lib/hipblaslt/library/TensileLibrary_HH_SH_UA_Type_HS_HPA_ExperimentalStreamK_Contraction_l_Alik_Bljk_Cijk_Dijk_CU38_gfx942.co
0.8	-- Installing: /work/grodgers/git/tr-aomp/TheRock/build/math-libs/BLAS/hipBLASLt/stage/lib/hipblaslt/library/TensileLibrary_F8NB8N_SF8B8N_HA_Bias_SAB_SAV_UA_Type_F8NS_HPA_Contraction_l_Alik_Bljk_Cijk_Dijk_gfx942.co
0.8	-- Installing: /work/grodgers/git/tr-aomp/TheRock/build/math-libs/BLAS/hipBLASLt/stage/lib/hipblaslt/library/TensileLibrary_BB_SB_HA_Bias_SAV_UA_Type_BS_HPA_Contraction_l_Ailk_Bljk_Cijk_Dijk_CU20_gfx942.dat
0.8	-- Installing: /work/grodgers/git/tr-aomp/TheRock/build/math-libs/BLAS/hipBLASLt/stage/lib/hipblaslt/library/TensileLibrary_HH_SH_HA_Bias_SAV_UA_Type_HS_HPA_ExperimentalStreamK_Contraction_l_Alik_Bljk_Cijk_Dijk_CU228_gfx942.co
0.8	-- Installing: /work/grodgers/git/tr-aomp/TheRock/build/math-libs/BLAS/hipBLASLt/stage/lib/hipblaslt/library/TensileLibrary_HH_HF8B8N_HA_Bias_SAV_UA_Type_HH_HPA_Contraction_l_Alik_Bjlk_Cijk_Dijk_gfx942.co
0.8	-- Installing: /work/grodgers/git/tr-aomp/TheRock/build/math-libs/BLAS/hipBLASLt/stage/lib/hipblaslt/library/TensileLibrary_HH_HH_Bias_UA_Type_HH_HPA_Contraction_l_Ailk_Bljk_Cijk_Dijk_gfx942.dat
0.8	-- Installing: /work/grodgers/git/tr-aomp/TheRock/build/math-libs/BLAS/hipBLASLt/stage/lib/hipblaslt/library/TensileLibrary_HH_SH_UA_Type_HS_HPA_ExperimentalStreamK_Contraction_l_Alik_Bljk_Cijk_Dijk_CU80_gfx942.dat
0.8	-- Installing: /work/grodgers/git/tr-aomp/TheRock/build/math-libs/BLAS/hipBLASLt/stage/lib/hipblaslt/library/TensileLibrary_F8NF8N_HF8N_HA_Bias_SAB_SAV_UA_Type_F8NH_HPA_Contraction_l_Alik_Bljk_Cijk_Dijk_gfx942.dat
0.8	-- Installing: /work/grodgers/git/tr-aomp/TheRock/build/math-libs/BLAS/hipBLASLt/stage/lib/hipblaslt/library/TensileLibrary_F8NF8N_SF8N_Bias_SAB_SAV_UA_Type_F8NS_HPA_Contraction_l_Alik_Bljk_Cijk_Dijk_gfx942.co
0.8	-- Installing: /work/grodgers/git/tr-aomp/TheRock/build/math-libs/BLAS/hipBLASLt/stage/lib/hipblaslt/library/TensileLibrary_B8NF8N_B8NB8F8N_HA_Bias_SAV_UA_Type_B8NB8N_HPA_ExperimentalStreamK_Contraction_l_Alik_Bjlk_Cijk_Dijk_CU228_gfx942.dat
0.8	-- Installing: /work/grodgers/git/tr-aomp/TheRock/build/math-libs/BLAS/hipBLASLt/stage/lib/hipblaslt/library/TensileLibrary_I8I8_II8_UA_Type_I8I_HPA_ExperimentalStreamK_Contraction_l_Alik_Bjlk_Cijk_Dijk_CU64_gfx942.co
0.8	-- Installing: /work/grodgers/git/tr-aomp/TheRock/build/math-libs/BLAS/hipBLASLt/stage/lib/hipblaslt/library/TensileLibrary_B8NB8N_BB8N_HA_Bias_SAV_UA_Type_B8NB_HPA_ExperimentalStreamK_Contraction_l_Ailk_Bjlk_Cijk_Dijk_CU228_gfx942.dat
0.8	-- Installing: /work/grodgers/git/tr-aomp/TheRock/build/math-libs/BLAS/hipBLASLt/stage/lib/hipblaslt/library/TensileLibrary_F8NB8N_HF8B8N_HA_Bias_SAB_SAV_UA_Type_F8NH_HPA_Contraction_l_Alik_Bjlk_Cijk_Dijk_gfx942.dat
0.8	-- Installing: /work/grodgers/git/tr-aomp/TheRock/build/math-libs/BLAS/hipBLASLt/stage/lib/hipblaslt/library/TensileLibrary_BB_BB_UA_Type_BB_HPA_ExperimentalStreamK_Contraction_l_Ailk_Bjlk_Cijk_Dijk_CU20_gfx942.co
0.8	-- Installing: /work/grodgers/git/tr-aomp/TheRock/build/math-libs/BLAS/hipBLASLt/stage/lib/hipblaslt/library/TensileLibrary_F8NH_HH_HA_Bias_GG_SAB_SAV_UA_Type_F8NH_HPA_Contraction_l_Ailk_Bjlk_Cijk_Dijk_gfx942.co
0.8	-- Installing: /work/grodgers/git/tr-aomp/TheRock/build/math-libs/BLAS/hipBLASLt/stage/lib/hipblaslt/library/TensileLibrary_F8NH_HH_Type_F8NH_HPA_Contraction_l_Ailk_Bljk_Cijk_Dijk_gfx942.dat
0.8	-- Installing: /work/grodgers/git/tr-aomp/TheRock/build/math-libs/BLAS/hipBLASLt/stage/lib/hipblaslt/library/TensileLibrary_HH_SH_HA_Bias_SAV_UA_Type_HS_HPA_Contraction_l_Ailk_Bljk_Cijk_Dijk_gfx908.dat
0.8	-- Installing: /work/grodgers/git/tr-aomp/TheRock/build/math-libs/BLAS/hipBLASLt/stage/lib/hipblaslt/library/TensileLibrary_HH_HF8N_HA_Bias_SAV_UA_Type_HH_HPA_Contraction_l_Alik_Bjlk_Cijk_Dijk_gfx942.dat
0.8	-- Installing: /work/grodgers/git/tr-aomp/TheRock/build/math-libs/BLAS/hipBLASLt/stage/lib/hipblaslt/library/TensileLibrary_HH_HH_HA_Bias_GG_SAV_UA_Type_HH_HPA_Contraction_l_Ailk_Bjlk_Cijk_Dijk_gfx908.dat
0.8	-- Installing: /work/grodgers/git/tr-aomp/TheRock/build/math-libs/BLAS/hipBLASLt/stage/lib/hipblaslt/library/TensileLibrary_HH_HH_HA_STA_Bias_SAV_UA_Type_HH_HPA_Contraction_l_Alik_Bljk_Cijk_Dijk_CU80_gfx942.dat
0.8	-- Installing: /work/grodgers/git/tr-aomp/TheRock/build/math-libs/BLAS/hipBLASLt/stage/lib/hipblaslt/library/TensileLibrary_HH_SH_HA_Bias_SAV_UA_Type_HS_HPA_ExperimentalStreamK_Contraction_l_Ailk_Bljk_Cijk_Dijk_gfx942.dat
0.8	-- Installing: /work/grodgers/git/tr-aomp/TheRock/build/math-libs/BLAS/hipBLASLt/stage/lib/hipblaslt/library/TensileLibrary_HH_SH_HA_Bias_SAV_Type_HS_HPA_Contraction_l_Alik_Bjlk_Cijk_Dijk_gfx942.co
0.8	-- Installing: /work/grodgers/git/tr-aomp/TheRock/build/math-libs/BLAS/hipBLASLt/stage/lib/hipblaslt/library/TensileLibrary_F8NF8N_F8NF8N_UA_Type_F8NF8N_HPA_Contraction_l_Alik_Bljk_Cijk_Dijk_gfx942.dat
0.8	-- Installing: /work/grodgers/git/tr-aomp/TheRock/build/math-libs/BLAS/hipBLASLt/stage/lib/hipblaslt/library/TensileLibrary_HH_SH_HA_Bias_GG_SAV_UA_Type_HS_HPA_Contraction_l_Alik_Bljk_Cijk_Dijk_gfx90a.dat
0.8	-- Installing: /work/grodgers/git/tr-aomp/TheRock/build/math-libs/BLAS/hipBLASLt/stage/lib/hipblaslt/library/TensileLibrary_HH_HH_GG_UA_Type_HH_HPA_Contraction_l_Ailk_Bljk_Cijk_Dijk_gfx942.dat
0.8	-- Installing: /work/grodgers/git/tr-aomp/TheRock/build/math-libs/BLAS/hipBLASLt/stage/lib/hipblaslt/library/TensileLibrary_F8NB8N_SF8B8N_Bias_SAB_SAV_UA_Type_F8NS_HPA_Contraction_l_Ailk_Bljk_Cijk_Dijk_gfx942.co
0.8	-- Installing: /work/grodgers/git/tr-aomp/TheRock/build/math-libs/BLAS/hipBLASLt/stage/lib/hipblaslt/library/TensileLibrary_DD_DD_UA_Type_DD_Contraction_l_Ailk_Bjlk_Cijk_Dijk_gfx942.co
0.8	-- Installing: /work/grodgers/git/tr-aomp/TheRock/build/math-libs/BLAS/hipBLASLt/stage/lib/hipblaslt/library/TensileLibrary_BB_BB_UA_Type_BB_HPA_Contraction_l_Alik_Bljk_Cijk_Dijk_gfx942.dat
0.8	-- Installing: /work/grodgers/git/tr-aomp/TheRock/build/math-libs/BLAS/hipBLASLt/stage/lib/hipblaslt/library/TensileLibrary_SS_SS_HA_Bias_SAV_Type_SS_Contraction_l_Alik_Bjlk_Cijk_Dijk_gfx942.co
0.8	-- Installing: /work/grodgers/git/tr-aomp/TheRock/build/math-libs/BLAS/hipBLASLt/stage/lib/hipblaslt/library/TensileLibrary_F8NF8N_BF8N_HA_Bias_SAB_SAV_UA_Type_F8NB_HPA_Contraction_l_Alik_Bjlk_Cijk_Dijk_gfx942.co
0.8	-- Installing: /work/grodgers/git/tr-aomp/TheRock/build/math-libs/BLAS/hipBLASLt/stage/lib/hipblaslt/library/TensileLibrary_SS_SS_HA_Bias_SAV_Type_SS_Contraction_l_Ailk_Bljk_Cijk_Dijk_gfx90a.co
0.8	-- Installing: /work/grodgers/git/tr-aomp/TheRock/build/math-libs/BLAS/hipBLASLt/stage/lib/hipblaslt/library/TensileLibrary_HH_HH_HA_Bias_SAV_UA_Type_HH_HPA_Contraction_l_Ailk_Bljk_Cijk_Dijk_CU20_gfx942.co
0.8	-- Installing: /work/grodgers/git/tr-aomp/TheRock/build/math-libs/BLAS/hipBLASLt/stage/lib/hipblaslt/library/TensileLibrary_BB_BB_Bias_SAV_UA_Type_BB_HPA_Contraction_l_Ailk_Bjlk_Cijk_Dijk_gfx942.co
0.8	-- Installing: /work/grodgers/git/tr-aomp/TheRock/build/math-libs/BLAS/hipBLASLt/stage/lib/hipblaslt/library/TensileLibrary_HH_SH_GG_UA_Type_HS_HPA_Contraction_l_Ailk_Bljk_Cijk_Dijk_gfx942.co
0.8	-- Installing: /work/grodgers/git/tr-aomp/TheRock/build/math-libs/BLAS/hipBLASLt/stage/lib/hipblaslt/library/TensileLibrary_F8NF8N_B8NF8N_HA_Bias_SAV_UA_Type_F8NB8N_HPA_ExperimentalStreamK_Contraction_l_Ailk_Bljk_Cijk_Dijk_CU228_gfx942.co
0.8	-- Installing: /work/grodgers/git/tr-aomp/TheRock/build/math-libs/BLAS/hipBLASLt/stage/lib/hipblaslt/library/TensileLibrary_B8NB8N_SB8N_Bias_SAB_SAV_UA_Type_B8NS_HPA_Contraction_l_Alik_Bljk_Cijk_Dijk_gfx942.co
0.8	-- Installing: /work/grodgers/git/tr-aomp/TheRock/build/math-libs/BLAS/hipBLASLt/stage/lib/hipblaslt/library/TensileLibrary_BB_SB_UA_Type_BS_HPA_ExperimentalStreamK_Contraction_l_Alik_Bjlk_Cijk_Dijk_CU80_gfx942.dat
0.8	-- Installing: /work/grodgers/git/tr-aomp/TheRock/build/math-libs/BLAS/hipBLASLt/stage/lib/hipblaslt/library/TensileLibrary_BB_BB_UA_Type_BB_HPA_ExperimentalStreamK_Contraction_l_Alik_Bljk_Cijk_Dijk_CU20_gfx942.co
0.8	-- Installing: /work/grodgers/git/tr-aomp/TheRock/build/math-libs/BLAS/hipBLASLt/stage/lib/hipblaslt/library/TensileLibrary_HH_HH_HA_Bias_SAV_UA_Type_HH_HPA_Contraction_l_Ailk_Bljk_Cijk_Dijk_CU80_gfx942.co
0.8	-- Installing: /work/grodgers/git/tr-aomp/TheRock/build/math-libs/BLAS/hipBLASLt/stage/lib/hipblaslt/library/TensileLibrary_F8NF8N_SF8N_Bias_SAB_UA_Type_F8NS_HPA_Contraction_l_Alik_Bljk_Cijk_Dijk_gfx942.co
0.8	-- Installing: /work/grodgers/git/tr-aomp/TheRock/build/math-libs/BLAS/hipBLASLt/stage/lib/hipblaslt/library/TensileLibrary_HH_HH_HA_Bias_SAV_UA_Type_HH_HPA_Contraction_l_Ailk_Bjlk_Cijk_Dijk_gfx908.co
0.8	-- Installing: /work/grodgers/git/tr-aomp/TheRock/build/math-libs/BLAS/hipBLASLt/stage/lib/hipblaslt/library/TensileLibrary_HH_HH_HA_Bias_SAV_Type_HH_HPA_Contraction_l_Alik_Bjlk_Cijk_Dijk_gfx90a.co
0.8	-- Installing: /work/grodgers/git/tr-aomp/TheRock/build/math-libs/BLAS/hipBLASLt/stage/lib/hipblaslt/library/TensileLibrary_B8NB8N_HB8N_HA_Bias_SAV_UA_Type_B8NH_HPA_ExperimentalStreamK_Contraction_l_Ailk_Bjlk_Cijk_Dijk_CU228_gfx942.dat
0.8	-- Installing: /work/grodgers/git/tr-aomp/TheRock/build/math-libs/BLAS/hipBLASLt/stage/lib/hipblaslt/library/TensileLibrary_HF8N_F8NH_HA_Bias_SAB_SCD_SAV_UA_Type_HF8N_HPA_Contraction_l_Ailk_Bljk_Cijk_Dijk_gfx942.co
0.8	-- Installing: /work/grodgers/git/tr-aomp/TheRock/build/math-libs/BLAS/hipBLASLt/stage/lib/hipblaslt/library/TensileLibrary_BB_BB_UA_Type_BB_HPA_ExperimentalStreamK_Contraction_l_Alik_Bjlk_Cijk_Dijk_CU80_gfx942.dat
0.8	-- Installing: /work/grodgers/git/tr-aomp/TheRock/build/math-libs/BLAS/hipBLASLt/stage/lib/hipblaslt/library/TensileLibrary_HH_SH_HA_Bias_GG_SAV_UA_Type_HS_HPA_Contraction_l_Ailk_Bljk_Cijk_Dijk_gfx908.dat
0.8	-- Installing: /work/grodgers/git/tr-aomp/TheRock/build/math-libs/BLAS/hipBLASLt/stage/lib/hipblaslt/library/TensileLibrary_HH_HH_HA_Bias_SAV_UA_Type_HH_HPA_Contraction_l_Ailk_Bljk_Cijk_Dijk_CU80_gfx942.dat
0.8	-- Installing: /work/grodgers/git/tr-aomp/TheRock/build/math-libs/BLAS/hipBLASLt/stage/lib/hipblaslt/library/TensileLibrary_BB_BB_HA_Bias_SAV_UA_Type_BB_HPA_Contraction_l_Alik_Bjlk_Cijk_Dijk_gfx942.co
0.8	-- Installing: /work/grodgers/git/tr-aomp/TheRock/build/math-libs/BLAS/hipBLASLt/stage/lib/hipblaslt/library/TensileLibrary_B8NB8N_SB8N_Bias_SAB_SAV_UA_Type_B8NS_HPA_Contraction_l_Ailk_Bljk_Cijk_Dijk_gfx942.co
0.8	-- Installing: /work/grodgers/git/tr-aomp/TheRock/build/math-libs/BLAS/hipBLASLt/stage/lib/hipblaslt/library/TensileLibrary_F8NB8N_BF8B8N_SAB_UA_Type_F8NB_HPA_Contraction_l_Alik_Bljk_Cijk_Dijk_gfx942.dat
0.8	-- Installing: /work/grodgers/git/tr-aomp/TheRock/build/math-libs/BLAS/hipBLASLt/stage/lib/hipblaslt/library/TensileLibrary_F8NF8N_BF8N_HA_Bias_SAV_UA_Type_F8NB_HPA_ExperimentalStreamK_Contraction_l_Alik_Bjlk_Cijk_Dijk_CU228_gfx942.co
0.8	-- Installing: /work/grodgers/git/tr-aomp/TheRock/build/math-libs/BLAS/hipBLASLt/stage/lib/hipblaslt/library/TensileLibrary_HH_HH_HA_Bias_SAV_UA_Type_HH_HPA_Contraction_l_Alik_Bjlk_Cijk_Dijk_CU20_gfx942.dat
0.8	-- Installing: /work/grodgers/git/tr-aomp/TheRock/build/math-libs/BLAS/hipBLASLt/stage/lib/hipblaslt/library/TensileLibrary_B8NB8N_F8NB8N_HA_Bias_SAV_UA_Type_B8NF8N_HPA_ExperimentalStreamK_Contraction_l_Ailk_Bjlk_Cijk_Dijk_CU228_gfx942.dat
0.8	-- Installing: /work/grodgers/git/tr-aomp/TheRock/build/math-libs/BLAS/hipBLASLt/stage/lib/hipblaslt/library/TensileLibrary_F8NF8N_B8NF8N_HA_Bias_SAB_SCD_SAV_UA_Type_F8NB8N_HPA_Contraction_l_Alik_Bljk_Cijk_Dijk_gfx942.dat
0.9	-- Installing: /work/grodgers/git/tr-aomp/TheRock/build/math-libs/BLAS/hipBLASLt/stage/lib/hipblaslt/library/TensileLibrary_BB_SB_HA_Bias_Aux_SAV_UA_Type_BS_HPA_Contraction_l_Alik_Bjlk_Cijk_Dijk_gfx942.co
0.9	-- Installing: /work/grodgers/git/tr-aomp/TheRock/build/math-libs/BLAS/hipBLASLt/stage/lib/hipblaslt/library/TensileLibrary_HF8N_SH_HA_Bias_GG_SAB_SAV_UA_Type_HS_HPA_Contraction_l_Ailk_Bljk_Cijk_Dijk_gfx942.co
0.9	-- Installing: /work/grodgers/git/tr-aomp/TheRock/build/math-libs/BLAS/hipBLASLt/stage/lib/hipblaslt/library/TensileLibrary_HH_SH_HA_Bias_SAV_UA_Type_HS_HPA_Contraction_l_Ailk_Bljk_Cijk_Dijk_CU80_gfx942.co
0.9	-- Installing: /work/grodgers/git/tr-aomp/TheRock/build/math-libs/BLAS/hipBLASLt/stage/lib/hipblaslt/library/TensileLibrary_HH_HH_HA_Bias_Grad_SAV_Type_HH_HPA_Contraction_l_Alik_Bljk_Cijk_Dijk_gfx942.dat
0.9	-- Installing: /work/grodgers/git/tr-aomp/TheRock/build/math-libs/BLAS/hipBLASLt/stage/lib/hipblaslt/library/TensileLibrary_BB_SB_UA_Type_BS_HPA_ExperimentalStreamK_Contraction_l_Alik_Bjlk_Cijk_Dijk_CU38_gfx942.co
0.9	-- Installing: /work/grodgers/git/tr-aomp/TheRock/build/math-libs/BLAS/hipBLASLt/stage/lib/hipblaslt/library/TensileLibrary_F8NF8N_BF8N_HA_Bias_SAV_UA_Type_F8NB_HPA_ExperimentalStreamK_Contraction_l_Alik_Bljk_Cijk_Dijk_CU228_gfx942.co
0.9	-- Installing: /work/grodgers/git/tr-aomp/TheRock/build/math-libs/BLAS/hipBLASLt/stage/lib/hipblaslt/library/TensileLibrary_SS_SS_HA_Bias_Aux_SAV_UA_Type_SS_Contraction_l_Alik_Bljk_Cijk_Dijk_gfx942.dat
0.9	-- Installing: /work/grodgers/git/tr-aomp/TheRock/build/math-libs/BLAS/hipBLASLt/stage/lib/hipblaslt/library/TensileLibrary_B8NF8N_SB8F8N_HA_Bias_SAB_SAV_UA_Type_B8NS_HPA_Contraction_l_Ailk_Bljk_Cijk_Dijk_gfx942.dat
0.9	-- Installing: /work/grodgers/git/tr-aomp/TheRock/build/math-libs/BLAS/hipBLASLt/stage/lib/hipblaslt/library/TensileLibrary_HH_HH_Type_HH_HPA_Contraction_l_Ailk_Bljk_Cijk_Dijk_gfx942.co
0.9	-- Installing: /work/grodgers/git/tr-aomp/TheRock/build/math-libs/BLAS/hipBLASLt/stage/lib/hipblaslt/library/TensileLibrary_BB_BB_HA_Bias_SAV_UA_Type_BB_HPA_ExperimentalStreamK_Contraction_l_Ailk_Bljk_Cijk_Dijk_gfx942.dat
0.9	-- Installing: /work/grodgers/git/tr-aomp/TheRock/build/math-libs/BLAS/hipBLASLt/stage/lib/hipblaslt/library/TensileLibrary_F8NB8N_B8NF8B8N_HA_Bias_SAB_SCD_SAV_UA_Type_F8NB8N_HPA_Contraction_l_Ailk_Bljk_Cijk_Dijk_gfx942.co
0.9	-- Installing: /work/grodgers/git/tr-aomp/TheRock/build/math-libs/BLAS/hipBLASLt/stage/lib/hipblaslt/library/TensileLibrary_F8NF8N_F8NF8N_HA_Bias_SAB_SCD_SAV_UA_Type_F8NF8N_HPA_Contraction_l_Ailk_Bjlk_Cijk_Dijk_gfx942.dat
0.9	-- Installing: /work/grodgers/git/tr-aomp/TheRock/build/math-libs/BLAS/hipBLASLt/stage/lib/hipblaslt/library/TensileLibrary_HH_HH_GG_UA_Type_HH_HPA_Contraction_l_Ailk_Bljk_Cijk_Dijk_gfx908.co
0.9	-- Installing: /work/grodgers/git/tr-aomp/TheRock/build/math-libs/BLAS/hipBLASLt/stage/lib/hipblaslt/library/TensileLibrary_BB_SB_UA_Type_BS_HPA_ExperimentalStreamK_Contraction_l_Alik_Bljk_Cijk_Dijk_CU80_gfx942.co
0.9	-- Installing: /work/grodgers/git/tr-aomp/TheRock/build/math-libs/BLAS/hipBLASLt/stage/lib/hipblaslt/library/TensileLibrary_HH_HH_UA_Type_HH_HPA_Contraction_l_Ailk_Bjlk_Cijk_Dijk_gfx942.dat
0.9	-- Installing: /work/grodgers/git/tr-aomp/TheRock/build/math-libs/BLAS/hipBLASLt/stage/lib/hipblaslt/library/TensileLibrary_BB_BB_UA_Type_BB_HPA_Contraction_l_Alik_Bljk_Cijk_Dijk_gfx90a.co
0.9	-- Installing: /work/grodgers/git/tr-aomp/TheRock/build/math-libs/BLAS/hipBLASLt/stage/lib/hipblaslt/library/TensileLibrary_BB_BB_HA_Bias_SAV_Type_BB_HPA_Contraction_l_Alik_Bjlk_Cijk_Dijk_gfx90a.dat
0.9	-- Installing: /work/grodgers/git/tr-aomp/TheRock/build/math-libs/BLAS/hipBLASLt/stage/lib/hipblaslt/library/TensileLibrary_B8NF8N_F8NB8F8N_HA_Bias_SAV_UA_Type_B8NF8N_HPA_ExperimentalStreamK_Contraction_l_Alik_Bljk_Cijk_Dijk_CU228_gfx942.co
0.9	-- Installing: /work/grodgers/git/tr-aomp/TheRock/build/math-libs/BLAS/hipBLASLt/stage/lib/hipblaslt/library/TensileLibrary_B8NF8N_B8NB8F8N_HA_Bias_SAB_SCD_SAV_UA_Type_B8NB8N_HPA_Contraction_l_Ailk_Bljk_Cijk_Dijk_gfx942.co
0.9	-- Installing: /work/grodgers/git/tr-aomp/TheRock/build/math-libs/BLAS/hipBLASLt/stage/lib/hipblaslt/library/TensileLibrary_F8NF8N_HF8N_HA_Bias_SAV_UA_Type_F8NH_HPA_ExperimentalStreamK_Contraction_l_Alik_Bjlk_Cijk_Dijk_CU228_gfx942.co
0.9	-- Installing: /work/grodgers/git/tr-aomp/TheRock/build/math-libs/BLAS/hipBLASLt/stage/lib/hipblaslt/library/TensileLibrary_F8NB8N_SF8B8N_HA_Bias_SAV_UA_Type_F8NS_HPA_ExperimentalStreamK_Contraction_l_Ailk_Bjlk_Cijk_Dijk_CU228_gfx942.dat
0.9	-- Installing: /work/grodgers/git/tr-aomp/TheRock/build/math-libs/BLAS/hipBLASLt/stage/lib/hipblaslt/library/TensileLibrary_F8NB8N_B8NF8B8N_HA_Bias_SAV_UA_Type_F8NB8N_HPA_ExperimentalStreamK_Contraction_l_Ailk_Bjlk_Cijk_Dijk_CU228_gfx942.dat
0.9	-- Installing: /work/grodgers/git/tr-aomp/TheRock/build/math-libs/BLAS/hipBLASLt/stage/lib/hipblaslt/library/TensileLibrary_SS_SS_UA_Type_SS_ExperimentalStreamK_Contraction_l_Alik_Bjlk_Cijk_Dijk_CU38_gfx942.co
0.9	-- Installing: /work/grodgers/git/tr-aomp/TheRock/build/math-libs/BLAS/hipBLASLt/stage/lib/hipblaslt/library/TensileLibrary_I8I8_I8I8_UA_Type_I8I8_HPA_ExperimentalStreamK_Contraction_l_Ailk_Bljk_Cijk_Dijk_CU80_gfx942.co
0.9	-- Installing: /work/grodgers/git/tr-aomp/TheRock/build/math-libs/BLAS/hipBLASLt/stage/lib/hipblaslt/library/TensileLibrary_HH_SH_HA_Bias_SAV_UA_Type_HS_HPA_Contraction_l_Ailk_Bljk_Cijk_Dijk_CU20_gfx942.dat
0.9	-- Installing: /work/grodgers/git/tr-aomp/TheRock/build/math-libs/BLAS/hipBLASLt/stage/lib/hipblaslt/library/TensileLibrary_HH_HB_HA_Bias_SAV_UA_Type_HH_HPA_Contraction_l_Ailk_Bjlk_Cijk_Dijk_CU104_gfx90a.dat
0.9	-- Installing: /work/grodgers/git/tr-aomp/TheRock/build/math-libs/BLAS/hipBLASLt/stage/lib/hipblaslt/library/TensileLibrary_I8I8_I8I8_UA_Type_I8I8_HPA_Contraction_l_Alik_Bljk_Cijk_Dijk_CU104_gfx90a.dat
0.9	-- Installing: /work/grodgers/git/tr-aomp/TheRock/build/math-libs/BLAS/hipBLASLt/stage/lib/hipblaslt/library/TensileLibrary_HH_HH_Bias_SAV_Type_HH_HPA_Contraction_l_Alik_Bljk_Cijk_Dijk_gfx90a.co
0.9	-- Installing: /work/grodgers/git/tr-aomp/TheRock/build/math-libs/BLAS/hipBLASLt/stage/lib/hipblaslt/library/TensileLibrary_B8NF8N_SB8F8N_HA_Bias_SAV_UA_Type_B8NS_HPA_ExperimentalStreamK_Contraction_l_Alik_Bjlk_Cijk_Dijk_CU228_gfx942.dat
0.9	-- Installing: /work/grodgers/git/tr-aomp/TheRock/build/math-libs/BLAS/hipBLASLt/stage/lib/hipblaslt/library/TensileLibrary_HH_SH_HA_Bias_GG_SAV_UA_Type_HS_HPA_Contraction_l_Alik_Bjlk_Cijk_Dijk_gfx942.dat
0.9	-- Installing: /work/grodgers/git/tr-aomp/TheRock/build/math-libs/BLAS/hipBLASLt/stage/lib/hipblaslt/library/TensileLibrary_HH_HH_UA_Type_HH_HPA_Contraction_l_Ailk_Bljk_Cijk_Dijk_gfx942.dat
0.9	-- Installing: /work/grodgers/git/tr-aomp/TheRock/build/math-libs/BLAS/hipBLASLt/stage/lib/hipblaslt/library/TensileLibrary_SS_SS_UA_Type_SS_Contraction_l_Ailk_Bljk_Cijk_Dijk_CU64_gfx942.dat
0.9	-- Installing: /work/grodgers/git/tr-aomp/TheRock/build/math-libs/BLAS/hipBLASLt/stage/lib/hipblaslt/library/TensileLibrary_F8NB8N_SF8B8N_HA_Bias_SAV_UA_Type_F8NS_HPA_ExperimentalStreamK_Contraction_l_Alik_Bjlk_Cijk_Dijk_CU228_gfx942.co
0.9	-- Installing: /work/grodgers/git/tr-aomp/TheRock/build/math-libs/BLAS/hipBLASLt/stage/lib/hipblaslt/library/TensileLibrary_I8I8_I8I8_UA_Type_I8I8_HPA_ExperimentalStreamK_Contraction_l_Alik_Bljk_Cijk_Dijk_CU38_gfx942.co
0.9	-- Installing: /work/grodgers/git/tr-aomp/TheRock/build/math-libs/BLAS/hipBLASLt/stage/lib/hipblaslt/library/TensileLibrary_I8I8_II8_HA_SAV_UA_Type_I8I_HPA_Contraction_l_Ailk_Bljk_Cijk_Dijk_gfx90a.co
0.9	-- Installing: /work/grodgers/git/tr-aomp/TheRock/build/math-libs/BLAS/hipBLASLt/stage/lib/hipblaslt/library/TensileLibrary_HH_HH_HA_Bias_GG_SAV_UA_Type_HH_HPA_Contraction_l_Alik_Bjlk_Cijk_Dijk_gfx942.dat
0.9	-- Installing: /work/grodgers/git/tr-aomp/TheRock/build/math-libs/BLAS/hipBLASLt/stage/lib/hipblaslt/library/TensileLibrary_BB_BB_HA_Bias_Aux_SAV_UA_Type_BB_HPA_Contraction_l_Ailk_Bjlk_Cijk_Dijk_gfx942.dat
0.9	-- Installing: /work/grodgers/git/tr-aomp/TheRock/build/math-libs/BLAS/hipBLASLt/stage/lib/hipblaslt/library/TensileLibrary_B8NB8N_HB8N_HA_Bias_SAV_UA_Type_B8NH_HPA_ExperimentalStreamK_Contraction_l_Ailk_Bljk_Cijk_Dijk_CU228_gfx942.co
0.9	-- Installing: /work/grodgers/git/tr-aomp/TheRock/build/math-libs/BLAS/hipBLASLt/stage/lib/hipblaslt/library/TensileLibrary_BB_BB_HA_Bias_SAV_Type_BB_HPA_Contraction_l_Ailk_Bljk_Cijk_Dijk_gfx908.co
0.9	-- Installing: /work/grodgers/git/tr-aomp/TheRock/build/math-libs/BLAS/hipBLASLt/stage/lib/hipblaslt/library/TensileLibrary_HH_HH_UA_Type_HH_HPA_Contraction_l_Alik_Bljk_Cijk_Dijk_CU20_gfx942.co
0.9	-- Installing: /work/grodgers/git/tr-aomp/TheRock/build/math-libs/BLAS/hipBLASLt/stage/lib/hipblaslt/library/TensileLibrary_F8NF8N_B8NF8N_HA_Bias_SAB_SCD_SAV_UA_Type_F8NB8N_HPA_Contraction_l_Alik_Bjlk_Cijk_Dijk_gfx942.co
0.9	-- Installing: /work/grodgers/git/tr-aomp/TheRock/build/math-libs/BLAS/hipBLASLt/stage/lib/hipblaslt/library/TensileLibrary_HH_HH_HA_Bias_SAV_UA_Type_HH_HPA_Contraction_l_Ailk_Bljk_Cijk_Dijk_CU64_gfx942.co
0.9	-- Installing: /work/grodgers/git/tr-aomp/TheRock/build/math-libs/BLAS/hipBLASLt/stage/lib/hipblaslt/library/TensileLibrary_HH_HH_HA_Bias_SAV_UA_Type_HH_HPA_Contraction_l_Ailk_Bjlk_Cijk_Dijk_CU64_gfx942.co
0.9	-- Installing: /work/grodgers/git/tr-aomp/TheRock/build/math-libs/BLAS/hipBLASLt/stage/lib/hipblaslt/library/TensileLibrary_SS_SS_UA_Type_SS_ExperimentalStreamK_Contraction_l_Alik_Bljk_Cijk_Dijk_CU80_gfx942.co
0.9	-- Installing: /work/grodgers/git/tr-aomp/TheRock/build/math-libs/BLAS/hipBLASLt/stage/lib/hipblaslt/library/TensileLibrary_I8I8_II8_UA_Type_I8I_HPA_Contraction_l_Ailk_Bjlk_Cijk_Dijk_CU80_gfx942.co
0.9	-- Installing: /work/grodgers/git/tr-aomp/TheRock/build/math-libs/BLAS/hipBLASLt/stage/lib/hipblaslt/library/TensileLibrary_SS_SS_UA_Type_SS_ExperimentalStreamK_Contraction_l_Alik_Bjlk_Cijk_Dijk_CU80_gfx942.co
0.9	-- Installing: /work/grodgers/git/tr-aomp/TheRock/build/math-libs/BLAS/hipBLASLt/stage/lib/hipblaslt/library/TensileLibrary_HF8N_SH_HA_Bias_GG_SAB_SAV_UA_Type_HS_HPA_Contraction_l_Alik_Bljk_Cijk_Dijk_gfx942.co
0.9	-- Installing: /work/grodgers/git/tr-aomp/TheRock/build/math-libs/BLAS/hipBLASLt/stage/lib/hipblaslt/library/TensileLibrary_HH_SH_UA_Type_HS_HPA_ExperimentalStreamK_Contraction_l_Ailk_Bjlk_Cijk_Dijk_CU20_gfx942.dat
0.9	-- Installing: /work/grodgers/git/tr-aomp/TheRock/build/math-libs/BLAS/hipBLASLt/stage/lib/hipblaslt/library/TensileLibrary_B8NB8N_B8NB8N_HA_Bias_SAB_SCD_SAV_UA_Type_B8NB8N_HPA_Contraction_l_Ailk_Bjlk_Cijk_Dijk_gfx942.dat
0.9	-- Installing: /work/grodgers/git/tr-aomp/TheRock/build/math-libs/BLAS/hipBLASLt/stage/lib/hipblaslt/library/TensileLibrary_F8NF8N_F8NF8N_UA_Type_F8NF8N_HPA_Contraction_l_Alik_Bljk_Cijk_Dijk_CU80_gfx942.dat
0.9	-- Installing: /work/grodgers/git/tr-aomp/TheRock/build/math-libs/BLAS/hipBLASLt/stage/lib/hipblaslt/library/TensileLibrary_F8NF8N_SF8N_HA_Bias_SAB_SAV_UA_Type_F8NS_HPA_Contraction_l_Alik_Bljk_Cijk_Dijk_gfx942.dat
0.9	-- Installing: /work/grodgers/git/tr-aomp/TheRock/build/math-libs/BLAS/hipBLASLt/stage/lib/hipblaslt/library/TensileLibrary_BB_BB_Bias_UA_Type_BB_HPA_Contraction_l_Ailk_Bljk_Cijk_Dijk_gfx942.dat
0.9	-- Installing: /work/grodgers/git/tr-aomp/TheRock/build/math-libs/BLAS/hipBLASLt/stage/lib/hipblaslt/library/TensileLibrary_BB_BB_UA_Type_BB_HPA_ExperimentalStreamK_Contraction_l_Alik_Bjlk_Cijk_Dijk_CU20_gfx942.co
0.9	-- Installing: /work/grodgers/git/tr-aomp/TheRock/build/math-libs/BLAS/hipBLASLt/stage/lib/hipblaslt/library/TensileLibrary_BB_SB_UA_Type_BS_HPA_ExperimentalStreamK_Contraction_l_Alik_Bjlk_Cijk_Dijk_CU20_gfx942.dat
0.9	-- Installing: /work/grodgers/git/tr-aomp/TheRock/build/math-libs/BLAS/hipBLASLt/stage/lib/hipblaslt/library/TensileLibrary_I8I8_I8I8_UA_Type_I8I8_HPA_ExperimentalStreamK_Contraction_l_Alik_Bjlk_Cijk_Dijk_CU80_gfx942.dat
0.9	-- Installing: /work/grodgers/git/tr-aomp/TheRock/build/math-libs/BLAS/hipBLASLt/stage/lib/hipblaslt/library/TensileLibrary_HH_HH_HA_Bias_SAV_UA_Type_HH_HPA_Contraction_l_Ailk_Bjlk_Cijk_Dijk_gfx942.co
0.9	-- Installing: /work/grodgers/git/tr-aomp/TheRock/build/math-libs/BLAS/hipBLASLt/stage/lib/hipblaslt/library/TensileLibrary_I8I8_II8_UA_Type_I8I_HPA_ExperimentalStreamK_Contraction_l_Alik_Bjlk_Cijk_Dijk_CU20_gfx942.co
0.9	-- Installing: /work/grodgers/git/tr-aomp/TheRock/build/math-libs/BLAS/hipBLASLt/stage/lib/hipblaslt/library/TensileLibrary_HH_HB_HA_Bias_SAV_UA_Type_HH_HPA_Contraction_l_Ailk_Bljk_Cijk_Dijk_CU104_gfx90a.co
0.9	-- Installing: /work/grodgers/git/tr-aomp/TheRock/build/math-libs/BLAS/hipBLASLt/stage/lib/hipblaslt/library/TensileLibrary_HH_HH_GG_UA_Type_HH_HPA_Contraction_l_Alik_Bjlk_Cijk_Dijk_gfx908.dat
0.9	-- Installing: /work/grodgers/git/tr-aomp/TheRock/build/math-libs/BLAS/hipBLASLt/stage/lib/hipblaslt/library/TensileLibrary_F8NF8N_BF8N_HA_Bias_SAB_SAV_UA_Type_F8NB_HPA_Contraction_l_Alik_Bljk_Cijk_Dijk_gfx942.dat
0.9	-- Installing: /work/grodgers/git/tr-aomp/TheRock/build/math-libs/BLAS/hipBLASLt/stage/lib/hipblaslt/library/TensileLibrary_SS_SS_Bias_SAV_UA_Type_SS_Contraction_l_Ailk_Bljk_Cijk_Dijk_gfx942.co
0.9	-- Installing: /work/grodgers/git/tr-aomp/TheRock/build/math-libs/BLAS/hipBLASLt/stage/lib/hipblaslt/library/TensileLibrary_BB_BB_UA_Type_BB_HPA_Contraction_l_Alik_Bljk_Cijk_Dijk_CU64_gfx942.co
0.9	-- Installing: /work/grodgers/git/tr-aomp/TheRock/build/math-libs/BLAS/hipBLASLt/stage/lib/hipblaslt/library/TensileLibrary_BB_BB_HA_Bias_SAV_UA_Type_BB_HPA_Contraction_l_Ailk_Bljk_Cijk_Dijk_CU38_gfx942.dat
0.9	-- Installing: /work/grodgers/git/tr-aomp/TheRock/build/math-libs/BLAS/hipBLASLt/stage/lib/hipblaslt/library/TensileLibrary_HH_HB8F8N_HA_Bias_SAV_UA_Type_HH_HPA_Contraction_l_Ailk_Bjlk_Cijk_Dijk_gfx942.dat
0.9	-- Installing: /work/grodgers/git/tr-aomp/TheRock/build/math-libs/BLAS/hipBLASLt/stage/lib/hipblaslt/library/TensileLibrary_F8NB8N_HF8B8N_HA_Bias_SAB_SAV_UA_Type_F8NH_HPA_Contraction_l_Ailk_Bjlk_Cijk_Dijk_gfx942.dat
0.9	-- Installing: /work/grodgers/git/tr-aomp/TheRock/build/math-libs/BLAS/hipBLASLt/stage/lib/hipblaslt/library/TensileLibrary_B8NB8N_F8NB8N_HA_Bias_SAB_SCD_SAV_UA_Type_B8NF8N_HPA_Contraction_l_Ailk_Bjlk_Cijk_Dijk_gfx942.co
0.9	-- Installing: /work/grodgers/git/tr-aomp/TheRock/build/math-libs/BLAS/hipBLASLt/stage/lib/hipblaslt/library/TensileLibrary_HH_SH_HA_Bias_Aux_SAV_UA_Type_HS_HPA_Contraction_l_Alik_Bljk_Cijk_Dijk_gfx942.co
0.9	-- Installing: /work/grodgers/git/tr-aomp/TheRock/build/math-libs/BLAS/hipBLASLt/stage/lib/hipblaslt/library/TensileLibrary_HH_HH_UA_Type_HH_HPA_Contraction_l_Ailk_Bljk_Cijk_Dijk_CU80_gfx942.co
0.9	-- Installing: /work/grodgers/git/tr-aomp/TheRock/build/math-libs/BLAS/hipBLASLt/stage/lib/hipblaslt/library/TensileLibrary_F8NF8N_BF8N_HA_Bias_SAB_SAV_UA_Type_F8NB_HPA_Contraction_l_Alik_Bjlk_Cijk_Dijk_gfx942.dat
0.9	-- Installing: /work/grodgers/git/tr-aomp/TheRock/build/math-libs/BLAS/hipBLASLt/stage/lib/hipblaslt/library/TensileLibrary_HH_HB8F8N_HA_Bias_SAV_UA_Type_HH_HPA_Contraction_l_Alik_Bjlk_Cijk_Dijk_gfx942.co
0.9	-- Installing: /work/grodgers/git/tr-aomp/TheRock/build/math-libs/BLAS/hipBLASLt/stage/lib/hipblaslt/library/TensileLibrary_F8NH_HH_Type_F8NH_HPA_Contraction_l_Ailk_Bljk_Cijk_Dijk_gfx942.co
0.9	-- Installing: /work/grodgers/git/tr-aomp/TheRock/build/math-libs/BLAS/hipBLASLt/stage/lib/hipblaslt/library/TensileLibrary_F8NF8N_F8NF8N_HA_Bias_SAB_SCD_SAV_UA_Type_F8NF8N_HPA_Contraction_l_Alik_Bljk_Cijk_Dijk_gfx942.dat
0.9	-- Installing: /work/grodgers/git/tr-aomp/TheRock/build/math-libs/BLAS/hipBLASLt/stage/lib/hipblaslt/library/TensileLibrary_HH_HH_HA_Bias_SAV_UA_Type_HH_HPA_Contraction_l_Ailk_Bjlk_Cijk_Dijk_CU228_gfx942.dat
0.9	-- Installing: /work/grodgers/git/tr-aomp/TheRock/build/math-libs/BLAS/hipBLASLt/stage/lib/hipblaslt/library/TensileLibrary_I8I8_I8I8_UA_Type_I8I8_HPA_ExperimentalStreamK_Contraction_l_Ailk_Bjlk_Cijk_Dijk_gfx942.co
0.9	-- Installing: /work/grodgers/git/tr-aomp/TheRock/build/math-libs/BLAS/hipBLASLt/stage/lib/hipblaslt/library/TensileLibrary_F8NB8N_HF8B8N_HA_Bias_SAB_SAV_UA_Type_F8NH_HPA_Contraction_l_Alik_Bjlk_Cijk_Dijk_gfx942.co
0.9	-- Installing: /work/grodgers/git/tr-aomp/TheRock/build/math-libs/BLAS/hipBLASLt/stage/lib/hipblaslt/library/TensileLibrary_BB_BB_HA_Bias_SAV_Type_BB_HPA_Contraction_l_Alik_Bljk_Cijk_Dijk_gfx908.co
0.9	-- Installing: /work/grodgers/git/tr-aomp/TheRock/build/math-libs/BLAS/hipBLASLt/stage/lib/hipblaslt/library/TensileLibrary_I8I8_II8_UA_Type_I8I_HPA_ExperimentalStreamK_Contraction_l_Ailk_Bljk_Cijk_Dijk_CU38_gfx942.co
0.9	-- Installing: /work/grodgers/git/tr-aomp/TheRock/build/math-libs/BLAS/hipBLASLt/stage/lib/hipblaslt/library/TensileLibrary_I8I8_I8I8_UA_Type_I8I8_HPA_ExperimentalStreamK_Contraction_l_Ailk_Bjlk_Cijk_Dijk_CU80_gfx942.dat
0.9	-- Installing: /work/grodgers/git/tr-aomp/TheRock/build/math-libs/BLAS/hipBLASLt/stage/lib/hipblaslt/library/TensileLibrary_HH_SH_HA_Bias_SAV_UA_Type_HS_HPA_Contraction_l_Ailk_Bjlk_Cijk_Dijk_CU80_gfx942.dat
0.9	-- Installing: /work/grodgers/git/tr-aomp/TheRock/build/math-libs/BLAS/hipBLASLt/stage/lib/hipblaslt/library/TensileLibrary_I8I8_I8I8_UA_Type_I8I8_HPA_Contraction_l_Ailk_Bjlk_Cijk_Dijk_CU104_gfx90a.co
0.9	-- Installing: /work/grodgers/git/tr-aomp/TheRock/build/math-libs/BLAS/hipBLASLt/stage/lib/hipblaslt/library/TensileLibrary_BB_BB_HA_Bias_SAV_UA_Type_BB_HPA_Contraction_l_Alik_Bljk_Cijk_Dijk_gfx942.dat
1.0	-- Installing: /work/grodgers/git/tr-aomp/TheRock/build/math-libs/BLAS/hipBLASLt/stage/lib/hipblaslt/library/TensileLibrary_HH_SH_HA_Bias_SAV_UA_Type_HS_HPA_Contraction_l_Ailk_Bjlk_Cijk_Dijk_CU38_gfx942.co
1.0	-- Installing: /work/grodgers/git/tr-aomp/TheRock/build/math-libs/BLAS/hipBLASLt/stage/lib/hipblaslt/library/TensileLibrary_F8NB8N_F8NF8B8N_HA_Bias_SAB_SCD_SAV_UA_Type_F8NF8N_HPA_Contraction_l_Ailk_Bjlk_Cijk_Dijk_gfx942.co
1.0	-- Installing: /work/grodgers/git/tr-aomp/TheRock/build/math-libs/BLAS/hipBLASLt/stage/lib/hipblaslt/library/TensileLibrary_HH_HH_GG_UA_Type_HH_HPA_Contraction_l_Ailk_Bljk_Cijk_Dijk_gfx908.dat
1.0	-- Installing: /work/grodgers/git/tr-aomp/TheRock/build/math-libs/BLAS/hipBLASLt/stage/lib/hipblaslt/library/TensileLibrary_I8I8_II8_Type_I8I_HPA_Contraction_l_Alik_Bljk_Cijk_Dijk_gfx908.co
1.0	-- Installing: /work/grodgers/git/tr-aomp/TheRock/build/math-libs/BLAS/hipBLASLt/stage/lib/hipblaslt/library/TensileLibrary_BB_BB_UA_Type_BB_HPA_Contraction_l_Alik_Bljk_Cijk_Dijk_CU80_gfx942.co
1.0	-- Installing: /work/grodgers/git/tr-aomp/TheRock/build/math-libs/BLAS/hipBLASLt/stage/lib/hipblaslt/library/TensileLibrary_HH_HH_Bias_SAV_Type_HH_HPA_Contraction_l_Alik_Bjlk_Cijk_Dijk_gfx90a.dat
1.0	-- Installing: /work/grodgers/git/tr-aomp/TheRock/build/math-libs/BLAS/hipBLASLt/stage/lib/hipblaslt/library/TensileLibrary_F8NH_SH_GG_SAB_UA_Type_F8NS_HPA_Contraction_l_Ailk_Bljk_Cijk_Dijk_gfx942.dat
1.0	-- Installing: /work/grodgers/git/tr-aomp/TheRock/build/math-libs/BLAS/hipBLASLt/stage/lib/hipblaslt/library/TensileLibrary_SS_SS_MX_UA_Type_SS_Contraction_l_Ailk_Bljk_Cijk_Dijk_gfx942.dat
1.0	-- Installing: /work/grodgers/git/tr-aomp/TheRock/build/math-libs/BLAS/hipBLASLt/stage/lib/hipblaslt/library/TensileLibrary_SS_SS_HA_Bias_SAV_MX_UA_Type_SS_Contraction_l_Alik_Bljk_Cijk_Dijk_CU20_gfx942.dat
1.0	-- Installing: /work/grodgers/git/tr-aomp/TheRock/build/math-libs/BLAS/hipBLASLt/stage/lib/hipblaslt/library/TensileLibrary_F8NF8N_BF8N_STA_SABV_UA_Type_F8NB_HPA_Contraction_l_Alik_Bljk_Cijk_Dijk_gfx942.dat
1.0	-- Installing: /work/grodgers/git/tr-aomp/TheRock/build/math-libs/BLAS/hipBLASLt/stage/lib/hipblaslt/library/TensileLibrary_SS_SS_HA_Bias_Aux_SAV_UA_Type_SS_Contraction_l_Alik_Bjlk_Cijk_Dijk_gfx942.co
1.0	-- Installing: /work/grodgers/git/tr-aomp/TheRock/build/math-libs/BLAS/hipBLASLt/stage/lib/hipblaslt/library/TensileLibrary_BB_SB_UA_Type_BS_HPA_ExperimentalStreamK_Contraction_l_Ailk_Bjlk_Cijk_Dijk_CU38_gfx942.dat
1.0	-- Installing: /work/grodgers/git/tr-aomp/TheRock/build/math-libs/BLAS/hipBLASLt/stage/lib/hipblaslt/library/TensileLibrary_B8NF8N_BB8F8N_HA_Bias_SAB_SAV_UA_Type_B8NB_HPA_Contraction_l_Ailk_Bljk_Cijk_Dijk_gfx942.dat
1.0	-- Installing: /work/grodgers/git/tr-aomp/TheRock/build/math-libs/BLAS/hipBLASLt/stage/lib/hipblaslt/library/TensileLibrary_F8NB8N_HF8B8N_HA_Bias_SAB_SAV_UA_Type_F8NH_HPA_Contraction_l_Alik_Bljk_Cijk_Dijk_gfx942.co
1.0	-- Installing: /work/grodgers/git/tr-aomp/TheRock/build/math-libs/BLAS/hipBLASLt/stage/lib/hipblaslt/library/TensileLibrary_SS_SS_HA_Bias_SAV_Type_SS_Contraction_l_Alik_Bljk_Cijk_Dijk_CU64_gfx942.co
1.0	-- Installing: /work/grodgers/git/tr-aomp/TheRock/build/math-libs/BLAS/hipBLASLt/stage/lib/hipblaslt/library/TensileLibrary_SS_SS_HA_Bias_SAV_MX_UA_Type_SS_Contraction_l_Ailk_Bljk_Cijk_Dijk_gfx942.co
1.0	-- Installing: /work/grodgers/git/tr-aomp/TheRock/build/math-libs/BLAS/hipBLASLt/stage/lib/hipblaslt/library/TensileLibrary_B8NF8N_SB8F8N_Bias_SAB_SAV_UA_Type_B8NS_HPA_Contraction_l_Ailk_Bljk_Cijk_Dijk_gfx942.co
1.0	-- Installing: /work/grodgers/git/tr-aomp/TheRock/build/math-libs/BLAS/hipBLASLt/stage/lib/hipblaslt/library/TensileLibrary_HH_HH_UA_Type_HH_HPA_ExperimentalStreamK_Contraction_l_Ailk_Bljk_Cijk_Dijk_CU20_gfx942.co
1.0	-- Installing: /work/grodgers/git/tr-aomp/TheRock/build/math-libs/BLAS/hipBLASLt/stage/lib/hipblaslt/library/TensileLibrary_HH_SH_Bias_SAV_UA_Type_HS_HPA_Contraction_l_Ailk_Bjlk_Cijk_Dijk_gfx942.dat
1.0	-- Installing: /work/grodgers/git/tr-aomp/TheRock/build/math-libs/BLAS/hipBLASLt/stage/lib/hipblaslt/library/TensileLibrary_I8I8_II8_UA_Type_I8I_HPA_ExperimentalStreamK_Contraction_l_Ailk_Bljk_Cijk_Dijk_CU20_gfx942.co
1.0	-- Installing: /work/grodgers/git/tr-aomp/TheRock/build/math-libs/BLAS/hipBLASLt/stage/lib/hipblaslt/library/TensileLibrary_HH_HH_HA_Bias_SAV_UA_Type_HH_HPA_Contraction_l_Alik_Bljk_Cijk_Dijk_CU80_gfx942.dat
1.0	-- Installing: /work/grodgers/git/tr-aomp/TheRock/build/math-libs/BLAS/hipBLASLt/stage/lib/hipblaslt/library/TensileLibrary_I8I8_I8I8_UA_Type_I8I8_HPA_Contraction_l_Alik_Bjlk_Cijk_Dijk_gfx90a.co
1.0	-- Installing: /work/grodgers/git/tr-aomp/TheRock/build/math-libs/BLAS/hipBLASLt/stage/lib/hipblaslt/library/TensileLibrary_BB_BB_HA_Bias_Aux_SAV_UA_Type_BB_HPA_Contraction_l_Ailk_Bjlk_Cijk_Dijk_gfx942.co
1.0	-- Installing: /work/grodgers/git/tr-aomp/TheRock/build/math-libs/BLAS/hipBLASLt/stage/lib/hipblaslt/library/TensileLibrary_HH_HH_HA_Bias_SAV_Type_HH_HPA_Contraction_l_Ailk_Bljk_Cijk_Dijk_gfx90a.co
1.0	-- Installing: /work/grodgers/git/tr-aomp/TheRock/build/math-libs/BLAS/hipBLASLt/stage/lib/hipblaslt/library/TensileLibrary_HH_HF8B8N_HA_Bias_SAV_UA_Type_HH_HPA_Contraction_l_Ailk_Bjlk_Cijk_Dijk_gfx942.dat
1.0	-- Installing: /work/grodgers/git/tr-aomp/TheRock/build/math-libs/BLAS/hipBLASLt/stage/lib/hipblaslt/library/TensileLibrary_HH_SH_HA_Bias_SAV_UA_Type_HS_HPA_Contraction_l_Alik_Bjlk_Cijk_Dijk_gfx942.co
1.0	-- Installing: /work/grodgers/git/tr-aomp/TheRock/build/math-libs/BLAS/hipBLASLt/stage/lib/hipblaslt/library/TensileLibrary_BB_BB_HA_Bias_SAV_UA_Type_BB_HPA_Contraction_l_Ailk_Bjlk_Cijk_Dijk_CU152_gfx942.co
1.0	-- Installing: /work/grodgers/git/tr-aomp/TheRock/build/math-libs/BLAS/hipBLASLt/stage/lib/hipblaslt/library/TensileLibrary_B8NF8N_HB8F8N_HA_Bias_SAV_UA_Type_B8NH_HPA_ExperimentalStreamK_Contraction_l_Ailk_Bljk_Cijk_Dijk_CU228_gfx942.dat
1.0	-- Installing: /work/grodgers/git/tr-aomp/TheRock/build/math-libs/BLAS/hipBLASLt/stage/lib/hipblaslt/library/TensileLibrary_I8I8_II8_UA_Type_I8I_HPA_ExperimentalStreamK_Contraction_l_Ailk_Bjlk_Cijk_Dijk_CU20_gfx942.dat
1.0	-- Installing: /work/grodgers/git/tr-aomp/TheRock/build/math-libs/BLAS/hipBLASLt/stage/lib/hipblaslt/library/TensileLibrary_HH_SH_HA_Bias_SAV_Type_HS_HPA_Contraction_l_Ailk_Bljk_Cijk_Dijk_gfx90a.dat
1.0	-- Installing: /work/grodgers/git/tr-aomp/TheRock/build/math-libs/BLAS/hipBLASLt/stage/lib/hipblaslt/library/TensileLibrary_SS_SS_HA_Bias_SAV_UA_Type_SS_Contraction_l_Ailk_Bljk_Cijk_Dijk_gfx942.dat
1.0	-- Installing: /work/grodgers/git/tr-aomp/TheRock/build/math-libs/BLAS/hipBLASLt/stage/lib/hipblaslt/library/TensileLibrary_HH_SH_UA_Type_HS_HPA_ExperimentalStreamK_Contraction_l_Ailk_Bjlk_Cijk_Dijk_CU38_gfx942.dat
1.0	-- Installing: /work/grodgers/git/tr-aomp/TheRock/build/math-libs/BLAS/hipBLASLt/stage/lib/hipblaslt/library/TensileLibrary_HH_HH_HA_Bias_GG_SAV_UA_Type_HH_HPA_Contraction_l_Alik_Bljk_Cijk_Dijk_gfx90a.dat
1.0	-- Installing: /work/grodgers/git/tr-aomp/TheRock/build/math-libs/BLAS/hipBLASLt/stage/lib/hipblaslt/library/TensileLibrary_F8NF8N_F8NF8N_UA_Type_F8NF8N_HPA_Contraction_l_Ailk_Bljk_Cijk_Dijk_gfx942.co
1.0	-- Installing: /work/grodgers/git/tr-aomp/TheRock/build/math-libs/BLAS/hipBLASLt/stage/lib/hipblaslt/library/TensileLibrary_F8NB8N_F8NF8B8N_HA_Bias_SAV_UA_Type_F8NF8N_HPA_ExperimentalStreamK_Contraction_l_Alik_Bjlk_Cijk_Dijk_CU228_gfx942.dat
1.0	-- Installing: /work/grodgers/git/tr-aomp/TheRock/build/math-libs/BLAS/hipBLASLt/stage/lib/hipblaslt/library/TensileLibrary_B8NB8N_F8NB8N_HA_Bias_SAB_SCD_SAV_UA_Type_B8NF8N_HPA_Contraction_l_Alik_Bljk_Cijk_Dijk_gfx942.co
1.1	-- Installing: /work/grodgers/git/tr-aomp/TheRock/build/math-libs/BLAS/hipBLASLt/stage/lib/hipblaslt/library/TensileLibrary_B8NF8N_BB8F8N_HA_Bias_SAB_SAV_UA_Type_B8NB_HPA_Contraction_l_Alik_Bljk_Cijk_Dijk_gfx942.co
1.1	-- Installing: /work/grodgers/git/tr-aomp/TheRock/build/math-libs/BLAS/hipBLASLt/stage/lib/hipblaslt/library/TensileLibrary_F8NF8N_HF8N_HA_Bias_SAB_SAV_UA_Type_F8NH_HPA_Contraction_l_Alik_Bljk_Cijk_Dijk_CU152_gfx942.dat
1.1	-- Installing: /work/grodgers/git/tr-aomp/TheRock/build/math-libs/BLAS/hipBLASLt/stage/lib/hipblaslt/library/TensileLibrary_SS_SS_Bias_SAV_UA_Type_SS_Contraction_l_Ailk_Bljk_Cijk_Dijk_gfx942.dat
1.1	-- Installing: /work/grodgers/git/tr-aomp/TheRock/build/math-libs/BLAS/hipBLASLt/stage/lib/hipblaslt/library/TensileLibrary_F8NH_F8NH_HA_Bias_SAB_SCD_SAV_UA_Type_F8NF8N_HPA_Contraction_l_Alik_Bljk_Cijk_Dijk_gfx942.dat
1.1	-- Installing: /work/grodgers/git/tr-aomp/TheRock/build/math-libs/BLAS/hipBLASLt/stage/lib/hipblaslt/library/TensileLibrary_F8NH_HH_HA_Bias_SAB_SAV_UA_Type_F8NH_HPA_Contraction_l_Ailk_Bjlk_Cijk_Dijk_gfx942.dat
1.1	-- Installing: /work/grodgers/git/tr-aomp/TheRock/build/math-libs/BLAS/hipBLASLt/stage/lib/hipblaslt/library/TensileLibrary_B8NF8N_BB8F8N_HA_Bias_SAV_UA_Type_B8NB_HPA_ExperimentalStreamK_Contraction_l_Ailk_Bljk_Cijk_Dijk_CU228_gfx942.dat
1.1	-- Installing: /work/grodgers/git/tr-aomp/TheRock/build/math-libs/BLAS/hipBLASLt/stage/lib/hipblaslt/library/TensileLibrary_HF8N_HH_HA_Bias_SAB_SAV_UA_Type_HH_HPA_Contraction_l_Ailk_Bljk_Cijk_Dijk_gfx942.co
1.1	-- Installing: /work/grodgers/git/tr-aomp/TheRock/build/math-libs/BLAS/hipBLASLt/stage/lib/hipblaslt/library/TensileLibrary_F8NB8N_SF8B8N_SAB_UA_Type_F8NS_HPA_Contraction_l_Alik_Bljk_Cijk_Dijk_gfx942.co
1.1	-- Installing: /work/grodgers/git/tr-aomp/TheRock/build/math-libs/BLAS/hipBLASLt/stage/lib/hipblaslt/library/TensileLibrary_HF8N_HH_UA_Type_HH_HPA_Contraction_l_Ailk_Bljk_Cijk_Dijk_gfx942.co
1.1	-- Installing: /work/grodgers/git/tr-aomp/TheRock/build/math-libs/BLAS/hipBLASLt/stage/lib/hipblaslt/library/TensileLibrary_HH_HH_HA_Bias_Grad_SAV_Type_HH_HPA_Contraction_l_Ailk_Bljk_Cijk_Dijk_gfx942.dat
1.1	-- Installing: /work/grodgers/git/tr-aomp/TheRock/build/math-libs/BLAS/hipBLASLt/stage/lib/hipblaslt/library/TensileLibrary_I8I8_I8I8_UA_Type_I8I8_HPA_Contraction_l_Ailk_Bljk_Cijk_Dijk_CU104_gfx90a.dat
1.1	-- Installing: /work/grodgers/git/tr-aomp/TheRock/build/math-libs/BLAS/hipBLASLt/stage/lib/hipblaslt/library/TensileLibrary_HH_HH_HA_Bias_Grad_SAV_Type_HH_HPA_Contraction_l_Ailk_Bljk_Cijk_Dijk_gfx90a.co
1.1	-- Installing: /work/grodgers/git/tr-aomp/TheRock/build/math-libs/BLAS/hipBLASLt/stage/lib/hipblaslt/library/TensileLibrary_BB_BB_HA_Bias_SAV_UA_Type_BB_HPA_ExperimentalStreamK_Contraction_l_Alik_Bjlk_Cijk_Dijk_CU228_gfx942.co
1.1	-- Installing: /work/grodgers/git/tr-aomp/TheRock/build/math-libs/BLAS/hipBLASLt/stage/lib/hipblaslt/library/TensileLibrary_F8NF8N_B8NF8N_HA_Bias_SAB_SCD_SAV_UA_Type_F8NB8N_HPA_Contraction_l_Ailk_Bljk_Cijk_Dijk_gfx942.co
1.1	-- Installing: /work/grodgers/git/tr-aomp/TheRock/build/math-libs/BLAS/hipBLASLt/stage/lib/hipblaslt/library/extop_gfx908.co
1.1	-- Installing: /work/grodgers/git/tr-aomp/TheRock/build/math-libs/BLAS/hipBLASLt/stage/lib/hipblaslt/library/TensileLibrary_F8NB8N_BF8B8N_HA_Bias_SAV_UA_Type_F8NB_HPA_ExperimentalStreamK_Contraction_l_Alik_Bjlk_Cijk_Dijk_CU228_gfx942.dat
1.1	-- Installing: /work/grodgers/git/tr-aomp/TheRock/build/math-libs/BLAS/hipBLASLt/stage/lib/hipblaslt/library/TensileLibrary_SS_SS_HA_Bias_SAV_UA_Type_SS_ExperimentalStreamK_Contraction_l_Alik_Bjlk_Cijk_Dijk_gfx942.co
1.1	-- Installing: /work/grodgers/git/tr-aomp/TheRock/build/math-libs/BLAS/hipBLASLt/stage/lib/hipblaslt/library/TensileLibrary_F8NH_HH_GG_SAB_UA_Type_F8NH_HPA_Contraction_l_Ailk_Bljk_Cijk_Dijk_gfx942.dat
1.1	-- Installing: /work/grodgers/git/tr-aomp/TheRock/build/math-libs/BLAS/hipBLASLt/stage/lib/hipblaslt/library/TensileLibrary_HH_SH_HA_Bias_SAV_UA_Type_HS_HPA_Contraction_l_Ailk_Bljk_Cijk_Dijk_CU38_gfx942.dat
1.1	-- Installing: /work/grodgers/git/tr-aomp/TheRock/build/math-libs/BLAS/hipBLASLt/stage/lib/hipblaslt/library/TensileLibrary_F8NB8N_B8NF8B8N_HA_Bias_SAV_UA_Type_F8NB8N_HPA_ExperimentalStreamK_Contraction_l_Alik_Bjlk_Cijk_Dijk_CU228_gfx942.dat
1.1	-- Installing: /work/grodgers/git/tr-aomp/TheRock/build/math-libs/BLAS/hipBLASLt/stage/lib/hipblaslt/library/TensileLibrary_F8NF8N_HF8N_UA_Type_F8NH_HPA_Contraction_l_Ailk_Bjlk_Cijk_Dijk_gfx942.dat
1.1	-- Installing: /work/grodgers/git/tr-aomp/TheRock/build/math-libs/BLAS/hipBLASLt/stage/lib/hipblaslt/library/TensileLibrary_HH_HH_HA_Bias_Grad_SAV_Type_HH_HPA_Contraction_l_Alik_Bjlk_Cijk_Dijk_gfx90a.co
1.1	-- Installing: /work/grodgers/git/tr-aomp/TheRock/build/math-libs/BLAS/hipBLASLt/stage/lib/hipblaslt/library/TensileLibrary_HH_HH_HA_Bias_GG_SAV_UA_Type_HH_HPA_Contraction_l_Alik_Bljk_Cijk_Dijk_gfx908.co
1.1	-- Installing: /work/grodgers/git/tr-aomp/TheRock/build/math-libs/BLAS/hipBLASLt/stage/lib/hipblaslt/library/TensileLibrary_F8NB8N_BF8B8N_HA_Bias_SAV_UA_Type_F8NB_HPA_ExperimentalStreamK_Contraction_l_Alik_Bljk_Cijk_Dijk_CU228_gfx942.dat
1.1	-- Installing: /work/grodgers/git/tr-aomp/TheRock/build/math-libs/BLAS/hipBLASLt/stage/lib/hipblaslt/library/TensileLibrary_BB_SB_HA_Bias_Aux_SAV_UA_Type_BS_HPA_Contraction_l_Alik_Bljk_Cijk_Dijk_gfx942.dat
1.1	-- Installing: /work/grodgers/git/tr-aomp/TheRock/build/math-libs/BLAS/hipBLASLt/stage/lib/hipblaslt/library/TensileLibrary_I8I8_II8_UA_Type_I8I_HPA_ExperimentalStreamK_Contraction_l_Alik_Bljk_Cijk_Dijk_CU20_gfx942.co
1.1	-- Installing: /work/grodgers/git/tr-aomp/TheRock/build/math-libs/BLAS/hipBLASLt/stage/lib/hipblaslt/library/TensileLibrary_I8I8_II8_UA_Type_I8I_HPA_ExperimentalStreamK_Contraction_l_Ailk_Bljk_Cijk_Dijk_gfx942.dat
1.1	-- Installing: /work/grodgers/git/tr-aomp/TheRock/build/math-libs/BLAS/hipBLASLt/stage/lib/hipblaslt/library/TensileLibrary_HH_SH_HA_Bias_SAV_UA_Type_HS_HPA_Contraction_l_Ailk_Bljk_Cijk_Dijk_gfx908.co
1.1	-- Installing: /work/grodgers/git/tr-aomp/TheRock/build/math-libs/BLAS/hipBLASLt/stage/lib/hipblaslt/library/TensileLibrary_BB_SB_UA_Type_BS_HPA_ExperimentalStreamK_Contraction_l_Alik_Bljk_Cijk_Dijk_CU20_gfx942.dat
1.1	-- Installing: /work/grodgers/git/tr-aomp/TheRock/build/math-libs/BLAS/hipBLASLt/stage/lib/hipblaslt/library/TensileLibrary_HH_HH_HA_Bias_SAV_UA_Type_HH_HPA_Contraction_l_Ailk_Bljk_Cijk_Dijk_CU38_gfx942.dat
1.1	-- Installing: /work/grodgers/git/tr-aomp/TheRock/build/math-libs/BLAS/hipBLASLt/stage/lib/hipblaslt/library/TensileLibrary_F8NB8N_SF8B8N_Bias_SAB_SAV_UA_Type_F8NS_HPA_Contraction_l_Ailk_Bjlk_Cijk_Dijk_gfx942.dat
1.1	-- Installing: /work/grodgers/git/tr-aomp/TheRock/build/math-libs/BLAS/hipBLASLt/stage/lib/hipblaslt/library/hipblasltExtOpLibrary.dat
1.1	-- Installing: /work/grodgers/git/tr-aomp/TheRock/build/math-libs/BLAS/hipBLASLt/stage/lib/hipblaslt/library/TensileLibrary_HH_HH_UA_Type_HH_HPA_ExperimentalStreamK_Contraction_l_Ailk_Bjlk_Cijk_Dijk_CU80_gfx942.dat
1.1	-- Installing: /work/grodgers/git/tr-aomp/TheRock/build/math-libs/BLAS/hipBLASLt/stage/lib/hipblaslt/library/TensileLibrary_BB_BB_HA_Bias_GG_SAV_UA_Type_BB_HPA_Contraction_l_Ailk_Bljk_Cijk_Dijk_gfx942.co
1.1	-- Installing: /work/grodgers/git/tr-aomp/TheRock/build/math-libs/BLAS/hipBLASLt/stage/lib/hipblaslt/library/TensileLibrary_HH_HH_HA_Bias_GG_SAV_UA_Type_HH_HPA_Contraction_l_Alik_Bjlk_Cijk_Dijk_gfx90a.dat
1.1	-- Installing: /work/grodgers/git/tr-aomp/TheRock/build/math-libs/BLAS/hipBLASLt/stage/lib/hipblaslt/library/TensileLibrary_HH_HH_UA_Type_HH_HPA_Contraction_l_Alik_Bljk_Cijk_Dijk_gfx908.co
1.1	-- Installing: /work/grodgers/git/tr-aomp/TheRock/build/math-libs/BLAS/hipBLASLt/stage/lib/hipblaslt/library/TensileLibrary_SS_SS_HA_Bias_GG_SAV_MX_UA_Type_SS_Contraction_l_Ailk_Bjlk_Cijk_Dijk_gfx942.co
1.1	-- Installing: /work/grodgers/git/tr-aomp/TheRock/build/math-libs/BLAS/hipBLASLt/stage/lib/hipblaslt/library/TensileLibrary_F8NB8N_BF8B8N_HA_Bias_SAB_SAV_UA_Type_F8NB_HPA_Contraction_l_Alik_Bljk_Cijk_Dijk_CU80_gfx942.dat
1.1	-- Installing: /work/grodgers/git/tr-aomp/TheRock/build/math-libs/BLAS/hipBLASLt/stage/lib/hipblaslt/library/TensileLibrary_F8NF8N_HF8N_UA_Type_F8NH_HPA_Contraction_l_Ailk_Bljk_Cijk_Dijk_gfx942.co
1.1	-- Installing: /work/grodgers/git/tr-aomp/TheRock/build/math-libs/BLAS/hipBLASLt/stage/lib/hipblaslt/library/TensileLibrary_BB_SB_HA_Bias_SAV_UA_Type_BS_HPA_ExperimentalStreamK_Contraction_l_Ailk_Bjlk_Cijk_Dijk_gfx942.dat
1.1	-- Installing: /work/grodgers/git/tr-aomp/TheRock/build/math-libs/BLAS/hipBLASLt/stage/lib/hipblaslt/library/TensileLibrary_I8I8_II8_UA_Type_I8I_HPA_ExperimentalStreamK_Contraction_l_Alik_Bljk_Cijk_Dijk_CU80_gfx942.dat
1.1	-- Installing: /work/grodgers/git/tr-aomp/TheRock/build/math-libs/BLAS/hipBLASLt/stage/lib/hipblaslt/library/TensileLibrary_SS_SS_Bias_UA_Type_SS_Contraction_l_Ailk_Bljk_Cijk_Dijk_gfx942.dat
1.1	-- Installing: /work/grodgers/git/tr-aomp/TheRock/build/math-libs/BLAS/hipBLASLt/stage/lib/hipblaslt/library/TensileLibrary_SS_SS_HA_Bias_Grad_SAV_UA_Type_SS_Contraction_l_Ailk_Bjlk_Cijk_Dijk_gfx942.co
1.1	-- Installing: /work/grodgers/git/tr-aomp/TheRock/build/math-libs/BLAS/hipBLASLt/stage/lib/hipblaslt/library/TensileLibrary_SS_SS_HA_Bias_SAV_Type_SS_Contraction_l_Ailk_Bljk_Cijk_Dijk_CU64_gfx942.dat
1.1	-- Installing: /work/grodgers/git/tr-aomp/TheRock/build/math-libs/BLAS/hipBLASLt/stage/lib/hipblaslt/library/TensileLibrary_B8NB8N_B8NB8N_HA_Bias_SAB_SCD_SAV_UA_Type_B8NB8N_HPA_Contraction_l_Alik_Bjlk_Cijk_Dijk_gfx942.co
1.1	-- Installing: /work/grodgers/git/tr-aomp/TheRock/build/math-libs/BLAS/hipBLASLt/stage/lib/hipblaslt/library/TensileLibrary_HH_HB8F8N_HA_Bias_SAV_UA_Type_HH_HPA_Contraction_l_Alik_Bljk_Cijk_Dijk_gfx942.dat
1.1	-- Installing: /work/grodgers/git/tr-aomp/TheRock/build/math-libs/BLAS/hipBLASLt/stage/lib/hipblaslt/library/TensileLibrary_HH_HH_HA_Bias_SAV_UA_Type_HH_HPA_Contraction_l_Alik_Bjlk_Cijk_Dijk_gfx942.co
1.1	-- Installing: /work/grodgers/git/tr-aomp/TheRock/build/math-libs/BLAS/hipBLASLt/stage/lib/hipblaslt/library/TensileLibrary_HH_HH_HA_Bias_Aux_SAV_Type_HH_HPA_Contraction_l_Ailk_Bljk_Cijk_Dijk_gfx90a.dat
1.1	-- Installing: /work/grodgers/git/tr-aomp/TheRock/build/math-libs/BLAS/hipBLASLt/stage/lib/hipblaslt/library/TensileLibrary_I8I8_II8_UA_Type_I8I_HPA_ExperimentalStreamK_Contraction_l_Ailk_Bljk_Cijk_Dijk_CU64_gfx942.dat
1.1	-- Installing: /work/grodgers/git/tr-aomp/TheRock/build/math-libs/BLAS/hipBLASLt/stage/lib/hipblaslt/library/TensileLibrary_BB_BB_HA_Bias_SAV_UA_Type_BB_HPA_Contraction_l_Ailk_Bljk_Cijk_Dijk_CU38_gfx942.co
1.1	-- Installing: /work/grodgers/git/tr-aomp/TheRock/build/math-libs/BLAS/hipBLASLt/stage/lib/hipblaslt/library/TensileLibrary_F8NH_SH_HA_Bias_GG_SAB_SAV_UA_Type_F8NS_HPA_Contraction_l_Ailk_Bljk_Cijk_Dijk_gfx942.co
1.1	-- Installing: /work/grodgers/git/tr-aomp/TheRock/build/math-libs/BLAS/hipBLASLt/stage/lib/hipblaslt/library/TensileLibrary_I8I8_I8I8_UA_Type_I8I8_HPA_ExperimentalStreamK_Contraction_l_Alik_Bljk_Cijk_Dijk_gfx942.dat
1.1	-- Installing: /work/grodgers/git/tr-aomp/TheRock/build/math-libs/BLAS/hipBLASLt/stage/lib/hipblaslt/library/TensileLibrary_B8NB8N_SB8N_Bias_SAB_SAV_UA_Type_B8NS_HPA_Contraction_l_Alik_Bjlk_Cijk_Dijk_gfx942.dat
1.1	-- Installing: /work/grodgers/git/tr-aomp/TheRock/build/math-libs/BLAS/hipBLASLt/stage/lib/hipblaslt/library/TensileLibrary_I8I8_II8_UA_Type_I8I_HPA_ExperimentalStreamK_Contraction_l_Alik_Bljk_Cijk_Dijk_CU64_gfx942.dat
1.1	-- Installing: /work/grodgers/git/tr-aomp/TheRock/build/math-libs/BLAS/hipBLASLt/stage/lib/hipblaslt/library/TensileLibrary_B8NF8N_SB8F8N_HA_Bias_SAV_UA_Type_B8NS_HPA_ExperimentalStreamK_Contraction_l_Ailk_Bjlk_Cijk_Dijk_CU228_gfx942.dat
1.1	-- Installing: /work/grodgers/git/tr-aomp/TheRock/build/math-libs/BLAS/hipBLASLt/stage/lib/hipblaslt/library/TensileLibrary_HF8N_HH_HA_Bias_GG_SAB_SAV_UA_Type_HH_HPA_Contraction_l_Ailk_Bjlk_Cijk_Dijk_gfx942.co
1.1	-- Installing: /work/grodgers/git/tr-aomp/TheRock/build/math-libs/BLAS/hipBLASLt/stage/lib/hipblaslt/library/TensileLibrary_BB_SB_HA_Bias_SAV_UA_Type_BS_HPA_Contraction_l_Alik_Bjlk_Cijk_Dijk_gfx942.dat
1.1	-- Installing: /work/grodgers/git/tr-aomp/TheRock/build/math-libs/BLAS/hipBLASLt/stage/lib/hipblaslt/library/TensileLibrary_I8I8_II8_UA_Type_I8I_HPA_ExperimentalStreamK_Contraction_l_Ailk_Bjlk_Cijk_Dijk_gfx942.dat
1.1	-- Installing: /work/grodgers/git/tr-aomp/TheRock/build/math-libs/BLAS/hipBLASLt/stage/lib/hipblaslt/library/TensileLibrary_BB_SB_HA_Bias_Aux_SAV_UA_Type_BS_HPA_Contraction_l_Alik_Bjlk_Cijk_Dijk_gfx942.dat
1.1	-- Installing: /work/grodgers/git/tr-aomp/TheRock/build/math-libs/BLAS/hipBLASLt/stage/lib/hipblaslt/library/TensileLibrary_BB_BB_HA_Bias_SAV_UA_Type_BB_HPA_ExperimentalStreamK_Contraction_l_Ailk_Bljk_Cijk_Dijk_CU228_gfx942.co
1.1	-- Installing: /work/grodgers/git/tr-aomp/TheRock/build/math-libs/BLAS/hipBLASLt/stage/lib/hipblaslt/library/TensileLibrary_HH_SH_HA_Bias_SAV_UA_Type_HS_HPA_ExperimentalStreamK_Contraction_l_Alik_Bjlk_Cijk_Dijk_CU228_gfx942.co
1.1	-- Installing: /work/grodgers/git/tr-aomp/TheRock/build/math-libs/BLAS/hipBLASLt/stage/lib/hipblaslt/library/TensileLibrary_I8I8_I8I8_UA_Type_I8I8_HPA_ExperimentalStreamK_Contraction_l_Alik_Bjlk_Cijk_Dijk_gfx942.dat
1.1	-- Installing: /work/grodgers/git/tr-aomp/TheRock/build/math-libs/BLAS/hipBLASLt/stage/lib/hipblaslt/library/TensileLibrary_B8NB8N_HB8N_HA_Bias_SAV_UA_Type_B8NH_HPA_ExperimentalStreamK_Contraction_l_Alik_Bjlk_Cijk_Dijk_CU228_gfx942.co
1.1	-- Installing: /work/grodgers/git/tr-aomp/TheRock/build/math-libs/BLAS/hipBLASLt/stage/lib/hipblaslt/library/TensileLibrary_B8NB8N_B8NB8N_HA_Bias_SAV_UA_Type_B8NB8N_HPA_ExperimentalStreamK_Contraction_l_Ailk_Bljk_Cijk_Dijk_CU228_gfx942.co
1.1	-- Installing: /work/grodgers/git/tr-aomp/TheRock/build/math-libs/BLAS/hipBLASLt/stage/lib/hipblaslt/library/TensileLibrary_SS_SS_HA_Bias_SAV_UA_Type_SS_Contraction_l_Ailk_Bjlk_Cijk_Dijk_CU38_gfx942.co
1.1	-- Installing: /work/grodgers/git/tr-aomp/TheRock/build/math-libs/BLAS/hipBLASLt/stage/lib/hipblaslt/library/TensileLibrary_SS_SS_Bias_UA_Type_SS_Contraction_l_Ailk_Bjlk_Cijk_Dijk_gfx942.dat
1.1	-- Installing: /work/grodgers/git/tr-aomp/TheRock/build/math-libs/BLAS/hipBLASLt/stage/lib/hipblaslt/library/TensileLibrary_F8NF8N_F8NF8N_HA_Bias_SAV_UA_Type_F8NF8N_HPA_ExperimentalStreamK_Contraction_l_Alik_Bljk_Cijk_Dijk_CU228_gfx942.co
1.1	-- Installing: /work/grodgers/git/tr-aomp/TheRock/build/math-libs/BLAS/hipBLASLt/stage/lib/hipblaslt/library/TensileLibrary_BB_BB_STA_UA_Type_BB_HPA_Contraction_l_Alik_Bljk_Cijk_Dijk_gfx942.co
1.1	-- Installing: /work/grodgers/git/tr-aomp/TheRock/build/math-libs/BLAS/hipBLASLt/stage/lib/hipblaslt/library/TensileLibrary_I8I8_II8_UA_Type_I8I_HPA_Contraction_l_Ailk_Bljk_Cijk_Dijk_CU80_gfx942.dat
1.1	-- Installing: /work/grodgers/git/tr-aomp/TheRock/build/math-libs/BLAS/hipBLASLt/stage/lib/hipblaslt/library/TensileLibrary_B8NF8N_HB8F8N_HA_Bias_SAV_UA_Type_B8NH_HPA_ExperimentalStreamK_Contraction_l_Ailk_Bjlk_Cijk_Dijk_CU228_gfx942.co
1.1	-- Installing: /work/grodgers/git/tr-aomp/TheRock/build/math-libs/BLAS/hipBLASLt/stage/lib/hipblaslt/library/TensileLibrary_HH_HH_HA_Bias_GG_SAV_UA_Type_HH_HPA_Contraction_l_Alik_Bljk_Cijk_Dijk_gfx942.co
1.1	-- Installing: /work/grodgers/git/tr-aomp/TheRock/build/math-libs/BLAS/hipBLASLt/stage/lib/hipblaslt/library/TensileLibrary_B8NB8N_HB8N_HA_Bias_SAV_UA_Type_B8NH_HPA_ExperimentalStreamK_Contraction_l_Ailk_Bjlk_Cijk_Dijk_CU228_gfx942.co
1.1	-- Installing: /work/grodgers/git/tr-aomp/TheRock/build/math-libs/BLAS/hipBLASLt/stage/lib/hipblaslt/library/TensileLibrary_BB_BB_HA_Bias_SAV_UA_Type_BB_HPA_Contraction_l_Ailk_Bljk_Cijk_Dijk_CU20_gfx942.dat
1.1	-- Installing: /work/grodgers/git/tr-aomp/TheRock/build/math-libs/BLAS/hipBLASLt/stage/lib/hipblaslt/library/TensileLibrary_F8NH_HH_HA_Bias_GG_SAB_SAV_UA_Type_F8NH_HPA_Contraction_l_Alik_Bjlk_Cijk_Dijk_gfx942.co
1.1	-- Installing: /work/grodgers/git/tr-aomp/TheRock/build/math-libs/BLAS/hipBLASLt/stage/lib/hipblaslt/library/TensileLibrary_HH_SH_HA_STA_Bias_SAV_UA_Type_HS_HPA_Contraction_l_Alik_Bljk_Cijk_Dijk_gfx942.co
1.1	-- Installing: /work/grodgers/git/tr-aomp/TheRock/build/math-libs/BLAS/hipBLASLt/stage/lib/hipblaslt/library/TensileLibrary_BB_BB_HA_Bias_GG_SAV_UA_Type_BB_HPA_Contraction_l_Ailk_Bjlk_Cijk_Dijk_gfx942.dat
1.1	-- Installing: /work/grodgers/git/tr-aomp/TheRock/build/math-libs/BLAS/hipBLASLt/stage/lib/hipblaslt/library/TensileLibrary_F8NH_SH_HA_Bias_SAB_SAV_Type_F8NS_HPA_Contraction_l_Alik_Bjlk_Cijk_Dijk_gfx942.co
1.1	-- Installing: /work/grodgers/git/tr-aomp/TheRock/build/math-libs/BLAS/hipBLASLt/stage/lib/hipblaslt/library/TensileLibrary_F8NB8N_BF8B8N_HA_Bias_SAV_UA_Type_F8NB_HPA_ExperimentalStreamK_Contraction_l_Alik_Bjlk_Cijk_Dijk_CU228_gfx942.co
1.1	-- Installing: /work/grodgers/git/tr-aomp/TheRock/build/math-libs/BLAS/hipBLASLt/stage/lib/hipblaslt/library/TensileLibrary_F8NB8N_BF8B8N_HA_Bias_SAB_SAV_UA_Type_F8NB_HPA_Contraction_l_Alik_Bjlk_Cijk_Dijk_gfx942.co
1.1	-- Installing: /work/grodgers/git/tr-aomp/TheRock/build/math-libs/BLAS/hipBLASLt/stage/lib/hipblaslt/library/TensileLibrary_SS_SS_HA_Bias_GG_SAV_MX_UA_Type_SS_Contraction_l_Alik_Bljk_Cijk_Dijk_gfx942.co
1.1	-- Installing: /work/grodgers/git/tr-aomp/TheRock/build/math-libs/BLAS/hipBLASLt/stage/lib/hipblaslt/library/TensileLibrary_F8NF8N_BF8N_HA_Bias_SAV_UA_Type_F8NB_HPA_Contraction_l_Ailk_Bljk_Cijk_Dijk_CU38_gfx942.dat
1.1	-- Installing: /work/grodgers/git/tr-aomp/TheRock/build/math-libs/BLAS/hipBLASLt/stage/lib/hipblaslt/library/TensileLibrary_SS_SS_UA_Type_SS_ExperimentalStreamK_Contraction_l_Ailk_Bjlk_Cijk_Dijk_CU38_gfx942.dat
1.1	-- Installing: /work/grodgers/git/tr-aomp/TheRock/build/math-libs/BLAS/hipBLASLt/stage/lib/hipblaslt/library/TensileLibrary_SS_SS_HA_Bias_Grad_SAV_UA_Type_SS_Contraction_l_Alik_Bjlk_Cijk_Dijk_gfx942.dat
1.1	-- Installing: /work/grodgers/git/tr-aomp/TheRock/build/math-libs/BLAS/hipBLASLt/stage/lib/hipblaslt/library/TensileLibrary_HH_HH_HA_Bias_SAV_UA_Type_HH_HPA_Contraction_l_Alik_Bjlk_Cijk_Dijk_CU20_gfx942.co
1.1	-- Installing: /work/grodgers/git/tr-aomp/TheRock/build/math-libs/BLAS/hipBLASLt/stage/lib/hipblaslt/library/TensileLibrary_HH_SH_HA_Bias_SAV_UA_Type_HS_HPA_Contraction_l_Alik_Bjlk_Cijk_Dijk_gfx908.co
1.1	-- Installing: /work/grodgers/git/tr-aomp/TheRock/build/math-libs/BLAS/hipBLASLt/stage/lib/hipblaslt/library/TensileLibrary_F8NH_SH_HA_Bias_GG_SAB_SAV_UA_Type_F8NS_HPA_Contraction_l_Ailk_Bljk_Cijk_Dijk_gfx942.dat
1.1	-- Installing: /work/grodgers/git/tr-aomp/TheRock/build/math-libs/BLAS/hipBLASLt/stage/lib/hipblaslt/library/TensileLibrary_F8NH_HH_HA_Bias_GG_SAB_SAV_UA_Type_F8NH_HPA_Contraction_l_Ailk_Bljk_Cijk_Dijk_gfx942.dat
1.1	-- Installing: /work/grodgers/git/tr-aomp/TheRock/build/math-libs/BLAS/hipBLASLt/stage/lib/hipblaslt/library/TensileLibrary_HH_HH_Bias_SAV_UA_Type_HH_HPA_Contraction_l_Alik_Bjlk_Cijk_Dijk_gfx908.dat
1.1	-- Installing: /work/grodgers/git/tr-aomp/TheRock/build/math-libs/BLAS/hipBLASLt/stage/lib/hipblaslt/library/TensileLibrary_BB_SB_HA_Bias_SAV_UA_Type_BS_HPA_ExperimentalStreamK_Contraction_l_Alik_Bljk_Cijk_Dijk_gfx942.dat
1.1	-- Installing: /work/grodgers/git/tr-aomp/TheRock/build/math-libs/BLAS/hipBLASLt/stage/lib/hipblaslt/library/TensileLibrary_BB_SB_HA_Bias_SAV_UA_Type_BS_HPA_Contraction_l_Ailk_Bjlk_Cijk_Dijk_gfx942.co
1.1	-- Installing: /work/grodgers/git/tr-aomp/TheRock/build/math-libs/BLAS/hipBLASLt/stage/lib/hipblaslt/library/TensileLibrary_B8NB8N_B8NB8N_HA_Bias_SAV_UA_Type_B8NB8N_HPA_ExperimentalStreamK_Contraction_l_Alik_Bjlk_Cijk_Dijk_CU228_gfx942.co
1.1	-- Installing: /work/grodgers/git/tr-aomp/TheRock/build/math-libs/BLAS/hipBLASLt/stage/lib/hipblaslt/library/TensileLibrary_BB_SB_HA_Bias_SAV_UA_Type_BS_HPA_Contraction_l_Ailk_Bjlk_Cijk_Dijk_CU80_gfx942.co
1.1	-- Installing: /work/grodgers/git/tr-aomp/TheRock/build/math-libs/BLAS/hipBLASLt/stage/lib/hipblaslt/library/TensileLibrary_HH_HH_HA_Bias_SAV_UA_Type_HH_HPA_Contraction_l_Alik_Bljk_Cijk_Dijk_CU38_gfx942.dat
1.2	-- Installing: /work/grodgers/git/tr-aomp/TheRock/build/math-libs/BLAS/hipBLASLt/stage/lib/hipblaslt/library/TensileLibrary_I8I8_II8_Type_I8I_HPA_Contraction_l_Ailk_Bljk_Cijk_Dijk_gfx908.dat
1.2	-- Installing: /work/grodgers/git/tr-aomp/TheRock/build/math-libs/BLAS/hipBLASLt/stage/lib/hipblaslt/library/TensileLibrary_B8NB8N_HB8N_HA_Bias_SAB_SAV_UA_Type_B8NH_HPA_Contraction_l_Ailk_Bjlk_Cijk_Dijk_gfx942.co
1.2	-- Installing: /work/grodgers/git/tr-aomp/TheRock/build/math-libs/BLAS/hipBLASLt/stage/lib/hipblaslt/library/TensileLibrary_F8NF8N_BF8N_STA_SABV_UA_Type_F8NB_HPA_Contraction_l_Alik_Bljk_Cijk_Dijk_gfx942.co
1.2	-- Installing: /work/grodgers/git/tr-aomp/TheRock/build/math-libs/BLAS/hipBLASLt/stage/lib/hipblaslt/library/TensileLibrary_HH_SH_HA_STA_Bias_SAV_UA_Type_HS_HPA_Contraction_l_Alik_Bljk_Cijk_Dijk_CU80_gfx942.dat
1.2	-- Installing: /work/grodgers/git/tr-aomp/TheRock/build/math-libs/BLAS/hipBLASLt/stage/lib/hipblaslt/library/TensileLibrary_SS_SS_Bias_UA_Type_SS_Contraction_l_Ailk_Bljk_Cijk_Dijk_gfx942.co
1.2	-- Installing: /work/grodgers/git/tr-aomp/TheRock/build/math-libs/BLAS/hipBLASLt/stage/lib/hipblaslt/library/TensileLibrary_BB_BB_UA_Type_BB_HPA_ExperimentalStreamK_Contraction_l_Alik_Bjlk_Cijk_Dijk_CU20_gfx942.dat
1.2	-- Installing: /work/grodgers/git/tr-aomp/TheRock/build/math-libs/BLAS/hipBLASLt/stage/lib/hipblaslt/library/TensileLibrary_F8NB8N_HF8B8N_HA_Bias_SAB_SAV_UA_Type_F8NH_HPA_Contraction_l_Alik_Bljk_Cijk_Dijk_gfx942.dat
1.2	-- Installing: /work/grodgers/git/tr-aomp/TheRock/build/math-libs/BLAS/hipBLASLt/stage/lib/hipblaslt/library/TensileLibrary_F8NF8N_SF8N_HA_Bias_SAV_UA_Type_F8NS_HPA_ExperimentalStreamK_Contraction_l_Alik_Bjlk_Cijk_Dijk_CU228_gfx942.co
1.2	-- Installing: /work/grodgers/git/tr-aomp/TheRock/build/math-libs/BLAS/hipBLASLt/stage/lib/hipblaslt/library/TensileLibrary_F8NF8N_BF8N_HA_STA_Bias_SAB_SAV_UA_Type_F8NB_HPA_Contraction_l_Alik_Bljk_Cijk_Dijk_CU80_gfx942.co
1.2	-- Installing: /work/grodgers/git/tr-aomp/TheRock/build/math-libs/BLAS/hipBLASLt/stage/lib/hipblaslt/library/TensileLibrary_BB_BB_HA_Bias_SAV_Type_BB_HPA_Contraction_l_Alik_Bjlk_Cijk_Dijk_gfx908.co
1.2	-- Installing: /work/grodgers/git/tr-aomp/TheRock/build/math-libs/BLAS/hipBLASLt/stage/lib/hipblaslt/library/TensileLibrary_HF8N_SH_SAB_UA_Type_HS_HPA_Contraction_l_Ailk_Bljk_Cijk_Dijk_gfx942.dat
1.2	-- Installing: /work/grodgers/git/tr-aomp/TheRock/build/math-libs/BLAS/hipBLASLt/stage/lib/hipblaslt/library/TensileLibrary_HH_HH_HA_Bias_SAV_Type_HH_HPA_Contraction_l_Alik_Bjlk_Cijk_Dijk_CU104_gfx90a.co
1.2	-- Installing: /work/grodgers/git/tr-aomp/TheRock/build/math-libs/BLAS/hipBLASLt/stage/lib/hipblaslt/library/TensileLibrary_F8NF8N_BF8N_HA_Bias_SAV_UA_Type_F8NB_HPA_ExperimentalStreamK_Contraction_l_Ailk_Bjlk_Cijk_Dijk_CU228_gfx942.co
1.2	-- Installing: /work/grodgers/git/tr-aomp/TheRock/build/math-libs/BLAS/hipBLASLt/stage/lib/hipblaslt/library/TensileLibrary_I8I8_II8_UA_Type_I8I_HPA_ExperimentalStreamK_Contraction_l_Alik_Bljk_Cijk_Dijk_CU38_gfx942.dat
1.2	-- Installing: /work/grodgers/git/tr-aomp/TheRock/build/math-libs/BLAS/hipBLASLt/stage/lib/hipblaslt/library/TensileLibrary_BB_BB_HA_Bias_Aux_SAV_UA_Type_BB_HPA_Contraction_l_Ailk_Bljk_Cijk_Dijk_gfx942.co
1.2	-- Installing: /work/grodgers/git/tr-aomp/TheRock/build/math-libs/BLAS/hipBLASLt/stage/lib/hipblaslt/library/TensileLibrary_HH_HF8N_HA_Bias_SAV_UA_Type_HH_HPA_Contraction_l_Alik_Bljk_Cijk_Dijk_gfx942.dat
1.2	-- Installing: /work/grodgers/git/tr-aomp/TheRock/build/math-libs/BLAS/hipBLASLt/stage/lib/hipblaslt/library/TensileLibrary_F8NF8N_HF8N_HA_Bias_SAB_SAV_UA_Type_F8NH_HPA_Contraction_l_Alik_Bljk_Cijk_Dijk_gfx942.co
1.2	-- Installing: /work/grodgers/git/tr-aomp/TheRock/build/math-libs/BLAS/hipBLASLt/stage/lib/hipblaslt/library/TensileLibrary_F8NH_HH_HA_Bias_SAB_SAV_UA_Type_F8NH_HPA_Contraction_l_Ailk_Bljk_Cijk_Dijk_gfx942.dat
1.2	-- Installing: /work/grodgers/git/tr-aomp/TheRock/build/math-libs/BLAS/hipBLASLt/stage/lib/hipblaslt/library/TensileLibrary_SS_SS_Bias_SAV_UA_Type_SS_Contraction_l_Alik_Bljk_Cijk_Dijk_gfx942.co
1.2	-- Installing: /work/grodgers/git/tr-aomp/TheRock/build/math-libs/BLAS/hipBLASLt/stage/lib/hipblaslt/library/TensileLibrary_HF8N_F8NH_HA_Bias_SAB_SCD_SAV_UA_Type_HF8N_HPA_Contraction_l_Ailk_Bjlk_Cijk_Dijk_gfx942.co
1.2	-- Installing: /work/grodgers/git/tr-aomp/TheRock/build/math-libs/BLAS/hipBLASLt/stage/lib/hipblaslt/library/TensileLibrary_F8NB8N_F8NF8B8N_HA_Bias_SAV_UA_Type_F8NF8N_HPA_ExperimentalStreamK_Contraction_l_Ailk_Bjlk_Cijk_Dijk_CU228_gfx942.dat
1.2	-- Installing: /work/grodgers/git/tr-aomp/TheRock/build/math-libs/BLAS/hipBLASLt/stage/lib/hipblaslt/library/TensileLibrary_B8NB8N_HB8N_HA_Bias_SAV_UA_Type_B8NH_HPA_ExperimentalStreamK_Contraction_l_Alik_Bljk_Cijk_Dijk_CU228_gfx942.dat
1.2	-- Installing: /work/grodgers/git/tr-aomp/TheRock/build/math-libs/BLAS/hipBLASLt/stage/lib/hipblaslt/library/TensileLibrary_B8NB8N_B8NB8N_HA_Bias_SAB_SCD_SAV_UA_Type_B8NB8N_HPA_Contraction_l_Alik_Bljk_Cijk_Dijk_gfx942.co
1.2	-- Installing: /work/grodgers/git/tr-aomp/TheRock/build/math-libs/BLAS/hipBLASLt/stage/lib/hipblaslt/library/TensileLibrary_B8NB8N_SB8N_HA_Bias_SAB_SAV_UA_Type_B8NS_HPA_Contraction_l_Alik_Bjlk_Cijk_Dijk_gfx942.dat
1.2	-- Installing: /work/grodgers/git/tr-aomp/TheRock/build/math-libs/BLAS/hipBLASLt/stage/lib/hipblaslt/library/TensileLibrary_F8NB8N_BF8B8N_HA_Bias_SAB_SAV_UA_Type_F8NB_HPA_Contraction_l_Alik_Bjlk_Cijk_Dijk_gfx942.dat
1.2	-- Installing: /work/grodgers/git/tr-aomp/TheRock/build/math-libs/BLAS/hipBLASLt/stage/lib/hipblaslt/library/TensileLibrary_HH_SH_STA_UA_Type_HS_HPA_Contraction_l_Alik_Bljk_Cijk_Dijk_CU80_gfx942.co
1.2	-- Installing: /work/grodgers/git/tr-aomp/TheRock/build/math-libs/BLAS/hipBLASLt/stage/lib/hipblaslt/library/TensileLibrary_I8I8_II8_Type_I8I_HPA_Contraction_l_Ailk_Bjlk_Cijk_Dijk_gfx908.dat
1.2	-- Installing: /work/grodgers/git/tr-aomp/TheRock/build/math-libs/BLAS/hipBLASLt/stage/lib/hipblaslt/library/TensileLibrary_HH_SH_HA_Bias_SAV_UA_Type_HS_HPA_Contraction_l_Alik_Bljk_Cijk_Dijk_CU80_gfx942.co
1.2	-- Installing: /work/grodgers/git/tr-aomp/TheRock/build/math-libs/BLAS/hipBLASLt/stage/lib/hipblaslt/library/TensileLibrary_HH_HB_HA_Bias_SAV_UA_Type_HH_HPA_Contraction_l_Ailk_Bjlk_Cijk_Dijk_CU104_gfx90a.co
1.2	-- Installing: /work/grodgers/git/tr-aomp/TheRock/build/math-libs/BLAS/hipBLASLt/stage/lib/hipblaslt/library/TensileLibrary_BB_BB_HA_Bias_SAV_Type_BB_HPA_Contraction_l_Alik_Bljk_Cijk_Dijk_gfx908.dat
1.2	-- Installing: /work/grodgers/git/tr-aomp/TheRock/build/math-libs/BLAS/hipBLASLt/stage/lib/hipblaslt/library/TensileLibrary_F8NB8N_BF8B8N_HA_Bias_SAB_SAV_UA_Type_F8NB_HPA_Contraction_l_Ailk_Bljk_Cijk_Dijk_gfx942.co
1.2	-- Installing: /work/grodgers/git/tr-aomp/TheRock/build/math-libs/BLAS/hipBLASLt/stage/lib/hipblaslt/library/TensileLibrary_BB_BB_UA_Type_BB_HPA_ExperimentalStreamK_Contraction_l_Alik_Bljk_Cijk_Dijk_CU80_gfx942.dat
1.2	-- Installing: /work/grodgers/git/tr-aomp/TheRock/build/math-libs/BLAS/hipBLASLt/stage/lib/hipblaslt/library/TensileLibrary_F8NF8N_BF8N_UA_Type_F8NB_HPA_Contraction_l_Ailk_Bljk_Cijk_Dijk_gfx942.dat
1.2	-- Installing: /work/grodgers/git/tr-aomp/TheRock/build/math-libs/BLAS/hipBLASLt/stage/lib/hipblaslt/library/TensileLibrary_HH_HH_Bias_SAV_UA_Type_HH_HPA_Contraction_l_Alik_Bljk_Cijk_Dijk_gfx908.dat
1.2	-- Installing: /work/grodgers/git/tr-aomp/TheRock/build/math-libs/BLAS/hipBLASLt/stage/lib/hipblaslt/library/TensileLibrary_HH_HH_HA_Bias_SAV_UA_Type_HH_HPA_Contraction_l_Ailk_Bjlk_Cijk_Dijk_gfx942.dat
1.2	-- Installing: /work/grodgers/git/tr-aomp/TheRock/build/math-libs/BLAS/hipBLASLt/stage/lib/hipblaslt/library/TensileLibrary_F8NF8N_BF8N_HA_Bias_SAV_UA_Type_F8NB_HPA_ExperimentalStreamK_Contraction_l_Ailk_Bljk_Cijk_Dijk_CU228_gfx942.co
1.2	-- Installing: /work/grodgers/git/tr-aomp/TheRock/build/math-libs/BLAS/hipBLASLt/stage/lib/hipblaslt/library/TensileLibrary_F8NF8N_SF8N_HA_Bias_SAB_SAV_UA_Type_F8NS_HPA_Contraction_l_Ailk_Bjlk_Cijk_Dijk_gfx942.co
1.2	-- Installing: /work/grodgers/git/tr-aomp/TheRock/build/math-libs/BLAS/hipBLASLt/stage/lib/hipblaslt/library/TensileLibrary_HH_HH_HA_Bias_SAV_UA_Type_HH_HPA_Contraction_l_Ailk_Bljk_Cijk_Dijk_CU20_gfx942.dat
1.2	-- Installing: /work/grodgers/git/tr-aomp/TheRock/build/math-libs/BLAS/hipBLASLt/stage/lib/hipblaslt/library/TensileLibrary_F8NF8N_BF8N_UA_Type_F8NB_HPA_Contraction_l_Ailk_Bjlk_Cijk_Dijk_gfx942.dat
1.2	-- Installing: /work/grodgers/git/tr-aomp/TheRock/build/math-libs/BLAS/hipBLASLt/stage/lib/hipblaslt/library/TensileLibrary_HH_HF8B8N_HA_Bias_SAV_UA_Type_HH_HPA_Contraction_l_Ailk_Bljk_Cijk_Dijk_gfx942.dat
1.2	-- Installing: /work/grodgers/git/tr-aomp/TheRock/build/math-libs/BLAS/hipBLASLt/stage/lib/hipblaslt/library/TensileLibrary_HH_HH_UA_Type_HH_HPA_Contraction_l_Alik_Bljk_Cijk_Dijk_gfx942.co
1.2	-- Installing: /work/grodgers/git/tr-aomp/TheRock/build/math-libs/BLAS/hipBLASLt/stage/lib/hipblaslt/library/TensileLibrary_BB_SB_UA_Type_BS_HPA_ExperimentalStreamK_Contraction_l_Alik_Bljk_Cijk_Dijk_CU38_gfx942.dat
1.2	-- Installing: /work/grodgers/git/tr-aomp/TheRock/build/math-libs/BLAS/hipBLASLt/stage/lib/hipblaslt/library/TensileLibrary_HH_HH_Bias_SAV_Type_HH_HPA_Contraction_l_Ailk_Bljk_Cijk_Dijk_gfx90a.dat
1.2	-- Installing: /work/grodgers/git/tr-aomp/TheRock/build/math-libs/BLAS/hipBLASLt/stage/lib/hipblaslt/library/TensileLibrary_HH_SH_UA_Type_HS_HPA_ExperimentalStreamK_Contraction_l_Alik_Bjlk_Cijk_Dijk_CU80_gfx942.dat
1.2	-- Installing: /work/grodgers/git/tr-aomp/TheRock/build/math-libs/BLAS/hipBLASLt/stage/lib/hipblaslt/library/TensileLibrary_HH_SH_HA_Bias_SAV_UA_Type_HS_HPA_Contraction_l_Ailk_Bjlk_Cijk_Dijk_CU20_gfx942.dat
1.2	-- Installing: /work/grodgers/git/tr-aomp/TheRock/build/math-libs/BLAS/hipBLASLt/stage/lib/hipblaslt/library/TensileLibrary_F8NF8N_BF8N_HA_Bias_SAB_SAV_UA_Type_F8NB_HPA_Contraction_l_Ailk_Bljk_Cijk_Dijk_gfx942.dat
1.2	-- Installing: /work/grodgers/git/tr-aomp/TheRock/build/math-libs/BLAS/hipBLASLt/stage/lib/hipblaslt/library/TensileLibrary_HF8N_SH_HA_Bias_GG_SAB_SAV_UA_Type_HS_HPA_Contraction_l_Ailk_Bjlk_Cijk_Dijk_gfx942.co
1.2	-- Installing: /work/grodgers/git/tr-aomp/TheRock/build/math-libs/BLAS/hipBLASLt/stage/lib/hipblaslt/library/TensileLibrary_F8NF8N_HF8N_HA_Bias_SAV_UA_Type_F8NH_HPA_Contraction_l_Alik_Bljk_Cijk_Dijk_CU38_gfx942.co
1.2	-- Installing: /work/grodgers/git/tr-aomp/TheRock/build/math-libs/BLAS/hipBLASLt/stage/lib/hipblaslt/library/TensileLibrary_BB_BB_HA_Bias_SAV_Type_BB_HPA_Contraction_l_Ailk_Bljk_Cijk_Dijk_CU104_gfx90a.dat
1.2	-- Installing: /work/grodgers/git/tr-aomp/TheRock/build/math-libs/BLAS/hipBLASLt/stage/lib/hipblaslt/library/TensileLibrary_SS_SS_MX_UA_Type_SS_Contraction_l_Ailk_Bjlk_Cijk_Dijk_gfx942.dat
1.2	-- Installing: /work/grodgers/git/tr-aomp/TheRock/build/math-libs/BLAS/hipBLASLt/stage/lib/hipblaslt/library/TensileLibrary_SS_SS_HA_Bias_SAV_MX_UA_Type_SS_Contraction_l_Ailk_Bjlk_Cijk_Dijk_CU20_gfx942.co
1.2	-- Installing: /work/grodgers/git/tr-aomp/TheRock/build/math-libs/BLAS/hipBLASLt/stage/lib/hipblaslt/library/TensileLibrary_BB_BB_HA_Bias_SAV_Type_BB_HPA_Contraction_l_Ailk_Bjlk_Cijk_Dijk_CU104_gfx90a.co
1.2	-- Installing: /work/grodgers/git/tr-aomp/TheRock/build/math-libs/BLAS/hipBLASLt/stage/lib/hipblaslt/library/TensileLibrary_SS_SS_HA_Bias_SAV_MX_UA_Type_SS_Contraction_l_Ailk_Bljk_Cijk_Dijk_gfx942.dat
1.3	-- Installing: /work/grodgers/git/tr-aomp/TheRock/build/math-libs/BLAS/hipBLASLt/stage/lib/hipblaslt/library/TensileLibrary_HH_HH_HA_Bias_Grad_SAV_Type_HH_HPA_Contraction_l_Ailk_Bjlk_Cijk_Dijk_gfx90a.dat
1.3	-- Installing: /work/grodgers/git/tr-aomp/TheRock/build/math-libs/BLAS/hipBLASLt/stage/lib/hipblaslt/library/TensileLibrary_BB_SB_HA_Bias_SAV_UA_Type_BS_HPA_Contraction_l_Ailk_Bjlk_Cijk_Dijk_CU38_gfx942.dat
1.3	-- Installing: /work/grodgers/git/tr-aomp/TheRock/build/math-libs/BLAS/hipBLASLt/stage/lib/hipblaslt/library/TensileLibrary_B8NF8N_SB8F8N_HA_Bias_SAB_SAV_UA_Type_B8NS_HPA_Contraction_l_Alik_Bljk_Cijk_Dijk_gfx942.co
1.3	-- Installing: /work/grodgers/git/tr-aomp/TheRock/build/math-libs/BLAS/hipBLASLt/stage/lib/hipblaslt/library/TensileLibrary_F8NF8N_BF8N_HA_Bias_SAV_UA_Type_F8NB_HPA_Contraction_l_Ailk_Bjlk_Cijk_Dijk_CU38_gfx942.dat
1.3	-- Installing: /work/grodgers/git/tr-aomp/TheRock/build/math-libs/BLAS/hipBLASLt/stage/lib/hipblaslt/library/TensileLibrary_DD_DD_UA_Type_DD_Contraction_l_Ailk_Bjlk_Cijk_Dijk_gfx942.dat
1.3	-- Installing: /work/grodgers/git/tr-aomp/TheRock/build/math-libs/BLAS/hipBLASLt/stage/lib/hipblaslt/library/TensileLibrary_BB_BB_UA_Type_BB_HPA_Contraction_l_Ailk_Bljk_Cijk_Dijk_CU64_gfx942.dat
1.3	-- Installing: /work/grodgers/git/tr-aomp/TheRock/build/math-libs/BLAS/hipBLASLt/stage/lib/hipblaslt/library/TensileLibrary_B8NF8N_SB8F8N_HA_Bias_SAB_SAV_UA_Type_B8NS_HPA_Contraction_l_Ailk_Bljk_Cijk_Dijk_gfx942.co
1.3	-- Installing: /work/grodgers/git/tr-aomp/TheRock/build/math-libs/BLAS/hipBLASLt/stage/lib/hipblaslt/library/TensileLibrary_HH_SH_HA_Bias_SAV_UA_Type_HS_HPA_ExperimentalStreamK_Contraction_l_Alik_Bljk_Cijk_Dijk_gfx942.dat
1.3	-- Installing: /work/grodgers/git/tr-aomp/TheRock/build/math-libs/BLAS/hipBLASLt/stage/lib/hipblaslt/library/TensileLibrary_HH_HH_HA_Bias_Aux_SAV_Type_HH_HPA_Contraction_l_Alik_Bljk_Cijk_Dijk_gfx942.dat
1.3	-- Installing: /work/grodgers/git/tr-aomp/TheRock/build/math-libs/BLAS/hipBLASLt/stage/lib/hipblaslt/library/TensileLibrary_B8NF8N_BB8F8N_HA_Bias_SAV_UA_Type_B8NB_HPA_ExperimentalStreamK_Contraction_l_Alik_Bljk_Cijk_Dijk_CU228_gfx942.co
1.3	-- Installing: /work/grodgers/git/tr-aomp/TheRock/build/math-libs/BLAS/hipBLASLt/stage/lib/hipblaslt/library/TensileLibrary_HH_HH_HA_Bias_Aux_SAV_Type_HH_HPA_Contraction_l_Alik_Bjlk_Cijk_Dijk_gfx942.co
1.3	-- Installing: /work/grodgers/git/tr-aomp/TheRock/build/math-libs/BLAS/hipBLASLt/stage/lib/hipblaslt/library/TensileLibrary_I8I8_II8_UA_Type_I8I_HPA_Contraction_l_Ailk_Bjlk_Cijk_Dijk_CU80_gfx942.dat
1.3	-- Installing: /work/grodgers/git/tr-aomp/TheRock/build/math-libs/BLAS/hipBLASLt/stage/lib/hipblaslt/library/TensileLibrary_SS_SS_HA_Bias_SAV_UA_Type_SS_Contraction_l_Ailk_Bjlk_Cijk_Dijk_CU20_gfx942.dat
1.3	-- Installing: /work/grodgers/git/tr-aomp/TheRock/build/math-libs/BLAS/hipBLASLt/stage/lib/hipblaslt/library/TensileLibrary_F8NF8N_BF8N_HA_Bias_SABV_SAV_UA_Type_F8NB_HPA_Contraction_l_Alik_Bljk_Cijk_Dijk_gfx942.co
1.3	-- Installing: /work/grodgers/git/tr-aomp/TheRock/build/math-libs/BLAS/hipBLASLt/stage/lib/hipblaslt/library/TensileLibrary_HH_HH_HA_Bias_Aux_SAV_Type_HH_HPA_Contraction_l_Ailk_Bjlk_Cijk_Dijk_gfx90a.dat
1.3	-- Installing: /work/grodgers/git/tr-aomp/TheRock/build/math-libs/BLAS/hipBLASLt/stage/lib/hipblaslt/library/TensileLibrary_HH_SH_GG_UA_Type_HS_HPA_Contraction_l_Alik_Bjlk_Cijk_Dijk_gfx90a.co
1.3	-- Installing: /work/grodgers/git/tr-aomp/TheRock/build/math-libs/BLAS/hipBLASLt/stage/lib/hipblaslt/library/TensileLibrary_B8NF8N_HB8F8N_HA_Bias_SAV_UA_Type_B8NH_HPA_ExperimentalStreamK_Contraction_l_Alik_Bjlk_Cijk_Dijk_CU228_gfx942.co
1.3	-- Installing: /work/grodgers/git/tr-aomp/TheRock/build/math-libs/BLAS/hipBLASLt/stage/lib/hipblaslt/library/TensileLibrary_B8NB8N_SB8N_Bias_SAB_SAV_UA_Type_B8NS_HPA_Contraction_l_Ailk_Bljk_Cijk_Dijk_gfx942.dat
1.3	-- Installing: /work/grodgers/git/tr-aomp/TheRock/build/math-libs/BLAS/hipBLASLt/stage/lib/hipblaslt/library/TensileLibrary_B8NF8N_SB8F8N_HA_Bias_SAB_SAV_UA_Type_B8NS_HPA_Contraction_l_Ailk_Bjlk_Cijk_Dijk_gfx942.dat
1.3	-- Installing: /work/grodgers/git/tr-aomp/TheRock/build/math-libs/BLAS/hipBLASLt/stage/lib/hipblaslt/library/TensileLibrary_B8NF8N_SB8F8N_Bias_SAB_SAV_UA_Type_B8NS_HPA_Contraction_l_Ailk_Bjlk_Cijk_Dijk_gfx942.dat
1.3	-- Installing: /work/grodgers/git/tr-aomp/TheRock/build/math-libs/BLAS/hipBLASLt/stage/lib/hipblaslt/library/TensileLibrary_BB_SB_UA_Type_BS_HPA_ExperimentalStreamK_Contraction_l_Alik_Bjlk_Cijk_Dijk_CU20_gfx942.co
1.3	-- Installing: /work/grodgers/git/tr-aomp/TheRock/build/math-libs/BLAS/hipBLASLt/stage/lib/hipblaslt/library/TensileLibrary_BB_SB_Bias_SAV_UA_Type_BS_HPA_Contraction_l_Ailk_Bjlk_Cijk_Dijk_CU80_gfx942.dat
1.3	-- Installing: /work/grodgers/git/tr-aomp/TheRock/build/math-libs/BLAS/hipBLASLt/stage/lib/hipblaslt/library/TensileLibrary_BB_BB_HA_Bias_SAV_UA_Type_BB_HPA_ExperimentalStreamK_Contraction_l_Alik_Bljk_Cijk_Dijk_CU228_gfx942.dat
1.3	-- Installing: /work/grodgers/git/tr-aomp/TheRock/build/math-libs/BLAS/hipBLASLt/stage/lib/hipblaslt/library/TensileLibrary_BB_BB_UA_Type_BB_HPA_Contraction_l_Ailk_Bljk_Cijk_Dijk_gfx942.co
1.3	-- Installing: /work/grodgers/git/tr-aomp/TheRock/build/math-libs/BLAS/hipBLASLt/stage/lib/hipblaslt/library/TensileLibrary_F8NB8N_SF8B8N_Bias_SAB_SAV_UA_Type_F8NS_HPA_Contraction_l_Alik_Bjlk_Cijk_Dijk_gfx942.co
1.3	-- Installing: /work/grodgers/git/tr-aomp/TheRock/build/math-libs/BLAS/hipBLASLt/stage/lib/hipblaslt/library/TensileLibrary_SS_SS_HA_Bias_SAV_UA_Type_SS_Contraction_l_Alik_Bljk_Cijk_Dijk_CU80_gfx942.dat
1.3	-- Installing: /work/grodgers/git/tr-aomp/TheRock/build/math-libs/BLAS/hipBLASLt/stage/lib/hipblaslt/library/TensileLibrary_B8NF8N_BB8F8N_HA_Bias_SAV_UA_Type_B8NB_HPA_ExperimentalStreamK_Contraction_l_Ailk_Bjlk_Cijk_Dijk_CU228_gfx942.dat
1.3	-- Installing: /work/grodgers/git/tr-aomp/TheRock/build/math-libs/BLAS/hipBLASLt/stage/lib/hipblaslt/library/TensileLibrary_HH_SH_UA_Type_HS_HPA_ExperimentalStreamK_Contraction_l_Ailk_Bljk_Cijk_Dijk_CU38_gfx942.dat
1.3	-- Installing: /work/grodgers/git/tr-aomp/TheRock/build/math-libs/BLAS/hipBLASLt/stage/lib/hipblaslt/library/TensileLibrary_HH_SH_HA_Bias_SAV_Type_HS_HPA_Contraction_l_Ailk_Bjlk_Cijk_Dijk_gfx90a.dat
1.3	-- Installing: /work/grodgers/git/tr-aomp/TheRock/build/math-libs/BLAS/hipBLASLt/stage/lib/hipblaslt/library/TensileLibrary_SS_SS_Bias_SAV_UA_Type_SS_Contraction_l_Alik_Bjlk_Cijk_Dijk_gfx942.dat
1.3	-- Installing: /work/grodgers/git/tr-aomp/TheRock/build/math-libs/BLAS/hipBLASLt/stage/lib/hipblaslt/library/TensileLibrary_F8NH_F8NH_HA_Bias_SAB_SCD_SAV_UA_Type_F8NF8N_HPA_Contraction_l_Ailk_Bljk_Cijk_Dijk_gfx942.co
1.3	-- Installing: /work/grodgers/git/tr-aomp/TheRock/build/math-libs/BLAS/hipBLASLt/stage/lib/hipblaslt/library/TensileLibrary_B8NB8N_SB8N_HA_Bias_SAB_SAV_UA_Type_B8NS_HPA_Contraction_l_Alik_Bljk_Cijk_Dijk_gfx942.dat
1.3	-- Installing: /work/grodgers/git/tr-aomp/TheRock/build/math-libs/BLAS/hipBLASLt/stage/lib/hipblaslt/library/TensileLibrary_F8NB8N_F8NF8B8N_HA_Bias_SAV_UA_Type_F8NF8N_HPA_ExperimentalStreamK_Contraction_l_Ailk_Bjlk_Cijk_Dijk_CU228_gfx942.co
1.3	-- Installing: /work/grodgers/git/tr-aomp/TheRock/build/math-libs/BLAS/hipBLASLt/stage/lib/hipblaslt/library/TensileLibrary_HH_SH_HA_Bias_SAV_UA_Type_HS_HPA_ExperimentalStreamK_Contraction_l_Alik_Bjlk_Cijk_Dijk_gfx942.co
1.3	-- Installing: /work/grodgers/git/tr-aomp/TheRock/build/math-libs/BLAS/hipBLASLt/stage/lib/hipblaslt/library/TensileLibrary_SS_SS_UA_Type_SS_ExperimentalStreamK_Contraction_l_Ailk_Bljk_Cijk_Dijk_CU80_gfx942.dat
1.3	-- Installing: /work/grodgers/git/tr-aomp/TheRock/build/math-libs/BLAS/hipBLASLt/stage/lib/hipblaslt/library/TensileLibrary_HH_SH_HA_Bias_GG_SAV_UA_Type_HS_HPA_Contraction_l_Alik_Bjlk_Cijk_Dijk_gfx90a.co
1.3	-- Installing: /work/grodgers/git/tr-aomp/TheRock/build/math-libs/BLAS/hipBLASLt/stage/lib/hipblaslt/library/TensileLibrary_HH_HH_UA_Type_HH_HPA_ExperimentalStreamK_Contraction_l_Alik_Bjlk_Cijk_Dijk_CU80_gfx942.dat
1.3	-- Installing: /work/grodgers/git/tr-aomp/TheRock/build/math-libs/BLAS/hipBLASLt/stage/lib/hipblaslt/library/TensileLibrary_HH_SH_GG_UA_Type_HS_HPA_Contraction_l_Ailk_Bljk_Cijk_Dijk_gfx90a.co
1.3	-- Installing: /work/grodgers/git/tr-aomp/TheRock/build/math-libs/BLAS/hipBLASLt/stage/lib/hipblaslt/library/TensileLibrary_HH_HH_HA_Bias_SAV_UA_Type_HH_HPA_Contraction_l_Ailk_Bljk_Cijk_Dijk_CU228_gfx942.dat
1.3	-- Installing: /work/grodgers/git/tr-aomp/TheRock/build/math-libs/BLAS/hipBLASLt/stage/lib/hipblaslt/library/TensileLibrary_B8NF8N_HB8F8N_HA_Bias_SAB_SAV_UA_Type_B8NH_HPA_Contraction_l_Ailk_Bjlk_Cijk_Dijk_gfx942.co
1.3	-- Installing: /work/grodgers/git/tr-aomp/TheRock/build/math-libs/BLAS/hipBLASLt/stage/lib/hipblaslt/library/TensileLibrary_F8NH_HH_HA_Bias_SAB_SAV_Type_F8NH_HPA_Contraction_l_Alik_Bjlk_Cijk_Dijk_gfx942.co
1.3	-- Installing: /work/grodgers/git/tr-aomp/TheRock/build/math-libs/BLAS/hipBLASLt/stage/lib/hipblaslt/library/TensileLibrary_SS_SS_HA_Bias_SAV_UA_Type_SS_Contraction_l_Alik_Bjlk_Cijk_Dijk_gfx908.co
1.3	-- Installing: /work/grodgers/git/tr-aomp/TheRock/build/math-libs/BLAS/hipBLASLt/stage/lib/hipblaslt/library/TensileLibrary_I8I8_II8_Type_I8I_HPA_Contraction_l_Ailk_Bjlk_Cijk_Dijk_gfx908.co
1.3	-- Installing: /work/grodgers/git/tr-aomp/TheRock/build/math-libs/BLAS/hipBLASLt/stage/lib/hipblaslt/library/TensileLibrary_HF8N_SH_HA_Bias_SAB_SAV_UA_Type_HS_HPA_Contraction_l_Alik_Bjlk_Cijk_Dijk_gfx942.co
1.3	-- Installing: /work/grodgers/git/tr-aomp/TheRock/build/math-libs/BLAS/hipBLASLt/stage/lib/hipblaslt/library/TensileLibrary_F8NF8N_BF8N_UA_Type_F8NB_HPA_Contraction_l_Alik_Bljk_Cijk_Dijk_gfx942.co
1.3	-- Installing: /work/grodgers/git/tr-aomp/TheRock/build/math-libs/BLAS/hipBLASLt/stage/lib/hipblaslt/library/TensileLibrary_F8NF8N_SF8N_HA_Bias_SAB_SAV_UA_Type_F8NS_HPA_Contraction_l_Alik_Bjlk_Cijk_Dijk_gfx942.co
1.3	-- Installing: /work/grodgers/git/tr-aomp/TheRock/build/math-libs/BLAS/hipBLASLt/stage/lib/hipblaslt/library/TensileLibrary_SS_SS_HA_Bias_Grad_SAV_UA_Type_SS_Contraction_l_Ailk_Bljk_Cijk_Dijk_gfx942.co
1.3	-- Installing: /work/grodgers/git/tr-aomp/TheRock/build/math-libs/BLAS/hipBLASLt/stage/lib/hipblaslt/library/TensileLibrary_F8NF8N_HF8N_UA_Type_F8NH_HPA_Contraction_l_Ailk_Bljk_Cijk_Dijk_gfx942.dat
1.3	-- Installing: /work/grodgers/git/tr-aomp/TheRock/build/math-libs/BLAS/hipBLASLt/stage/lib/hipblaslt/library/TensileLibrary_F8NB8N_SF8B8N_Bias_SAB_SAV_UA_Type_F8NS_HPA_Contraction_l_Alik_Bljk_Cijk_Dijk_gfx942.dat
1.3	-- Installing: /work/grodgers/git/tr-aomp/TheRock/build/math-libs/BLAS/hipBLASLt/stage/lib/hipblaslt/library/TensileLibrary_HH_HH_HA_Bias_Grad_SAV_Type_HH_HPA_Contraction_l_Alik_Bjlk_Cijk_Dijk_gfx942.dat
1.3	-- Installing: /work/grodgers/git/tr-aomp/TheRock/build/math-libs/BLAS/hipBLASLt/stage/lib/hipblaslt/library/TensileLibrary_HH_HH_HA_Bias_SAV_UA_Type_HH_HPA_Contraction_l_Ailk_Bjlk_Cijk_Dijk_CU80_gfx942.dat
1.3	-- Installing: /work/grodgers/git/tr-aomp/TheRock/build/math-libs/BLAS/hipBLASLt/stage/lib/hipblaslt/library/TensileLibrary_BB_BB_UA_Type_BB_HPA_Contraction_l_Ailk_Bjlk_Cijk_Dijk_CU64_gfx942.dat
1.3	-- Installing: /work/grodgers/git/tr-aomp/TheRock/build/math-libs/BLAS/hipBLASLt/stage/lib/hipblaslt/library/TensileLibrary_B8NB8N_B8NB8N_HA_Bias_SAB_SCD_SAV_UA_Type_B8NB8N_HPA_Contraction_l_Alik_Bjlk_Cijk_Dijk_gfx942.dat
1.3	-- Installing: /work/grodgers/git/tr-aomp/TheRock/build/math-libs/BLAS/hipBLASLt/stage/lib/hipblaslt/library/TensileLibrary_I8I8_II8_HA_SAV_UA_Type_I8I_HPA_Contraction_l_Alik_Bjlk_Cijk_Dijk_gfx90a.dat
1.3	-- Installing: /work/grodgers/git/tr-aomp/TheRock/build/math-libs/BLAS/hipBLASLt/stage/lib/hipblaslt/library/TensileLibrary_HH_HH_UA_Type_HH_HPA_ExperimentalStreamK_Contraction_l_Ailk_Bljk_Cijk_Dijk_CU38_gfx942.dat
1.3	-- Installing: /work/grodgers/git/tr-aomp/TheRock/build/math-libs/BLAS/hipBLASLt/stage/lib/hipblaslt/library/TensileLibrary_F8NF8N_HF8N_HA_Bias_SAV_UA_Type_F8NH_HPA_ExperimentalStreamK_Contraction_l_Alik_Bljk_Cijk_Dijk_CU228_gfx942.co
1.3	-- Installing: /work/grodgers/git/tr-aomp/TheRock/build/math-libs/BLAS/hipBLASLt/stage/lib/hipblaslt/library/TensileLibrary_B8NF8N_SB8F8N_HA_Bias_SAB_SAV_UA_Type_B8NS_HPA_Contraction_l_Ailk_Bjlk_Cijk_Dijk_gfx942.co
1.3	-- Installing: /work/grodgers/git/tr-aomp/TheRock/build/math-libs/BLAS/hipBLASLt/stage/lib/hipblaslt/library/TensileLibrary_F8NF8N_BF8N_HA_Bias_SAV_UA_Type_F8NB_HPA_Contraction_l_Ailk_Bjlk_Cijk_Dijk_CU38_gfx942.co
1.3	-- Installing: /work/grodgers/git/tr-aomp/TheRock/build/math-libs/BLAS/hipBLASLt/stage/lib/hipblaslt/library/TensileLibrary_I8I8_I8I8_HA_SAV_UA_Type_I8I8_HPA_Contraction_l_Ailk_Bljk_Cijk_Dijk_CU20_gfx942.co
1.3	-- Installing: /work/grodgers/git/tr-aomp/TheRock/build/math-libs/BLAS/hipBLASLt/stage/lib/hipblaslt/library/TensileLibrary_SS_SS_HA_Bias_SAV_UA_Type_SS_Contraction_l_Alik_Bljk_Cijk_Dijk_CU80_gfx942.co
1.3	-- Installing: /work/grodgers/git/tr-aomp/TheRock/build/math-libs/BLAS/hipBLASLt/stage/lib/hipblaslt/library/TensileLibrary_B8NB8N_BB8N_HA_Bias_SAB_SAV_UA_Type_B8NB_HPA_Contraction_l_Ailk_Bljk_Cijk_Dijk_gfx942.co
1.3	-- Installing: /work/grodgers/git/tr-aomp/TheRock/build/math-libs/BLAS/hipBLASLt/stage/lib/hipblaslt/library/TensileLibrary_SS_SS_UA_Type_SS_Contraction_l_Ailk_Bljk_Cijk_Dijk_gfx942.dat
1.3	-- Installing: /work/grodgers/git/tr-aomp/TheRock/build/math-libs/BLAS/hipBLASLt/stage/lib/hipblaslt/library/TensileLibrary_I8I8_I8I8_UA_Type_I8I8_HPA_ExperimentalStreamK_Contraction_l_Ailk_Bljk_Cijk_Dijk_CU20_gfx942.dat
1.3	-- Installing: /work/grodgers/git/tr-aomp/TheRock/build/math-libs/BLAS/hipBLASLt/stage/lib/hipblaslt/library/TensileLibrary_F8NB8N_SF8B8N_SAB_UA_Type_F8NS_HPA_Contraction_l_Alik_Bljk_Cijk_Dijk_gfx942.dat
1.3	-- Installing: /work/grodgers/git/tr-aomp/TheRock/build/math-libs/BLAS/hipBLASLt/stage/lib/hipblaslt/library/TensileLibrary_F8NF8N_BF8N_HA_STA_Bias_SAB_SAV_UA_Type_F8NB_HPA_Contraction_l_Alik_Bljk_Cijk_Dijk_gfx942.co
1.4	-- Installing: /work/grodgers/git/tr-aomp/TheRock/build/math-libs/BLAS/hipBLASLt/stage/lib/hipblaslt/library/TensileLibrary_B8NF8N_B8NB8F8N_HA_Bias_SAB_SCD_SAV_UA_Type_B8NB8N_HPA_Contraction_l_Alik_Bjlk_Cijk_Dijk_gfx942.dat
1.4	-- Installing: /work/grodgers/git/tr-aomp/TheRock/build/math-libs/BLAS/hipBLASLt/stage/lib/hipblaslt/library/TensileLibrary_F8NH_SH_HA_Bias_SAB_SAV_UA_Type_F8NS_HPA_Contraction_l_Ailk_Bljk_Cijk_Dijk_gfx942.co
1.4	-- Installing: /work/grodgers/git/tr-aomp/TheRock/build/math-libs/BLAS/hipBLASLt/stage/lib/hipblaslt/library/TensileLibrary_B8NF8N_HB8F8N_HA_Bias_SAV_UA_Type_B8NH_HPA_ExperimentalStreamK_Contraction_l_Alik_Bljk_Cijk_Dijk_CU228_gfx942.co
1.4	-- Installing: /work/grodgers/git/tr-aomp/TheRock/build/math-libs/BLAS/hipBLASLt/stage/lib/hipblaslt/library/TensileLibrary_SS_SS_HA_Bias_SAV_UA_Type_SS_Contraction_l_Ailk_Bjlk_Cijk_Dijk_gfx942.dat
1.4	-- Installing: /work/grodgers/git/tr-aomp/TheRock/build/math-libs/BLAS/hipBLASLt/stage/lib/hipblaslt/library/TensileLibrary_BB_SB_HA_Bias_SAV_UA_Type_BS_HPA_Contraction_l_Alik_Bljk_Cijk_Dijk_CU38_gfx942.dat
1.4	-- Installing: /work/grodgers/git/tr-aomp/TheRock/build/math-libs/BLAS/hipBLASLt/stage/lib/hipblaslt/library/TensileLibrary_BB_BB_UA_Type_BB_HPA_Contraction_l_Ailk_Bljk_Cijk_Dijk_CU80_gfx942.dat
1.4	-- Installing: /work/grodgers/git/tr-aomp/TheRock/build/math-libs/BLAS/hipBLASLt/stage/lib/hipblaslt/library/TensileLibrary_HF8N_HH_UA_Type_HH_HPA_Contraction_l_Alik_Bljk_Cijk_Dijk_gfx942.co
1.4	-- Installing: /work/grodgers/git/tr-aomp/TheRock/build/math-libs/BLAS/hipBLASLt/stage/lib/hipblaslt/library/TensileLibrary_I8I8_II8_UA_Type_I8I_HPA_ExperimentalStreamK_Contraction_l_Alik_Bjlk_Cijk_Dijk_CU38_gfx942.co
1.4	-- Installing: /work/grodgers/git/tr-aomp/TheRock/build/math-libs/BLAS/hipBLASLt/stage/lib/hipblaslt/library/TensileLibrary_I8I8_I8I8_UA_Type_I8I8_HPA_ExperimentalStreamK_Contraction_l_Alik_Bljk_Cijk_Dijk_CU80_gfx942.dat
1.4	-- Installing: /work/grodgers/git/tr-aomp/TheRock/build/math-libs/BLAS/hipBLASLt/stage/lib/hipblaslt/library/TensileLibrary_B8NB8N_HB8N_HA_Bias_SAV_UA_Type_B8NH_HPA_ExperimentalStreamK_Contraction_l_Alik_Bljk_Cijk_Dijk_CU228_gfx942.co
1.4	-- Installing: /work/grodgers/git/tr-aomp/TheRock/build/math-libs/BLAS/hipBLASLt/stage/lib/hipblaslt/library/TensileLibrary_SS_SS_HA_Bias_SAV_UA_Type_SS_ExperimentalStreamK_Contraction_l_Alik_Bljk_Cijk_Dijk_gfx942.co
1.4	-- Installing: /work/grodgers/git/tr-aomp/TheRock/build/math-libs/BLAS/hipBLASLt/stage/lib/hipblaslt/library/TensileLibrary_HH_SH_HA_Bias_SAV_Type_HS_HPA_Contraction_l_Ailk_Bljk_Cijk_Dijk_gfx90a.co
1.4	-- Installing: /work/grodgers/git/tr-aomp/TheRock/build/math-libs/BLAS/hipBLASLt/stage/lib/hipblaslt/library/TensileLibrary_HH_HH_HA_Bias_Aux_SAV_Type_HH_HPA_Contraction_l_Ailk_Bjlk_Cijk_Dijk_gfx942.co
1.4	-- Installing: /work/grodgers/git/tr-aomp/TheRock/build/math-libs/BLAS/hipBLASLt/stage/lib/hipblaslt/library/TensileLibrary_F8NF8N_BF8N_HA_Bias_SAB_SAV_UA_Type_F8NB_HPA_Contraction_l_Ailk_Bjlk_Cijk_Dijk_gfx942.co
1.4	-- Installing: /work/grodgers/git/tr-aomp/TheRock/build/math-libs/BLAS/hipBLASLt/stage/lib/hipblaslt/library/TensileLibrary_F8NF8N_F8NF8N_HA_Bias_SAB_SCD_SAV_Type_F8NF8N_HPA_Contraction_l_Ailk_Bljk_Cijk_Dijk_gfx942.dat
1.4	-- Installing: /work/grodgers/git/tr-aomp/TheRock/build/math-libs/BLAS/hipBLASLt/stage/lib/hipblaslt/library/TensileLibrary_SS_SS_HA_Bias_Grad_SAV_UA_Type_SS_Contraction_l_Alik_Bljk_Cijk_Dijk_gfx942.co
1.4	-- Installing: /work/grodgers/git/tr-aomp/TheRock/build/math-libs/BLAS/hipBLASLt/stage/lib/hipblaslt/library/TensileLibrary_HH_SH_HA_Bias_SAV_UA_Type_HS_HPA_ExperimentalStreamK_Contraction_l_Ailk_Bjlk_Cijk_Dijk_gfx942.dat
1.4	-- Installing: /work/grodgers/git/tr-aomp/TheRock/build/math-libs/BLAS/hipBLASLt/stage/lib/hipblaslt/library/TensileLibrary_BB_BB_UA_Type_BB_HPA_Contraction_l_Alik_Bljk_Cijk_Dijk_CU80_gfx942.dat
1.4	-- Installing: /work/grodgers/git/tr-aomp/TheRock/build/math-libs/BLAS/hipBLASLt/stage/lib/hipblaslt/library/TensileLibrary_HH_SH_HA_Bias_GG_SAV_UA_Type_HS_HPA_Contraction_l_Alik_Bjlk_Cijk_Dijk_gfx942.co
1.4	-- Installing: /work/grodgers/git/tr-aomp/TheRock/build/math-libs/BLAS/hipBLASLt/stage/lib/hipblaslt/library/TensileLibrary_BB_SB_HA_Bias_SAV_UA_Type_BS_HPA_ExperimentalStreamK_Contraction_l_Ailk_Bjlk_Cijk_Dijk_CU228_gfx942.co
1.4	-- Installing: /work/grodgers/git/tr-aomp/TheRock/build/math-libs/BLAS/hipBLASLt/stage/lib/hipblaslt/library/TensileLibrary_F8NF8N_F8NF8N_HA_Bias_Aux_SAB_SCD_SAV_UA_Type_F8NF8N_HPA_Contraction_l_Alik_Bljk_Cijk_Dijk_gfx942.dat
1.4	-- Installing: /work/grodgers/git/tr-aomp/TheRock/build/math-libs/BLAS/hipBLASLt/stage/lib/hipblaslt/library/TensileLibrary_BB_SB_HA_Bias_Aux_SAV_UA_Type_BS_HPA_Contraction_l_Alik_Bljk_Cijk_Dijk_gfx942.co
1.4	-- Installing: /work/grodgers/git/tr-aomp/TheRock/build/math-libs/BLAS/hipBLASLt/stage/lib/hipblaslt/library/TensileLibrary_HH_HH_HA_Bias_GG_SAV_UA_Type_HH_HPA_Contraction_l_Ailk_Bljk_Cijk_Dijk_gfx942.co
1.4	-- Installing: /work/grodgers/git/tr-aomp/TheRock/build/math-libs/BLAS/hipBLASLt/stage/lib/hipblaslt/library/TensileLibrary_SS_SS_UA_Type_SS_Contraction_l_Ailk_Bljk_Cijk_Dijk_CU64_gfx942.co
1.4	-- Installing: /work/grodgers/git/tr-aomp/TheRock/build/math-libs/BLAS/hipBLASLt/stage/lib/hipblaslt/library/TensileLibrary_BB_SB_UA_Type_BS_HPA_ExperimentalStreamK_Contraction_l_Ailk_Bjlk_Cijk_Dijk_CU80_gfx942.dat
1.4	-- Installing: /work/grodgers/git/tr-aomp/TheRock/build/math-libs/BLAS/hipBLASLt/stage/lib/hipblaslt/library/TensileLibrary_I8I8_I8I8_UA_Type_I8I8_HPA_ExperimentalStreamK_Contraction_l_Alik_Bljk_Cijk_Dijk_CU64_gfx942.dat
1.4	-- Installing: /work/grodgers/git/tr-aomp/TheRock/build/math-libs/BLAS/hipBLASLt/stage/lib/hipblaslt/library/TensileLibrary_F8NF8N_F8NF8N_HA_Bias_SAV_UA_Type_F8NF8N_HPA_ExperimentalStreamK_Contraction_l_Ailk_Bljk_Cijk_Dijk_CU228_gfx942.co
1.4	-- Installing: /work/grodgers/git/tr-aomp/TheRock/build/math-libs/BLAS/hipBLASLt/stage/lib/hipblaslt/library/TensileLibrary_BB_BB_HA_Bias_SAV_UA_Type_BB_HPA_ExperimentalStreamK_Contraction_l_Alik_Bljk_Cijk_Dijk_CU228_gfx942.co
1.4	-- Installing: /work/grodgers/git/tr-aomp/TheRock/build/math-libs/BLAS/hipBLASLt/stage/lib/hipblaslt/library/TensileLibrary_B8NB8N_BB8N_HA_Bias_SAV_UA_Type_B8NB_HPA_ExperimentalStreamK_Contraction_l_Alik_Bjlk_Cijk_Dijk_CU228_gfx942.co
1.4	-- Installing: /work/grodgers/git/tr-aomp/TheRock/build/math-libs/BLAS/hipBLASLt/stage/lib/hipblaslt/library/TensileLibrary_BB_BB_HA_Bias_GG_SAV_UA_Type_BB_HPA_Contraction_l_Alik_Bjlk_Cijk_Dijk_gfx942.co
1.4	-- Installing: /work/grodgers/git/tr-aomp/TheRock/build/math-libs/BLAS/hipBLASLt/stage/lib/hipblaslt/library/TensileLibrary_I8I8_II8_UA_Type_I8I_HPA_ExperimentalStreamK_Contraction_l_Alik_Bljk_Cijk_Dijk_CU64_gfx942.co
1.4	-- Installing: /work/grodgers/git/tr-aomp/TheRock/build/math-libs/BLAS/hipBLASLt/stage/lib/hipblaslt/library/TensileLibrary_DD_DD_UA_Type_DD_Contraction_l_Ailk_Bljk_Cijk_Dijk_gfx90a.dat
1.4	-- Installing: /work/grodgers/git/tr-aomp/TheRock/build/math-libs/BLAS/hipBLASLt/stage/lib/hipblaslt/library/TensileLibrary_I8I8_II8_UA_Type_I8I_HPA_Contraction_l_Alik_Bljk_Cijk_Dijk_gfx90a.co
1.4	-- Installing: /work/grodgers/git/tr-aomp/TheRock/build/math-libs/BLAS/hipBLASLt/stage/lib/hipblaslt/library/TensileLibrary_F8NF8N_SF8N_HA_Bias_SAV_UA_Type_F8NS_HPA_ExperimentalStreamK_Contraction_l_Alik_Bljk_Cijk_Dijk_CU228_gfx942.co
1.4	-- Installing: /work/grodgers/git/tr-aomp/TheRock/build/math-libs/BLAS/hipBLASLt/stage/lib/hipblaslt/library/TensileLibrary_F8NF8N_F8NF8N_HA_Bias_SAB_SCD_SAV_Type_F8NF8N_HPA_Contraction_l_Ailk_Bljk_Cijk_Dijk_gfx942.co
1.4	-- Installing: /work/grodgers/git/tr-aomp/TheRock/build/math-libs/BLAS/hipBLASLt/stage/lib/hipblaslt/library/TensileLibrary_I8I8_I8I8_HA_SAV_UA_Type_I8I8_HPA_Contraction_l_Ailk_Bjlk_Cijk_Dijk_CU20_gfx942.co
1.4	-- Installing: /work/grodgers/git/tr-aomp/TheRock/build/math-libs/BLAS/hipBLASLt/stage/lib/hipblaslt/library/TensileLibrary_HH_SH_HA_Bias_SAV_UA_Type_HS_HPA_Contraction_l_Alik_Bljk_Cijk_Dijk_gfx908.co
1.4	-- Installing: /work/grodgers/git/tr-aomp/TheRock/build/math-libs/BLAS/hipBLASLt/stage/lib/hipblaslt/library/TensileLibrary_HH_HH_Bias_SAV_Type_HH_HPA_Contraction_l_Ailk_Bljk_Cijk_Dijk_gfx90a.co
1.4	-- Installing: /work/grodgers/git/tr-aomp/TheRock/build/math-libs/BLAS/hipBLASLt/stage/lib/hipblaslt/library/TensileLibrary_HH_HB8F8N_HA_Bias_SAV_UA_Type_HH_HPA_Contraction_l_Alik_Bljk_Cijk_Dijk_gfx942.co
1.4	-- Installing: /work/grodgers/git/tr-aomp/TheRock/build/math-libs/BLAS/hipBLASLt/stage/lib/hipblaslt/library/TensileLibrary_SS_SS_MX_UA_Type_SS_Contraction_l_Ailk_Bljk_Cijk_Dijk_gfx942.co
1.4	-- Installing: /work/grodgers/git/tr-aomp/TheRock/build/math-libs/BLAS/hipBLASLt/stage/lib/hipblaslt/library/TensileLibrary_HH_SH_UA_Type_HS_HPA_ExperimentalStreamK_Contraction_l_Ailk_Bjlk_Cijk_Dijk_CU80_gfx942.dat
1.4	-- Installing: /work/grodgers/git/tr-aomp/TheRock/build/math-libs/BLAS/hipBLASLt/stage/lib/hipblaslt/library/TensileLibrary_HH_SH_HA_Bias_SAV_UA_Type_HS_HPA_Contraction_l_Alik_Bljk_Cijk_Dijk_CU38_gfx942.dat
1.4	-- Installing: /work/grodgers/git/tr-aomp/TheRock/build/math-libs/BLAS/hipBLASLt/stage/lib/hipblaslt/library/TensileLibrary_HF8N_SH_HA_Bias_SAB_SAV_UA_Type_HS_HPA_Contraction_l_Ailk_Bljk_Cijk_Dijk_gfx942.co
1.4	-- Installing: /work/grodgers/git/tr-aomp/TheRock/build/math-libs/BLAS/hipBLASLt/stage/lib/hipblaslt/library/TensileLibrary_HH_HH_Bias_SAV_Type_HH_HPA_Contraction_l_Ailk_Bljk_Cijk_Dijk_gfx942.dat
1.4	-- Installing: /work/grodgers/git/tr-aomp/TheRock/build/math-libs/BLAS/hipBLASLt/stage/lib/hipblaslt/library/TensileLibrary_F8NF8N_SF8N_Bias_SAB_UA_Type_F8NS_HPA_Contraction_l_Alik_Bljk_Cijk_Dijk_gfx942.dat
1.4	-- Installing: /work/grodgers/git/tr-aomp/TheRock/build/math-libs/BLAS/hipBLASLt/stage/lib/hipblaslt/library/TensileLibrary_B8NB8N_HB8N_HA_Bias_SAB_SAV_UA_Type_B8NH_HPA_Contraction_l_Ailk_Bljk_Cijk_Dijk_gfx942.dat
1.4	-- Installing: /work/grodgers/git/tr-aomp/TheRock/build/math-libs/BLAS/hipBLASLt/stage/lib/hipblaslt/library/TensileLibrary_F8NF8N_F8NF8N_HA_Bias_SAV_UA_Type_F8NF8N_HPA_ExperimentalStreamK_Contraction_l_Alik_Bjlk_Cijk_Dijk_CU228_gfx942.dat
1.4	-- Installing: /work/grodgers/git/tr-aomp/TheRock/build/math-libs/BLAS/hipBLASLt/stage/lib/hipblaslt/library/TensileLibrary_B8NB8N_BB8N_HA_Bias_SAV_UA_Type_B8NB_HPA_ExperimentalStreamK_Contraction_l_Ailk_Bjlk_Cijk_Dijk_CU228_gfx942.co
1.4	-- Installing: /work/grodgers/git/tr-aomp/TheRock/build/math-libs/BLAS/hipBLASLt/stage/lib/hipblaslt/library/TensileLibrary_HH_SH_HA_Bias_SAV_UA_Type_HS_HPA_ExperimentalStreamK_Contraction_l_Ailk_Bjlk_Cijk_Dijk_gfx942.co
1.4	-- Installing: /work/grodgers/git/tr-aomp/TheRock/build/math-libs/BLAS/hipBLASLt/stage/lib/hipblaslt/library/TensileLibrary_F8NF8N_B8NF8N_HA_Bias_SAB_SCD_SAV_UA_Type_F8NB8N_HPA_Contraction_l_Ailk_Bljk_Cijk_Dijk_gfx942.dat
1.4	-- Installing: /work/grodgers/git/tr-aomp/TheRock/build/math-libs/BLAS/hipBLASLt/stage/lib/hipblaslt/library/TensileLibrary_SS_SS_HA_Bias_SAV_Type_SS_Contraction_l_Alik_Bjlk_Cijk_Dijk_gfx90a.co
1.4	-- Installing: /work/grodgers/git/tr-aomp/TheRock/build/math-libs/BLAS/hipBLASLt/stage/lib/hipblaslt/library/TensileLibrary_SS_SS_HA_Bias_SAV_Type_SS_Contraction_l_Ailk_Bjlk_Cijk_Dijk_CU104_gfx90a.co
1.4	-- Installing: /work/grodgers/git/tr-aomp/TheRock/build/math-libs/BLAS/hipBLASLt/stage/lib/hipblaslt/library/TensileLibrary_SS_SS_HA_Bias_SAV_UA_Type_SS_Contraction_l_Alik_Bljk_Cijk_Dijk_gfx908.co
1.4	-- Installing: /work/grodgers/git/tr-aomp/TheRock/build/math-libs/BLAS/hipBLASLt/stage/lib/hipblaslt/library/TensileLibrary_HH_HH_Type_HH_HPA_Contraction_l_Ailk_Bljk_Cijk_Dijk_CU64_gfx942.co
1.4	-- Installing: /work/grodgers/git/tr-aomp/TheRock/build/math-libs/BLAS/hipBLASLt/stage/lib/hipblaslt/library/TensileLibrary_HH_HH_HA_Bias_SAV_UA_Type_HH_HPA_Contraction_l_Alik_Bjlk_Cijk_Dijk_gfx908.dat
1.4	-- Installing: /work/grodgers/git/tr-aomp/TheRock/build/math-libs/BLAS/hipBLASLt/stage/lib/hipblaslt/library/TensileLibrary_HH_HH_HA_Bias_SAV_UA_Type_HH_HPA_Contraction_l_Alik_Bjlk_Cijk_Dijk_gfx908.co
1.4	-- Installing: /work/grodgers/git/tr-aomp/TheRock/build/math-libs/BLAS/hipBLASLt/stage/lib/hipblaslt/library/TensileLibrary_F8NB8N_BF8B8N_HA_Bias_SAV_UA_Type_F8NB_HPA_ExperimentalStreamK_Contraction_l_Alik_Bljk_Cijk_Dijk_CU228_gfx942.co
1.4	-- Installing: /work/grodgers/git/tr-aomp/TheRock/build/math-libs/BLAS/hipBLASLt/stage/lib/hipblaslt/library/TensileLibrary_HH_SH_HA_Bias_Aux_SAV_UA_Type_HS_HPA_Contraction_l_Ailk_Bljk_Cijk_Dijk_gfx942.co
1.4	-- Installing: /work/grodgers/git/tr-aomp/TheRock/build/math-libs/BLAS/hipBLASLt/stage/lib/hipblaslt/library/TensileLibrary_SS_SS_HA_Bias_SAV_MX_UA_Type_SS_Contraction_l_Ailk_Bljk_Cijk_Dijk_CU80_gfx942.dat
1.4	-- Installing: /work/grodgers/git/tr-aomp/TheRock/build/math-libs/BLAS/hipBLASLt/stage/lib/hipblaslt/library/TensileLibrary_HF8N_HH_HA_Bias_SAB_SAV_Type_HH_HPA_Contraction_l_Ailk_Bljk_Cijk_Dijk_gfx942.co
1.4	-- Installing: /work/grodgers/git/tr-aomp/TheRock/build/math-libs/BLAS/hipBLASLt/stage/lib/hipblaslt/library/TensileLibrary_I8I8_II8_HA_SAV_UA_Type_I8I_HPA_Contraction_l_Ailk_Bjlk_Cijk_Dijk_gfx942.co
1.4	-- Installing: /work/grodgers/git/tr-aomp/TheRock/build/math-libs/BLAS/hipBLASLt/stage/lib/hipblaslt/library/TensileLibrary_F8NF8N_SF8N_HA_Bias_SAV_UA_Type_F8NS_HPA_ExperimentalStreamK_Contraction_l_Alik_Bljk_Cijk_Dijk_CU228_gfx942.dat
1.4	-- Installing: /work/grodgers/git/tr-aomp/TheRock/build/math-libs/BLAS/hipBLASLt/stage/lib/hipblaslt/library/TensileLibrary_BB_BB_UA_Type_BB_HPA_ExperimentalStreamK_Contraction_l_Ailk_Bljk_Cijk_Dijk_CU38_gfx942.dat
1.4	-- Installing: /work/grodgers/git/tr-aomp/TheRock/build/math-libs/BLAS/hipBLASLt/stage/lib/hipblaslt/library/TensileLibrary_F8NF8N_F8NF8N_HA_Bias_SAV_UA_Type_F8NF8N_HPA_ExperimentalStreamK_Contraction_l_Ailk_Bjlk_Cijk_Dijk_CU228_gfx942.dat
1.4	-- Installing: /work/grodgers/git/tr-aomp/TheRock/build/math-libs/BLAS/hipBLASLt/stage/lib/hipblaslt/library/TensileLibrary_HH_HH_HA_Bias_Grad_SAV_Type_HH_HPA_Contraction_l_Ailk_Bjlk_Cijk_Dijk_gfx942.co
1.4	-- Installing: /work/grodgers/git/tr-aomp/TheRock/build/math-libs/BLAS/hipBLASLt/stage/lib/hipblaslt/library/TensileLibrary_SS_SS_MX_UA_Type_SS_Contraction_l_Ailk_Bjlk_Cijk_Dijk_gfx942.co
1.4	-- Installing: /work/grodgers/git/tr-aomp/TheRock/build/math-libs/BLAS/hipBLASLt/stage/lib/hipblaslt/library/TensileLibrary_SS_SS_HA_Bias_SAV_UA_Type_SS_Contraction_l_Alik_Bljk_Cijk_Dijk_CU20_gfx942.co
1.4	-- Installing: /work/grodgers/git/tr-aomp/TheRock/build/math-libs/BLAS/hipBLASLt/stage/lib/hipblaslt/library/TensileLibrary_HF8N_HH_GG_SAB_UA_Type_HH_HPA_Contraction_l_Ailk_Bljk_Cijk_Dijk_gfx942.co
1.4	-- Installing: /work/grodgers/git/tr-aomp/TheRock/build/math-libs/BLAS/hipBLASLt/stage/lib/hipblaslt/library/TensileLibrary_I8I8_II8_UA_Type_I8I_HPA_ExperimentalStreamK_Contraction_l_Ailk_Bjlk_Cijk_Dijk_CU38_gfx942.co
1.4	-- Installing: /work/grodgers/git/tr-aomp/TheRock/build/math-libs/BLAS/hipBLASLt/stage/lib/hipblaslt/library/TensileLibrary_BB_BB_UA_Type_BB_HPA_ExperimentalStreamK_Contraction_l_Ailk_Bjlk_Cijk_Dijk_CU38_gfx942.co
1.5	-- Installing: /work/grodgers/git/tr-aomp/TheRock/build/math-libs/BLAS/hipBLASLt/stage/lib/hipblaslt/library/TensileLibrary_F8NH_HH_HA_Bias_SAB_SAV_Type_F8NH_HPA_Contraction_l_Ailk_Bljk_Cijk_Dijk_gfx942.dat
1.5	-- Installing: /work/grodgers/git/tr-aomp/TheRock/build/math-libs/BLAS/hipBLASLt/stage/lib/hipblaslt/library/TensileLibrary_HF8N_F8NH_HA_Bias_SAB_SCD_SAV_UA_Type_HF8N_HPA_Contraction_l_Alik_Bljk_Cijk_Dijk_gfx942.co
1.5	-- Installing: /work/grodgers/git/tr-aomp/TheRock/build/math-libs/BLAS/hipBLASLt/stage/lib/hipblaslt/library/TensileLibrary_F8NF8N_HF8N_HA_Bias_SAB_SAV_UA_Type_F8NH_HPA_Contraction_l_Ailk_Bljk_Cijk_Dijk_gfx942.co
1.5	-- Installing: /work/grodgers/git/tr-aomp/TheRock/build/math-libs/BLAS/hipBLASLt/stage/lib/hipblaslt/library/TensileLibrary_HH_HB8F8N_HA_Bias_SAV_UA_Type_HH_HPA_Contraction_l_Ailk_Bljk_Cijk_Dijk_gfx942.co
1.5	-- Installing: /work/grodgers/git/tr-aomp/TheRock/build/math-libs/BLAS/hipBLASLt/stage/lib/hipblaslt/library/TensileLibrary_BB_BB_UA_Type_BB_HPA_ExperimentalStreamK_Contraction_l_Ailk_Bljk_Cijk_Dijk_CU38_gfx942.co
1.5	-- Installing: /work/grodgers/git/tr-aomp/TheRock/build/math-libs/BLAS/hipBLASLt/stage/lib/hipblaslt/library/TensileLibrary_I8I8_I8I8_UA_Type_I8I8_HPA_ExperimentalStreamK_Contraction_l_Ailk_Bjlk_Cijk_Dijk_CU64_gfx942.co
1.5	-- Installing: /work/grodgers/git/tr-aomp/TheRock/build/math-libs/BLAS/hipBLASLt/stage/lib/hipblaslt/library/TensileLibrary_F8NF8N_BF8N_HA_Bias_SAV_UA_Type_F8NB_HPA_Contraction_l_Alik_Bljk_Cijk_Dijk_CU38_gfx942.dat
1.5	-- Installing: /work/grodgers/git/tr-aomp/TheRock/build/math-libs/BLAS/hipBLASLt/stage/lib/hipblaslt/library/TensileLibrary_HH_HB_HA_Bias_SAV_UA_Type_HH_HPA_Contraction_l_Ailk_Bljk_Cijk_Dijk_gfx90a.dat
1.5	-- Installing: /work/grodgers/git/tr-aomp/TheRock/build/math-libs/BLAS/hipBLASLt/stage/lib/hipblaslt/library/TensileLibrary_BB_SB_HA_Bias_SAV_UA_Type_BS_HPA_Contraction_l_Ailk_Bljk_Cijk_Dijk_CU20_gfx942.co
1.5	-- Installing: /work/grodgers/git/tr-aomp/TheRock/build/math-libs/BLAS/hipBLASLt/stage/lib/hipblaslt/library/TensileLibrary_HH_HH_HA_Bias_SAV_Type_HH_HPA_Contraction_l_Alik_Bljk_Cijk_Dijk_gfx90a.co
1.5	-- Installing: /work/grodgers/git/tr-aomp/TheRock/build/math-libs/BLAS/hipBLASLt/stage/lib/hipblaslt/library/TensileLibrary_B8NF8N_HB8F8N_HA_Bias_SAB_SAV_UA_Type_B8NH_HPA_Contraction_l_Alik_Bljk_Cijk_Dijk_gfx942.co
1.5	-- Installing: /work/grodgers/git/tr-aomp/TheRock/build/math-libs/BLAS/hipBLASLt/stage/lib/hipblaslt/library/TensileLibrary_SS_SS_HA_Bias_Aux_SAV_UA_Type_SS_Contraction_l_Ailk_Bljk_Cijk_Dijk_gfx942.co
1.5	-- Installing: /work/grodgers/git/tr-aomp/TheRock/build/math-libs/BLAS/hipBLASLt/stage/lib/hipblaslt/library/TensileLibrary_SS_SS_UA_Type_SS_Contraction_l_Ailk_Bljk_Cijk_Dijk_CU20_gfx942.co
1.5	-- Installing: /work/grodgers/git/tr-aomp/TheRock/build/math-libs/BLAS/hipBLASLt/stage/lib/hipblaslt/library/TensileLibrary_HH_HH_HA_Bias_Aux_SAV_UA_Type_HH_HPA_Contraction_l_Alik_Bljk_Cijk_Dijk_gfx942.co
1.5	-- Installing: /work/grodgers/git/tr-aomp/TheRock/build/math-libs/BLAS/hipBLASLt/stage/lib/hipblaslt/library/TensileLibrary_F8NF8N_BF8N_HA_STA_Bias_SAB_SAV_UA_Type_F8NB_HPA_Contraction_l_Alik_Bljk_Cijk_Dijk_CU80_gfx942.dat
1.5	-- Installing: /work/grodgers/git/tr-aomp/TheRock/build/math-libs/BLAS/hipBLASLt/stage/lib/hipblaslt/library/TensileLibrary_HH_HH_GG_UA_Type_HH_HPA_Contraction_l_Alik_Bljk_Cijk_Dijk_gfx90a.dat
1.5	-- Installing: /work/grodgers/git/tr-aomp/TheRock/build/math-libs/BLAS/hipBLASLt/stage/lib/hipblaslt/library/TensileLibrary_F8NB8N_SF8B8N_Bias_SAB_SAV_UA_Type_F8NS_HPA_Contraction_l_Ailk_Bljk_Cijk_Dijk_gfx942.dat
1.5	-- Installing: /work/grodgers/git/tr-aomp/TheRock/build/math-libs/BLAS/hipBLASLt/stage/lib/hipblaslt/library/TensileLibrary_I8I8_II8_UA_Type_I8I_HPA_ExperimentalStreamK_Contraction_l_Alik_Bjlk_Cijk_Dijk_CU80_gfx942.dat
1.5	-- Installing: /work/grodgers/git/tr-aomp/TheRock/build/math-libs/BLAS/hipBLASLt/stage/lib/hipblaslt/library/TensileLibrary_HH_HH_HA_Bias_SAV_UA_Type_HH_HPA_Contraction_l_Alik_Bljk_Cijk_Dijk_CU64_gfx942.dat
1.5	-- Installing: /work/grodgers/git/tr-aomp/TheRock/build/math-libs/BLAS/hipBLASLt/stage/lib/hipblaslt/library/TensileLibrary_F8NF8N_HF8N_HA_Bias_SAV_UA_Type_F8NH_HPA_Contraction_l_Ailk_Bjlk_Cijk_Dijk_CU38_gfx942.co
1.5	-- Installing: /work/grodgers/git/tr-aomp/TheRock/build/math-libs/BLAS/hipBLASLt/stage/lib/hipblaslt/library/TensileLibrary_HH_SH_UA_Type_HS_HPA_ExperimentalStreamK_Contraction_l_Alik_Bjlk_Cijk_Dijk_CU80_gfx942.co
1.5	-- Installing: /work/grodgers/git/tr-aomp/TheRock/build/math-libs/BLAS/hipBLASLt/stage/lib/hipblaslt/library/TensileLibrary_HF8N_SH_HA_Bias_SAB_SAV_UA_Type_HS_HPA_Contraction_l_Alik_Bjlk_Cijk_Dijk_gfx942.dat
1.5	-- Installing: /work/grodgers/git/tr-aomp/TheRock/build/math-libs/BLAS/hipBLASLt/stage/lib/hipblaslt/library/TensileLibrary_F8NH_SH_HA_Bias_GG_SAB_SAV_UA_Type_F8NS_HPA_Contraction_l_Ailk_Bjlk_Cijk_Dijk_gfx942.dat
1.5	-- Installing: /work/grodgers/git/tr-aomp/TheRock/build/math-libs/BLAS/hipBLASLt/stage/lib/hipblaslt/library/TensileLibrary_SS_SS_HA_Bias_Aux_SAV_UA_Type_SS_Contraction_l_Alik_Bljk_Cijk_Dijk_gfx942.co
1.5	-- Installing: /work/grodgers/git/tr-aomp/TheRock/build/math-libs/BLAS/hipBLASLt/stage/lib/hipblaslt/library/TensileLibrary_HH_SH_HA_Bias_GG_SAV_UA_Type_HS_HPA_Contraction_l_Ailk_Bjlk_Cijk_Dijk_gfx942.dat
1.5	-- Installing: /work/grodgers/git/tr-aomp/TheRock/build/math-libs/BLAS/hipBLASLt/stage/lib/hipblaslt/library/TensileLibrary_HH_HH_HA_Bias_Grad_SAV_Type_HH_HPA_Contraction_l_Alik_Bljk_Cijk_Dijk_gfx90a.co
1.5	-- Installing: /work/grodgers/git/tr-aomp/TheRock/build/math-libs/BLAS/hipBLASLt/stage/lib/hipblaslt/library/TensileLibrary_BB_SB_HA_Bias_Aux_SAV_UA_Type_BS_HPA_Contraction_l_Ailk_Bljk_Cijk_Dijk_gfx942.co
1.5	-- Installing: /work/grodgers/git/tr-aomp/TheRock/build/math-libs/BLAS/hipBLASLt/stage/lib/hipblaslt/library/TensileLibrary_HF8N_HH_HA_Bias_GG_SAB_SAV_UA_Type_HH_HPA_Contraction_l_Ailk_Bljk_Cijk_Dijk_gfx942.co
1.5	-- Installing: /work/grodgers/git/tr-aomp/TheRock/build/math-libs/BLAS/hipBLASLt/stage/lib/hipblaslt/library/TensileLibrary_I8I8_I8I8_UA_Type_I8I8_HPA_ExperimentalStreamK_Contraction_l_Alik_Bljk_Cijk_Dijk_CU80_gfx942.co
1.5	-- Installing: /work/grodgers/git/tr-aomp/TheRock/build/math-libs/BLAS/hipBLASLt/stage/lib/hipblaslt/library/TensileLibrary_HH_HH_HA_Bias_SAV_UA_Type_HH_HPA_Contraction_l_Ailk_Bljk_Cijk_Dijk_CU64_gfx942.dat
1.5	-- Installing: /work/grodgers/git/tr-aomp/TheRock/build/math-libs/BLAS/hipBLASLt/stage/lib/hipblaslt/library/TensileLibrary_SS_SS_UA_Type_SS_Contraction_l_Alik_Bjlk_Cijk_Dijk_gfx942.co
1.5	-- Installing: /work/grodgers/git/tr-aomp/TheRock/build/math-libs/BLAS/hipBLASLt/stage/lib/hipblaslt/library/TensileLibrary_HH_SH_UA_Type_HS_HPA_ExperimentalStreamK_Contraction_l_Ailk_Bljk_Cijk_Dijk_CU38_gfx942.co
1.5	-- Installing: /work/grodgers/git/tr-aomp/TheRock/build/math-libs/BLAS/hipBLASLt/stage/lib/hipblaslt/library/TensileLibrary_HH_HH_HA_Bias_Aux_SAV_UA_Type_HH_HPA_Contraction_l_Ailk_Bljk_Cijk_Dijk_gfx908.co
1.5	-- Installing: /work/grodgers/git/tr-aomp/TheRock/build/math-libs/BLAS/hipBLASLt/stage/lib/hipblaslt/library/TensileLibrary_I8I8_I8I8_UA_Type_I8I8_HPA_ExperimentalStreamK_Contraction_l_Ailk_Bljk_Cijk_Dijk_gfx942.dat
1.5	-- Installing: /work/grodgers/git/tr-aomp/TheRock/build/math-libs/BLAS/hipBLASLt/stage/lib/hipblaslt/library/TensileLibrary_F8NH_HH_UA_Type_F8NH_HPA_Contraction_l_Ailk_Bljk_Cijk_Dijk_gfx942.dat
1.5	-- Installing: /work/grodgers/git/tr-aomp/TheRock/build/math-libs/BLAS/hipBLASLt/stage/lib/hipblaslt/library/TensileLibrary_BB_SB_HA_Bias_SAV_UA_Type_BS_HPA_ExperimentalStreamK_Contraction_l_Alik_Bjlk_Cijk_Dijk_gfx942.co
1.5	-- Installing: /work/grodgers/git/tr-aomp/TheRock/build/math-libs/BLAS/hipBLASLt/stage/lib/hipblaslt/library/hipblasltTransform.hsaco
1.5	-- Installing: /work/grodgers/git/tr-aomp/TheRock/build/math-libs/BLAS/hipBLASLt/stage/lib/hipblaslt/library/TensileLibrary_SS_SS_HA_Bias_Grad_SAV_UA_Type_SS_Contraction_l_Ailk_Bljk_Cijk_Dijk_gfx942.dat
1.5	-- Installing: /work/grodgers/git/tr-aomp/TheRock/build/math-libs/BLAS/hipBLASLt/stage/lib/hipblaslt/library/TensileLibrary_F8NH_HH_HA_Bias_GG_SAB_SAV_UA_Type_F8NH_HPA_Contraction_l_Alik_Bjlk_Cijk_Dijk_gfx942.dat
1.5	-- Installing: /work/grodgers/git/tr-aomp/TheRock/build/math-libs/BLAS/hipBLASLt/stage/lib/hipblaslt/library/TensileLibrary_HH_SH_HA_Bias_SAV_UA_Type_HS_HPA_Contraction_l_Ailk_Bljk_Cijk_Dijk_gfx942.co
1.5	-- Installing: /work/grodgers/git/tr-aomp/TheRock/build/math-libs/BLAS/hipBLASLt/stage/lib/hipblaslt/library/TensileLibrary_HH_SH_HA_Bias_Aux_SAV_UA_Type_HS_HPA_Contraction_l_Alik_Bjlk_Cijk_Dijk_gfx942.co
1.5	-- Installing: /work/grodgers/git/tr-aomp/TheRock/build/math-libs/BLAS/hipBLASLt/stage/lib/hipblaslt/library/TensileLibrary_F8NB8N_HF8B8N_HA_Bias_SAV_UA_Type_F8NH_HPA_ExperimentalStreamK_Contraction_l_Alik_Bjlk_Cijk_Dijk_CU228_gfx942.co
1.5	-- Installing: /work/grodgers/git/tr-aomp/TheRock/build/math-libs/BLAS/hipBLASLt/stage/lib/hipblaslt/library/TensileLibrary_BB_BB_HA_Bias_Aux_SAV_UA_Type_BB_HPA_Contraction_l_Alik_Bjlk_Cijk_Dijk_gfx942.co
1.5	-- Installing: /work/grodgers/git/tr-aomp/TheRock/build/math-libs/BLAS/hipBLASLt/stage/lib/hipblaslt/library/TensileLibrary_SS_SS_HA_Bias_SAV_MX_UA_Type_SS_Contraction_l_Alik_Bljk_Cijk_Dijk_CU80_gfx942.dat
1.5	-- Installing: /work/grodgers/git/tr-aomp/TheRock/build/math-libs/BLAS/hipBLASLt/stage/lib/hipblaslt/library/TensileLibrary_HF8N_HH_HA_Bias_GG_SAB_SAV_UA_Type_HH_HPA_Contraction_l_Alik_Bljk_Cijk_Dijk_gfx942.dat
1.5	-- Installing: /work/grodgers/git/tr-aomp/TheRock/build/math-libs/BLAS/hipBLASLt/stage/lib/hipblaslt/library/TensileLibrary_HF8N_HH_Type_HH_HPA_Contraction_l_Ailk_Bljk_Cijk_Dijk_gfx942.dat
1.5	-- Installing: /work/grodgers/git/tr-aomp/TheRock/build/math-libs/BLAS/hipBLASLt/stage/lib/hipblaslt/library/TensileLibrary_BB_BB_HA_Bias_SAV_UA_Type_BB_HPA_Contraction_l_Ailk_Bjlk_Cijk_Dijk_gfx942.dat
1.5	-- Installing: /work/grodgers/git/tr-aomp/TheRock/build/math-libs/BLAS/hipBLASLt/stage/lib/hipblaslt/library/TensileLibrary_HH_HH_UA_Type_HH_HPA_ExperimentalStreamK_Contraction_l_Ailk_Bjlk_Cijk_Dijk_CU38_gfx942.co
1.5	-- Installing: /work/grodgers/git/tr-aomp/TheRock/build/math-libs/BLAS/hipBLASLt/stage/lib/hipblaslt/library/TensileLibrary_I8I8_I8I8_HA_SAV_UA_Type_I8I8_HPA_Contraction_l_Alik_Bljk_Cijk_Dijk_gfx942.dat
1.5	-- Installing: /work/grodgers/git/tr-aomp/TheRock/build/math-libs/BLAS/hipBLASLt/stage/lib/hipblaslt/library/TensileLibrary_HH_SH_STA_UA_Type_HS_HPA_Contraction_l_Alik_Bljk_Cijk_Dijk_CU80_gfx942.dat
1.5	-- Installing: /work/grodgers/git/tr-aomp/TheRock/build/math-libs/BLAS/hipBLASLt/stage/lib/hipblaslt/library/TensileLibrary_HH_HH_HA_Bias_SAV_UA_Type_HH_HPA_Contraction_l_Alik_Bljk_Cijk_Dijk_CU80_gfx942.co
1.5	-- Installing: /work/grodgers/git/tr-aomp/TheRock/build/math-libs/BLAS/hipBLASLt/stage/lib/hipblaslt/library/TensileLibrary_HH_HH_HA_STA_Bias_SAV_UA_Type_HH_HPA_Contraction_l_Alik_Bljk_Cijk_Dijk_gfx942.co
1.5	-- Installing: /work/grodgers/git/tr-aomp/TheRock/build/math-libs/BLAS/hipBLASLt/stage/lib/hipblaslt/library/TensileLibrary_I8I8_I8I8_HA_SAV_UA_Type_I8I8_HPA_Contraction_l_Alik_Bjlk_Cijk_Dijk_CU80_gfx942.dat
1.5	-- Installing: /work/grodgers/git/tr-aomp/TheRock/build/math-libs/BLAS/hipBLASLt/stage/lib/hipblaslt/library/TensileLibrary_SS_SS_HA_Bias_SAV_MX_UA_Type_SS_Contraction_l_Ailk_Bljk_Cijk_Dijk_CU64_gfx942.co
1.5	-- Installing: /work/grodgers/git/tr-aomp/TheRock/build/math-libs/BLAS/hipBLASLt/stage/lib/hipblaslt/library/TensileLibrary_F8NF8N_B8NF8N_HA_Bias_SAB_SCD_SAV_UA_Type_F8NB8N_HPA_Contraction_l_Alik_Bjlk_Cijk_Dijk_gfx942.dat
1.5	-- Installing: /work/grodgers/git/tr-aomp/TheRock/build/math-libs/BLAS/hipBLASLt/stage/lib/hipblaslt/library/TensileLibrary_HH_HB_HA_Bias_SAV_UA_Type_HH_HPA_Contraction_l_Alik_Bljk_Cijk_Dijk_CU104_gfx90a.dat
1.5	-- Installing: /work/grodgers/git/tr-aomp/TheRock/build/math-libs/BLAS/hipBLASLt/stage/lib/hipblaslt/library/TensileLibrary_I8I8_II8_UA_Type_I8I_HPA_ExperimentalStreamK_Contraction_l_Ailk_Bljk_Cijk_Dijk_CU20_gfx942.dat
1.5	-- Installing: /work/grodgers/git/tr-aomp/TheRock/build/math-libs/BLAS/hipBLASLt/stage/lib/hipblaslt/library/TensileLibrary_B8NF8N_SB8F8N_HA_Bias_SAB_SAV_UA_Type_B8NS_HPA_Contraction_l_Alik_Bljk_Cijk_Dijk_gfx942.dat
1.5	-- Installing: /work/grodgers/git/tr-aomp/TheRock/build/math-libs/BLAS/hipBLASLt/stage/lib/hipblaslt/library/TensileLibrary_BB_SB_HA_Bias_SAV_UA_Type_BS_HPA_ExperimentalStreamK_Contraction_l_Ailk_Bljk_Cijk_Dijk_gfx942.dat
1.5	-- Installing: /work/grodgers/git/tr-aomp/TheRock/build/math-libs/BLAS/hipBLASLt/stage/lib/hipblaslt/library/TensileLibrary_SS_SS_HA_Bias_SAV_UA_Type_SS_Contraction_l_Alik_Bljk_Cijk_Dijk_gfx908.dat
1.5	-- Installing: /work/grodgers/git/tr-aomp/TheRock/build/math-libs/BLAS/hipBLASLt/stage/lib/hipblaslt/library/TensileLibrary_SS_SS_HA_Bias_SAV_Type_SS_Contraction_l_Alik_Bljk_Cijk_Dijk_CU64_gfx942.dat
1.5	-- Installing: /work/grodgers/git/tr-aomp/TheRock/build/math-libs/BLAS/hipBLASLt/stage/lib/hipblaslt/library/TensileLibrary_B8NB8N_SB8N_Bias_SAB_SAV_UA_Type_B8NS_HPA_Contraction_l_Alik_Bljk_Cijk_Dijk_gfx942.dat
1.5	-- Installing: /work/grodgers/git/tr-aomp/TheRock/build/math-libs/BLAS/hipBLASLt/stage/lib/hipblaslt/library/TensileLibrary_I8I8_I8I8_UA_Type_I8I8_HPA_Contraction_l_Alik_Bljk_Cijk_Dijk_CU104_gfx90a.co
1.5	-- Installing: /work/grodgers/git/tr-aomp/TheRock/build/math-libs/BLAS/hipBLASLt/stage/lib/hipblaslt/library/TensileLibrary_HH_HH_HA_Bias_SAV_UA_Type_HH_HPA_ExperimentalStreamK_Contraction_l_Alik_Bljk_Cijk_Dijk_gfx942.co
1.5	-- Installing: /work/grodgers/git/tr-aomp/TheRock/build/math-libs/BLAS/hipBLASLt/stage/lib/hipblaslt/library/TensileLibrary_I8I8_I8I8_HA_SAV_UA_Type_I8I8_HPA_Contraction_l_Ailk_Bjlk_Cijk_Dijk_CU80_gfx942.dat
1.5	-- Installing: /work/grodgers/git/tr-aomp/TheRock/build/math-libs/BLAS/hipBLASLt/stage/lib/hipblaslt/library/TensileLibrary_SS_SS_HA_Bias_SAV_UA_Type_SS_ExperimentalStreamK_Contraction_l_Ailk_Bljk_Cijk_Dijk_gfx942.dat
1.5	-- Installing: /work/grodgers/git/tr-aomp/TheRock/build/math-libs/BLAS/hipBLASLt/stage/lib/hipblaslt/library/TensileLibrary_BB_SB_HA_Bias_SAV_UA_Type_BS_HPA_Contraction_l_Ailk_Bljk_Cijk_Dijk_CU80_gfx942.dat
1.6	-- Installing: /work/grodgers/git/tr-aomp/TheRock/build/math-libs/BLAS/hipBLASLt/stage/lib/hipblaslt/library/TensileLibrary_HH_HF8B8N_HA_Bias_SAV_UA_Type_HH_HPA_Contraction_l_Ailk_Bjlk_Cijk_Dijk_gfx942.co
1.6	-- Installing: /work/grodgers/git/tr-aomp/TheRock/build/math-libs/BLAS/hipBLASLt/stage/lib/hipblaslt/library/TensileLibrary_F8NF8N_HF8N_HA_Bias_SAV_UA_Type_F8NH_HPA_ExperimentalStreamK_Contraction_l_Ailk_Bljk_Cijk_Dijk_CU228_gfx942.co
1.6	-- Installing: /work/grodgers/git/tr-aomp/TheRock/build/math-libs/BLAS/hipBLASLt/stage/lib/hipblaslt/library/TensileLibrary_BB_BB_HA_Bias_SAV_Type_BB_HPA_Contraction_l_Ailk_Bljk_Cijk_Dijk_CU104_gfx90a.co
1.6	-- Installing: /work/grodgers/git/tr-aomp/TheRock/build/math-libs/BLAS/hipBLASLt/stage/lib/hipblaslt/library/TensileLibrary_SS_SS_HA_Bias_SAV_Type_SS_Contraction_l_Ailk_Bjlk_Cijk_Dijk_gfx90a.dat
1.6	-- Installing: /work/grodgers/git/tr-aomp/TheRock/build/math-libs/BLAS/hipBLASLt/stage/lib/hipblaslt/library/TensileLibrary_SS_SS_HA_Bias_Aux_SAV_UA_Type_SS_Contraction_l_Alik_Bjlk_Cijk_Dijk_gfx942.dat
1.6	-- Installing: /work/grodgers/git/tr-aomp/TheRock/build/math-libs/BLAS/hipBLASLt/stage/lib/hipblaslt/library/TensileLibrary_F8NF8N_F8NF8N_HA_Bias_Aux_SAB_UA_Type_F8NF8N_HPA_Contraction_l_Alik_Bljk_Cijk_Dijk_gfx942.co
1.6	-- Installing: /work/grodgers/git/tr-aomp/TheRock/build/math-libs/BLAS/hipBLASLt/stage/lib/hipblaslt/library/TensileLibrary_B8NF8N_F8NB8F8N_HA_Bias_SAB_SCD_SAV_UA_Type_B8NF8N_HPA_Contraction_l_Ailk_Bljk_Cijk_Dijk_gfx942.dat
1.6	-- Installing: /work/grodgers/git/tr-aomp/TheRock/build/math-libs/BLAS/hipBLASLt/stage/lib/hipblaslt/library/TensileLibrary_HH_HH_HA_Bias_SAV_UA_Type_HH_HPA_Contraction_l_Ailk_Bjlk_Cijk_Dijk_CU80_gfx942.co
1.6	-- Installing: /work/grodgers/git/tr-aomp/TheRock/build/math-libs/BLAS/hipBLASLt/stage/lib/hipblaslt/library/TensileLibrary_F8NF8N_BF8N_STA_SAB_UA_Type_F8NB_HPA_Contraction_l_Alik_Bljk_Cijk_Dijk_CU80_gfx942.dat
1.6	-- Installing: /work/grodgers/git/tr-aomp/TheRock/build/math-libs/BLAS/hipBLASLt/stage/lib/hipblaslt/library/TensileLibrary_BB_BB_UA_Type_BB_HPA_ExperimentalStreamK_Contraction_l_Ailk_Bljk_Cijk_Dijk_CU20_gfx942.dat
1.6	-- Installing: /work/grodgers/git/tr-aomp/TheRock/build/math-libs/BLAS/hipBLASLt/stage/lib/hipblaslt/library/TensileLibrary_F8NF8N_BF8N_SAB_UA_Type_F8NB_HPA_Contraction_l_Alik_Bljk_Cijk_Dijk_gfx942.co
1.6	-- Installing: /work/grodgers/git/tr-aomp/TheRock/build/math-libs/BLAS/hipBLASLt/stage/lib/hipblaslt/library/TensileLibrary_lazy_gfx908.dat
1.6	-- Installing: /work/grodgers/git/tr-aomp/TheRock/build/math-libs/BLAS/hipBLASLt/stage/lib/hipblaslt/library/TensileLibrary_HH_SH_UA_Type_HS_HPA_ExperimentalStreamK_Contraction_l_Alik_Bjlk_Cijk_Dijk_CU20_gfx942.co
1.6	-- Installing: /work/grodgers/git/tr-aomp/TheRock/build/math-libs/BLAS/hipBLASLt/stage/lib/hipblaslt/library/TensileLibrary_I8I8_I8I8_UA_Type_I8I8_HPA_Contraction_l_Ailk_Bljk_Cijk_Dijk_CU104_gfx90a.co
1.6	-- Installing: /work/grodgers/git/tr-aomp/TheRock/build/math-libs/BLAS/hipBLASLt/stage/lib/hipblaslt/library/TensileLibrary_BB_BB_STA_UA_Type_BB_HPA_Contraction_l_Alik_Bljk_Cijk_Dijk_CU80_gfx942.co
1.6	-- Installing: /work/grodgers/git/tr-aomp/TheRock/build/math-libs/BLAS/hipBLASLt/stage/lib/hipblaslt/library/TensileLibrary_SS_SS_HA_Bias_SAV_UA_Type_SS_ExperimentalStreamK_Contraction_l_Ailk_Bljk_Cijk_Dijk_gfx942.co
1.6	-- Installing: /work/grodgers/git/tr-aomp/TheRock/build/math-libs/BLAS/hipBLASLt/stage/lib/hipblaslt/library/TensileLibrary_BB_BB_HA_Bias_SAV_UA_Type_BB_HPA_ExperimentalStreamK_Contraction_l_Ailk_Bljk_Cijk_Dijk_gfx942.co
1.6	-- Installing: /work/grodgers/git/tr-aomp/TheRock/build/math-libs/BLAS/hipBLASLt/stage/lib/hipblaslt/library/TensileLibrary_SS_SS_HA_Bias_SAV_UA_Type_SS_Contraction_l_Ailk_Bjlk_Cijk_Dijk_CU20_gfx942.co
1.6	-- Installing: /work/grodgers/git/tr-aomp/TheRock/build/math-libs/BLAS/hipBLASLt/stage/lib/hipblaslt/library/TensileLibrary_SS_SS_UA_Type_SS_Contraction_l_Ailk_Bjlk_Cijk_Dijk_CU80_gfx942.dat
1.6	-- Installing: /work/grodgers/git/tr-aomp/TheRock/build/math-libs/BLAS/hipBLASLt/stage/lib/hipblaslt/library/TensileLibrary_F8NB8N_B8NF8B8N_HA_Bias_SAV_UA_Type_F8NB8N_HPA_ExperimentalStreamK_Contraction_l_Alik_Bjlk_Cijk_Dijk_CU228_gfx942.co
1.6	-- Installing: /work/grodgers/git/tr-aomp/TheRock/build/math-libs/BLAS/hipBLASLt/stage/lib/hipblaslt/library/TensileLibrary_DD_DD_UA_Type_DD_Contraction_l_Ailk_Bljk_Cijk_Dijk_gfx942.dat
1.6	-- Installing: /work/grodgers/git/tr-aomp/TheRock/build/math-libs/BLAS/hipBLASLt/stage/lib/hipblaslt/library/TensileLibrary_F8NB8N_F8NF8B8N_HA_Bias_SAV_UA_Type_F8NF8N_HPA_ExperimentalStreamK_Contraction_l_Ailk_Bljk_Cijk_Dijk_CU228_gfx942.dat
1.6	-- Installing: /work/grodgers/git/tr-aomp/TheRock/build/math-libs/BLAS/hipBLASLt/stage/lib/hipblaslt/library/TensileLibrary_F8NF8N_SF8N_HA_Bias_SAB_SAV_UA_Type_F8NS_HPA_Contraction_l_Ailk_Bljk_Cijk_Dijk_gfx942.co
1.6	-- Installing: /work/grodgers/git/tr-aomp/TheRock/build/math-libs/BLAS/hipBLASLt/stage/lib/hipblaslt/library/TensileLibrary_HH_HH_GG_UA_Type_HH_HPA_Contraction_l_Alik_Bjlk_Cijk_Dijk_gfx90a.co
1.6	-- Installing: /work/grodgers/git/tr-aomp/TheRock/build/math-libs/BLAS/hipBLASLt/stage/lib/hipblaslt/library/TensileLibrary_F8NB8N_F8NF8B8N_HA_Bias_SAB_SCD_SAV_UA_Type_F8NF8N_HPA_Contraction_l_Alik_Bljk_Cijk_Dijk_gfx942.dat
1.6	-- Installing: /work/grodgers/git/tr-aomp/TheRock/build/math-libs/BLAS/hipBLASLt/stage/lib/hipblaslt/library/TensileLibrary_HF8N_HH_HA_Bias_SAB_SAV_UA_Type_HH_HPA_Contraction_l_Ailk_Bjlk_Cijk_Dijk_gfx942.co
1.6	-- Installing: /work/grodgers/git/tr-aomp/TheRock/build/math-libs/BLAS/hipBLASLt/stage/lib/hipblaslt/library/TensileLibrary_F8NB8N_BF8B8N_HA_Bias_SAB_SAV_UA_Type_F8NB_HPA_Contraction_l_Alik_Bljk_Cijk_Dijk_gfx942.dat
1.6	-- Installing: /work/grodgers/git/tr-aomp/TheRock/build/math-libs/BLAS/hipBLASLt/stage/lib/hipblaslt/library/TensileLibrary_I8I8_II8_HA_SAV_UA_Type_I8I_HPA_Contraction_l_Ailk_Bjlk_Cijk_Dijk_gfx90a.dat
1.6	-- Installing: /work/grodgers/git/tr-aomp/TheRock/build/math-libs/BLAS/hipBLASLt/stage/lib/hipblaslt/library/TensileLibrary_HH_HH_UA_Type_HH_HPA_Contraction_l_Ailk_Bjlk_Cijk_Dijk_CU80_gfx942.co
1.6	-- Installing: /work/grodgers/git/tr-aomp/TheRock/build/math-libs/BLAS/hipBLASLt/stage/lib/hipblaslt/library/TensileLibrary_HH_HH_HA_Bias_SAV_UA_Type_HH_HPA_Contraction_l_Alik_Bljk_Cijk_Dijk_CU20_gfx942.dat
1.6	-- Installing: /work/grodgers/git/tr-aomp/TheRock/build/math-libs/BLAS/hipBLASLt/stage/lib/hipblaslt/library/TensileLibrary_HH_SH_Type_HS_HPA_Contraction_l_Ailk_Bljk_Cijk_Dijk_gfx90a.co
1.6	-- Installing: /work/grodgers/git/tr-aomp/TheRock/build/math-libs/BLAS/hipBLASLt/stage/lib/hipblaslt/library/TensileLibrary_B8NB8N_F8NB8N_HA_Bias_SAB_SCD_SAV_UA_Type_B8NF8N_HPA_Contraction_l_Alik_Bljk_Cijk_Dijk_gfx942.dat
1.6	-- Installing: /work/grodgers/git/tr-aomp/TheRock/build/math-libs/BLAS/hipBLASLt/stage/lib/hipblaslt/library/TensileLibrary_HH_HH_HA_Bias_Aux_SAV_Type_HH_HPA_Contraction_l_Alik_Bljk_Cijk_Dijk_gfx90a.co
1.6	-- Installing: /work/grodgers/git/tr-aomp/TheRock/build/math-libs/BLAS/hipBLASLt/stage/lib/hipblaslt/library/TensileLibrary_I8I8_I8I8_UA_Type_I8I8_HPA_ExperimentalStreamK_Contraction_l_Alik_Bjlk_Cijk_Dijk_CU64_gfx942.dat
1.6	-- Installing: /work/grodgers/git/tr-aomp/TheRock/build/math-libs/BLAS/hipBLASLt/stage/lib/hipblaslt/library/TensileLibrary_SS_SS_Bias_SAV_UA_Type_SS_Contraction_l_Ailk_Bjlk_Cijk_Dijk_gfx942.co
1.6	-- Installing: /work/grodgers/git/tr-aomp/TheRock/build/math-libs/BLAS/hipBLASLt/stage/lib/hipblaslt/library/TensileLibrary_SS_SS_HA_Bias_SAV_UA_Type_SS_Contraction_l_Ailk_Bljk_Cijk_Dijk_CU20_gfx942.co
1.6	-- Installing: /work/grodgers/git/tr-aomp/TheRock/build/math-libs/BLAS/hipBLASLt/stage/lib/hipblaslt/library/TensileLibrary_SS_SS_HA_Bias_GG_SAV_MX_UA_Type_SS_Contraction_l_Ailk_Bljk_Cijk_Dijk_gfx942.dat
1.6	-- Installing: /work/grodgers/git/tr-aomp/TheRock/build/math-libs/BLAS/hipBLASLt/stage/lib/hipblaslt/library/TensileLibrary_BB_BB_HA_Bias_Aux_SAV_UA_Type_BB_HPA_Contraction_l_Alik_Bljk_Cijk_Dijk_gfx942.co
1.6	-- Installing: /work/grodgers/git/tr-aomp/TheRock/build/math-libs/BLAS/hipBLASLt/stage/lib/hipblaslt/library/TensileLibrary_BB_BB_HA_Bias_SAV_UA_Type_BB_HPA_Contraction_l_Ailk_Bjlk_Cijk_Dijk_CU80_gfx942.co
1.6	-- Installing: /work/grodgers/git/tr-aomp/TheRock/build/math-libs/BLAS/hipBLASLt/stage/lib/hipblaslt/library/TensileLibrary_B8NF8N_B8NB8F8N_HA_Bias_SAV_UA_Type_B8NB8N_HPA_ExperimentalStreamK_Contraction_l_Ailk_Bjlk_Cijk_Dijk_CU228_gfx942.co
1.6	-- Installing: /work/grodgers/git/tr-aomp/TheRock/build/math-libs/BLAS/hipBLASLt/stage/lib/hipblaslt/library/TensileLibrary_BB_BB_HA_Bias_SAV_UA_Type_BB_HPA_Contraction_l_Ailk_Bjlk_Cijk_Dijk_CU20_gfx942.co
1.6	-- Installing: /work/grodgers/git/tr-aomp/TheRock/build/math-libs/BLAS/hipBLASLt/stage/lib/hipblaslt/library/TensileLibrary_I8I8_I8I8_HA_SAV_UA_Type_I8I8_HPA_Contraction_l_Ailk_Bjlk_Cijk_Dijk_CU80_gfx942.co
1.6	-- Installing: /work/grodgers/git/tr-aomp/TheRock/build/math-libs/BLAS/hipBLASLt/stage/lib/hipblaslt/library/TensileLibrary_B8NB8N_SB8N_HA_Bias_SAV_UA_Type_B8NS_HPA_ExperimentalStreamK_Contraction_l_Ailk_Bjlk_Cijk_Dijk_CU228_gfx942.co
1.6	-- Installing: /work/grodgers/git/tr-aomp/TheRock/build/math-libs/BLAS/hipBLASLt/stage/lib/hipblaslt/library/TensileLibrary_HH_SH_UA_Type_HS_HPA_ExperimentalStreamK_Contraction_l_Alik_Bjlk_Cijk_Dijk_CU20_gfx942.dat
1.6	-- Installing: /work/grodgers/git/tr-aomp/TheRock/build/math-libs/BLAS/hipBLASLt/stage/lib/hipblaslt/library/TensileLibrary_I8I8_I8I8_UA_Type_I8I8_HPA_Contraction_l_Ailk_Bjlk_Cijk_Dijk_gfx90a.co
1.6	-- Installing: /work/grodgers/git/tr-aomp/TheRock/build/math-libs/BLAS/hipBLASLt/stage/lib/hipblaslt/library/TensileLibrary_HH_SH_Bias_SAV_UA_Type_HS_HPA_Contraction_l_Ailk_Bljk_Cijk_Dijk_gfx942.co
1.6	-- Installing: /work/grodgers/git/tr-aomp/TheRock/build/math-libs/BLAS/hipBLASLt/stage/lib/hipblaslt/library/TensileLibrary_BB_SB_HA_Bias_SAV_UA_Type_BS_HPA_Contraction_l_Ailk_Bjlk_Cijk_Dijk_CU80_gfx942.dat
1.6	-- Installing: /work/grodgers/git/tr-aomp/TheRock/build/math-libs/BLAS/hipBLASLt/stage/lib/hipblaslt/library/TensileLibrary_lazy_gfx90a.dat
1.6	-- Installing: /work/grodgers/git/tr-aomp/TheRock/build/math-libs/BLAS/hipBLASLt/stage/lib/hipblaslt/library/TensileLibrary_B8NB8N_F8NB8N_HA_Bias_SAB_SCD_SAV_UA_Type_B8NF8N_HPA_Contraction_l_Ailk_Bljk_Cijk_Dijk_gfx942.dat
1.6	-- Installing: /work/grodgers/git/tr-aomp/TheRock/build/math-libs/BLAS/hipBLASLt/stage/lib/hipblaslt/library/TensileLibrary_BB_BB_HA_Bias_SAV_UA_Type_BB_HPA_Contraction_l_Alik_Bljk_Cijk_Dijk_CU152_gfx942.co
1.6	-- Installing: /work/grodgers/git/tr-aomp/TheRock/build/math-libs/BLAS/hipBLASLt/stage/lib/hipblaslt/library/TensileLibrary_HH_HB_HA_Bias_SAV_UA_Type_HH_HPA_Contraction_l_Ailk_Bljk_Cijk_Dijk_CU104_gfx90a.dat
1.6	-- Installing: /work/grodgers/git/tr-aomp/TheRock/build/math-libs/BLAS/hipBLASLt/stage/lib/hipblaslt/library/TensileLibrary_F8NF8N_SF8N_Bias_SAB_SAV_UA_Type_F8NS_HPA_Contraction_l_Alik_Bjlk_Cijk_Dijk_gfx942.dat
1.6	-- Installing: /work/grodgers/git/tr-aomp/TheRock/build/math-libs/BLAS/hipBLASLt/stage/lib/hipblaslt/library/TensileLibrary_HH_HB_HA_Bias_SAV_UA_Type_HH_HPA_Contraction_l_Alik_Bjlk_Cijk_Dijk_CU104_gfx90a.co
1.6	-- Installing: /work/grodgers/git/tr-aomp/TheRock/build/math-libs/BLAS/hipBLASLt/stage/lib/hipblaslt/library/TensileLibrary_B8NB8N_BB8N_HA_Bias_SAB_SAV_UA_Type_B8NB_HPA_Contraction_l_Alik_Bjlk_Cijk_Dijk_gfx942.dat
1.6	-- Installing: /work/grodgers/git/tr-aomp/TheRock/build/math-libs/BLAS/hipBLASLt/stage/lib/hipblaslt/library/TensileLibrary_I8I8_I8I8_UA_Type_I8I8_HPA_ExperimentalStreamK_Contraction_l_Ailk_Bjlk_Cijk_Dijk_CU38_gfx942.co
1.6	-- Installing: /work/grodgers/git/tr-aomp/TheRock/build/math-libs/BLAS/hipBLASLt/stage/lib/hipblaslt/library/TensileLibrary_SS_SS_HA_Bias_GG_SAV_MX_UA_Type_SS_Contraction_l_Alik_Bjlk_Cijk_Dijk_gfx942.dat
1.6	-- Installing: /work/grodgers/git/tr-aomp/TheRock/build/math-libs/BLAS/hipBLASLt/stage/lib/hipblaslt/library/TensileLibrary_HH_HH_HA_Bias_SAV_UA_Type_HH_HPA_ExperimentalStreamK_Contraction_l_Alik_Bjlk_Cijk_Dijk_CU228_gfx942.co
1.6	-- Installing: /work/grodgers/git/tr-aomp/TheRock/build/math-libs/BLAS/hipBLASLt/stage/lib/hipblaslt/library/TensileLibrary_HH_HF8N_HA_Bias_SAV_UA_Type_HH_HPA_Contraction_l_Ailk_Bljk_Cijk_Dijk_gfx942.co
1.6	-- Installing: /work/grodgers/git/tr-aomp/TheRock/build/math-libs/BLAS/hipBLASLt/stage/lib/hipblaslt/library/TensileLibrary_SS_SS_UA_Type_SS_ExperimentalStreamK_Contraction_l_Alik_Bjlk_Cijk_Dijk_CU80_gfx942.dat
1.6	-- Installing: /work/grodgers/git/tr-aomp/TheRock/build/math-libs/BLAS/hipBLASLt/stage/lib/hipblaslt/library/TensileLibrary_HH_SH_HA_Bias_SAV_Type_HS_HPA_Contraction_l_Ailk_Bljk_Cijk_Dijk_gfx942.co
1.6	-- Installing: /work/grodgers/git/tr-aomp/TheRock/build/math-libs/BLAS/hipBLASLt/stage/lib/hipblaslt/library/TensileLibrary_SS_SS_UA_Type_SS_ExperimentalStreamK_Contraction_l_Ailk_Bjlk_Cijk_Dijk_CU20_gfx942.dat
1.6	-- Installing: /work/grodgers/git/tr-aomp/TheRock/build/math-libs/BLAS/hipBLASLt/stage/lib/hipblaslt/library/TensileLibrary_SS_SS_MX_UA_Type_SS_Contraction_l_Alik_Bljk_Cijk_Dijk_gfx942.dat
1.6	-- Installing: /work/grodgers/git/tr-aomp/TheRock/build/math-libs/BLAS/hipBLASLt/stage/lib/hipblaslt/library/TensileLibrary_HH_HH_HA_Bias_SAV_Type_HH_HPA_Contraction_l_Ailk_Bljk_Cijk_Dijk_gfx90a.dat
1.7	-- Installing: /work/grodgers/git/tr-aomp/TheRock/build/math-libs/BLAS/hipBLASLt/stage/lib/hipblaslt/library/TensileLibrary_B8NF8N_B8NB8F8N_HA_Bias_SAB_SCD_SAV_UA_Type_B8NB8N_HPA_Contraction_l_Alik_Bljk_Cijk_Dijk_gfx942.co
1.7	-- Installing: /work/grodgers/git/tr-aomp/TheRock/build/math-libs/BLAS/hipBLASLt/stage/lib/hipblaslt/library/TensileLibrary_I8I8_I8I8_UA_Type_I8I8_HPA_Contraction_l_Alik_Bljk_Cijk_Dijk_gfx90a.co
1.7	-- Installing: /work/grodgers/git/tr-aomp/TheRock/build/math-libs/BLAS/hipBLASLt/stage/lib/hipblaslt/library/TensileLibrary_HH_HB_HA_Bias_SAV_UA_Type_HH_HPA_Contraction_l_Ailk_Bljk_Cijk_Dijk_gfx90a.co
1.7	-- Installing: /work/grodgers/git/tr-aomp/TheRock/build/math-libs/BLAS/hipBLASLt/stage/lib/hipblaslt/library/TensileLibrary_F8NH_HH_HA_Bias_GG_SAB_SAV_UA_Type_F8NH_HPA_Contraction_l_Ailk_Bjlk_Cijk_Dijk_gfx942.dat
1.7	-- Installing: /work/grodgers/git/tr-aomp/TheRock/build/math-libs/BLAS/hipBLASLt/stage/lib/hipblaslt/library/TensileLibrary_SS_SS_HA_Bias_SAV_MX_UA_Type_SS_Contraction_l_Ailk_Bljk_Cijk_Dijk_CU80_gfx942.co
1.7	-- Installing: /work/grodgers/git/tr-aomp/TheRock/build/math-libs/BLAS/hipBLASLt/stage/lib/hipblaslt/library/TensileLibrary_HH_HF8B8N_HA_Bias_SAV_UA_Type_HH_HPA_Contraction_l_Alik_Bjlk_Cijk_Dijk_gfx942.dat
1.7	-- Installing: /work/grodgers/git/tr-aomp/TheRock/build/math-libs/BLAS/hipBLASLt/stage/lib/hipblaslt/library/TensileLibrary_HH_HH_UA_Type_HH_HPA_ExperimentalStreamK_Contraction_l_Alik_Bljk_Cijk_Dijk_CU38_gfx942.co
1.7	-- Installing: /work/grodgers/git/tr-aomp/TheRock/build/math-libs/BLAS/hipBLASLt/stage/lib/hipblaslt/library/TensileLibrary_F8NF8N_F8NF8N_HA_Bias_SAB_SCD_SAV_UA_Type_F8NF8N_HPA_Contraction_l_Alik_Bjlk_Cijk_Dijk_gfx942.dat
1.7	-- Installing: /work/grodgers/git/tr-aomp/TheRock/build/math-libs/BLAS/hipBLASLt/stage/lib/hipblaslt/library/TensileLibrary_HH_HH_HA_STA_Bias_SAV_UA_Type_HH_HPA_Contraction_l_Alik_Bljk_Cijk_Dijk_CU80_gfx942.co
1.7	-- Installing: /work/grodgers/git/tr-aomp/TheRock/build/math-libs/BLAS/hipBLASLt/stage/lib/hipblaslt/library/TensileLibrary_HH_HH_HA_Bias_Grad_SAV_UA_Type_HH_HPA_Contraction_l_Alik_Bjlk_Cijk_Dijk_gfx908.co
1.7	-- Installing: /work/grodgers/git/tr-aomp/TheRock/build/math-libs/BLAS/hipBLASLt/stage/lib/hipblaslt/library/Kernels.so-000-gfx90a.hsaco
1.7	-- Installing: /work/grodgers/git/tr-aomp/TheRock/build/math-libs/BLAS/hipBLASLt/stage/lib/hipblaslt/library/TensileLibrary_B8NB8N_SB8N_HA_Bias_SAB_SAV_UA_Type_B8NS_HPA_Contraction_l_Alik_Bjlk_Cijk_Dijk_gfx942.co
1.7	-- Installing: /work/grodgers/git/tr-aomp/TheRock/build/math-libs/BLAS/hipBLASLt/stage/lib/hipblaslt/library/TensileLibrary_HH_HH_UA_Type_HH_HPA_Contraction_l_Ailk_Bljk_Cijk_Dijk_CU20_gfx942.dat
1.7	-- Installing: /work/grodgers/git/tr-aomp/TheRock/build/math-libs/BLAS/hipBLASLt/stage/lib/hipblaslt/library/TensileLibrary_BB_BB_UA_Type_BB_HPA_Contraction_l_Ailk_Bjlk_Cijk_Dijk_CU64_gfx942.co
1.7	-- Installing: /work/grodgers/git/tr-aomp/TheRock/build/math-libs/BLAS/hipBLASLt/stage/lib/hipblaslt/library/TensileLibrary_HH_SH_HA_Bias_SAV_UA_Type_HS_HPA_ExperimentalStreamK_Contraction_l_Alik_Bljk_Cijk_Dijk_gfx942.co
1.7	-- Installing: /work/grodgers/git/tr-aomp/TheRock/build/math-libs/BLAS/hipBLASLt/stage/lib/hipblaslt/library/TensileLibrary_HH_HH_HA_Bias_GG_SAV_UA_Type_HH_HPA_Contraction_l_Ailk_Bljk_Cijk_Dijk_gfx90a.dat
1.7	-- Installing: /work/grodgers/git/tr-aomp/TheRock/build/math-libs/BLAS/hipBLASLt/stage/lib/hipblaslt/library/TensileLibrary_BB_SB_UA_Type_BS_HPA_ExperimentalStreamK_Contraction_l_Alik_Bljk_Cijk_Dijk_CU20_gfx942.co
1.7	-- Installing: /work/grodgers/git/tr-aomp/TheRock/build/math-libs/BLAS/hipBLASLt/stage/lib/hipblaslt/library/TensileLibrary_F8NB8N_F8NF8B8N_HA_Bias_SAV_UA_Type_F8NF8N_HPA_ExperimentalStreamK_Contraction_l_Ailk_Bljk_Cijk_Dijk_CU228_gfx942.co
1.7	-- Installing: /work/grodgers/git/tr-aomp/TheRock/build/math-libs/BLAS/hipBLASLt/stage/lib/hipblaslt/library/TensileLibrary_BB_BB_UA_Type_BB_HPA_Contraction_l_Ailk_Bljk_Cijk_Dijk_CU80_gfx942.co
1.7	-- Installing: /work/grodgers/git/tr-aomp/TheRock/build/math-libs/BLAS/hipBLASLt/stage/lib/hipblaslt/library/TensileLibrary_SS_SS_UA_Type_SS_ExperimentalStreamK_Contraction_l_Ailk_Bjlk_Cijk_Dijk_CU20_gfx942.co
1.7	-- Installing: /work/grodgers/git/tr-aomp/TheRock/build/math-libs/BLAS/hipBLASLt/stage/lib/hipblaslt/library/TensileLibrary_BB_BB_HA_Bias_SAV_Type_BB_HPA_Contraction_l_Alik_Bljk_Cijk_Dijk_gfx90a.co
1.7	-- Installing: /work/grodgers/git/tr-aomp/TheRock/build/math-libs/BLAS/hipBLASLt/stage/lib/hipblaslt/library/TensileLibrary_SS_SS_UA_Type_SS_Contraction_l_Alik_Bljk_Cijk_Dijk_gfx942.dat
1.7	-- Installing: /work/grodgers/git/tr-aomp/TheRock/build/math-libs/BLAS/hipBLASLt/stage/lib/hipblaslt/library/TensileLibrary_I8I8_I8I8_UA_Type_I8I8_HPA_ExperimentalStreamK_Contraction_l_Ailk_Bjlk_Cijk_Dijk_CU20_gfx942.co
1.7	-- Installing: /work/grodgers/git/tr-aomp/TheRock/build/math-libs/BLAS/hipBLASLt/stage/lib/hipblaslt/library/TensileLibrary_F8NF8N_SF8N_Bias_SAB_SAV_UA_Type_F8NS_HPA_Contraction_l_Alik_Bjlk_Cijk_Dijk_gfx942.co
1.7	-- Installing: /work/grodgers/git/tr-aomp/TheRock/build/math-libs/BLAS/hipBLASLt/stage/lib/hipblaslt/library/TensileLibrary_BB_BB_UA_Type_BB_HPA_ExperimentalStreamK_Contraction_l_Ailk_Bjlk_Cijk_Dijk_CU80_gfx942.co
1.7	-- Installing: /work/grodgers/git/tr-aomp/TheRock/build/math-libs/BLAS/hipBLASLt/stage/lib/hipblaslt/library/Kernels.so-000-gfx942.hsaco
1.7	-- Installing: /work/grodgers/git/tr-aomp/TheRock/build/math-libs/BLAS/hipBLASLt/stage/lib/hipblaslt/library/TensileLibrary_I8I8_I8I8_UA_Type_I8I8_HPA_Contraction_l_Alik_Bljk_Cijk_Dijk_CU80_gfx942.co
1.7	-- Installing: /work/grodgers/git/tr-aomp/TheRock/build/math-libs/BLAS/hipBLASLt/stage/lib/hipblaslt/library/TensileLibrary_BB_SB_HA_Bias_SAV_UA_Type_BS_HPA_Contraction_l_Ailk_Bljk_Cijk_Dijk_CU38_gfx942.co
1.7	-- Installing: /work/grodgers/git/tr-aomp/TheRock/build/math-libs/BLAS/hipBLASLt/stage/lib/hipblaslt/library/TensileLibrary_B8NF8N_F8NB8F8N_HA_Bias_SAB_SCD_SAV_UA_Type_B8NF8N_HPA_Contraction_l_Alik_Bljk_Cijk_Dijk_gfx942.co
1.7	-- Installing: /work/grodgers/git/tr-aomp/TheRock/build/math-libs/BLAS/hipBLASLt/stage/lib/hipblaslt/library/TensileLibrary_HH_HH_HA_Bias_Aux_SAV_UA_Type_HH_HPA_Contraction_l_Alik_Bjlk_Cijk_Dijk_gfx908.dat
1.7	-- Installing: /work/grodgers/git/tr-aomp/TheRock/build/math-libs/BLAS/hipBLASLt/stage/lib/hipblaslt/library/TensileLibrary_HH_HH_HA_Bias_Aux_SAV_Type_HH_HPA_Contraction_l_Alik_Bljk_Cijk_Dijk_gfx942.co
1.7	-- Installing: /work/grodgers/git/tr-aomp/TheRock/build/math-libs/BLAS/hipBLASLt/stage/lib/hipblaslt/library/TensileLibrary_BB_SB_HA_Bias_SAV_UA_Type_BS_HPA_ExperimentalStreamK_Contraction_l_Ailk_Bljk_Cijk_Dijk_CU228_gfx942.co
1.7	-- Installing: /work/grodgers/git/tr-aomp/TheRock/build/math-libs/BLAS/hipBLASLt/stage/lib/hipblaslt/library/TensileLibrary_B8NB8N_SB8N_HA_Bias_SAV_UA_Type_B8NS_HPA_ExperimentalStreamK_Contraction_l_Alik_Bjlk_Cijk_Dijk_CU228_gfx942.co
1.7	-- Installing: /work/grodgers/git/tr-aomp/TheRock/build/math-libs/BLAS/hipBLASLt/stage/lib/hipblaslt/library/TensileLibrary_F8NF8N_HF8N_HA_Bias_SAV_UA_Type_F8NH_HPA_ExperimentalStreamK_Contraction_l_Alik_Bjlk_Cijk_Dijk_CU228_gfx942.dat
1.7	-- Installing: /work/grodgers/git/tr-aomp/TheRock/build/math-libs/BLAS/hipBLASLt/stage/lib/hipblaslt/library/TensileLibrary_BB_BB_HA_Bias_GG_SAV_UA_Type_BB_HPA_Contraction_l_Alik_Bljk_Cijk_Dijk_gfx942.dat
1.7	-- Installing: /work/grodgers/git/tr-aomp/TheRock/build/math-libs/BLAS/hipBLASLt/stage/lib/hipblaslt/library/TensileLibrary_F8NF8N_SF8N_Bias_SAB_SAV_UA_Type_F8NS_HPA_Contraction_l_Alik_Bljk_Cijk_Dijk_gfx942.dat
1.7	-- Installing: /work/grodgers/git/tr-aomp/TheRock/build/math-libs/BLAS/hipBLASLt/stage/lib/hipblaslt/library/TensileLibrary_I8I8_I8I8_UA_Type_I8I8_HPA_ExperimentalStreamK_Contraction_l_Ailk_Bljk_Cijk_Dijk_CU80_gfx942.dat
1.7	-- Installing: /work/grodgers/git/tr-aomp/TheRock/build/math-libs/BLAS/hipBLASLt/stage/lib/hipblaslt/library/TensileLibrary_SS_SS_HA_Bias_SAV_Type_SS_Contraction_l_Ailk_Bjlk_Cijk_Dijk_CU64_gfx942.dat
1.7	-- Installing: /work/grodgers/git/tr-aomp/TheRock/build/math-libs/BLAS/hipBLASLt/stage/lib/hipblaslt/library/TensileLibrary_HH_HH_Type_HH_HPA_Contraction_l_Ailk_Bljk_Cijk_Dijk_gfx942.dat
1.7	-- Installing: /work/grodgers/git/tr-aomp/TheRock/build/math-libs/BLAS/hipBLASLt/stage/lib/hipblaslt/library/TensileLibrary_F8NH_F8NH_HA_Bias_SAB_SCD_SAV_UA_Type_F8NF8N_HPA_Contraction_l_Ailk_Bljk_Cijk_Dijk_gfx942.dat
1.7	-- Installing: /work/grodgers/git/tr-aomp/TheRock/build/math-libs/BLAS/hipBLASLt/stage/lib/hipblaslt/library/TensileLibrary_F8NF8N_SF8N_SAB_UA_Type_F8NS_HPA_Contraction_l_Alik_Bljk_Cijk_Dijk_gfx942.dat
1.7	-- Installing: /work/grodgers/git/tr-aomp/TheRock/build/math-libs/BLAS/hipBLASLt/stage/lib/hipblaslt/library/TensileLibrary_BB_BB_HA_Bias_SAV_UA_Type_BB_HPA_Contraction_l_Alik_Bljk_Cijk_Dijk_CU152_gfx942.dat
1.7	-- Installing: /work/grodgers/git/tr-aomp/TheRock/build/math-libs/BLAS/hipBLASLt/stage/lib/hipblaslt/library/TensileLibrary_F8NF8N_BF8N_HA_STA_Bias_SABV_SAV_UA_Type_F8NB_HPA_Contraction_l_Alik_Bljk_Cijk_Dijk_gfx942.co
1.7	-- Installing: /work/grodgers/git/tr-aomp/TheRock/build/math-libs/BLAS/hipBLASLt/stage/lib/hipblaslt/library/TensileLibrary_B8NB8N_B8NB8N_HA_Bias_SAV_UA_Type_B8NB8N_HPA_ExperimentalStreamK_Contraction_l_Ailk_Bjlk_Cijk_Dijk_CU228_gfx942.dat
1.7	-- Installing: /work/grodgers/git/tr-aomp/TheRock/build/math-libs/BLAS/hipBLASLt/stage/lib/hipblaslt/library/TensileLibrary_BB_BB_HA_Bias_Aux_SAV_UA_Type_BB_HPA_Contraction_l_Alik_Bjlk_Cijk_Dijk_gfx942.dat
1.7	-- Installing: /work/grodgers/git/tr-aomp/TheRock/build/math-libs/BLAS/hipBLASLt/stage/lib/hipblaslt/library/TensileLibrary_HH_HH_UA_Type_HH_HPA_Contraction_l_Alik_Bljk_Cijk_Dijk_CU64_gfx942.co
1.7	-- Installing: /work/grodgers/git/tr-aomp/TheRock/build/math-libs/BLAS/hipBLASLt/stage/lib/hipblaslt/library/TensileLibrary_F8NB8N_HF8B8N_HA_Bias_SAV_UA_Type_F8NH_HPA_ExperimentalStreamK_Contraction_l_Alik_Bljk_Cijk_Dijk_CU228_gfx942.co
1.7	-- Installing: /work/grodgers/git/tr-aomp/TheRock/build/math-libs/BLAS/hipBLASLt/stage/lib/hipblaslt/library/TensileLibrary_B8NB8N_BB8N_HA_Bias_SAB_SAV_UA_Type_B8NB_HPA_Contraction_l_Alik_Bljk_Cijk_Dijk_gfx942.dat
1.7	-- Installing: /work/grodgers/git/tr-aomp/TheRock/build/math-libs/BLAS/hipBLASLt/stage/lib/hipblaslt/library/TensileLibrary_B8NB8N_F8NB8N_HA_Bias_SAV_UA_Type_B8NF8N_HPA_ExperimentalStreamK_Contraction_l_Alik_Bljk_Cijk_Dijk_CU228_gfx942.co
1.8	-- Installing: /work/grodgers/git/tr-aomp/TheRock/build/math-libs/BLAS/hipBLASLt/stage/lib/hipblaslt/library/TensileLibrary_HH_SH_HA_Bias_SAV_UA_Type_HS_HPA_ExperimentalStreamK_Contraction_l_Ailk_Bjlk_Cijk_Dijk_CU228_gfx942.co
1.8	-- Installing: /work/grodgers/git/tr-aomp/TheRock/build/math-libs/BLAS/hipBLASLt/stage/lib/hipblaslt/library/TensileLibrary_I8I8_II8_UA_Type_I8I_HPA_ExperimentalStreamK_Contraction_l_Alik_Bljk_Cijk_Dijk_CU20_gfx942.dat
1.8	-- Installing: /work/grodgers/git/tr-aomp/TheRock/build/math-libs/BLAS/hipBLASLt/stage/lib/hipblaslt/library/TensileLibrary_BB_BB_Bias_UA_Type_BB_HPA_Contraction_l_Ailk_Bljk_Cijk_Dijk_gfx942.co
1.8	-- Installing: /work/grodgers/git/tr-aomp/TheRock/build/math-libs/BLAS/hipBLASLt/stage/lib/hipblaslt/library/TensileLibrary_F8NB8N_F8NF8B8N_HA_Bias_SAV_UA_Type_F8NF8N_HPA_ExperimentalStreamK_Contraction_l_Alik_Bljk_Cijk_Dijk_CU228_gfx942.co
1.8	-- Installing: /work/grodgers/git/tr-aomp/TheRock/build/math-libs/BLAS/hipBLASLt/stage/lib/hipblaslt/library/TensileLibrary_F8NF8N_SF8N_Bias_SAB_SAV_UA_Type_F8NS_HPA_Contraction_l_Ailk_Bljk_Cijk_Dijk_gfx942.dat
1.8	-- Installing: /work/grodgers/git/tr-aomp/TheRock/build/math-libs/BLAS/hipBLASLt/stage/lib/hipblaslt/library/TensileLibrary_HH_HH_HA_Bias_Aux_SAV_UA_Type_HH_HPA_Contraction_l_Ailk_Bjlk_Cijk_Dijk_gfx942.dat
1.8	-- Installing: /work/grodgers/git/tr-aomp/TheRock/build/math-libs/BLAS/hipBLASLt/stage/lib/hipblaslt/library/TensileLibrary_HH_HH_HA_Bias_Grad_SAV_UA_Type_HH_HPA_Contraction_l_Alik_Bjlk_Cijk_Dijk_gfx908.dat
1.8	-- Installing: /work/grodgers/git/tr-aomp/TheRock/build/math-libs/BLAS/hipBLASLt/stage/lib/hipblaslt/library/TensileLibrary_SS_SS_HA_Bias_SAV_UA_Type_SS_Contraction_l_Ailk_Bjlk_Cijk_Dijk_gfx908.co
1.8	-- Installing: /work/grodgers/git/tr-aomp/TheRock/build/math-libs/BLAS/hipBLASLt/stage/lib/hipblaslt/library/TensileLibrary_HF8N_SH_HA_Bias_GG_SAB_SAV_UA_Type_HS_HPA_Contraction_l_Ailk_Bjlk_Cijk_Dijk_gfx942.dat
1.8	-- Installing: /work/grodgers/git/tr-aomp/TheRock/build/math-libs/BLAS/hipBLASLt/stage/lib/hipblaslt/library/TensileLibrary_F8NB8N_HF8B8N_HA_Bias_SAB_SAV_UA_Type_F8NH_HPA_Contraction_l_Ailk_Bjlk_Cijk_Dijk_gfx942.co
1.8	-- Installing: /work/grodgers/git/tr-aomp/TheRock/build/math-libs/BLAS/hipBLASLt/stage/lib/hipblaslt/library/TensileLibrary_BB_BB_UA_Type_BB_HPA_ExperimentalStreamK_Contraction_l_Alik_Bjlk_Cijk_Dijk_CU38_gfx942.dat
1.8	-- Installing: /work/grodgers/git/tr-aomp/TheRock/build/math-libs/BLAS/hipBLASLt/stage/lib/hipblaslt/library/TensileLibrary_F8NF8N_F8NF8N_HA_Bias_SAV_UA_Type_F8NF8N_HPA_ExperimentalStreamK_Contraction_l_Alik_Bljk_Cijk_Dijk_CU228_gfx942.dat
1.8	-- Installing: /work/grodgers/git/tr-aomp/TheRock/build/math-libs/BLAS/hipBLASLt/stage/lib/hipblaslt/library/TensileLibrary_I8I8_II8_UA_Type_I8I_HPA_ExperimentalStreamK_Contraction_l_Ailk_Bjlk_Cijk_Dijk_CU38_gfx942.dat
1.8	-- Installing: /work/grodgers/git/tr-aomp/TheRock/build/math-libs/BLAS/hipBLASLt/stage/lib/hipblaslt/library/TensileLibrary_HH_SH_UA_Type_HS_HPA_ExperimentalStreamK_Contraction_l_Ailk_Bjlk_Cijk_Dijk_CU20_gfx942.co
1.8	-- Installing: /work/grodgers/git/tr-aomp/TheRock/build/math-libs/BLAS/hipBLASLt/stage/lib/hipblaslt/library/TensileLibrary_BB_BB_UA_Type_BB_HPA_ExperimentalStreamK_Contraction_l_Ailk_Bljk_Cijk_Dijk_CU80_gfx942.co
1.8	-- Installing: /work/grodgers/git/tr-aomp/TheRock/build/math-libs/BLAS/hipBLASLt/stage/lib/hipblaslt/library/TensileLibrary_SS_SS_UA_Type_SS_ExperimentalStreamK_Contraction_l_Alik_Bljk_Cijk_Dijk_CU38_gfx942.dat
1.8	-- Installing: /work/grodgers/git/tr-aomp/TheRock/build/math-libs/BLAS/hipBLASLt/stage/lib/hipblaslt/library/TensileLibrary_I8I8_I8I8_HA_SAV_UA_Type_I8I8_HPA_Contraction_l_Alik_Bjlk_Cijk_Dijk_gfx942.co
1.8	-- Installing: /work/grodgers/git/tr-aomp/TheRock/build/math-libs/BLAS/hipBLASLt/stage/lib/hipblaslt/library/TensileLibrary_SS_SS_HA_Bias_SAV_MX_UA_Type_SS_Contraction_l_Alik_Bljk_Cijk_Dijk_gfx942.dat
1.8	-- Installing: /work/grodgers/git/tr-aomp/TheRock/build/math-libs/BLAS/hipBLASLt/stage/lib/hipblaslt/library/TensileLibrary_BB_SB_HA_Bias_SAV_UA_Type_BS_HPA_Contraction_l_Ailk_Bljk_Cijk_Dijk_CU38_gfx942.dat
1.8	-- Installing: /work/grodgers/git/tr-aomp/TheRock/build/math-libs/BLAS/hipBLASLt/stage/lib/hipblaslt/library/TensileLibrary_F8NH_SH_HA_Bias_GG_SAB_SAV_UA_Type_F8NS_HPA_Contraction_l_Alik_Bljk_Cijk_Dijk_gfx942.dat
1.8	-- Installing: /work/grodgers/git/tr-aomp/TheRock/build/math-libs/BLAS/hipBLASLt/stage/lib/hipblaslt/library/TensileLibrary_SS_SS_HA_Bias_SAV_UA_Type_SS_ExperimentalStreamK_Contraction_l_Alik_Bjlk_Cijk_Dijk_CU228_gfx942.dat
1.8	-- Installing: /work/grodgers/git/tr-aomp/TheRock/build/math-libs/BLAS/hipBLASLt/stage/lib/hipblaslt/library/TensileLibrary_I8I8_II8_UA_Type_I8I_HPA_ExperimentalStreamK_Contraction_l_Ailk_Bljk_Cijk_Dijk_gfx942.co
1.8	-- Installing: /work/grodgers/git/tr-aomp/TheRock/build/math-libs/BLAS/hipBLASLt/stage/lib/hipblaslt/library/TensileLibrary_HH_SH_GG_UA_Type_HS_HPA_Contraction_l_Ailk_Bljk_Cijk_Dijk_gfx90a.dat
1.8	-- Installing: /work/grodgers/git/tr-aomp/TheRock/build/math-libs/BLAS/hipBLASLt/stage/lib/hipblaslt/library/TensileLibrary_I8I8_II8_Type_I8I_HPA_Contraction_l_Alik_Bjlk_Cijk_Dijk_gfx908.dat
1.8	-- Installing: /work/grodgers/git/tr-aomp/TheRock/build/math-libs/BLAS/hipBLASLt/stage/lib/hipblaslt/library/TensileLibrary_B8NB8N_F8NB8N_HA_Bias_SAB_SCD_SAV_UA_Type_B8NF8N_HPA_Contraction_l_Alik_Bjlk_Cijk_Dijk_gfx942.dat
1.8	-- Installing: /work/grodgers/git/tr-aomp/TheRock/build/math-libs/BLAS/hipBLASLt/stage/lib/hipblaslt/library/TensileLibrary_HH_SH_Bias_SAV_UA_Type_HS_HPA_Contraction_l_Ailk_Bljk_Cijk_Dijk_gfx942.dat
1.8	-- Installing: /work/grodgers/git/tr-aomp/TheRock/build/math-libs/BLAS/hipBLASLt/stage/lib/hipblaslt/library/TensileLibrary_HH_SH_GG_UA_Type_HS_HPA_Contraction_l_Ailk_Bjlk_Cijk_Dijk_gfx90a.dat
1.8	-- Installing: /work/grodgers/git/tr-aomp/TheRock/build/math-libs/BLAS/hipBLASLt/stage/lib/hipblaslt/library/TensileLibrary_BB_SB_Bias_SAV_UA_Type_BS_HPA_Contraction_l_Ailk_Bjlk_Cijk_Dijk_CU80_gfx942.co
1.8	-- Installing: /work/grodgers/git/tr-aomp/TheRock/build/math-libs/BLAS/hipBLASLt/stage/lib/hipblaslt/library/TensileLibrary_F8NF8N_B8NF8N_HA_Bias_SAV_UA_Type_F8NB8N_HPA_ExperimentalStreamK_Contraction_l_Alik_Bljk_Cijk_Dijk_CU228_gfx942.dat
1.8	-- Installing: /work/grodgers/git/tr-aomp/TheRock/build/math-libs/BLAS/hipBLASLt/stage/lib/hipblaslt/library/TensileLibrary_HH_HH_GG_UA_Type_HH_HPA_Contraction_l_Alik_Bljk_Cijk_Dijk_gfx90a.co
1.8	-- Installing: /work/grodgers/git/tr-aomp/TheRock/build/math-libs/BLAS/hipBLASLt/stage/lib/hipblaslt/library/TensileLibrary_HH_HB_HA_Bias_SAV_UA_Type_HH_HPA_Contraction_l_Alik_Bjlk_Cijk_Dijk_CU104_gfx90a.dat
1.8	-- Installing: /work/grodgers/git/tr-aomp/TheRock/build/math-libs/BLAS/hipBLASLt/stage/lib/hipblaslt/library/TensileLibrary_BB_BB_STA_UA_Type_BB_HPA_Contraction_l_Alik_Bljk_Cijk_Dijk_CU80_gfx942.dat
1.8	-- Installing: /work/grodgers/git/tr-aomp/TheRock/build/math-libs/BLAS/hipBLASLt/stage/lib/hipblaslt/library/TensileLibrary_SS_SS_HA_Bias_SAV_UA_Type_SS_Contraction_l_Alik_Bljk_Cijk_Dijk_CU64_gfx942.co
1.8	-- Installing: /work/grodgers/git/tr-aomp/TheRock/build/math-libs/BLAS/hipBLASLt/stage/lib/hipblaslt/library/TensileLibrary_SS_SS_UA_Type_SS_ExperimentalStreamK_Contraction_l_Alik_Bljk_Cijk_Dijk_CU20_gfx942.dat
1.8	-- Installing: /work/grodgers/git/tr-aomp/TheRock/build/math-libs/BLAS/hipBLASLt/stage/lib/hipblaslt/library/TensileLibrary_B8NB8N_SB8N_Bias_SAB_SAV_UA_Type_B8NS_HPA_Contraction_l_Alik_Bjlk_Cijk_Dijk_gfx942.co
1.8	-- Installing: /work/grodgers/git/tr-aomp/TheRock/build/math-libs/BLAS/hipBLASLt/stage/lib/hipblaslt/library/TensileLibrary_F8NH_SH_GG_SAB_UA_Type_F8NS_HPA_Contraction_l_Ailk_Bljk_Cijk_Dijk_gfx942.co
1.8	-- Installing: /work/grodgers/git/tr-aomp/TheRock/build/math-libs/BLAS/hipBLASLt/stage/lib/hipblaslt/library/TensileLibrary_HH_SH_HA_Bias_SAV_UA_Type_HS_HPA_Contraction_l_Ailk_Bljk_Cijk_Dijk_gfx942.dat
1.8	-- Installing: /work/grodgers/git/tr-aomp/TheRock/build/math-libs/BLAS/hipBLASLt/stage/lib/hipblaslt/library/TensileLibrary_SS_SS_HA_Bias_SAV_UA_Type_SS_ExperimentalStreamK_Contraction_l_Alik_Bjlk_Cijk_Dijk_CU228_gfx942.co
1.8	-- Installing: /work/grodgers/git/tr-aomp/TheRock/build/math-libs/BLAS/hipBLASLt/stage/lib/hipblaslt/library/extop_gfx90a.co
1.8	-- Installing: /work/grodgers/git/tr-aomp/TheRock/build/math-libs/BLAS/hipBLASLt/stage/lib/hipblaslt/library/TensileLibrary_F8NB8N_B8NF8B8N_HA_Bias_SAB_SCD_SAV_UA_Type_F8NB8N_HPA_Contraction_l_Alik_Bjlk_Cijk_Dijk_gfx942.co
1.8	-- Installing: /work/grodgers/git/tr-aomp/TheRock/build/math-libs/BLAS/hipBLASLt/stage/lib/hipblaslt/library/TensileLibrary_B8NB8N_SB8N_HA_Bias_SAV_UA_Type_B8NS_HPA_ExperimentalStreamK_Contraction_l_Ailk_Bjlk_Cijk_Dijk_CU228_gfx942.dat
1.8	-- Installing: /work/grodgers/git/tr-aomp/TheRock/build/math-libs/BLAS/hipBLASLt/stage/lib/hipblaslt/library/TensileLibrary_BB_SB_UA_Type_BS_HPA_ExperimentalStreamK_Contraction_l_Ailk_Bljk_Cijk_Dijk_CU20_gfx942.co
1.8	-- Installing: /work/grodgers/git/tr-aomp/TheRock/build/math-libs/BLAS/hipBLASLt/stage/lib/hipblaslt/library/TensileLibrary_I8I8_II8_HA_SAV_UA_Type_I8I_HPA_Contraction_l_Ailk_Bjlk_Cijk_Dijk_gfx90a.co
1.8	-- Installing: /work/grodgers/git/tr-aomp/TheRock/build/math-libs/BLAS/hipBLASLt/stage/lib/hipblaslt/library/TensileLibrary_HH_HH_HA_Bias_Aux_SAV_UA_Type_HH_HPA_Contraction_l_Alik_Bljk_Cijk_Dijk_gfx942.dat
1.8	-- Installing: /work/grodgers/git/tr-aomp/TheRock/build/math-libs/BLAS/hipBLASLt/stage/lib/hipblaslt/library/TensileLibrary_DD_DD_UA_Type_DD_Contraction_l_Alik_Bljk_Cijk_Dijk_gfx90a.co
1.8	-- Installing: /work/grodgers/git/tr-aomp/TheRock/build/math-libs/BLAS/hipBLASLt/stage/lib/hipblaslt/library/TensileLibrary_HH_SH_HA_Bias_GG_SAV_UA_Type_HS_HPA_Contraction_l_Ailk_Bljk_Cijk_Dijk_gfx908.co
1.8	-- Installing: /work/grodgers/git/tr-aomp/TheRock/build/math-libs/BLAS/hipBLASLt/stage/lib/hipblaslt/library/TensileLibrary_HH_SH_UA_Type_HS_HPA_ExperimentalStreamK_Contraction_l_Alik_Bljk_Cijk_Dijk_CU20_gfx942.co
1.8	-- Installing: /work/grodgers/git/tr-aomp/TheRock/build/math-libs/BLAS/hipBLASLt/stage/lib/hipblaslt/library/TensileLibrary_BB_BB_HA_Bias_SAV_Type_BB_HPA_Contraction_l_Ailk_Bjlk_Cijk_Dijk_gfx908.co
1.8	-- Installing: /work/grodgers/git/tr-aomp/TheRock/build/math-libs/BLAS/hipBLASLt/stage/lib/hipblaslt/library/TensileLibrary_HH_SH_GG_UA_Type_HS_HPA_Contraction_l_Alik_Bjlk_Cijk_Dijk_gfx908.dat
1.8	-- Installing: /work/grodgers/git/tr-aomp/TheRock/build/math-libs/BLAS/hipBLASLt/stage/lib/hipblaslt/library/TensileLibrary_BB_BB_UA_Type_BB_HPA_Contraction_l_Ailk_Bjlk_Cijk_Dijk_gfx942.dat
1.8	-- Installing: /work/grodgers/git/tr-aomp/TheRock/build/math-libs/BLAS/hipBLASLt/stage/lib/hipblaslt/library/TensileLibrary_HH_SH_GG_UA_Type_HS_HPA_Contraction_l_Ailk_Bjlk_Cijk_Dijk_gfx908.co
1.8	-- Installing: /work/grodgers/git/tr-aomp/TheRock/build/math-libs/BLAS/hipBLASLt/stage/lib/hipblaslt/library/TensileLibrary_HH_SH_Type_HS_HPA_Contraction_l_Ailk_Bljk_Cijk_Dijk_gfx90a.dat
1.8	-- Installing: /work/grodgers/git/tr-aomp/TheRock/build/math-libs/BLAS/hipBLASLt/stage/lib/hipblaslt/library/TensileLibrary_I8I8_I8I8_UA_Type_I8I8_HPA_ExperimentalStreamK_Contraction_l_Ailk_Bjlk_Cijk_Dijk_gfx942.dat
1.8	-- Installing: /work/grodgers/git/tr-aomp/TheRock/build/math-libs/BLAS/hipBLASLt/stage/lib/hipblaslt/library/TensileLibrary_SS_SS_UA_Type_SS_Contraction_l_Alik_Bjlk_Cijk_Dijk_gfx942.dat
1.8	-- Installing: /work/grodgers/git/tr-aomp/TheRock/build/math-libs/BLAS/hipBLASLt/stage/lib/hipblaslt/library/TensileLibrary_BB_BB_UA_Type_BB_HPA_ExperimentalStreamK_Contraction_l_Ailk_Bljk_Cijk_Dijk_CU20_gfx942.co
1.8	-- Installing: /work/grodgers/git/tr-aomp/TheRock/build/math-libs/BLAS/hipBLASLt/stage/lib/hipblaslt/library/TensileLibrary_F8NB8N_B8NF8B8N_HA_Bias_SAB_SCD_SAV_UA_Type_F8NB8N_HPA_Contraction_l_Alik_Bljk_Cijk_Dijk_gfx942.co
1.8	-- Installing: /work/grodgers/git/tr-aomp/TheRock/build/math-libs/BLAS/hipBLASLt/stage/lib/hipblaslt/library/TensileLibrary_SS_SS_UA_Type_SS_ExperimentalStreamK_Contraction_l_Alik_Bjlk_Cijk_Dijk_CU38_gfx942.dat
1.8	-- Installing: /work/grodgers/git/tr-aomp/TheRock/build/math-libs/BLAS/hipBLASLt/stage/lib/hipblaslt/library/TensileLibrary_BB_BB_UA_Type_BB_HPA_Contraction_l_Ailk_Bjlk_Cijk_Dijk_CU104_gfx90a.dat
1.8	-- Installing: /work/grodgers/git/tr-aomp/TheRock/build/math-libs/BLAS/hipBLASLt/stage/lib/hipblaslt/library/TensileLibrary_I8I8_I8I8_HA_SAV_UA_Type_I8I8_HPA_Contraction_l_Alik_Bljk_Cijk_Dijk_CU80_gfx942.co
1.8	-- Installing: /work/grodgers/git/tr-aomp/TheRock/build/math-libs/BLAS/hipBLASLt/stage/lib/hipblaslt/library/TensileLibrary_DD_DD_UA_Type_DD_Contraction_l_Alik_Bjlk_Cijk_Dijk_gfx942.dat
1.8	-- Installing: /work/grodgers/git/tr-aomp/TheRock/build/math-libs/BLAS/hipBLASLt/stage/lib/hipblaslt/library/TensileLibrary_HH_SH_HA_STA_Bias_SAV_UA_Type_HS_HPA_Contraction_l_Alik_Bljk_Cijk_Dijk_gfx942.dat
1.8	-- Installing: /work/grodgers/git/tr-aomp/TheRock/build/math-libs/BLAS/hipBLASLt/stage/lib/hipblaslt/library/TensileLibrary_F8NB8N_BF8B8N_HA_Bias_SAV_UA_Type_F8NB_HPA_ExperimentalStreamK_Contraction_l_Ailk_Bljk_Cijk_Dijk_CU228_gfx942.co
1.8	-- Installing: /work/grodgers/git/tr-aomp/TheRock/build/math-libs/BLAS/hipBLASLt/stage/lib/hipblaslt/library/TensileLibrary_BB_BB_UA_Type_BB_HPA_Contraction_l_Ailk_Bljk_Cijk_Dijk_gfx90a.dat
1.8	-- Installing: /work/grodgers/git/tr-aomp/TheRock/build/math-libs/BLAS/hipBLASLt/stage/lib/hipblaslt/library/TensileLibrary_F8NB8N_HF8B8N_HA_Bias_SAV_UA_Type_F8NH_HPA_ExperimentalStreamK_Contraction_l_Ailk_Bjlk_Cijk_Dijk_CU228_gfx942.co
1.8	-- Installing: /work/grodgers/git/tr-aomp/TheRock/build/math-libs/BLAS/hipBLASLt/stage/lib/hipblaslt/library/TensileLibrary_HH_SH_HA_Bias_GG_SAV_UA_Type_HS_HPA_Contraction_l_Alik_Bjlk_Cijk_Dijk_gfx908.co
1.8	-- Installing: /work/grodgers/git/tr-aomp/TheRock/build/math-libs/BLAS/hipBLASLt/stage/lib/hipblaslt/library/TensileLibrary_HH_SH_HA_Bias_SAV_Type_HS_HPA_Contraction_l_Alik_Bljk_Cijk_Dijk_gfx90a.dat
1.8	-- Installing: /work/grodgers/git/tr-aomp/TheRock/build/math-libs/BLAS/hipBLASLt/stage/lib/hipblaslt/library/TensileLibrary_BB_SB_HA_Bias_SAV_UA_Type_BS_HPA_Contraction_l_Ailk_Bljk_Cijk_Dijk_gfx942.co
1.9	-- Installing: /work/grodgers/git/tr-aomp/TheRock/build/math-libs/BLAS/hipBLASLt/stage/lib/hipblaslt/library/TensileLibrary_BB_BB_HA_STA_Bias_SAV_UA_Type_BB_HPA_Contraction_l_Alik_Bljk_Cijk_Dijk_gfx942.dat
1.9	-- Installing: /work/grodgers/git/tr-aomp/TheRock/build/math-libs/BLAS/hipBLASLt/stage/lib/hipblaslt/library/TensileLibrary_I8I8_I8I8_UA_Type_I8I8_HPA_ExperimentalStreamK_Contraction_l_Alik_Bljk_Cijk_Dijk_CU38_gfx942.dat
1.9	-- Installing: /work/grodgers/git/tr-aomp/TheRock/build/math-libs/BLAS/hipBLASLt/stage/lib/hipblaslt/library/TensileLibrary_HH_SH_HA_STA_Bias_SAV_UA_Type_HS_HPA_Contraction_l_Alik_Bljk_Cijk_Dijk_CU80_gfx942.co
1.9	-- Installing: /work/grodgers/git/tr-aomp/TheRock/build/math-libs/BLAS/hipBLASLt/stage/lib/hipblaslt/library/TensileLibrary_HH_HH_HA_Bias_SAV_Type_HH_HPA_Contraction_l_Alik_Bjlk_Cijk_Dijk_CU104_gfx90a.dat
1.9	-- Installing: /work/grodgers/git/tr-aomp/TheRock/build/math-libs/BLAS/hipBLASLt/stage/lib/hipblaslt/library/TensileLibrary_F8NF8N_BF8N_HA_STA_Bias_SABV_SAV_UA_Type_F8NB_HPA_Contraction_l_Alik_Bljk_Cijk_Dijk_CU80_gfx942.dat
1.9	-- Installing: /work/grodgers/git/tr-aomp/TheRock/build/math-libs/BLAS/hipBLASLt/stage/lib/hipblaslt/library/TensileLibrary_B8NB8N_HB8N_HA_Bias_SAV_UA_Type_B8NH_HPA_ExperimentalStreamK_Contraction_l_Alik_Bjlk_Cijk_Dijk_CU228_gfx942.dat
1.9	-- Installing: /work/grodgers/git/tr-aomp/TheRock/build/math-libs/BLAS/hipBLASLt/stage/lib/hipblaslt/library/TensileLibrary_SS_SS_HA_Bias_SAV_UA_Type_SS_Contraction_l_Ailk_Bjlk_Cijk_Dijk_CU80_gfx942.co
1.9	-- Installing: /work/grodgers/git/tr-aomp/TheRock/build/math-libs/BLAS/hipBLASLt/stage/lib/hipblaslt/library/TensileLibrary_HH_SH_HA_Bias_GG_SAV_UA_Type_HS_HPA_Contraction_l_Ailk_Bjlk_Cijk_Dijk_gfx90a.dat
1.9	-- Installing: /work/grodgers/git/tr-aomp/TheRock/build/math-libs/BLAS/hipBLASLt/stage/lib/hipblaslt/library/TensileLibrary_B8NB8N_SB8N_Bias_SAB_SAV_UA_Type_B8NS_HPA_Contraction_l_Ailk_Bjlk_Cijk_Dijk_gfx942.dat
1.9	-- Installing: /work/grodgers/git/tr-aomp/TheRock/build/math-libs/BLAS/hipBLASLt/stage/lib/hipblaslt/library/TensileLibrary_HF8N_HH_HA_Bias_GG_SAB_SAV_UA_Type_HH_HPA_Contraction_l_Alik_Bjlk_Cijk_Dijk_gfx942.co
1.9	-- Installing: /work/grodgers/git/tr-aomp/TheRock/build/math-libs/BLAS/hipBLASLt/stage/lib/hipblaslt/library/TensileLibrary_B8NB8N_F8NB8N_HA_Bias_SAB_SCD_SAV_UA_Type_B8NF8N_HPA_Contraction_l_Ailk_Bljk_Cijk_Dijk_gfx942.co
1.9	-- Installing: /work/grodgers/git/tr-aomp/TheRock/build/math-libs/BLAS/hipBLASLt/stage/lib/hipblaslt/library/TensileLibrary_SS_SS_HA_Bias_GG_SAV_MX_UA_Type_SS_Contraction_l_Ailk_Bljk_Cijk_Dijk_gfx942.co
1.9	-- Installing: /work/grodgers/git/tr-aomp/TheRock/build/math-libs/BLAS/hipBLASLt/stage/lib/hipblaslt/library/TensileLibrary_B8NF8N_B8NB8F8N_HA_Bias_SAB_SCD_SAV_UA_Type_B8NB8N_HPA_Contraction_l_Ailk_Bljk_Cijk_Dijk_gfx942.dat
1.9	-- Installing: /work/grodgers/git/tr-aomp/TheRock/build/math-libs/BLAS/hipBLASLt/stage/lib/hipblaslt/library/TensileLibrary_B8NB8N_SB8N_HA_Bias_SAV_UA_Type_B8NS_HPA_ExperimentalStreamK_Contraction_l_Alik_Bjlk_Cijk_Dijk_CU228_gfx942.dat
1.9	-- Installing: /work/grodgers/git/tr-aomp/TheRock/build/math-libs/BLAS/hipBLASLt/stage/lib/hipblaslt/library/TensileLibrary_HH_SH_HA_Bias_SAV_UA_Type_HS_HPA_Contraction_l_Ailk_Bljk_Cijk_Dijk_CU38_gfx942.co
1.9	-- Installing: /work/grodgers/git/tr-aomp/TheRock/build/math-libs/BLAS/hipBLASLt/stage/lib/hipblaslt/library/TensileLibrary_BB_BB_STA_UA_Type_BB_HPA_Contraction_l_Alik_Bljk_Cijk_Dijk_gfx942.dat
1.9	-- Installing: /work/grodgers/git/tr-aomp/TheRock/build/math-libs/BLAS/hipBLASLt/stage/lib/hipblaslt/library/TensileLibrary_I8I8_I8I8_UA_Type_I8I8_HPA_ExperimentalStreamK_Contraction_l_Alik_Bjlk_Cijk_Dijk_CU38_gfx942.co
1.9	-- Installing: /work/grodgers/git/tr-aomp/TheRock/build/math-libs/BLAS/hipBLASLt/stage/lib/hipblaslt/library/TensileLibrary_HH_SH_UA_Type_HS_HPA_ExperimentalStreamK_Contraction_l_Alik_Bjlk_Cijk_Dijk_CU38_gfx942.co
1.9	-- Installing: /work/grodgers/git/tr-aomp/TheRock/build/math-libs/BLAS/hipBLASLt/stage/lib/hipblaslt/library/TensileLibrary_F8NF8N_SF8N_HA_Bias_SAB_SAV_UA_Type_F8NS_HPA_Contraction_l_Ailk_Bjlk_Cijk_Dijk_gfx942.dat
1.9	-- Installing: /work/grodgers/git/tr-aomp/TheRock/build/math-libs/BLAS/hipBLASLt/stage/lib/hipblaslt/library/TensileLibrary_HH_HH_HA_Bias_Grad_SAV_Type_HH_HPA_Contraction_l_Ailk_Bljk_Cijk_Dijk_gfx942.co
1.9	-- Installing: /work/grodgers/git/tr-aomp/TheRock/build/math-libs/BLAS/hipBLASLt/stage/lib/hipblaslt/library/TensileLibrary_BB_SB_HA_Bias_SAV_UA_Type_BS_HPA_Contraction_l_Alik_Bljk_Cijk_Dijk_CU38_gfx942.co
1.9	-- Installing: /work/grodgers/git/tr-aomp/TheRock/build/math-libs/BLAS/hipBLASLt/stage/lib/hipblaslt/library/TensileLibrary_I8I8_I8I8_UA_Type_I8I8_HPA_Contraction_l_Alik_Bljk_Cijk_Dijk_CU80_gfx942.dat
1.9	-- Installing: /work/grodgers/git/tr-aomp/TheRock/build/math-libs/BLAS/hipBLASLt/stage/lib/hipblaslt/library/TensileLibrary_BB_BB_UA_Type_BB_HPA_Contraction_l_Alik_Bjlk_Cijk_Dijk_gfx942.co
1.9	-- Installing: /work/grodgers/git/tr-aomp/TheRock/build/math-libs/BLAS/hipBLASLt/stage/lib/hipblaslt/library/TensileLibrary_HH_SH_HA_Bias_SAV_UA_Type_HS_HPA_ExperimentalStreamK_Contraction_l_Ailk_Bljk_Cijk_Dijk_CU228_gfx942.dat
1.9	-- Installing: /work/grodgers/git/tr-aomp/TheRock/build/math-libs/BLAS/hipBLASLt/stage/lib/hipblaslt/library/TensileLibrary_F8NF8N_BF8N_HA_Bias_SAV_UA_Type_F8NB_HPA_ExperimentalStreamK_Contraction_l_Alik_Bjlk_Cijk_Dijk_CU228_gfx942.dat
1.9	-- Installing: /work/grodgers/git/tr-aomp/TheRock/build/math-libs/BLAS/hipBLASLt/stage/lib/hipblaslt/library/TensileLibrary_F8NB8N_B8NF8B8N_HA_Bias_SAV_UA_Type_F8NB8N_HPA_ExperimentalStreamK_Contraction_l_Ailk_Bljk_Cijk_Dijk_CU228_gfx942.dat
1.9	-- Installing: /work/grodgers/git/tr-aomp/TheRock/build/math-libs/BLAS/hipBLASLt/stage/lib/hipblaslt/library/TensileLibrary_HH_HB_HA_Bias_SAV_UA_Type_HH_HPA_Contraction_l_Alik_Bjlk_Cijk_Dijk_gfx90a.co
1.9	-- Installing: /work/grodgers/git/tr-aomp/TheRock/build/math-libs/BLAS/hipBLASLt/stage/lib/hipblaslt/library/TensileLibrary_F8NF8N_BF8N_UA_Type_F8NB_HPA_Contraction_l_Ailk_Bjlk_Cijk_Dijk_gfx942.co
1.9	-- Installing: /work/grodgers/git/tr-aomp/TheRock/build/math-libs/BLAS/hipBLASLt/stage/lib/hipblaslt/library/TensileLibrary_HH_HH_UA_Type_HH_HPA_ExperimentalStreamK_Contraction_l_Alik_Bjlk_Cijk_Dijk_CU38_gfx942.dat
1.9	-- Installing: /work/grodgers/git/tr-aomp/TheRock/build/math-libs/BLAS/hipBLASLt/stage/lib/hipblaslt/library/TensileLibrary_HH_SH_GG_UA_Type_HS_HPA_Contraction_l_Alik_Bjlk_Cijk_Dijk_gfx90a.dat
1.9	-- Installing: /work/grodgers/git/tr-aomp/TheRock/build/math-libs/BLAS/hipBLASLt/stage/lib/hipblaslt/library/TensileLibrary_B8NF8N_F8NB8F8N_HA_Bias_SAV_UA_Type_B8NF8N_HPA_ExperimentalStreamK_Contraction_l_Alik_Bljk_Cijk_Dijk_CU228_gfx942.dat
1.9	-- Installing: /work/grodgers/git/tr-aomp/TheRock/build/math-libs/BLAS/hipBLASLt/stage/lib/hipblaslt/library/TensileLibrary_HH_HH_GG_UA_Type_HH_HPA_Contraction_l_Alik_Bljk_Cijk_Dijk_gfx908.co
1.9	-- Installing: /work/grodgers/git/tr-aomp/TheRock/build/math-libs/BLAS/hipBLASLt/stage/lib/hipblaslt/library/TensileLibrary_HH_HH_HA_Bias_Aux_SAV_UA_Type_HH_HPA_Contraction_l_Alik_Bljk_Cijk_Dijk_gfx908.dat
1.9	-- Installing: /work/grodgers/git/tr-aomp/TheRock/build/math-libs/BLAS/hipBLASLt/stage/lib/hipblaslt/library/TensileLibrary_I8I8_II8_UA_Type_I8I_HPA_ExperimentalStreamK_Contraction_l_Ailk_Bjlk_Cijk_Dijk_CU80_gfx942.dat
1.9	-- Installing: /work/grodgers/git/tr-aomp/TheRock/build/math-libs/BLAS/hipBLASLt/stage/lib/hipblaslt/library/TensileLibrary_SS_SS_HA_Bias_SAV_UA_Type_SS_ExperimentalStreamK_Contraction_l_Ailk_Bjlk_Cijk_Dijk_gfx942.dat
1.9	-- Installing: /work/grodgers/git/tr-aomp/TheRock/build/math-libs/BLAS/hipBLASLt/stage/lib/hipblaslt/library/TensileLibrary_B8NB8N_HB8N_HA_Bias_SAB_SAV_UA_Type_B8NH_HPA_Contraction_l_Alik_Bljk_Cijk_Dijk_gfx942.dat
1.9	-- Installing: /work/grodgers/git/tr-aomp/TheRock/build/math-libs/BLAS/hipBLASLt/stage/lib/hipblaslt/library/TensileLibrary_HH_HB_HA_Bias_SAV_UA_Type_HH_HPA_Contraction_l_Alik_Bjlk_Cijk_Dijk_gfx90a.dat
1.9	-- Installing: /work/grodgers/git/tr-aomp/TheRock/build/math-libs/BLAS/hipBLASLt/stage/lib/hipblaslt/library/TensileLibrary_B8NF8N_F8NB8F8N_HA_Bias_SAV_UA_Type_B8NF8N_HPA_ExperimentalStreamK_Contraction_l_Ailk_Bjlk_Cijk_Dijk_CU228_gfx942.co
1.9	-- Installing: /work/grodgers/git/tr-aomp/TheRock/build/math-libs/BLAS/hipBLASLt/stage/lib/hipblaslt/library/TensileLibrary_HH_HB_HA_Bias_SAV_UA_Type_HH_HPA_Contraction_l_Alik_Bljk_Cijk_Dijk_CU104_gfx90a.co
1.9	-- Installing: /work/grodgers/git/tr-aomp/TheRock/build/math-libs/BLAS/hipBLASLt/stage/lib/hipblaslt/library/TensileLibrary_F8NB8N_BF8B8N_HA_Bias_SAB_SAV_UA_Type_F8NB_HPA_Contraction_l_Ailk_Bjlk_Cijk_Dijk_gfx942.co
1.9	-- Installing: /work/grodgers/git/tr-aomp/TheRock/build/math-libs/BLAS/hipBLASLt/stage/lib/hipblaslt/library/TensileLibrary_F8NF8N_F8NF8N_UA_Type_F8NF8N_HPA_Contraction_l_Alik_Bljk_Cijk_Dijk_gfx942.co
1.9	-- Installing: /work/grodgers/git/tr-aomp/TheRock/build/math-libs/BLAS/hipBLASLt/stage/lib/hipblaslt/library/TensileLibrary_BB_BB_HA_Bias_SAV_UA_Type_BB_HPA_ExperimentalStreamK_Contraction_l_Alik_Bjlk_Cijk_Dijk_gfx942.co
1.9	-- Installing: /work/grodgers/git/tr-aomp/TheRock/build/math-libs/BLAS/hipBLASLt/stage/lib/hipblaslt/library/TensileLibrary_HH_HH_HA_Bias_Grad_SAV_Type_HH_HPA_Contraction_l_Alik_Bjlk_Cijk_Dijk_gfx942.co
1.9	-- Installing: /work/grodgers/git/tr-aomp/TheRock/build/math-libs/BLAS/hipBLASLt/stage/lib/hipblaslt/library/TensileLibrary_HH_HF8B8N_HA_Bias_SAV_UA_Type_HH_HPA_Contraction_l_Alik_Bljk_Cijk_Dijk_gfx942.dat
1.9	-- Installing: /work/grodgers/git/tr-aomp/TheRock/build/math-libs/BLAS/hipBLASLt/stage/lib/hipblaslt/library/TensileLibrary_F8NB8N_F8NF8B8N_HA_Bias_SAV_UA_Type_F8NF8N_HPA_ExperimentalStreamK_Contraction_l_Alik_Bljk_Cijk_Dijk_CU228_gfx942.dat
1.9	-- Installing: /work/grodgers/git/tr-aomp/TheRock/build/math-libs/BLAS/hipBLASLt/stage/lib/hipblaslt/library/TensileLibrary_HH_HH_HA_Bias_SAV_UA_Type_HH_HPA_Contraction_l_Ailk_Bljk_Cijk_Dijk_gfx908.co
1.9	-- Installing: /work/grodgers/git/tr-aomp/TheRock/build/math-libs/BLAS/hipBLASLt/stage/lib/hipblaslt/library/TensileLibrary_HH_SH_HA_Bias_Aux_SAV_UA_Type_HS_HPA_Contraction_l_Ailk_Bjlk_Cijk_Dijk_gfx942.co
1.9	-- Installing: /work/grodgers/git/tr-aomp/TheRock/build/math-libs/BLAS/hipBLASLt/stage/lib/hipblaslt/library/TensileLibrary_SS_SS_UA_Type_SS_Contraction_l_Alik_Bljk_Cijk_Dijk_CU80_gfx942.dat
1.9	-- Installing: /work/grodgers/git/tr-aomp/TheRock/build/math-libs/BLAS/hipBLASLt/stage/lib/hipblaslt/library/TensileLibrary_F8NH_SH_HA_Bias_SAB_SAV_UA_Type_F8NS_HPA_Contraction_l_Alik_Bljk_Cijk_Dijk_gfx942.co
1.9	-- Installing: /work/grodgers/git/tr-aomp/TheRock/build/math-libs/BLAS/hipBLASLt/stage/lib/hipblaslt/library/TensileLibrary_HH_HH_HA_Bias_SAV_UA_Type_HH_HPA_ExperimentalStreamK_Contraction_l_Alik_Bljk_Cijk_Dijk_CU228_gfx942.dat
1.9	-- Installing: /work/grodgers/git/tr-aomp/TheRock/build/math-libs/BLAS/hipBLASLt/stage/lib/hipblaslt/library/TensileLibrary_F8NF8N_HF8N_HA_Bias_SAB_SAV_UA_Type_F8NH_HPA_Contraction_l_Ailk_Bljk_Cijk_Dijk_gfx942.dat
1.9	-- Installing: /work/grodgers/git/tr-aomp/TheRock/build/math-libs/BLAS/hipBLASLt/stage/lib/hipblaslt/library/TensileLibrary_BB_BB_HA_Bias_SAV_UA_Type_BB_HPA_Contraction_l_Ailk_Bjlk_Cijk_Dijk_CU64_gfx942.dat
1.9	-- Installing: /work/grodgers/git/tr-aomp/TheRock/build/math-libs/BLAS/hipBLASLt/stage/lib/hipblaslt/library/TensileLibrary_F8NH_SH_HA_Bias_GG_SAB_SAV_UA_Type_F8NS_HPA_Contraction_l_Alik_Bjlk_Cijk_Dijk_gfx942.dat
1.9	-- Installing: /work/grodgers/git/tr-aomp/TheRock/build/math-libs/BLAS/hipBLASLt/stage/lib/hipblaslt/library/TensileLibrary_HH_HH_HA_Bias_SAV_UA_Type_HH_HPA_Contraction_l_Alik_Bljk_Cijk_Dijk_gfx942.dat
1.9	-- Installing: /work/grodgers/git/tr-aomp/TheRock/build/math-libs/BLAS/hipBLASLt/stage/lib/hipblaslt/library/TensileLibrary_F8NB8N_F8NF8B8N_HA_Bias_SAB_SCD_SAV_UA_Type_F8NF8N_HPA_Contraction_l_Ailk_Bljk_Cijk_Dijk_gfx942.dat
1.9	-- Installing: /work/grodgers/git/tr-aomp/TheRock/build/math-libs/BLAS/hipBLASLt/stage/lib/hipblaslt/library/TensileLibrary_I8I8_I8I8_UA_Type_I8I8_HPA_ExperimentalStreamK_Contraction_l_Ailk_Bljk_Cijk_Dijk_gfx942.co
1.9	-- Installing: /work/grodgers/git/tr-aomp/TheRock/build/math-libs/BLAS/hipBLASLt/stage/lib/hipblaslt/library/TensileLibrary_HH_HH_HA_Bias_GG_SAV_UA_Type_HH_HPA_Contraction_l_Ailk_Bljk_Cijk_Dijk_gfx908.co
1.9	-- Installing: /work/grodgers/git/tr-aomp/TheRock/build/math-libs/BLAS/hipBLASLt/stage/lib/hipblaslt/library/TensileLibrary_SS_SS_UA_Type_SS_Contraction_l_Ailk_Bjlk_Cijk_Dijk_gfx942.dat
1.9	-- Installing: /work/grodgers/git/tr-aomp/TheRock/build/math-libs/BLAS/hipBLASLt/stage/lib/hipblaslt/library/TensileLibrary_F8NB8N_HF8B8N_HA_Bias_SAV_UA_Type_F8NH_HPA_ExperimentalStreamK_Contraction_l_Ailk_Bljk_Cijk_Dijk_CU228_gfx942.co
1.9	-- Installing: /work/grodgers/git/tr-aomp/TheRock/build/math-libs/BLAS/hipBLASLt/stage/lib/hipblaslt/library/TensileLibrary_HH_HH_HA_Bias_SAV_Type_HH_HPA_Contraction_l_Alik_Bljk_Cijk_Dijk_gfx90a.dat
1.9	-- Installing: /work/grodgers/git/tr-aomp/TheRock/build/math-libs/BLAS/hipBLASLt/stage/lib/hipblaslt/library/TensileLibrary_F8NF8N_BF8N_UA_Type_F8NB_HPA_Contraction_l_Alik_Bljk_Cijk_Dijk_gfx942.dat
1.9	-- Installing: /work/grodgers/git/tr-aomp/TheRock/build/math-libs/BLAS/hipBLASLt/stage/lib/hipblaslt/library/TensileLibrary_SS_SS_HA_Bias_SAV_UA_Type_SS_Contraction_l_Ailk_Bjlk_Cijk_Dijk_gfx942.co
2.0	-- Installing: /work/grodgers/git/tr-aomp/TheRock/build/math-libs/BLAS/hipBLASLt/stage/lib/hipblaslt/library/TensileLibrary_HH_SH_HA_Bias_SAV_UA_Type_HS_HPA_ExperimentalStreamK_Contraction_l_Ailk_Bljk_Cijk_Dijk_gfx942.co
2.0	-- Installing: /work/grodgers/git/tr-aomp/TheRock/build/math-libs/BLAS/hipBLASLt/stage/lib/hipblaslt/library/TensileLibrary_F8NB8N_HF8B8N_HA_Bias_SAB_SAV_UA_Type_F8NH_HPA_Contraction_l_Ailk_Bljk_Cijk_Dijk_gfx942.dat
2.0	-- Installing: /work/grodgers/git/tr-aomp/TheRock/build/math-libs/BLAS/hipBLASLt/stage/lib/hipblaslt/library/TensileLibrary_BB_BB_HA_Bias_SAV_UA_Type_BB_HPA_ExperimentalStreamK_Contraction_l_Ailk_Bjlk_Cijk_Dijk_CU228_gfx942.dat
2.0	-- Installing: /work/grodgers/git/tr-aomp/TheRock/build/math-libs/BLAS/hipBLASLt/stage/lib/hipblaslt/library/TensileLibrary_BB_BB_HA_Bias_SAV_UA_Type_BB_HPA_Contraction_l_Ailk_Bljk_Cijk_Dijk_CU64_gfx942.dat
2.0	-- Installing: /work/grodgers/git/tr-aomp/TheRock/build/math-libs/BLAS/hipBLASLt/stage/lib/hipblaslt/library/TensileLibrary_HH_SH_HA_Bias_Aux_SAV_UA_Type_HS_HPA_Contraction_l_Ailk_Bjlk_Cijk_Dijk_gfx942.dat
2.0	-- Installing: /work/grodgers/git/tr-aomp/TheRock/build/math-libs/BLAS/hipBLASLt/stage/lib/hipblaslt/library/TensileLibrary_I8I8_I8I8_UA_Type_I8I8_HPA_ExperimentalStreamK_Contraction_l_Ailk_Bjlk_Cijk_Dijk_CU64_gfx942.dat
2.0	-- Installing: /work/grodgers/git/tr-aomp/TheRock/build/math-libs/BLAS/hipBLASLt/stage/lib/hipblaslt/library/TensileLibrary_BB_SB_STA_UA_Type_BS_HPA_Contraction_l_Alik_Bljk_Cijk_Dijk_CU80_gfx942.dat
2.0	-- Installing: /work/grodgers/git/tr-aomp/TheRock/build/math-libs/BLAS/hipBLASLt/stage/lib/hipblaslt/library/TensileLibrary_F8NB8N_SF8B8N_HA_Bias_SAB_SAV_UA_Type_F8NS_HPA_Contraction_l_Ailk_Bljk_Cijk_Dijk_gfx942.co
2.0	-- Installing: /work/grodgers/git/tr-aomp/TheRock/build/math-libs/BLAS/hipBLASLt/stage/lib/hipblaslt/library/TensileLibrary_B8NF8N_F8NB8F8N_HA_Bias_SAB_SCD_SAV_UA_Type_B8NF8N_HPA_Contraction_l_Ailk_Bjlk_Cijk_Dijk_gfx942.dat
2.0	-- Installing: /work/grodgers/git/tr-aomp/TheRock/build/math-libs/BLAS/hipBLASLt/stage/lib/hipblaslt/library/TensileLibrary_F8NF8N_HF8N_HA_Bias_SAV_UA_Type_F8NH_HPA_ExperimentalStreamK_Contraction_l_Alik_Bljk_Cijk_Dijk_CU228_gfx942.dat
2.0	-- Installing: /work/grodgers/git/tr-aomp/TheRock/build/math-libs/BLAS/hipBLASLt/stage/lib/hipblaslt/library/TensileLibrary_HH_HH_HA_Bias_Grad_SAV_Type_HH_HPA_Contraction_l_Alik_Bljk_Cijk_Dijk_gfx90a.dat
2.0	-- Installing: /work/grodgers/git/tr-aomp/TheRock/build/math-libs/BLAS/hipBLASLt/stage/lib/hipblaslt/library/TensileLibrary_BB_BB_HA_Bias_UA_Type_BB_HPA_Contraction_l_Ailk_Bljk_Cijk_Dijk_gfx942.dat
2.0	-- Installing: /work/grodgers/git/tr-aomp/TheRock/build/math-libs/BLAS/hipBLASLt/stage/lib/hipblaslt/library/TensileLibrary_B8NF8N_BB8F8N_HA_Bias_SAV_UA_Type_B8NB_HPA_ExperimentalStreamK_Contraction_l_Alik_Bljk_Cijk_Dijk_CU228_gfx942.dat
2.0	-- Installing: /work/grodgers/git/tr-aomp/TheRock/build/math-libs/BLAS/hipBLASLt/stage/lib/hipblaslt/library/TensileLibrary_HH_HH_HA_Bias_SAV_UA_Type_HH_HPA_ExperimentalStreamK_Contraction_l_Alik_Bjlk_Cijk_Dijk_gfx942.co
2.0	-- Installing: /work/grodgers/git/tr-aomp/TheRock/build/math-libs/BLAS/hipBLASLt/stage/lib/hipblaslt/library/TensileLibrary_HH_SH_HA_Bias_GG_SAV_UA_Type_HS_HPA_Contraction_l_Alik_Bljk_Cijk_Dijk_gfx942.co
2.0	-- Installing: /work/grodgers/git/tr-aomp/TheRock/build/math-libs/BLAS/hipBLASLt/stage/lib/hipblaslt/library/TensileLibrary_HH_HH_HA_Bias_SAV_UA_Type_HH_HPA_Contraction_l_Ailk_Bljk_Cijk_Dijk_CU228_gfx942.co
2.0	-- Installing: /work/grodgers/git/tr-aomp/TheRock/build/math-libs/BLAS/hipBLASLt/stage/lib/hipblaslt/library/TensileLibrary_HF8N_HH_HA_Bias_SAB_SAV_UA_Type_HH_HPA_Contraction_l_Ailk_Bljk_Cijk_Dijk_gfx942.dat
2.0	-- Installing: /work/grodgers/git/tr-aomp/TheRock/build/math-libs/BLAS/hipBLASLt/stage/lib/hipblaslt/library/TensileLibrary_I8I8_I8I8_HA_SAV_UA_Type_I8I8_HPA_Contraction_l_Ailk_Bljk_Cijk_Dijk_gfx942.dat
2.0	-- Installing: /work/grodgers/git/tr-aomp/TheRock/build/math-libs/BLAS/hipBLASLt/stage/lib/hipblaslt/library/TensileLibrary_BB_SB_UA_Type_BS_HPA_ExperimentalStreamK_Contraction_l_Alik_Bjlk_Cijk_Dijk_CU38_gfx942.dat
2.0	-- Installing: /work/grodgers/git/tr-aomp/TheRock/build/math-libs/BLAS/hipBLASLt/stage/lib/hipblaslt/library/TensileLibrary_B8NB8N_BB8N_HA_Bias_SAB_SAV_UA_Type_B8NB_HPA_Contraction_l_Alik_Bjlk_Cijk_Dijk_gfx942.co
2.0	-- Installing: /work/grodgers/git/tr-aomp/TheRock/build/math-libs/BLAS/hipBLASLt/stage/lib/hipblaslt/library/TensileLibrary_B8NB8N_B8NB8N_HA_Bias_SAB_SCD_SAV_UA_Type_B8NB8N_HPA_Contraction_l_Ailk_Bljk_Cijk_Dijk_gfx942.co
2.0	-- Installing: /work/grodgers/git/tr-aomp/TheRock/build/math-libs/BLAS/hipBLASLt/stage/lib/hipblaslt/library/TensileLibrary_B8NF8N_HB8F8N_HA_Bias_SAV_UA_Type_B8NH_HPA_ExperimentalStreamK_Contraction_l_Alik_Bljk_Cijk_Dijk_CU228_gfx942.dat
2.0	-- Installing: /work/grodgers/git/tr-aomp/TheRock/build/math-libs/BLAS/hipBLASLt/stage/lib/hipblaslt/library/TensileLibrary_HH_SH_HA_Bias_SAV_UA_Type_HS_HPA_Contraction_l_Alik_Bljk_Cijk_Dijk_gfx908.dat
2.0	-- Installing: /work/grodgers/git/tr-aomp/TheRock/build/math-libs/BLAS/hipBLASLt/stage/lib/hipblaslt/library/TensileLibrary_F8NF8N_SF8N_HA_Bias_SAB_SAV_UA_Type_F8NS_HPA_Contraction_l_Alik_Bljk_Cijk_Dijk_gfx942.co
2.0	-- Installing: /work/grodgers/git/tr-aomp/TheRock/build/math-libs/BLAS/hipBLASLt/stage/lib/hipblaslt/library/TensileLibrary_I8I8_I8I8_HA_SAV_UA_Type_I8I8_HPA_Contraction_l_Ailk_Bljk_Cijk_Dijk_gfx942.co
2.0	-- Installing: /work/grodgers/git/tr-aomp/TheRock/build/math-libs/BLAS/hipBLASLt/stage/lib/hipblaslt/library/TensileLibrary_BB_BB_HA_Bias_SAV_Type_BB_HPA_Contraction_l_Ailk_Bjlk_Cijk_Dijk_gfx908.dat
2.0	-- Installing: /work/grodgers/git/tr-aomp/TheRock/build/math-libs/BLAS/hipBLASLt/stage/lib/hipblaslt/library/TensileLibrary_B8NF8N_BB8F8N_HA_Bias_SAB_SAV_UA_Type_B8NB_HPA_Contraction_l_Alik_Bjlk_Cijk_Dijk_gfx942.co
2.0	-- Installing: /work/grodgers/git/tr-aomp/TheRock/build/math-libs/BLAS/hipBLASLt/stage/lib/hipblaslt/library/TensileLibrary_B8NF8N_SB8F8N_SAB_UA_Type_B8NS_HPA_Contraction_l_Alik_Bljk_Cijk_Dijk_gfx942.co
2.0	-- Installing: /work/grodgers/git/tr-aomp/TheRock/build/math-libs/BLAS/hipBLASLt/stage/lib/hipblaslt/library/TensileLibrary_F8NH_HH_HA_Bias_SAB_SAV_Type_F8NH_HPA_Contraction_l_Ailk_Bljk_Cijk_Dijk_gfx942.co
2.0	-- Installing: /work/grodgers/git/tr-aomp/TheRock/build/math-libs/BLAS/hipBLASLt/stage/lib/hipblaslt/library/TensileLibrary_F8NF8N_BF8N_HA_Bias_SAV_UA_Type_F8NB_HPA_ExperimentalStreamK_Contraction_l_Ailk_Bljk_Cijk_Dijk_CU228_gfx942.dat
2.0	-- Installing: /work/grodgers/git/tr-aomp/TheRock/build/math-libs/BLAS/hipBLASLt/stage/lib/hipblaslt/library/TensileLibrary_HH_HH_UA_Type_HH_HPA_ExperimentalStreamK_Contraction_l_Ailk_Bljk_Cijk_Dijk_CU80_gfx942.co
2.0	-- Installing: /work/grodgers/git/tr-aomp/TheRock/build/math-libs/BLAS/hipBLASLt/stage/lib/hipblaslt/library/TensileLibrary_I8I8_II8_UA_Type_I8I_HPA_Contraction_l_Alik_Bjlk_Cijk_Dijk_CU80_gfx942.dat
2.0	-- Installing: /work/grodgers/git/tr-aomp/TheRock/build/math-libs/BLAS/hipBLASLt/stage/lib/hipblaslt/library/TensileLibrary_I8I8_I8I8_HA_SAV_UA_Type_I8I8_HPA_Contraction_l_Ailk_Bljk_Cijk_Dijk_CU20_gfx942.dat
2.0	-- Installing: /work/grodgers/git/tr-aomp/TheRock/build/math-libs/BLAS/hipBLASLt/stage/lib/hipblaslt/library/TensileLibrary_F8NH_HH_HA_Bias_SAB_SAV_Type_F8NH_HPA_Contraction_l_Alik_Bljk_Cijk_Dijk_gfx942.dat
2.0	-- Installing: /work/grodgers/git/tr-aomp/TheRock/build/math-libs/BLAS/hipBLASLt/stage/lib/hipblaslt/library/TensileLibrary_BB_SB_UA_Type_BS_HPA_ExperimentalStreamK_Contraction_l_Ailk_Bjlk_Cijk_Dijk_CU38_gfx942.co
2.0	-- Installing: /work/grodgers/git/tr-aomp/TheRock/build/math-libs/BLAS/hipBLASLt/stage/lib/hipblaslt/library/TensileLibrary_F8NB8N_HF8B8N_HA_Bias_SAV_UA_Type_F8NH_HPA_ExperimentalStreamK_Contraction_l_Alik_Bljk_Cijk_Dijk_CU228_gfx942.dat
2.0	-- Installing: /work/grodgers/git/tr-aomp/TheRock/build/math-libs/BLAS/hipBLASLt/stage/lib/hipblaslt/library/TensileLibrary_HH_HH_HA_Bias_SAV_UA_Type_HH_HPA_ExperimentalStreamK_Contraction_l_Ailk_Bljk_Cijk_Dijk_gfx942.co
2.0	-- Installing: /work/grodgers/git/tr-aomp/TheRock/build/math-libs/BLAS/hipBLASLt/stage/lib/hipblaslt/library/TensileLibrary_HH_HH_HA_Bias_Aux_SAV_Type_HH_HPA_Contraction_l_Ailk_Bljk_Cijk_Dijk_gfx942.dat
2.0	-- Installing: /work/grodgers/git/tr-aomp/TheRock/build/math-libs/BLAS/hipBLASLt/stage/lib/hipblaslt/library/TensileLibrary_BB_SB_HA_Bias_SAV_UA_Type_BS_HPA_Contraction_l_Alik_Bljk_Cijk_Dijk_gfx942.dat
2.0	-- Installing: /work/grodgers/git/tr-aomp/TheRock/build/math-libs/BLAS/hipBLASLt/stage/lib/hipblaslt/library/TensileLibrary_BB_BB_HA_Bias_SAV_UA_Type_BB_HPA_ExperimentalStreamK_Contraction_l_Ailk_Bljk_Cijk_Dijk_CU228_gfx942.dat
2.0	-- Installing: /work/grodgers/git/tr-aomp/TheRock/build/math-libs/BLAS/hipBLASLt/stage/lib/hipblaslt/library/TensileLibrary_BB_SB_HA_Bias_SAV_UA_Type_BS_HPA_Contraction_l_Alik_Bljk_Cijk_Dijk_CU80_gfx942.dat
2.0	-- Installing: /work/grodgers/git/tr-aomp/TheRock/build/math-libs/BLAS/hipBLASLt/stage/lib/hipblaslt/library/TensileLibrary_HH_HB_HA_Bias_SAV_UA_Type_HH_HPA_Contraction_l_Ailk_Bjlk_Cijk_Dijk_gfx90a.co
2.0	-- Installing: /work/grodgers/git/tr-aomp/TheRock/build/math-libs/BLAS/hipBLASLt/stage/lib/hipblaslt/library/TensileLibrary_HH_HH_UA_Type_HH_HPA_ExperimentalStreamK_Contraction_l_Alik_Bljk_Cijk_Dijk_CU20_gfx942.dat
2.0	-- Installing: /work/grodgers/git/tr-aomp/TheRock/build/math-libs/BLAS/hipBLASLt/stage/lib/hipblaslt/library/TensileLibrary_HH_SH_HA_Bias_GG_SAV_UA_Type_HS_HPA_Contraction_l_Ailk_Bljk_Cijk_Dijk_gfx90a.dat
2.0	-- Installing: /work/grodgers/git/tr-aomp/TheRock/build/math-libs/BLAS/hipBLASLt/stage/lib/hipblaslt/library/TensileLibrary_SS_SS_HA_Bias_GG_SAV_MX_UA_Type_SS_Contraction_l_Alik_Bjlk_Cijk_Dijk_gfx942.co
2.0	-- Installing: /work/grodgers/git/tr-aomp/TheRock/build/math-libs/BLAS/hipBLASLt/stage/lib/hipblaslt/library/TensileLibrary_B8NF8N_BB8F8N_HA_Bias_SAV_UA_Type_B8NB_HPA_ExperimentalStreamK_Contraction_l_Alik_Bjlk_Cijk_Dijk_CU228_gfx942.dat
2.0	-- Installing: /work/grodgers/git/tr-aomp/TheRock/build/math-libs/BLAS/hipBLASLt/stage/lib/hipblaslt/library/TensileLibrary_SS_SS_UA_Type_SS_Contraction_l_Alik_Bljk_Cijk_Dijk_CU64_gfx942.co
2.0	-- Installing: /work/grodgers/git/tr-aomp/TheRock/build/math-libs/BLAS/hipBLASLt/stage/lib/hipblaslt/library/TensileLibrary_HH_HH_HA_Bias_GG_SAV_UA_Type_HH_HPA_Contraction_l_Alik_Bljk_Cijk_Dijk_gfx908.dat
2.0	-- Installing: /work/grodgers/git/tr-aomp/TheRock/build/math-libs/BLAS/hipBLASLt/stage/lib/hipblaslt/library/TensileLibrary_HF8N_SH_HA_Bias_SAB_SAV_UA_Type_HS_HPA_Contraction_l_Ailk_Bljk_Cijk_Dijk_gfx942.dat
2.0	-- Installing: /work/grodgers/git/tr-aomp/TheRock/build/math-libs/BLAS/hipBLASLt/stage/lib/hipblaslt/library/TensileLibrary_HF8N_SH_GG_SAB_UA_Type_HS_HPA_Contraction_l_Ailk_Bljk_Cijk_Dijk_gfx942.dat
2.0	-- Installing: /work/grodgers/git/tr-aomp/TheRock/build/math-libs/BLAS/hipBLASLt/stage/lib/hipblaslt/library/TensileLibrary_F8NF8N_SF8N_Bias_SAB_SAV_UA_Type_F8NS_HPA_Contraction_l_Ailk_Bljk_Cijk_Dijk_gfx942.co
2.0	-- Installing: /work/grodgers/git/tr-aomp/TheRock/build/math-libs/BLAS/hipBLASLt/stage/lib/hipblaslt/library/TensileLibrary_F8NF8N_BF8N_HA_Bias_SAB_SAV_UA_Type_F8NB_HPA_Contraction_l_Alik_Bljk_Cijk_Dijk_CU80_gfx942.co
2.0	-- Installing: /work/grodgers/git/tr-aomp/TheRock/build/math-libs/BLAS/hipBLASLt/stage/lib/hipblaslt/library/TensileLibrary_B8NF8N_HB8F8N_HA_Bias_SAB_SAV_UA_Type_B8NH_HPA_Contraction_l_Ailk_Bljk_Cijk_Dijk_gfx942.dat
2.0	-- Installing: /work/grodgers/git/tr-aomp/TheRock/build/math-libs/BLAS/hipBLASLt/stage/lib/hipblaslt/library/TensileLibrary_BB_SB_UA_Type_BS_HPA_ExperimentalStreamK_Contraction_l_Ailk_Bljk_Cijk_Dijk_CU80_gfx942.co
2.0	-- Installing: /work/grodgers/git/tr-aomp/TheRock/build/math-libs/BLAS/hipBLASLt/stage/lib/hipblaslt/library/TensileLibrary_HH_HH_UA_Type_HH_HPA_ExperimentalStreamK_Contraction_l_Ailk_Bljk_Cijk_Dijk_CU80_gfx942.dat
2.0	-- Installing: /work/grodgers/git/tr-aomp/TheRock/build/math-libs/BLAS/hipBLASLt/stage/lib/hipblaslt/library/TensileLibrary_BB_BB_HA_Bias_SAV_UA_Type_BB_HPA_Contraction_l_Alik_Bljk_Cijk_Dijk_CU80_gfx942.co
2.0	-- Installing: /work/grodgers/git/tr-aomp/TheRock/build/math-libs/BLAS/hipBLASLt/stage/lib/hipblaslt/library/TensileLibrary_I8I8_I8I8_UA_Type_I8I8_HPA_Contraction_l_Ailk_Bljk_Cijk_Dijk_gfx90a.dat
2.0	-- Installing: /work/grodgers/git/tr-aomp/TheRock/build/math-libs/BLAS/hipBLASLt/stage/lib/hipblaslt/library/TensileLibrary_B8NB8N_B8NB8N_HA_Bias_SAB_SCD_SAV_UA_Type_B8NB8N_HPA_Contraction_l_Ailk_Bljk_Cijk_Dijk_gfx942.dat
2.0	-- Installing: /work/grodgers/git/tr-aomp/TheRock/build/math-libs/BLAS/hipBLASLt/stage/lib/hipblaslt/library/TensileLibrary_F8NH_HH_HA_Bias_SAB_SAV_Type_F8NH_HPA_Contraction_l_Alik_Bljk_Cijk_Dijk_gfx942.co
2.0	-- Installing: /work/grodgers/git/tr-aomp/TheRock/build/math-libs/BLAS/hipBLASLt/stage/lib/hipblaslt/library/TensileLibrary_HH_HH_Type_HH_HPA_Contraction_l_Ailk_Bljk_Cijk_Dijk_CU64_gfx942.dat
2.0	-- Installing: /work/grodgers/git/tr-aomp/TheRock/build/math-libs/BLAS/hipBLASLt/stage/lib/hipblaslt/library/TensileLibrary_BB_BB_HA_Bias_SAV_UA_Type_BB_HPA_Contraction_l_Ailk_Bjlk_Cijk_Dijk_CU152_gfx942.dat
2.0	-- Installing: /work/grodgers/git/tr-aomp/TheRock/build/math-libs/BLAS/hipBLASLt/stage/lib/hipblaslt/library/TensileLibrary_BB_SB_HA_Bias_SAV_UA_Type_BS_HPA_Contraction_l_Alik_Bljk_Cijk_Dijk_CU20_gfx942.co
2.0	-- Installing: /work/grodgers/git/tr-aomp/TheRock/build/math-libs/BLAS/hipBLASLt/stage/lib/hipblaslt/library/TensileLibrary_SS_SS_UA_Type_SS_ExperimentalStreamK_Contraction_l_Alik_Bljk_Cijk_Dijk_CU20_gfx942.co
2.0	-- Installing: /work/grodgers/git/tr-aomp/TheRock/build/math-libs/BLAS/hipBLASLt/stage/lib/hipblaslt/library/TensileLibrary_F8NF8N_HF8N_UA_Type_F8NH_HPA_Contraction_l_Alik_Bljk_Cijk_Dijk_gfx942.co
2.0	-- Installing: /work/grodgers/git/tr-aomp/TheRock/build/math-libs/BLAS/hipBLASLt/stage/lib/hipblaslt/library/TensileLibrary_BB_SB_UA_Type_BS_HPA_ExperimentalStreamK_Contraction_l_Ailk_Bjlk_Cijk_Dijk_CU20_gfx942.dat
2.0	-- Installing: /work/grodgers/git/tr-aomp/TheRock/build/math-libs/BLAS/hipBLASLt/stage/lib/hipblaslt/library/TensileLibrary_SS_SS_HA_Bias_SAV_Type_SS_Contraction_l_Alik_Bljk_Cijk_Dijk_gfx90a.dat
2.0	-- Installing: /work/grodgers/git/tr-aomp/TheRock/build/math-libs/BLAS/hipBLASLt/stage/lib/hipblaslt/library/TensileLibrary_DD_DD_UA_Type_DD_Contraction_l_Ailk_Bljk_Cijk_Dijk_gfx90a.co
2.0	-- Installing: /work/grodgers/git/tr-aomp/TheRock/build/math-libs/BLAS/hipBLASLt/stage/lib/hipblaslt/library/TensileLibrary_HH_HH_HA_Bias_SAV_UA_Type_HH_HPA_Contraction_l_Alik_Bljk_Cijk_Dijk_CU152_gfx942.dat
2.0	-- Installing: /work/grodgers/git/tr-aomp/TheRock/build/math-libs/BLAS/hipBLASLt/stage/lib/hipblaslt/library/TensileLibrary_HH_HF8N_HA_Bias_SAV_UA_Type_HH_HPA_Contraction_l_Alik_Bljk_Cijk_Dijk_gfx942.co
2.0	-- Installing: /work/grodgers/git/tr-aomp/TheRock/build/math-libs/BLAS/hipBLASLt/stage/lib/hipblaslt/library/TensileLibrary_F8NH_HH_HA_Bias_GG_SAB_SAV_UA_Type_F8NH_HPA_Contraction_l_Alik_Bljk_Cijk_Dijk_gfx942.dat
2.0	-- Installing: /work/grodgers/git/tr-aomp/TheRock/build/math-libs/BLAS/hipBLASLt/stage/lib/hipblaslt/library/TensileLibrary_I8I8_II8_UA_Type_I8I_HPA_ExperimentalStreamK_Contraction_l_Ailk_Bjlk_Cijk_Dijk_CU20_gfx942.co
2.0	-- Installing: /work/grodgers/git/tr-aomp/TheRock/build/math-libs/BLAS/hipBLASLt/stage/lib/hipblaslt/library/TensileLibrary_F8NF8N_F8NF8N_HA_Bias_SAB_SCD_SAV_UA_Type_F8NF8N_HPA_Contraction_l_Alik_Bljk_Cijk_Dijk_CU80_gfx942.dat
2.1	-- Installing: /work/grodgers/git/tr-aomp/TheRock/build/math-libs/BLAS/hipBLASLt/stage/lib/hipblaslt/library/TensileLibrary_BB_SB_UA_Type_BS_HPA_ExperimentalStreamK_Contraction_l_Ailk_Bljk_Cijk_Dijk_CU38_gfx942.dat
2.1	-- Installing: /work/grodgers/git/tr-aomp/TheRock/build/math-libs/BLAS/hipBLASLt/stage/lib/hipblaslt/library/TensileLibrary_I8I8_I8I8_HA_SAV_UA_Type_I8I8_HPA_Contraction_l_Ailk_Bljk_Cijk_Dijk_CU80_gfx942.dat
2.1	-- Installing: /work/grodgers/git/tr-aomp/TheRock/build/math-libs/BLAS/hipBLASLt/stage/lib/hipblaslt/library/TensileLibrary_SS_SS_HA_Bias_SAV_UA_Type_SS_Contraction_l_Ailk_Bjlk_Cijk_Dijk_gfx908.dat
2.1	-- Installing: /work/grodgers/git/tr-aomp/TheRock/build/math-libs/BLAS/hipBLASLt/stage/lib/hipblaslt/library/TensileLibrary_BB_SB_HA_Bias_SAV_UA_Type_BS_HPA_Contraction_l_Alik_Bljk_Cijk_Dijk_CU20_gfx942.dat
2.1	-- Installing: /work/grodgers/git/tr-aomp/TheRock/build/math-libs/BLAS/hipBLASLt/stage/lib/hipblaslt/library/TensileLibrary_I8I8_II8_UA_Type_I8I_HPA_Contraction_l_Alik_Bljk_Cijk_Dijk_CU80_gfx942.dat
2.1	-- Installing: /work/grodgers/git/tr-aomp/TheRock/build/math-libs/BLAS/hipBLASLt/stage/lib/hipblaslt/library/TensileLibrary_F8NB8N_HF8B8N_HA_Bias_SAB_SAV_UA_Type_F8NH_HPA_Contraction_l_Ailk_Bljk_Cijk_Dijk_gfx942.co
2.1	-- Installing: /work/grodgers/git/tr-aomp/TheRock/build/math-libs/BLAS/hipBLASLt/stage/lib/hipblaslt/library/TensileLibrary_I8I8_I8I8_HA_SAV_UA_Type_I8I8_HPA_Contraction_l_Ailk_Bjlk_Cijk_Dijk_gfx942.dat
2.1	-- Installing: /work/grodgers/git/tr-aomp/TheRock/build/math-libs/BLAS/hipBLASLt/stage/lib/hipblaslt/library/TensileLibrary_BB_BB_UA_Type_BB_HPA_Contraction_l_Ailk_Bjlk_Cijk_Dijk_CU80_gfx942.dat
2.1	-- Installing: /work/grodgers/git/tr-aomp/TheRock/build/math-libs/BLAS/hipBLASLt/stage/lib/hipblaslt/library/TensileLibrary_HH_SH_HA_Bias_SAV_UA_Type_HS_HPA_Contraction_l_Ailk_Bjlk_Cijk_Dijk_gfx942.co
2.1	-- Installing: /work/grodgers/git/tr-aomp/TheRock/build/math-libs/BLAS/hipBLASLt/stage/lib/hipblaslt/library/TensileLibrary_SS_SS_UA_Type_SS_Contraction_l_Alik_Bljk_Cijk_Dijk_CU64_gfx942.dat
2.1	-- Installing: /work/grodgers/git/tr-aomp/TheRock/build/math-libs/BLAS/hipBLASLt/stage/lib/hipblaslt/library/TensileLibrary_SS_SS_UA_Type_SS_Contraction_l_Ailk_Bjlk_Cijk_Dijk_CU64_gfx942.dat
2.1	-- Installing: /work/grodgers/git/tr-aomp/TheRock/build/math-libs/BLAS/hipBLASLt/stage/lib/hipblaslt/library/TensileLibrary_B8NF8N_HB8F8N_HA_Bias_SAB_SAV_UA_Type_B8NH_HPA_Contraction_l_Alik_Bljk_Cijk_Dijk_gfx942.dat
2.1	-- Installing: /work/grodgers/git/tr-aomp/TheRock/build/math-libs/BLAS/hipBLASLt/stage/lib/hipblaslt/library/TensileLibrary_HH_HH_HA_Bias_SAV_UA_Type_HH_HPA_Contraction_l_Alik_Bjlk_Cijk_Dijk_gfx942.dat
2.1	-- Installing: /work/grodgers/git/tr-aomp/TheRock/build/math-libs/BLAS/hipBLASLt/stage/lib/hipblaslt/library/TensileLibrary_B8NF8N_BB8F8N_HA_Bias_SAB_SAV_UA_Type_B8NB_HPA_Contraction_l_Ailk_Bjlk_Cijk_Dijk_gfx942.co
2.1	-- Installing: /work/grodgers/git/tr-aomp/TheRock/build/math-libs/BLAS/hipBLASLt/stage/lib/hipblaslt/library/TensileLibrary_B8NF8N_HB8F8N_HA_Bias_SAV_UA_Type_B8NH_HPA_ExperimentalStreamK_Contraction_l_Ailk_Bjlk_Cijk_Dijk_CU228_gfx942.dat
2.1	-- Installing: /work/grodgers/git/tr-aomp/TheRock/build/math-libs/BLAS/hipBLASLt/stage/lib/hipblaslt/library/TensileLibrary_HH_HH_HA_Bias_Aux_SAV_UA_Type_HH_HPA_Contraction_l_Ailk_Bjlk_Cijk_Dijk_gfx908.dat
2.1	-- Installing: /work/grodgers/git/tr-aomp/TheRock/build/math-libs/BLAS/hipBLASLt/stage/lib/hipblaslt/library/TensileLibrary_HH_HH_GG_UA_Type_HH_HPA_Contraction_l_Ailk_Bljk_Cijk_Dijk_gfx942.co
2.1	-- Installing: /work/grodgers/git/tr-aomp/TheRock/build/math-libs/BLAS/hipBLASLt/stage/lib/hipblaslt/library/TensileLibrary_HH_HH_UA_Type_HH_HPA_Contraction_l_Alik_Bljk_Cijk_Dijk_gfx942.dat
2.1	-- Installing: /work/grodgers/git/tr-aomp/TheRock/build/math-libs/BLAS/hipBLASLt/stage/lib/hipblaslt/library/TensileLibrary_F8NH_HH_HA_Bias_SAB_SAV_UA_Type_F8NH_HPA_Contraction_l_Ailk_Bljk_Cijk_Dijk_gfx942.co
2.1	-- Installing: /work/grodgers/git/tr-aomp/TheRock/build/math-libs/BLAS/hipBLASLt/stage/lib/hipblaslt/library/TensileLibrary_F8NB8N_BF8B8N_HA_Bias_SAB_SAV_UA_Type_F8NB_HPA_Contraction_l_Ailk_Bjlk_Cijk_Dijk_gfx942.dat
2.1	-- Installing: /work/grodgers/git/tr-aomp/TheRock/build/math-libs/BLAS/hipBLASLt/stage/lib/hipblaslt/library/TensileLibrary_BB_BB_UA_Type_BB_HPA_Contraction_l_Ailk_Bjlk_Cijk_Dijk_gfx942.co
2.1	-- Installing: /work/grodgers/git/tr-aomp/TheRock/build/math-libs/BLAS/hipBLASLt/stage/lib/hipblaslt/library/TensileLibrary_B8NF8N_B8NB8F8N_HA_Bias_SAB_SCD_SAV_UA_Type_B8NB8N_HPA_Contraction_l_Alik_Bljk_Cijk_Dijk_gfx942.dat
2.1	-- Installing: /work/grodgers/git/tr-aomp/TheRock/build/math-libs/BLAS/hipBLASLt/stage/lib/hipblaslt/library/TensileLibrary_HH_HH_HA_Bias_SAV_Type_HH_HPA_Contraction_l_Alik_Bljk_Cijk_Dijk_CU104_gfx90a.co
2.1	-- Installing: /work/grodgers/git/tr-aomp/TheRock/build/math-libs/BLAS/hipBLASLt/stage/lib/hipblaslt/library/TensileLibrary_BB_BB_HA_Bias_SAV_UA_Type_BB_HPA_ExperimentalStreamK_Contraction_l_Alik_Bljk_Cijk_Dijk_gfx942.co
2.1	-- Installing: /work/grodgers/git/tr-aomp/TheRock/build/math-libs/BLAS/hipBLASLt/stage/lib/hipblaslt/library/TensileLibrary_HH_HH_GG_UA_Type_HH_HPA_Contraction_l_Alik_Bljk_Cijk_Dijk_gfx908.dat
2.1	-- Installing: /work/grodgers/git/tr-aomp/TheRock/build/math-libs/BLAS/hipBLASLt/stage/lib/hipblaslt/library/TensileLibrary_SS_SS_HA_Bias_Aux_SAV_UA_Type_SS_Contraction_l_Ailk_Bjlk_Cijk_Dijk_gfx942.dat
2.1	-- Installing: /work/grodgers/git/tr-aomp/TheRock/build/math-libs/BLAS/hipBLASLt/stage/lib/hipblaslt/library/TensileLibrary_SS_SS_UA_Type_SS_ExperimentalStreamK_Contraction_l_Ailk_Bljk_Cijk_Dijk_CU20_gfx942.co
2.1	-- Installing: /work/grodgers/git/tr-aomp/TheRock/build/math-libs/BLAS/hipBLASLt/stage/lib/hipblaslt/library/TensileLibrary_SS_SS_HA_Bias_SAV_Type_SS_Contraction_l_Alik_Bljk_Cijk_Dijk_gfx90a.co
2.1	-- Installing: /work/grodgers/git/tr-aomp/TheRock/build/math-libs/BLAS/hipBLASLt/stage/lib/hipblaslt/library/TensileLibrary_I8I8_II8_UA_Type_I8I_HPA_ExperimentalStreamK_Contraction_l_Ailk_Bjlk_Cijk_Dijk_CU64_gfx942.co
2.1	-- Installing: /work/grodgers/git/tr-aomp/TheRock/build/math-libs/BLAS/hipBLASLt/stage/lib/hipblaslt/library/TensileLibrary_BB_SB_HA_Bias_SAV_UA_Type_BS_HPA_Contraction_l_Alik_Bljk_Cijk_Dijk_gfx942.co
2.1	-- Installing: /work/grodgers/git/tr-aomp/TheRock/build/math-libs/BLAS/hipBLASLt/stage/lib/hipblaslt/library/TensileLibrary_HF8N_HH_HA_Bias_SAB_SAV_UA_Type_HH_HPA_Contraction_l_Alik_Bljk_Cijk_Dijk_gfx942.dat
2.1	-- Installing: /work/grodgers/git/tr-aomp/TheRock/build/math-libs/BLAS/hipBLASLt/stage/lib/hipblaslt/library/TensileLibrary_I8I8_I8I8_UA_Type_I8I8_HPA_ExperimentalStreamK_Contraction_l_Alik_Bjlk_Cijk_Dijk_CU20_gfx942.co
2.1	-- Installing: /work/grodgers/git/tr-aomp/TheRock/build/math-libs/BLAS/hipBLASLt/stage/lib/hipblaslt/library/TensileLibrary_BB_SB_HA_Bias_SAV_UA_Type_BS_HPA_Contraction_l_Ailk_Bljk_Cijk_Dijk_CU80_gfx942.co
2.1	-- Installing: /work/grodgers/git/tr-aomp/TheRock/build/math-libs/BLAS/hipBLASLt/stage/lib/hipblaslt/library/TensileLibrary_SS_SS_Bias_SAV_UA_Type_SS_Contraction_l_Alik_Bljk_Cijk_Dijk_gfx942.dat
2.1	-- Installing: /work/grodgers/git/tr-aomp/TheRock/build/math-libs/BLAS/hipBLASLt/stage/lib/hipblaslt/library/TensileLibrary_BB_BB_UA_Type_BB_HPA_Contraction_l_Ailk_Bljk_Cijk_Dijk_gfx942.dat
2.1	-- Installing: /work/grodgers/git/tr-aomp/TheRock/build/math-libs/BLAS/hipBLASLt/stage/lib/hipblaslt/library/TensileLibrary_HH_HH_HA_Bias_GG_SAV_UA_Type_HH_HPA_Contraction_l_Alik_Bljk_Cijk_Dijk_gfx90a.co
2.1	-- Installing: /work/grodgers/git/tr-aomp/TheRock/build/math-libs/BLAS/hipBLASLt/stage/lib/hipblaslt/library/TensileLibrary_HH_HH_HA_Bias_Grad_SAV_Type_HH_HPA_Contraction_l_Alik_Bjlk_Cijk_Dijk_gfx90a.dat
2.1	-- Installing: /work/grodgers/git/tr-aomp/TheRock/build/math-libs/BLAS/hipBLASLt/stage/lib/hipblaslt/library/TensileLibrary_HH_SH_Bias_SAV_UA_Type_HS_HPA_Contraction_l_Ailk_Bjlk_Cijk_Dijk_gfx942.co
2.1	-- Installing: /work/grodgers/git/tr-aomp/TheRock/build/math-libs/BLAS/hipBLASLt/stage/lib/hipblaslt/library/TensileLibrary_HH_SH_HA_Bias_GG_SAV_UA_Type_HS_HPA_Contraction_l_Ailk_Bjlk_Cijk_Dijk_gfx908.co
2.1	-- Installing: /work/grodgers/git/tr-aomp/TheRock/build/math-libs/BLAS/hipBLASLt/stage/lib/hipblaslt/library/TensileLibrary_HH_HH_HA_Bias_SAV_UA_Type_HH_HPA_Contraction_l_Alik_Bljk_Cijk_Dijk_CU38_gfx942.co
2.1	-- Installing: /work/grodgers/git/tr-aomp/TheRock/build/math-libs/BLAS/hipBLASLt/stage/lib/hipblaslt/library/TensileLibrary_F8NB8N_SF8B8N_HA_Bias_SAV_UA_Type_F8NS_HPA_ExperimentalStreamK_Contraction_l_Alik_Bljk_Cijk_Dijk_CU228_gfx942.co
2.1	-- Installing: /work/grodgers/git/tr-aomp/TheRock/build/math-libs/BLAS/hipBLASLt/stage/lib/hipblaslt/library/TensileLibrary_SS_SS_UA_Type_SS_Contraction_l_Alik_Bljk_Cijk_Dijk_CU80_gfx942.co
2.1	-- Installing: /work/grodgers/git/tr-aomp/TheRock/build/math-libs/BLAS/hipBLASLt/stage/lib/hipblaslt/library/TensileLibrary_HH_HH_Bias_SAV_Type_HH_HPA_Contraction_l_Ailk_Bjlk_Cijk_Dijk_gfx90a.co
2.1	-- Installing: /work/grodgers/git/tr-aomp/TheRock/build/math-libs/BLAS/hipBLASLt/stage/lib/hipblaslt/library/TensileLibrary_HH_HH_HA_Bias_Aux_SAV_Type_HH_HPA_Contraction_l_Ailk_Bjlk_Cijk_Dijk_gfx942.dat
2.1	-- Installing: /work/grodgers/git/tr-aomp/TheRock/build/math-libs/BLAS/hipBLASLt/stage/lib/hipblaslt/library/TensileLibrary_F8NF8N_BF8N_HA_STA_Bias_SAB_SAV_UA_Type_F8NB_HPA_Contraction_l_Alik_Bljk_Cijk_Dijk_gfx942.dat
2.1	-- Installing: /work/grodgers/git/tr-aomp/TheRock/build/math-libs/BLAS/hipBLASLt/stage/lib/hipblaslt/library/TensileLibrary_HH_SH_HA_Bias_SAV_Type_HS_HPA_Contraction_l_Ailk_Bljk_Cijk_Dijk_gfx942.dat
2.1	-- Installing: /work/grodgers/git/tr-aomp/TheRock/build/math-libs/BLAS/hipBLASLt/stage/lib/hipblaslt/library/TensileLibrary_F8NF8N_B8NF8N_HA_Bias_SAV_UA_Type_F8NB8N_HPA_ExperimentalStreamK_Contraction_l_Alik_Bjlk_Cijk_Dijk_CU228_gfx942.dat
2.1	-- Installing: /work/grodgers/git/tr-aomp/TheRock/build/math-libs/BLAS/hipBLASLt/stage/lib/hipblaslt/library/TensileLibrary_I8I8_II8_UA_Type_I8I_HPA_ExperimentalStreamK_Contraction_l_Ailk_Bjlk_Cijk_Dijk_CU80_gfx942.co
2.1	-- Installing: /work/grodgers/git/tr-aomp/TheRock/build/math-libs/BLAS/hipBLASLt/stage/lib/hipblaslt/library/TensileLibrary_SS_SS_HA_Bias_SAV_UA_Type_SS_Contraction_l_Alik_Bljk_Cijk_Dijk_CU64_gfx942.dat
2.1	-- Installing: /work/grodgers/git/tr-aomp/TheRock/build/math-libs/BLAS/hipBLASLt/stage/lib/hipblaslt/library/TensileLibrary_BB_SB_UA_Type_BS_HPA_ExperimentalStreamK_Contraction_l_Ailk_Bjlk_Cijk_Dijk_CU80_gfx942.co
2.1	-- Installing: /work/grodgers/git/tr-aomp/TheRock/build/math-libs/BLAS/hipBLASLt/stage/lib/hipblaslt/library/TensileLibrary_HH_SH_HA_Bias_SAV_UA_Type_HS_HPA_Contraction_l_Alik_Bljk_Cijk_Dijk_CU20_gfx942.co
2.1	-- Installing: /work/grodgers/git/tr-aomp/TheRock/build/math-libs/BLAS/hipBLASLt/stage/lib/hipblaslt/library/TensileLibrary_I8I8_I8I8_UA_Type_I8I8_HPA_ExperimentalStreamK_Contraction_l_Alik_Bjlk_Cijk_Dijk_gfx942.co
2.1	-- Installing: /work/grodgers/git/tr-aomp/TheRock/build/math-libs/BLAS/hipBLASLt/stage/lib/hipblaslt/library/TensileLibrary_HH_HH_UA_Type_HH_HPA_Contraction_l_Alik_Bljk_Cijk_Dijk_CU80_gfx942.dat
2.1	-- Installing: /work/grodgers/git/tr-aomp/TheRock/build/math-libs/BLAS/hipBLASLt/stage/lib/hipblaslt/library/TensileLibrary_SS_SS_UA_Type_SS_Contraction_l_Ailk_Bjlk_Cijk_Dijk_CU64_gfx942.co
2.1	-- Installing: /work/grodgers/git/tr-aomp/TheRock/build/math-libs/BLAS/hipBLASLt/stage/lib/hipblaslt/library/TensileLibrary_F8NB8N_HF8B8N_HA_Bias_SAV_UA_Type_F8NH_HPA_ExperimentalStreamK_Contraction_l_Ailk_Bljk_Cijk_Dijk_CU228_gfx942.dat
2.1	-- Installing: /work/grodgers/git/tr-aomp/TheRock/build/math-libs/BLAS/hipBLASLt/stage/lib/hipblaslt/library/TensileLibrary_HH_HH_UA_Type_HH_HPA_ExperimentalStreamK_Contraction_l_Alik_Bjlk_Cijk_Dijk_CU20_gfx942.co
2.1	-- Installing: /work/grodgers/git/tr-aomp/TheRock/build/math-libs/BLAS/hipBLASLt/stage/lib/hipblaslt/library/TensileLibrary_HF8N_F8NH_HA_Bias_SAB_SCD_SAV_UA_Type_HF8N_HPA_Contraction_l_Alik_Bljk_Cijk_Dijk_gfx942.dat
2.1	-- Installing: /work/grodgers/git/tr-aomp/TheRock/build/math-libs/BLAS/hipBLASLt/stage/lib/hipblaslt/library/TensileLibrary_HH_SH_UA_Type_HS_HPA_ExperimentalStreamK_Contraction_l_Ailk_Bjlk_Cijk_Dijk_CU38_gfx942.co
2.1	-- Installing: /work/grodgers/git/tr-aomp/TheRock/build/math-libs/BLAS/hipBLASLt/stage/lib/hipblaslt/library/TensileLibrary_BB_BB_UA_Type_BB_HPA_Contraction_l_Ailk_Bljk_Cijk_Dijk_CU104_gfx90a.co
2.1	-- Installing: /work/grodgers/git/tr-aomp/TheRock/build/math-libs/BLAS/hipBLASLt/stage/lib/hipblaslt/library/TensileLibrary_HH_HH_Bias_SAV_Type_HH_HPA_Contraction_l_Ailk_Bljk_Cijk_Dijk_gfx942.co
2.1	-- Installing: /work/grodgers/git/tr-aomp/TheRock/build/math-libs/BLAS/hipBLASLt/stage/lib/hipblaslt/library/TensileLibrary_SS_SS_HA_Bias_SAV_UA_Type_SS_Contraction_l_Alik_Bljk_Cijk_Dijk_gfx942.dat
2.2	-- Installing: /work/grodgers/git/tr-aomp/TheRock/build/math-libs/BLAS/hipBLASLt/stage/lib/hipblaslt/library/TensileLibrary_B8NF8N_SB8F8N_HA_Bias_SAB_SAV_UA_Type_B8NS_HPA_Contraction_l_Alik_Bjlk_Cijk_Dijk_gfx942.co
2.2	-- Installing: /work/grodgers/git/tr-aomp/TheRock/build/math-libs/BLAS/hipBLASLt/stage/lib/hipblaslt/library/TensileLibrary_HH_HH_HA_Bias_Aux_SAV_Type_HH_HPA_Contraction_l_Alik_Bjlk_Cijk_Dijk_gfx942.dat
2.2	-- Installing: /work/grodgers/git/tr-aomp/TheRock/build/math-libs/BLAS/hipBLASLt/stage/lib/hipblaslt/library/TensileLibrary_BB_BB_HA_Bias_SAV_UA_Type_BB_HPA_Contraction_l_Ailk_Bljk_Cijk_Dijk_CU20_gfx942.co
2.2	-- Installing: /work/grodgers/git/tr-aomp/TheRock/build/math-libs/BLAS/hipBLASLt/stage/lib/hipblaslt/library/TensileLibrary_F8NF8N_SF8N_HA_Bias_SAB_SAV_UA_Type_F8NS_HPA_Contraction_l_Ailk_Bljk_Cijk_Dijk_gfx942.dat
2.2	-- Installing: /work/grodgers/git/tr-aomp/TheRock/build/math-libs/BLAS/hipBLASLt/stage/lib/hipblaslt/library/TensileLibrary_SS_SS_HA_Bias_SAV_Type_SS_Contraction_l_Ailk_Bljk_Cijk_Dijk_CU64_gfx942.co
2.2	-- Installing: /work/grodgers/git/tr-aomp/TheRock/build/math-libs/BLAS/hipBLASLt/stage/lib/hipblaslt/library/TensileLibrary_F8NF8N_F8NF8N_HA_Bias_SAB_SCD_SAV_UA_Type_F8NF8N_HPA_Contraction_l_Ailk_Bljk_Cijk_Dijk_gfx942.dat
2.2	-- Installing: /work/grodgers/git/tr-aomp/TheRock/build/math-libs/BLAS/hipBLASLt/stage/lib/hipblaslt/library/TensileLibrary_B8NB8N_SB8N_HA_Bias_SAB_SAV_UA_Type_B8NS_HPA_Contraction_l_Ailk_Bjlk_Cijk_Dijk_gfx942.dat
2.2	-- Installing: /work/grodgers/git/tr-aomp/TheRock/build/math-libs/BLAS/hipBLASLt/stage/lib/hipblaslt/library/TensileLibrary_HH_SH_GG_UA_Type_HS_HPA_Contraction_l_Alik_Bljk_Cijk_Dijk_gfx908.dat
2.2	-- Installing: /work/grodgers/git/tr-aomp/TheRock/build/math-libs/BLAS/hipBLASLt/stage/lib/hipblaslt/library/TensileLibrary_BB_BB_UA_Type_BB_HPA_ExperimentalStreamK_Contraction_l_Ailk_Bjlk_Cijk_Dijk_CU80_gfx942.dat
2.2	-- Installing: /work/grodgers/git/tr-aomp/TheRock/build/math-libs/BLAS/hipBLASLt/stage/lib/hipblaslt/library/TensileLibrary_HH_SH_UA_Type_HS_HPA_ExperimentalStreamK_Contraction_l_Ailk_Bljk_Cijk_Dijk_CU20_gfx942.co
2.2	-- Installing: /work/grodgers/git/tr-aomp/TheRock/build/math-libs/BLAS/hipBLASLt/stage/lib/hipblaslt/library/TensileLibrary_F8NF8N_F8NF8N_UA_Type_F8NF8N_HPA_Contraction_l_Alik_Bljk_Cijk_Dijk_CU80_gfx942.co
2.2	-- Installing: /work/grodgers/git/tr-aomp/TheRock/build/math-libs/BLAS/hipBLASLt/stage/lib/hipblaslt/library/TensileLibrary_HF8N_F8NH_HA_Bias_SAB_SCD_SAV_Type_HF8N_HPA_Contraction_l_Alik_Bjlk_Cijk_Dijk_gfx942.dat
2.2	-- Installing: /work/grodgers/git/tr-aomp/TheRock/build/math-libs/BLAS/hipBLASLt/stage/lib/hipblaslt/library/TensileLibrary_SS_SS_HA_Bias_SAV_Type_SS_Contraction_l_Alik_Bjlk_Cijk_Dijk_gfx942.dat
2.2	-- Installing: /work/grodgers/git/tr-aomp/TheRock/build/math-libs/BLAS/hipBLASLt/stage/lib/hipblaslt/library/TensileLibrary_SS_SS_Bias_SAV_UA_Type_SS_Contraction_l_Alik_Bjlk_Cijk_Dijk_gfx942.co
2.2	-- Installing: /work/grodgers/git/tr-aomp/TheRock/build/math-libs/BLAS/hipBLASLt/stage/lib/hipblaslt/library/TensileLibrary_F8NF8N_HF8N_HA_Bias_GG_SAV_UA_Type_F8NH_HPA_Contraction_l_Alik_Bljk_Cijk_Dijk_gfx942.co
2.2	-- Installing: /work/grodgers/git/tr-aomp/TheRock/build/math-libs/BLAS/hipBLASLt/stage/lib/hipblaslt/library/TensileLibrary_F8NH_HH_HA_Bias_SAB_SAV_Type_F8NH_HPA_Contraction_l_Alik_Bjlk_Cijk_Dijk_gfx942.dat
2.2	-- Installing: /work/grodgers/git/tr-aomp/TheRock/build/math-libs/BLAS/hipBLASLt/stage/lib/hipblaslt/library/TensileLibrary_I8I8_I8I8_HA_SAV_UA_Type_I8I8_HPA_Contraction_l_Alik_Bjlk_Cijk_Dijk_CU20_gfx942.dat
2.2	-- Installing: /work/grodgers/git/tr-aomp/TheRock/build/math-libs/BLAS/hipBLASLt/stage/lib/hipblaslt/library/TensileLibrary_B8NF8N_F8NB8F8N_HA_Bias_SAV_UA_Type_B8NF8N_HPA_ExperimentalStreamK_Contraction_l_Alik_Bjlk_Cijk_Dijk_CU228_gfx942.co
2.2	-- Installing: /work/grodgers/git/tr-aomp/TheRock/build/math-libs/BLAS/hipBLASLt/stage/lib/hipblaslt/library/TensileLibrary_BB_SB_HA_Bias_SAV_UA_Type_BS_HPA_ExperimentalStreamK_Contraction_l_Ailk_Bjlk_Cijk_Dijk_CU228_gfx942.dat
2.2	-- Installing: /work/grodgers/git/tr-aomp/TheRock/build/math-libs/BLAS/hipBLASLt/stage/lib/hipblaslt/library/TensileLibrary_B8NF8N_SB8F8N_SAB_UA_Type_B8NS_HPA_Contraction_l_Alik_Bljk_Cijk_Dijk_gfx942.dat
2.2	-- Installing: /work/grodgers/git/tr-aomp/TheRock/build/math-libs/BLAS/hipBLASLt/stage/lib/hipblaslt/library/TensileLibrary_BB_BB_UA_Type_BB_HPA_Contraction_l_Alik_Bljk_Cijk_Dijk_CU64_gfx942.dat
2.2	-- Installing: /work/grodgers/git/tr-aomp/TheRock/build/math-libs/BLAS/hipBLASLt/stage/lib/hipblaslt/library/TensileLibrary_BB_BB_HA_Bias_Grad_SAV_UA_Type_BB_HPA_Contraction_l_Ailk_Bljk_Cijk_Dijk_gfx942.co
2.2	-- Installing: /work/grodgers/git/tr-aomp/TheRock/build/math-libs/BLAS/hipBLASLt/stage/lib/hipblaslt/library/TensileLibrary_HH_SH_UA_Type_HS_HPA_ExperimentalStreamK_Contraction_l_Alik_Bljk_Cijk_Dijk_CU80_gfx942.co
2.2	-- Installing: /work/grodgers/git/tr-aomp/TheRock/build/math-libs/BLAS/hipBLASLt/stage/lib/hipblaslt/library/TensileLibrary_BB_BB_HA_Bias_SAV_UA_Type_BB_HPA_ExperimentalStreamK_Contraction_l_Ailk_Bjlk_Cijk_Dijk_gfx942.dat
2.2	-- Installing: /work/grodgers/git/tr-aomp/TheRock/build/math-libs/BLAS/hipBLASLt/stage/lib/hipblaslt/library/TensileLibrary_HH_SH_HA_Bias_SAV_Type_HS_HPA_Contraction_l_Alik_Bjlk_Cijk_Dijk_gfx90a.dat
2.2	-- Installing: /work/grodgers/git/tr-aomp/TheRock/build/math-libs/BLAS/hipBLASLt/stage/lib/hipblaslt/library/TensileLibrary_HH_SH_GG_UA_Type_HS_HPA_Contraction_l_Alik_Bljk_Cijk_Dijk_gfx908.co
2.2	-- Installing: /work/grodgers/git/tr-aomp/TheRock/build/math-libs/BLAS/hipBLASLt/stage/lib/hipblaslt/library/TensileLibrary_I8I8_II8_UA_Type_I8I_HPA_ExperimentalStreamK_Contraction_l_Alik_Bjlk_Cijk_Dijk_CU38_gfx942.dat
2.2	-- Installing: /work/grodgers/git/tr-aomp/TheRock/build/math-libs/BLAS/hipBLASLt/stage/lib/hipblaslt/library/TensileLibrary_SS_SS_UA_Type_SS_Contraction_l_Ailk_Bljk_Cijk_Dijk_gfx942.co
2.2	-- Installing: /work/grodgers/git/tr-aomp/TheRock/build/math-libs/BLAS/hipBLASLt/stage/lib/hipblaslt/library/TensileLibrary_I8I8_I8I8_UA_Type_I8I8_HPA_ExperimentalStreamK_Contraction_l_Ailk_Bljk_Cijk_Dijk_CU38_gfx942.dat
2.2	-- Installing: /work/grodgers/git/tr-aomp/TheRock/build/math-libs/BLAS/hipBLASLt/stage/lib/hipblaslt/library/TensileLibrary_BB_SB_HA_Bias_SAV_UA_Type_BS_HPA_ExperimentalStreamK_Contraction_l_Alik_Bljk_Cijk_Dijk_gfx942.co
2.2	-- Installing: /work/grodgers/git/tr-aomp/TheRock/build/math-libs/BLAS/hipBLASLt/stage/lib/hipblaslt/library/TensileLibrary_HH_HH_UA_Type_HH_HPA_ExperimentalStreamK_Contraction_l_Alik_Bjlk_Cijk_Dijk_CU38_gfx942.co
2.2	-- Installing: /work/grodgers/git/tr-aomp/TheRock/build/math-libs/BLAS/hipBLASLt/stage/lib/hipblaslt/library/TensileLibrary_HH_HH_Type_HH_HPA_Contraction_l_Alik_Bljk_Cijk_Dijk_gfx90a.dat
2.2	-- Installing: /work/grodgers/git/tr-aomp/TheRock/build/math-libs/BLAS/hipBLASLt/stage/lib/hipblaslt/library/TensileLibrary_I8I8_II8_HA_SAV_UA_Type_I8I_HPA_Contraction_l_Alik_Bjlk_Cijk_Dijk_gfx942.dat
2.2	-- Installing: /work/grodgers/git/tr-aomp/TheRock/build/math-libs/BLAS/hipBLASLt/stage/lib/hipblaslt/library/TensileLibrary_HH_HH_HA_Bias_Grad_SAV_UA_Type_HH_HPA_Contraction_l_Ailk_Bljk_Cijk_Dijk_gfx908.dat
2.2	-- Installing: /work/grodgers/git/tr-aomp/TheRock/build/math-libs/BLAS/hipBLASLt/stage/lib/hipblaslt/library/TensileLibrary_F8NB8N_SF8B8N_Bias_SAB_SAV_UA_Type_F8NS_HPA_Contraction_l_Alik_Bljk_Cijk_Dijk_gfx942.co
2.2	-- Installing: /work/grodgers/git/tr-aomp/TheRock/build/math-libs/BLAS/hipBLASLt/stage/lib/hipblaslt/library/TensileLibrary_SS_SS_HA_Bias_SAV_UA_Type_SS_Contraction_l_Alik_Bljk_Cijk_Dijk_CU38_gfx942.dat
2.2	-- Installing: /work/grodgers/git/tr-aomp/TheRock/build/math-libs/BLAS/hipBLASLt/stage/lib/hipblaslt/library/TensileLibrary_B8NB8N_HB8N_HA_Bias_SAB_SAV_UA_Type_B8NH_HPA_Contraction_l_Ailk_Bljk_Cijk_Dijk_gfx942.co
2.2	-- Installing: /work/grodgers/git/tr-aomp/TheRock/build/math-libs/BLAS/hipBLASLt/stage/lib/hipblaslt/library/TensileLibrary_HH_HH_HA_Bias_SAV_Type_HH_HPA_Contraction_l_Alik_Bljk_Cijk_Dijk_CU104_gfx90a.dat
2.2	-- Installing: /work/grodgers/git/tr-aomp/TheRock/build/math-libs/BLAS/hipBLASLt/stage/lib/hipblaslt/library/TensileLibrary_B8NF8N_HB8F8N_HA_Bias_SAB_SAV_UA_Type_B8NH_HPA_Contraction_l_Alik_Bjlk_Cijk_Dijk_gfx942.co
2.2	-- Installing: /work/grodgers/git/tr-aomp/TheRock/build/math-libs/BLAS/hipBLASLt/stage/lib/hipblaslt/library/TensileLibrary_HH_HH_HA_Bias_SAV_UA_Type_HH_HPA_ExperimentalStreamK_Contraction_l_Ailk_Bjlk_Cijk_Dijk_gfx942.co
2.2	-- Installing: /work/grodgers/git/tr-aomp/TheRock/build/math-libs/BLAS/hipBLASLt/stage/lib/hipblaslt/library/TensileLibrary_F8NF8N_BF8N_STA_SAB_UA_Type_F8NB_HPA_Contraction_l_Alik_Bljk_Cijk_Dijk_CU80_gfx942.co
2.2	-- Installing: /work/grodgers/git/tr-aomp/TheRock/build/math-libs/BLAS/hipBLASLt/stage/lib/hipblaslt/library/TensileLibrary_BB_SB_HA_Bias_SAV_UA_Type_BS_HPA_Contraction_l_Ailk_Bjlk_Cijk_Dijk_CU38_gfx942.co
2.2	-- Installing: /work/grodgers/git/tr-aomp/TheRock/build/math-libs/BLAS/hipBLASLt/stage/lib/hipblaslt/library/Kernels.so-000-gfx908.hsaco
2.2	-- Installing: /work/grodgers/git/tr-aomp/TheRock/build/math-libs/BLAS/hipBLASLt/stage/lib/hipblaslt/library/TensileLibrary_BB_SB_UA_Type_BS_HPA_ExperimentalStreamK_Contraction_l_Ailk_Bljk_Cijk_Dijk_CU38_gfx942.co
2.2	-- Installing: /work/grodgers/git/tr-aomp/TheRock/build/math-libs/BLAS/hipBLASLt/stage/lib/hipblaslt/library/TensileLibrary_BB_BB_HA_Bias_SAV_UA_Type_BB_HPA_Contraction_l_Alik_Bljk_Cijk_Dijk_CU20_gfx942.co
2.2	-- Installing: /work/grodgers/git/tr-aomp/TheRock/build/math-libs/BLAS/hipBLASLt/stage/lib/hipblaslt/library/TensileLibrary_BB_SB_HA_Bias_SAV_UA_Type_BS_HPA_Contraction_l_Ailk_Bjlk_Cijk_Dijk_CU20_gfx942.dat
2.2	-- Installing: /work/grodgers/git/tr-aomp/TheRock/build/math-libs/BLAS/hipBLASLt/stage/lib/hipblaslt/library/TensileLibrary_HH_HH_UA_Type_HH_HPA_ExperimentalStreamK_Contraction_l_Ailk_Bjlk_Cijk_Dijk_CU38_gfx942.dat
2.2	-- Installing: /work/grodgers/git/tr-aomp/TheRock/build/math-libs/BLAS/hipBLASLt/stage/lib/hipblaslt/library/TensileLibrary_HH_SH_HA_Bias_SAV_UA_Type_HS_HPA_ExperimentalStreamK_Contraction_l_Alik_Bljk_Cijk_Dijk_CU228_gfx942.dat
2.2	-- Installing: /work/grodgers/git/tr-aomp/TheRock/build/math-libs/BLAS/hipBLASLt/stage/lib/hipblaslt/library/TensileLibrary_BB_BB_HA_Bias_SAV_UA_Type_BB_HPA_Contraction_l_Alik_Bljk_Cijk_Dijk_gfx942.co
2.2	-- Installing: /work/grodgers/git/tr-aomp/TheRock/build/math-libs/BLAS/hipBLASLt/stage/lib/hipblaslt/library/TensileLibrary_F8NB8N_B8NF8B8N_HA_Bias_SAB_SCD_SAV_UA_Type_F8NB8N_HPA_Contraction_l_Ailk_Bjlk_Cijk_Dijk_gfx942.dat
2.2	-- Installing: /work/grodgers/git/tr-aomp/TheRock/build/math-libs/BLAS/hipBLASLt/stage/lib/hipblaslt/library/TensileLibrary_DD_DD_UA_Type_DD_Contraction_l_Ailk_Bjlk_Cijk_Dijk_gfx90a.dat
2.2	-- Installing: /work/grodgers/git/tr-aomp/TheRock/build/math-libs/BLAS/hipBLASLt/stage/lib/hipblaslt/library/TensileLibrary_BB_BB_UA_Type_BB_HPA_Contraction_l_Ailk_Bjlk_Cijk_Dijk_CU104_gfx90a.co
2.2	-- Installing: /work/grodgers/git/tr-aomp/TheRock/build/math-libs/BLAS/hipBLASLt/stage/lib/hipblaslt/library/TensileLibrary_HH_HH_Bias_SAV_UA_Type_HH_HPA_Contraction_l_Alik_Bjlk_Cijk_Dijk_gfx908.co
2.2	-- Installing: /work/grodgers/git/tr-aomp/TheRock/build/math-libs/BLAS/hipBLASLt/stage/lib/hipblaslt/library/TensileLibrary_F8NB8N_F8NF8B8N_HA_Bias_SAB_SCD_SAV_UA_Type_F8NF8N_HPA_Contraction_l_Alik_Bjlk_Cijk_Dijk_gfx942.dat
2.2	-- Installing: /work/grodgers/git/tr-aomp/TheRock/build/math-libs/BLAS/hipBLASLt/stage/lib/hipblaslt/library/TensileLibrary_SS_SS_HA_Bias_Aux_SAV_UA_Type_SS_Contraction_l_Ailk_Bljk_Cijk_Dijk_gfx942.dat
2.2	-- Installing: /work/grodgers/git/tr-aomp/TheRock/build/math-libs/BLAS/hipBLASLt/stage/lib/hipblaslt/library/TensileLibrary_B8NB8N_SB8N_Bias_SAB_SAV_UA_Type_B8NS_HPA_Contraction_l_Ailk_Bjlk_Cijk_Dijk_gfx942.co
2.2	-- Installing: /work/grodgers/git/tr-aomp/TheRock/build/math-libs/BLAS/hipBLASLt/stage/lib/hipblaslt/library/TensileLibrary_HH_SH_UA_Type_HS_HPA_ExperimentalStreamK_Contraction_l_Ailk_Bljk_Cijk_Dijk_CU80_gfx942.dat
2.2	-- Installing: /work/grodgers/git/tr-aomp/TheRock/build/math-libs/BLAS/hipBLASLt/stage/lib/hipblaslt/library/TensileLibrary_BB_BB_HA_Bias_SAV_Type_BB_HPA_Contraction_l_Alik_Bjlk_Cijk_Dijk_CU104_gfx90a.dat
2.2	-- Installing: /work/grodgers/git/tr-aomp/TheRock/build/math-libs/BLAS/hipBLASLt/stage/lib/hipblaslt/library/TensileLibrary_HH_HH_HA_Bias_GG_SAV_UA_Type_HH_HPA_Contraction_l_Alik_Bljk_Cijk_Dijk_gfx942.dat
2.2	-- Installing: /work/grodgers/git/tr-aomp/TheRock/build/math-libs/BLAS/hipBLASLt/stage/lib/hipblaslt/library/TensileLibrary_F8NF8N_SF8N_HA_Bias_SAV_UA_Type_F8NS_HPA_ExperimentalStreamK_Contraction_l_Ailk_Bljk_Cijk_Dijk_CU228_gfx942.dat
2.2	-- Installing: /work/grodgers/git/tr-aomp/TheRock/build/math-libs/BLAS/hipBLASLt/stage/lib/hipblaslt/library/TensileLibrary_B8NF8N_SB8F8N_Bias_SAB_SAV_UA_Type_B8NS_HPA_Contraction_l_Ailk_Bljk_Cijk_Dijk_gfx942.dat
2.2	-- Installing: /work/grodgers/git/tr-aomp/TheRock/build/math-libs/BLAS/hipBLASLt/stage/lib/hipblaslt/library/TensileLibrary_HH_HH_HA_Bias_SAV_Type_HH_HPA_Contraction_l_Ailk_Bjlk_Cijk_Dijk_gfx90a.dat
2.3	-- Installing: /work/grodgers/git/tr-aomp/TheRock/build/math-libs/BLAS/hipBLASLt/stage/lib/hipblaslt/library/TensileLibrary_BB_SB_HA_Bias_SAV_UA_Type_BS_HPA_Contraction_l_Ailk_Bjlk_Cijk_Dijk_gfx942.dat
2.3	-- Installing: /work/grodgers/git/tr-aomp/TheRock/build/math-libs/BLAS/hipBLASLt/stage/lib/hipblaslt/library/TensileLibrary_DD_DD_UA_Type_DD_Contraction_l_Alik_Bjlk_Cijk_Dijk_gfx90a.dat
2.3	-- Installing: /work/grodgers/git/tr-aomp/TheRock/build/math-libs/BLAS/hipBLASLt/stage/lib/hipblaslt/library/TensileLibrary_I8I8_I8I8_UA_Type_I8I8_HPA_Contraction_l_Alik_Bjlk_Cijk_Dijk_CU104_gfx90a.dat
2.3	-- Installing: /work/grodgers/git/tr-aomp/TheRock/build/math-libs/BLAS/hipBLASLt/stage/lib/hipblaslt/library/TensileLibrary_HH_HH_Bias_SAV_Type_HH_HPA_Contraction_l_Ailk_Bjlk_Cijk_Dijk_gfx90a.dat
2.3	-- Installing: /work/grodgers/git/tr-aomp/TheRock/build/math-libs/BLAS/hipBLASLt/stage/lib/hipblaslt/library/TensileLibrary_I8I8_I8I8_HA_SAV_UA_Type_I8I8_HPA_Contraction_l_Alik_Bljk_Cijk_Dijk_CU20_gfx942.co
2.3	-- Installing: /work/grodgers/git/tr-aomp/TheRock/build/math-libs/BLAS/hipBLASLt/stage/lib/hipblaslt/library/TensileLibrary_BB_BB_HA_Bias_GG_SAV_UA_Type_BB_HPA_Contraction_l_Alik_Bjlk_Cijk_Dijk_gfx942.dat
2.3	-- Installing: /work/grodgers/git/tr-aomp/TheRock/build/math-libs/BLAS/hipBLASLt/stage/lib/hipblaslt/library/TensileLibrary_HH_HH_Bias_SAV_Type_HH_HPA_Contraction_l_Alik_Bljk_Cijk_Dijk_gfx942.co
2.3	-- Installing: /work/grodgers/git/tr-aomp/TheRock/build/math-libs/BLAS/hipBLASLt/stage/lib/hipblaslt/library/TensileLibrary_HH_SH_HA_Bias_GG_SAV_UA_Type_HS_HPA_Contraction_l_Ailk_Bjlk_Cijk_Dijk_gfx908.dat
2.3	-- Installing: /work/grodgers/git/tr-aomp/TheRock/build/math-libs/BLAS/hipBLASLt/stage/lib/hipblaslt/library/TensileLibrary_HH_HH_HA_Bias_Grad_SAV_Type_HH_HPA_Contraction_l_Ailk_Bjlk_Cijk_Dijk_gfx942.dat
2.3	-- Installing: /work/grodgers/git/tr-aomp/TheRock/build/math-libs/BLAS/hipBLASLt/stage/lib/hipblaslt/library/TensileLibrary_SS_SS_HA_Bias_SAV_UA_Type_SS_ExperimentalStreamK_Contraction_l_Alik_Bjlk_Cijk_Dijk_gfx942.dat
2.3	-- Installing: /work/grodgers/git/tr-aomp/TheRock/build/math-libs/BLAS/hipBLASLt/stage/lib/hipblaslt/library/TensileLibrary_HH_SH_HA_Bias_SAV_UA_Type_HS_HPA_Contraction_l_Ailk_Bjlk_Cijk_Dijk_gfx942.dat
2.3	-- Installing: /work/grodgers/git/tr-aomp/TheRock/build/math-libs/BLAS/hipBLASLt/stage/lib/hipblaslt/library/TensileLibrary_HH_HH_HA_Bias_GG_SAV_UA_Type_HH_HPA_Contraction_l_Ailk_Bljk_Cijk_Dijk_gfx942.dat
2.3	-- Installing: /work/grodgers/git/tr-aomp/TheRock/build/math-libs/BLAS/hipBLASLt/stage/lib/hipblaslt/library/TensileLibrary_B8NF8N_B8NB8F8N_HA_Bias_SAB_SCD_SAV_UA_Type_B8NB8N_HPA_Contraction_l_Alik_Bjlk_Cijk_Dijk_gfx942.co
2.3	-- Installing: /work/grodgers/git/tr-aomp/TheRock/build/math-libs/BLAS/hipBLASLt/stage/lib/hipblaslt/library/TensileLibrary_HH_HH_HA_STA_Bias_SAV_UA_Type_HH_HPA_Contraction_l_Alik_Bljk_Cijk_Dijk_gfx942.dat
2.3	-- Installing: /work/grodgers/git/tr-aomp/TheRock/build/math-libs/BLAS/hipBLASLt/stage/lib/hipblaslt/library/TensileLibrary_F8NF8N_BF8N_HA_STA_Bias_SABV_SAV_UA_Type_F8NB_HPA_Contraction_l_Alik_Bljk_Cijk_Dijk_CU80_gfx942.co
2.3	-- Installing: /work/grodgers/git/tr-aomp/TheRock/build/math-libs/BLAS/hipBLASLt/stage/lib/hipblaslt/library/TensileLibrary_HH_SH_UA_Type_HS_HPA_ExperimentalStreamK_Contraction_l_Alik_Bljk_Cijk_Dijk_CU20_gfx942.dat
2.3	-- Installing: /work/grodgers/git/tr-aomp/TheRock/build/math-libs/BLAS/hipBLASLt/stage/lib/hipblaslt/library/TensileLibrary_F8NB8N_HF8B8N_HA_Bias_SAV_UA_Type_F8NH_HPA_ExperimentalStreamK_Contraction_l_Alik_Bjlk_Cijk_Dijk_CU228_gfx942.dat
2.3	-- Installing: /work/grodgers/git/tr-aomp/TheRock/build/math-libs/BLAS/hipBLASLt/stage/lib/hipblaslt/library/TensileLibrary_F8NF8N_SF8N_HA_Bias_SAB_SAV_UA_Type_F8NS_HPA_Contraction_l_Alik_Bjlk_Cijk_Dijk_gfx942.dat
2.3	-- Installing: /work/grodgers/git/tr-aomp/TheRock/build/math-libs/BLAS/hipBLASLt/stage/lib/hipblaslt/library/TensileLibrary_F8NF8N_HF8N_UA_Type_F8NH_HPA_Contraction_l_Alik_Bljk_Cijk_Dijk_gfx942.dat
2.3	-- Installing: /work/grodgers/git/tr-aomp/TheRock/build/math-libs/BLAS/hipBLASLt/stage/lib/hipblaslt/library/TensileLibrary_HH_HH_HA_Bias_SAV_UA_Type_HH_HPA_Contraction_l_Alik_Bljk_Cijk_Dijk_CU20_gfx942.co
2.3	-- Installing: /work/grodgers/git/tr-aomp/TheRock/build/math-libs/BLAS/hipBLASLt/stage/lib/hipblaslt/library/TensileLibrary_HH_HH_UA_Type_HH_HPA_Contraction_l_Ailk_Bjlk_Cijk_Dijk_CU64_gfx942.dat
2.3	-- Installing: /work/grodgers/git/tr-aomp/TheRock/build/math-libs/BLAS/hipBLASLt/stage/lib/hipblaslt/library/TensileLibrary_B8NF8N_HB8F8N_HA_Bias_SAV_UA_Type_B8NH_HPA_ExperimentalStreamK_Contraction_l_Ailk_Bljk_Cijk_Dijk_CU228_gfx942.co
2.3	-- Installing: /work/grodgers/git/tr-aomp/TheRock/build/math-libs/BLAS/hipBLASLt/stage/lib/hipblaslt/library/TensileLibrary_DD_DD_UA_Type_DD_Contraction_l_Ailk_Bljk_Cijk_Dijk_gfx942.co
2.3	-- Installing: /work/grodgers/git/tr-aomp/TheRock/build/math-libs/BLAS/hipBLASLt/stage/lib/hipblaslt/library/TensileLibrary_F8NF8N_SF8N_Bias_SAB_SAV_UA_Type_F8NS_HPA_Contraction_l_Ailk_Bjlk_Cijk_Dijk_gfx942.co
2.3	-- Installing: /work/grodgers/git/tr-aomp/TheRock/build/math-libs/BLAS/hipBLASLt/stage/lib/hipblaslt/library/TensileLibrary_HH_SH_HA_Bias_SAV_UA_Type_HS_HPA_Contraction_l_Alik_Bjlk_Cijk_Dijk_gfx908.dat
2.3	-- Installing: /work/grodgers/git/tr-aomp/TheRock/build/math-libs/BLAS/hipBLASLt/stage/lib/hipblaslt/library/TensileLibrary_BB_SB_UA_Type_BS_HPA_ExperimentalStreamK_Contraction_l_Ailk_Bljk_Cijk_Dijk_CU80_gfx942.dat
2.3	-- Installing: /work/grodgers/git/tr-aomp/TheRock/build/math-libs/BLAS/hipBLASLt/stage/lib/hipblaslt/library/TensileLibrary_HF8N_SH_HA_Bias_GG_SAB_SAV_UA_Type_HS_HPA_Contraction_l_Alik_Bjlk_Cijk_Dijk_gfx942.co
2.3	-- Installing: /work/grodgers/git/tr-aomp/TheRock/build/math-libs/BLAS/hipBLASLt/stage/lib/hipblaslt/library/TensileLibrary_SS_SS_HA_Bias_SAV_UA_Type_SS_Contraction_l_Ailk_Bljk_Cijk_Dijk_CU20_gfx942.dat
2.3	-- Installing: /work/grodgers/git/tr-aomp/TheRock/build/math-libs/BLAS/hipBLASLt/stage/lib/hipblaslt/library/TensileLibrary_BB_BB_UA_Type_BB_HPA_ExperimentalStreamK_Contraction_l_Ailk_Bljk_Cijk_Dijk_CU80_gfx942.dat
2.3	-- Installing: /work/grodgers/git/tr-aomp/TheRock/build/math-libs/BLAS/hipBLASLt/stage/lib/hipblaslt/library/TensileLibrary_SS_SS_HA_Bias_SAV_MX_UA_Type_SS_Contraction_l_Ailk_Bljk_Cijk_Dijk_CU20_gfx942.dat
2.3	-- Installing: /work/grodgers/git/tr-aomp/TheRock/build/math-libs/BLAS/hipBLASLt/stage/lib/hipblaslt/library/TensileLibrary_HH_HH_UA_Type_HH_HPA_Contraction_l_Alik_Bljk_Cijk_Dijk_CU20_gfx942.dat
2.3	-- Installing: /work/grodgers/git/tr-aomp/TheRock/build/math-libs/BLAS/hipBLASLt/stage/lib/hipblaslt/library/TensileLibrary_F8NF8N_F8NF8N_UA_Type_F8NF8N_HPA_Contraction_l_Ailk_Bljk_Cijk_Dijk_gfx942.dat
2.3	-- Installing: /work/grodgers/git/tr-aomp/TheRock/build/math-libs/BLAS/hipBLASLt/stage/lib/hipblaslt/library/TensileLibrary_B8NF8N_SB8F8N_Bias_SAB_SAV_UA_Type_B8NS_HPA_Contraction_l_Alik_Bjlk_Cijk_Dijk_gfx942.co
2.3	-- Installing: /work/grodgers/git/tr-aomp/TheRock/build/math-libs/BLAS/hipBLASLt/stage/lib/hipblaslt/library/TensileLibrary_lazy_gfx942.dat
2.3	-- Installing: /work/grodgers/git/tr-aomp/TheRock/build/math-libs/BLAS/hipBLASLt/stage/lib/hipblaslt/library/TensileLibrary_I8I8_I8I8_UA_Type_I8I8_HPA_Contraction_l_Alik_Bljk_Cijk_Dijk_gfx90a.dat
2.3	-- Installing: /work/grodgers/git/tr-aomp/TheRock/build/math-libs/BLAS/hipBLASLt/stage/lib/hipblaslt/library/TensileLibrary_I8I8_I8I8_UA_Type_I8I8_HPA_ExperimentalStreamK_Contraction_l_Alik_Bjlk_Cijk_Dijk_CU38_gfx942.dat
2.3	-- Installing: /work/grodgers/git/tr-aomp/TheRock/build/math-libs/BLAS/hipBLASLt/stage/lib/hipblaslt/library/TensileLibrary_F8NF8N_BF8N_HA_Bias_SABV_SAV_UA_Type_F8NB_HPA_Contraction_l_Alik_Bljk_Cijk_Dijk_gfx942.dat
2.3	-- Installing: /work/grodgers/git/tr-aomp/TheRock/build/math-libs/BLAS/hipBLASLt/stage/lib/hipblaslt/library/TensileLibrary_HH_HH_HA_Bias_Aux_SAV_UA_Type_HH_HPA_Contraction_l_Ailk_Bjlk_Cijk_Dijk_gfx908.co
2.3	-- Installing: /work/grodgers/git/tr-aomp/TheRock/build/math-libs/BLAS/hipBLASLt/stage/lib/hipblaslt/library/TensileLibrary_HH_SH_HA_Bias_SAV_Type_HS_HPA_Contraction_l_Alik_Bjlk_Cijk_Dijk_gfx942.dat
2.3	-- Installing: /work/grodgers/git/tr-aomp/TheRock/build/math-libs/BLAS/hipBLASLt/stage/lib/hipblaslt/library/TensileLibrary_BB_BB_UA_Type_BB_HPA_Contraction_l_Ailk_Bjlk_Cijk_Dijk_gfx90a.dat
2.3	-- Installing: /work/grodgers/git/tr-aomp/TheRock/build/math-libs/BLAS/hipBLASLt/stage/lib/hipblaslt/library/TensileLibrary_B8NB8N_BB8N_HA_Bias_SAB_SAV_UA_Type_B8NB_HPA_Contraction_l_Ailk_Bljk_Cijk_Dijk_gfx942.dat
2.3	-- Installing: /work/grodgers/git/tr-aomp/TheRock/build/math-libs/BLAS/hipBLASLt/stage/lib/hipblaslt/library/TensileLibrary_B8NF8N_BB8F8N_HA_Bias_SAB_SAV_UA_Type_B8NB_HPA_Contraction_l_Ailk_Bjlk_Cijk_Dijk_gfx942.dat
2.3	-- Installing: /work/grodgers/git/tr-aomp/TheRock/build/math-libs/BLAS/hipBLASLt/stage/lib/hipblaslt/library/TensileLibrary_F8NB8N_SF8B8N_HA_Bias_SAB_SAV_UA_Type_F8NS_HPA_Contraction_l_Ailk_Bjlk_Cijk_Dijk_gfx942.co
2.3	-- Installing: /work/grodgers/git/tr-aomp/TheRock/build/math-libs/BLAS/hipBLASLt/stage/lib/hipblaslt/library/TensileLibrary_BB_BB_HA_Bias_SAV_UA_Type_BB_HPA_Contraction_l_Ailk_Bjlk_Cijk_Dijk_CU64_gfx942.co
2.3	-- Installing: /work/grodgers/git/tr-aomp/TheRock/build/math-libs/BLAS/hipBLASLt/stage/lib/hipblaslt/library/TensileLibrary_F8NF8N_B8NF8N_HA_Bias_SAV_UA_Type_F8NB8N_HPA_ExperimentalStreamK_Contraction_l_Ailk_Bjlk_Cijk_Dijk_CU228_gfx942.dat
2.3	-- Installing: /work/grodgers/git/tr-aomp/TheRock/build/math-libs/BLAS/hipBLASLt/stage/lib/hipblaslt/library/TensileLibrary_F8NF8N_B8NF8N_HA_Bias_SAV_UA_Type_F8NB8N_HPA_ExperimentalStreamK_Contraction_l_Alik_Bjlk_Cijk_Dijk_CU228_gfx942.co
2.3	-- Installing: /work/grodgers/git/tr-aomp/TheRock/build/math-libs/BLAS/hipBLASLt/stage/lib/hipblaslt/library/TensileLibrary_HH_HH_HA_Bias_SAV_UA_Type_HH_HPA_Contraction_l_Ailk_Bljk_Cijk_Dijk_gfx942.co
2.3	-- Installing: /work/grodgers/git/tr-aomp/TheRock/build/math-libs/BLAS/hipBLASLt/stage/lib/hipblaslt/library/TensileLibrary_HH_HH_HA_Bias_Grad_SAV_UA_Type_HH_HPA_Contraction_l_Ailk_Bjlk_Cijk_Dijk_gfx908.dat
2.3	-- Installing: /work/grodgers/git/tr-aomp/TheRock/build/math-libs/BLAS/hipBLASLt/stage/lib/hipblaslt/library/TensileLibrary_BB_BB_HA_Bias_SAV_UA_Type_BB_HPA_Contraction_l_Alik_Bljk_Cijk_Dijk_CU64_gfx942.co
2.3	-- Installing: /work/grodgers/git/tr-aomp/TheRock/build/math-libs/BLAS/hipBLASLt/stage/lib/hipblaslt/library/TensileLibrary_F8NH_F8NH_HA_Bias_SAB_SCD_SAV_Type_F8NF8N_HPA_Contraction_l_Alik_Bjlk_Cijk_Dijk_gfx942.dat
2.3	-- Installing: /work/grodgers/git/tr-aomp/TheRock/build/math-libs/BLAS/hipBLASLt/stage/lib/hipblaslt/library/TensileLibrary_HH_SH_HA_Bias_GG_SAV_UA_Type_HS_HPA_Contraction_l_Ailk_Bljk_Cijk_Dijk_gfx942.dat
2.3	-- Installing: /work/grodgers/git/tr-aomp/TheRock/build/math-libs/BLAS/hipBLASLt/stage/lib/hipblaslt/library/TensileLibrary_SS_SS_HA_Bias_SAV_UA_Type_SS_Contraction_l_Ailk_Bjlk_Cijk_Dijk_CU38_gfx942.dat
2.3	-- Installing: /work/grodgers/git/tr-aomp/TheRock/build/math-libs/BLAS/hipBLASLt/stage/lib/hipblaslt/library/TensileLibrary_SS_SS_HA_Bias_SAV_Type_SS_Contraction_l_Alik_Bjlk_Cijk_Dijk_CU104_gfx90a.co
2.3	-- Installing: /work/grodgers/git/tr-aomp/TheRock/build/math-libs/BLAS/hipBLASLt/stage/lib/hipblaslt/library/TensileLibrary_I8I8_I8I8_UA_Type_I8I8_HPA_ExperimentalStreamK_Contraction_l_Alik_Bjlk_Cijk_Dijk_CU20_gfx942.dat
2.3	-- Installing: /work/grodgers/git/tr-aomp/TheRock/build/math-libs/BLAS/hipBLASLt/stage/lib/hipblaslt/library/TensileLibrary_HH_SH_HA_Bias_SAV_UA_Type_HS_HPA_Contraction_l_Ailk_Bjlk_Cijk_Dijk_gfx908.dat
2.3	-- Installing: /work/grodgers/git/tr-aomp/TheRock/build/math-libs/BLAS/hipBLASLt/stage/lib/hipblaslt/library/TensileLibrary_SS_SS_HA_Bias_SAV_MX_UA_Type_SS_Contraction_l_Alik_Bljk_Cijk_Dijk_CU20_gfx942.co
2.3	-- Installing: /work/grodgers/git/tr-aomp/TheRock/build/math-libs/BLAS/hipBLASLt/stage/lib/hipblaslt/library/TensileLibrary_HH_SH_HA_Bias_GG_SAV_UA_Type_HS_HPA_Contraction_l_Ailk_Bjlk_Cijk_Dijk_gfx90a.co
2.3	-- Installing: /work/grodgers/git/tr-aomp/TheRock/build/math-libs/BLAS/hipBLASLt/stage/lib/hipblaslt/library/TensileLibrary_F8NH_F8NH_HA_Bias_SAB_SCD_SAV_UA_Type_F8NF8N_HPA_Contraction_l_Ailk_Bjlk_Cijk_Dijk_gfx942.co
2.3	-- Installing: /work/grodgers/git/tr-aomp/TheRock/build/math-libs/BLAS/hipBLASLt/stage/lib/hipblaslt/library/TensileLibrary_B8NB8N_SB8N_HA_Bias_SAB_SAV_UA_Type_B8NS_HPA_Contraction_l_Ailk_Bljk_Cijk_Dijk_gfx942.dat
2.3	-- Installing: /work/grodgers/git/tr-aomp/TheRock/build/math-libs/BLAS/hipBLASLt/stage/lib/hipblaslt/library/TensileLibrary_B8NF8N_F8NB8F8N_HA_Bias_SAB_SCD_SAV_UA_Type_B8NF8N_HPA_Contraction_l_Alik_Bjlk_Cijk_Dijk_gfx942.co
2.3	-- Installing: /work/grodgers/git/tr-aomp/TheRock/build/math-libs/BLAS/hipBLASLt/stage/lib/hipblaslt/library/TensileLibrary_F8NF8N_HF8N_HA_Bias_SAV_UA_Type_F8NH_HPA_ExperimentalStreamK_Contraction_l_Ailk_Bjlk_Cijk_Dijk_CU228_gfx942.co
2.3	-- Installing: /work/grodgers/git/tr-aomp/TheRock/build/math-libs/BLAS/hipBLASLt/stage/lib/hipblaslt/library/TensileLibrary_HH_HH_HA_Bias_SAV_Type_HH_HPA_Contraction_l_Ailk_Bljk_Cijk_Dijk_CU104_gfx90a.dat
2.3	-- Installing: /work/grodgers/git/tr-aomp/TheRock/build/math-libs/BLAS/hipBLASLt/stage/lib/hipblaslt/library/TensileLibrary_HH_HH_UA_Type_HH_HPA_ExperimentalStreamK_Contraction_l_Alik_Bjlk_Cijk_Dijk_CU80_gfx942.co
2.3	-- Installing: /work/grodgers/git/tr-aomp/TheRock/build/math-libs/BLAS/hipBLASLt/stage/lib/hipblaslt/library/TensileLibrary_F8NB8N_SF8B8N_HA_Bias_SAV_UA_Type_F8NS_HPA_ExperimentalStreamK_Contraction_l_Ailk_Bljk_Cijk_Dijk_CU228_gfx942.dat
2.3	-- Installing: /work/grodgers/git/tr-aomp/TheRock/build/math-libs/BLAS/hipBLASLt/stage/lib/hipblaslt/library/TensileLibrary_HH_HH_HA_Bias_Aux_SAV_Type_HH_HPA_Contraction_l_Alik_Bjlk_Cijk_Dijk_gfx90a.co
2.3	-- Installing: /work/grodgers/git/tr-aomp/TheRock/build/math-libs/BLAS/hipBLASLt/stage/lib/hipblaslt/library/TensileLibrary_BB_SB_HA_Bias_SAV_UA_Type_BS_HPA_Contraction_l_Alik_Bjlk_Cijk_Dijk_gfx942.co
2.4	-- Installing: /work/grodgers/git/tr-aomp/TheRock/build/math-libs/BLAS/hipBLASLt/stage/lib/hipblaslt/library/TensileLibrary_HH_SH_HA_Bias_SAV_UA_Type_HS_HPA_Contraction_l_Ailk_Bjlk_Cijk_Dijk_CU38_gfx942.dat
2.4	-- Installing: /work/grodgers/git/tr-aomp/TheRock/build/math-libs/BLAS/hipBLASLt/stage/lib/hipblaslt/library/TensileLibrary_SS_SS_HA_Bias_GG_SAV_MX_UA_Type_SS_Contraction_l_Ailk_Bjlk_Cijk_Dijk_gfx942.dat
2.4	-- Installing: /work/grodgers/git/tr-aomp/TheRock/build/math-libs/BLAS/hipBLASLt/stage/lib/hipblaslt/library/TensileLibrary_SS_SS_HA_Bias_SAV_MX_UA_Type_SS_Contraction_l_Alik_Bjlk_Cijk_Dijk_CU20_gfx942.co
2.4	-- Installing: /work/grodgers/git/tr-aomp/TheRock/build/math-libs/BLAS/hipBLASLt/stage/lib/hipblaslt/library/TensileLibrary_SS_SS_UA_Type_SS_Contraction_l_Ailk_Bljk_Cijk_Dijk_CU80_gfx942.co
2.4	-- Installing: /work/grodgers/git/tr-aomp/TheRock/build/math-libs/BLAS/hipBLASLt/stage/lib/hipblaslt/library/TensileLibrary_HH_HH_HA_Bias_SAV_UA_Type_HH_HPA_Contraction_l_Ailk_Bjlk_Cijk_Dijk_CU20_gfx942.co
2.4	-- Installing: /work/grodgers/git/tr-aomp/TheRock/build/math-libs/BLAS/hipBLASLt/stage/lib/hipblaslt/library/TensileLibrary_F8NB8N_B8NF8B8N_HA_Bias_SAB_SCD_SAV_UA_Type_F8NB8N_HPA_Contraction_l_Ailk_Bljk_Cijk_Dijk_gfx942.dat
2.4	-- Installing: /work/grodgers/git/tr-aomp/TheRock/build/math-libs/BLAS/hipBLASLt/stage/lib/hipblaslt/library/TensileLibrary_BB_BB_HA_Bias_SAV_UA_Type_BB_HPA_Contraction_l_Alik_Bljk_Cijk_Dijk_CU38_gfx942.dat
2.4	-- Installing: /work/grodgers/git/tr-aomp/TheRock/build/math-libs/BLAS/hipBLASLt/stage/lib/hipblaslt/library/TensileLibrary_F8NH_SH_HA_Bias_GG_SAB_SAV_UA_Type_F8NS_HPA_Contraction_l_Alik_Bjlk_Cijk_Dijk_gfx942.co
2.4	-- Installing: /work/grodgers/git/tr-aomp/TheRock/build/math-libs/BLAS/hipBLASLt/stage/lib/hipblaslt/library/TensileLibrary_HH_HH_HA_Bias_SAV_UA_Type_HH_HPA_Contraction_l_Alik_Bljk_Cijk_Dijk_gfx908.dat
2.4	-- Installing: /work/grodgers/git/tr-aomp/TheRock/build/math-libs/BLAS/hipBLASLt/stage/lib/hipblaslt/library/TensileLibrary_BB_BB_HA_Bias_SAV_Type_BB_HPA_Contraction_l_Ailk_Bjlk_Cijk_Dijk_gfx90a.co
2.4	-- Installing: /work/grodgers/git/tr-aomp/TheRock/build/math-libs/BLAS/hipBLASLt/stage/lib/hipblaslt/library/TensileLibrary_F8NF8N_BF8N_STA_SABV_UA_Type_F8NB_HPA_Contraction_l_Alik_Bljk_Cijk_Dijk_CU80_gfx942.co
2.4	-- Installing: /work/grodgers/git/tr-aomp/TheRock/build/math-libs/BLAS/hipBLASLt/stage/lib/hipblaslt/library/TensileLibrary_BB_BB_UA_Type_BB_HPA_Contraction_l_Alik_Bjlk_Cijk_Dijk_gfx942.dat
2.4	-- Installing: /work/grodgers/git/tr-aomp/TheRock/build/math-libs/BLAS/hipBLASLt/stage/lib/hipblaslt/library/TensileLibrary_HH_SH_HA_Bias_GG_SAV_UA_Type_HS_HPA_Contraction_l_Ailk_Bljk_Cijk_Dijk_gfx90a.co
2.4	-- Installing: /work/grodgers/git/tr-aomp/TheRock/build/math-libs/BLAS/hipBLASLt/stage/lib/hipblaslt/library/TensileLibrary_F8NB8N_BF8B8N_UA_Type_F8NB_HPA_Contraction_l_Alik_Bljk_Cijk_Dijk_gfx942.co
2.4	-- Installing: /work/grodgers/git/tr-aomp/TheRock/build/math-libs/BLAS/hipBLASLt/stage/lib/hipblaslt/library/TensileLibrary_B8NB8N_BB8N_HA_Bias_SAV_UA_Type_B8NB_HPA_ExperimentalStreamK_Contraction_l_Ailk_Bljk_Cijk_Dijk_CU228_gfx942.co
2.4	-- Installing: /work/grodgers/git/tr-aomp/TheRock/build/math-libs/BLAS/hipBLASLt/stage/lib/hipblaslt/library/TensileLibrary_HH_HH_UA_Type_HH_HPA_ExperimentalStreamK_Contraction_l_Ailk_Bjlk_Cijk_Dijk_CU80_gfx942.co
2.4	-- Installing: /work/grodgers/git/tr-aomp/TheRock/build/math-libs/BLAS/hipBLASLt/stage/lib/hipblaslt/library/TensileLibrary_B8NB8N_HB8N_HA_Bias_SAV_UA_Type_B8NH_HPA_ExperimentalStreamK_Contraction_l_Ailk_Bljk_Cijk_Dijk_CU228_gfx942.dat
2.4	-- Installing: /work/grodgers/git/tr-aomp/TheRock/build/math-libs/BLAS/hipBLASLt/stage/lib/hipblaslt/library/TensileLibrary_BB_SB_HA_Bias_SAV_UA_Type_BS_HPA_ExperimentalStreamK_Contraction_l_Ailk_Bjlk_Cijk_Dijk_gfx942.co
2.4	-- Installing: /work/grodgers/git/tr-aomp/TheRock/build/math-libs/BLAS/hipBLASLt/stage/lib/hipblaslt/library/TensileLibrary_B8NB8N_SB8N_HA_Bias_SAV_UA_Type_B8NS_HPA_ExperimentalStreamK_Contraction_l_Alik_Bljk_Cijk_Dijk_CU228_gfx942.co
2.4	-- Installing: /work/grodgers/git/tr-aomp/TheRock/build/math-libs/BLAS/hipBLASLt/stage/lib/hipblaslt/library/TensileLibrary_B8NF8N_BB8F8N_HA_Bias_SAV_UA_Type_B8NB_HPA_ExperimentalStreamK_Contraction_l_Ailk_Bljk_Cijk_Dijk_CU228_gfx942.co
2.4	-- Installing: /work/grodgers/git/tr-aomp/TheRock/build/math-libs/BLAS/hipBLASLt/stage/lib/hipblaslt/library/TensileLibrary_BB_BB_HA_Bias_SAV_UA_Type_BB_HPA_Contraction_l_Alik_Bljk_Cijk_Dijk_CU38_gfx942.co
2.4	-- Installing: /work/grodgers/git/tr-aomp/TheRock/build/math-libs/BLAS/hipBLASLt/stage/lib/hipblaslt/library/TensileLibrary_SS_SS_UA_Type_SS_Contraction_l_Ailk_Bjlk_Cijk_Dijk_CU80_gfx942.co
2.4	-- Installing: /work/grodgers/git/tr-aomp/TheRock/build/math-libs/BLAS/hipBLASLt/stage/lib/hipblaslt/library/TensileLibrary_BB_SB_HA_Bias_SAV_UA_Type_BS_HPA_ExperimentalStreamK_Contraction_l_Alik_Bjlk_Cijk_Dijk_gfx942.dat
2.4	-- Installing: /work/grodgers/git/tr-aomp/TheRock/build/math-libs/BLAS/hipBLASLt/stage/lib/hipblaslt/library/TensileLibrary_HF8N_HH_HA_Bias_SAB_SAV_Type_HH_HPA_Contraction_l_Ailk_Bljk_Cijk_Dijk_gfx942.dat
2.4	-- Installing: /work/grodgers/git/tr-aomp/TheRock/build/math-libs/BLAS/hipBLASLt/stage/lib/hipblaslt/library/TensileLibrary_HH_HH_Bias_SAV_UA_Type_HH_HPA_Contraction_l_Ailk_Bljk_Cijk_Dijk_gfx942.dat
2.4	-- Installing: /work/grodgers/git/tr-aomp/TheRock/build/math-libs/BLAS/hipBLASLt/stage/lib/hipblaslt/library/TensileLibrary_F8NF8N_F8NF8N_HA_Bias_SAB_SCD_SAV_UA_Type_F8NF8N_HPA_Contraction_l_Alik_Bljk_Cijk_Dijk_gfx942.co
2.4	-- Installing: /work/grodgers/git/tr-aomp/TheRock/build/math-libs/BLAS/hipBLASLt/stage/lib/hipblaslt/library/TensileLibrary_HH_HH_HA_Bias_Aux_SAV_UA_Type_HH_HPA_Contraction_l_Ailk_Bljk_Cijk_Dijk_gfx942.co
2.4	-- Installing: /work/grodgers/git/tr-aomp/TheRock/build/math-libs/BLAS/hipBLASLt/stage/lib/hipblaslt/library/TensileLibrary_HH_HH_HA_Bias_Aux_SAV_Type_HH_HPA_Contraction_l_Ailk_Bljk_Cijk_Dijk_gfx942.co
2.4	-- Installing: /work/grodgers/git/tr-aomp/TheRock/build/math-libs/BLAS/hipBLASLt/stage/lib/hipblaslt/library/TensileLibrary_HH_HH_HA_Bias_SAV_Type_HH_HPA_Contraction_l_Ailk_Bjlk_Cijk_Dijk_CU104_gfx90a.dat
2.4	-- Installing: /work/grodgers/git/tr-aomp/TheRock/build/math-libs/BLAS/hipBLASLt/stage/lib/hipblaslt/library/TensileLibrary_BB_BB_HA_Bias_SAV_UA_Type_BB_HPA_Contraction_l_Alik_Bljk_Cijk_Dijk_CU80_gfx942.dat
2.4	-- Installing: /work/grodgers/git/tr-aomp/TheRock/build/math-libs/BLAS/hipBLASLt/stage/lib/hipblaslt/library/TensileLibrary_HH_HH_UA_Type_HH_HPA_ExperimentalStreamK_Contraction_l_Ailk_Bjlk_Cijk_Dijk_CU20_gfx942.dat
2.4	-- Installing: /work/grodgers/git/tr-aomp/TheRock/build/math-libs/BLAS/hipBLASLt/stage/lib/hipblaslt/library/TensileLibrary_HH_HH_Bias_SAV_Type_HH_HPA_Contraction_l_Alik_Bjlk_Cijk_Dijk_gfx942.dat
2.4	-- Installing: /work/grodgers/git/tr-aomp/TheRock/build/math-libs/BLAS/hipBLASLt/stage/lib/hipblaslt/library/TensileLibrary_HH_SH_HA_Bias_SAV_Type_HS_HPA_Contraction_l_Alik_Bljk_Cijk_Dijk_gfx90a.co
2.4	-- Installing: /work/grodgers/git/tr-aomp/TheRock/build/math-libs/BLAS/hipBLASLt/stage/lib/hipblaslt/library/TensileLibrary_SS_SS_UA_Type_SS_ExperimentalStreamK_Contraction_l_Alik_Bljk_Cijk_Dijk_CU80_gfx942.dat
2.4	-- Installing: /work/grodgers/git/tr-aomp/TheRock/build/math-libs/BLAS/hipBLASLt/stage/lib/hipblaslt/library/TensileLibrary_B8NF8N_HB8F8N_HA_Bias_SAB_SAV_UA_Type_B8NH_HPA_Contraction_l_Alik_Bjlk_Cijk_Dijk_gfx942.dat
2.4	-- Installing: /work/grodgers/git/tr-aomp/TheRock/build/math-libs/BLAS/hipBLASLt/stage/lib/hipblaslt/library/TensileLibrary_HH_HF8N_HA_Bias_SAV_UA_Type_HH_HPA_Contraction_l_Ailk_Bjlk_Cijk_Dijk_gfx942.dat
2.4	-- Installing: /work/grodgers/git/tr-aomp/TheRock/build/math-libs/BLAS/hipBLASLt/stage/lib/hipblaslt/library/TensileLibrary_SS_SS_UA_Type_SS_ExperimentalStreamK_Contraction_l_Ailk_Bjlk_Cijk_Dijk_CU38_gfx942.co
2.4	-- Installing: /work/grodgers/git/tr-aomp/TheRock/build/math-libs/BLAS/hipBLASLt/stage/lib/hipblaslt/library/TensileLibrary_I8I8_II8_HA_SAV_UA_Type_I8I_HPA_Contraction_l_Alik_Bljk_Cijk_Dijk_gfx90a.co
2.4	-- Installing: /work/grodgers/git/tr-aomp/TheRock/build/math-libs/BLAS/hipBLASLt/stage/lib/hipblaslt/library/TensileLibrary_BB_SB_STA_UA_Type_BS_HPA_Contraction_l_Alik_Bljk_Cijk_Dijk_CU80_gfx942.co
2.4	-- Installing: /work/grodgers/git/tr-aomp/TheRock/build/math-libs/BLAS/hipBLASLt/stage/lib/hipblaslt/library/TensileLibrary_F8NH_HH_UA_Type_F8NH_HPA_Contraction_l_Ailk_Bljk_Cijk_Dijk_gfx942.co
2.4	-- Installing: /work/grodgers/git/tr-aomp/TheRock/build/math-libs/BLAS/hipBLASLt/stage/lib/hipblaslt/library/TensileLibrary_HH_HH_HA_Bias_SAV_Type_HH_HPA_Contraction_l_Ailk_Bjlk_Cijk_Dijk_gfx908.dat
2.4	-- Installing: /work/grodgers/git/tr-aomp/TheRock/build/math-libs/BLAS/hipBLASLt/stage/lib/hipblaslt/library/TensileLibrary_HH_SH_GG_UA_Type_HS_HPA_Contraction_l_Alik_Bjlk_Cijk_Dijk_gfx908.co
2.4	-- Installing: /work/grodgers/git/tr-aomp/TheRock/build/math-libs/BLAS/hipBLASLt/stage/lib/hipblaslt/library/TensileLibrary_B8NF8N_BB8F8N_HA_Bias_SAV_UA_Type_B8NB_HPA_ExperimentalStreamK_Contraction_l_Ailk_Bjlk_Cijk_Dijk_CU228_gfx942.co
2.4	-- Installing: /work/grodgers/git/tr-aomp/TheRock/build/math-libs/BLAS/hipBLASLt/stage/lib/hipblaslt/library/TensileLibrary_F8NF8N_SF8N_HA_Bias_SAV_UA_Type_F8NS_HPA_ExperimentalStreamK_Contraction_l_Alik_Bjlk_Cijk_Dijk_CU228_gfx942.dat
2.4	-- Installing: /work/grodgers/git/tr-aomp/TheRock/build/math-libs/BLAS/hipBLASLt/stage/lib/hipblaslt/library/TensileLibrary_SS_SS_HA_Bias_SAV_UA_Type_SS_ExperimentalStreamK_Contraction_l_Alik_Bljk_Cijk_Dijk_gfx942.dat
2.4	-- Installing: /work/grodgers/git/tr-aomp/TheRock/build/math-libs/BLAS/hipBLASLt/stage/lib/hipblaslt/library/TensileLibrary_DD_DD_UA_Type_DD_Contraction_l_Alik_Bjlk_Cijk_Dijk_gfx90a.co
2.4	-- Installing: /work/grodgers/git/tr-aomp/TheRock/build/math-libs/BLAS/hipBLASLt/stage/lib/hipblaslt/library/TensileLibrary_BB_BB_HA_STA_Bias_SAV_UA_Type_BB_HPA_Contraction_l_Alik_Bljk_Cijk_Dijk_CU80_gfx942.co
2.4	-- Installing: /work/grodgers/git/tr-aomp/TheRock/build/math-libs/BLAS/hipBLASLt/stage/lib/hipblaslt/library/TensileLibrary_SS_SS_HA_Bias_SAV_MX_UA_Type_SS_Contraction_l_Ailk_Bjlk_Cijk_Dijk_CU80_gfx942.co
2.4	-- Installing: /work/grodgers/git/tr-aomp/TheRock/build/math-libs/BLAS/hipBLASLt/stage/lib/hipblaslt/library/TensileLibrary_HH_HH_HA_Bias_Aux_SAV_UA_Type_HH_HPA_Contraction_l_Ailk_Bljk_Cijk_Dijk_gfx908.dat
2.4	-- Installing: /work/grodgers/git/tr-aomp/TheRock/build/math-libs/BLAS/hipBLASLt/stage/lib/hipblaslt/library/TensileLibrary_F8NF8N_F8NF8N_HA_Bias_SAB_SCD_SAV_UA_Type_F8NF8N_HPA_Contraction_l_Alik_Bljk_Cijk_Dijk_CU80_gfx942.co
2.4	-- Installing: /work/grodgers/git/tr-aomp/TheRock/build/math-libs/BLAS/hipBLASLt/stage/lib/hipblaslt/library/TensileLibrary_F8NF8N_SF8N_HA_Bias_SAV_UA_Type_F8NS_HPA_ExperimentalStreamK_Contraction_l_Ailk_Bjlk_Cijk_Dijk_CU228_gfx942.dat
2.4	-- Installing: /work/grodgers/git/tr-aomp/TheRock/build/math-libs/BLAS/hipBLASLt/stage/lib/hipblaslt/library/TensileLibrary_B8NB8N_SB8N_HA_Bias_SAB_SAV_UA_Type_B8NS_HPA_Contraction_l_Ailk_Bljk_Cijk_Dijk_gfx942.co
2.4	-- Installing: /work/grodgers/git/tr-aomp/TheRock/build/math-libs/BLAS/hipBLASLt/stage/lib/hipblaslt/library/TensileLibrary_B8NF8N_HB8F8N_HA_Bias_SAB_SAV_UA_Type_B8NH_HPA_Contraction_l_Ailk_Bljk_Cijk_Dijk_gfx942.co
2.4	-- Installing: /work/grodgers/git/tr-aomp/TheRock/build/math-libs/BLAS/hipBLASLt/stage/lib/hipblaslt/library/TensileLibrary_I8I8_I8I8_HA_SAV_UA_Type_I8I8_HPA_Contraction_l_Alik_Bljk_Cijk_Dijk_CU80_gfx942.dat
2.4	-- Installing: /work/grodgers/git/tr-aomp/TheRock/build/math-libs/BLAS/hipBLASLt/stage/lib/hipblaslt/library/TensileLibrary_HH_SH_HA_Bias_GG_SAV_UA_Type_HS_HPA_Contraction_l_Alik_Bjlk_Cijk_Dijk_gfx908.dat
2.4	-- Installing: /work/grodgers/git/tr-aomp/TheRock/build/math-libs/BLAS/hipBLASLt/stage/lib/hipblaslt/library/TensileLibrary_HH_SH_HA_Bias_SAV_UA_Type_HS_HPA_Contraction_l_Ailk_Bjlk_Cijk_Dijk_gfx908.co
2.4	-- Installing: /work/grodgers/git/tr-aomp/TheRock/build/math-libs/BLAS/hipBLASLt/stage/lib/hipblaslt/library/TensileLibrary_I8I8_II8_UA_Type_I8I_HPA_ExperimentalStreamK_Contraction_l_Alik_Bjlk_Cijk_Dijk_gfx942.co
2.4	-- Installing: /work/grodgers/git/tr-aomp/TheRock/build/math-libs/BLAS/hipBLASLt/stage/lib/hipblaslt/library/TensileLibrary_HH_HH_HA_Bias_GG_SAV_UA_Type_HH_HPA_Contraction_l_Ailk_Bjlk_Cijk_Dijk_gfx942.co
2.4	-- Installing: /work/grodgers/git/tr-aomp/TheRock/build/math-libs/BLAS/hipBLASLt/stage/lib/hipblaslt/library/TensileLibrary_F8NF8N_BF8N_HA_Bias_SAV_UA_Type_F8NB_HPA_ExperimentalStreamK_Contraction_l_Ailk_Bjlk_Cijk_Dijk_CU228_gfx942.dat
2.4	-- Installing: /work/grodgers/git/tr-aomp/TheRock/build/math-libs/BLAS/hipBLASLt/stage/lib/hipblaslt/library/TensileLibrary_SS_SS_UA_Type_SS_Contraction_l_Ailk_Bljk_Cijk_Dijk_CU20_gfx942.dat
2.4	-- Installing: /work/grodgers/git/tr-aomp/TheRock/build/math-libs/BLAS/hipBLASLt/stage/lib/hipblaslt/library/TensileLibrary_F8NF8N_F8NF8N_HA_Bias_SAB_SCD_SAV_UA_Type_F8NF8N_HPA_Contraction_l_Ailk_Bjlk_Cijk_Dijk_gfx942.co
2.4	-- Installing: /work/grodgers/git/tr-aomp/TheRock/build/math-libs/BLAS/hipBLASLt/stage/lib/hipblaslt/library/TensileLibrary_I8I8_II8_UA_Type_I8I_HPA_Contraction_l_Alik_Bjlk_Cijk_Dijk_gfx90a.dat
2.4	-- Installing: /work/grodgers/git/tr-aomp/TheRock/build/math-libs/BLAS/hipBLASLt/stage/lib/hipblaslt/library/TensileLibrary_F8NB8N_SF8B8N_HA_Bias_SAB_SAV_UA_Type_F8NS_HPA_Contraction_l_Alik_Bjlk_Cijk_Dijk_gfx942.co
2.4	-- Installing: /work/grodgers/git/tr-aomp/TheRock/build/math-libs/BLAS/hipBLASLt/stage/lib/hipblaslt/library/TensileLibrary_SS_SS_UA_Type_SS_ExperimentalStreamK_Contraction_l_Alik_Bljk_Cijk_Dijk_CU38_gfx942.co
2.4	-- Installing: /work/grodgers/git/tr-aomp/TheRock/build/math-libs/BLAS/hipBLASLt/stage/lib/hipblaslt/library/TensileLibrary_I8I8_I8I8_UA_Type_I8I8_HPA_ExperimentalStreamK_Contraction_l_Alik_Bljk_Cijk_Dijk_CU20_gfx942.co
2.4	-- Installing: /work/grodgers/git/tr-aomp/TheRock/build/math-libs/BLAS/hipBLASLt/stage/lib/hipblaslt/library/TensileLibrary_F8NF8N_B8NF8N_HA_Bias_SAV_UA_Type_F8NB8N_HPA_ExperimentalStreamK_Contraction_l_Alik_Bljk_Cijk_Dijk_CU228_gfx942.co
2.4	-- Installing: /work/grodgers/git/tr-aomp/TheRock/build/math-libs/BLAS/hipBLASLt/stage/lib/hipblaslt/library/TensileLibrary_HH_HH_UA_Type_HH_HPA_Contraction_l_Ailk_Bljk_Cijk_Dijk_gfx942.co
2.4	-- Installing: /work/grodgers/git/tr-aomp/TheRock/build/math-libs/BLAS/hipBLASLt/stage/lib/hipblaslt/library/TensileLibrary_HH_HH_HA_Bias_SAV_UA_Type_HH_HPA_ExperimentalStreamK_Contraction_l_Alik_Bljk_Cijk_Dijk_gfx942.dat
2.4	-- Installing: /work/grodgers/git/tr-aomp/TheRock/build/math-libs/BLAS/hipBLASLt/stage/lib/hipblaslt/library/TensileLibrary_HH_HH_Bias_SAV_Type_HH_HPA_Contraction_l_Alik_Bljk_Cijk_Dijk_gfx942.dat
2.4	-- Installing: /work/grodgers/git/tr-aomp/TheRock/build/math-libs/BLAS/hipBLASLt/stage/lib/hipblaslt/library/TensileLibrary_HF8N_SH_HA_Bias_SAB_SAV_UA_Type_HS_HPA_Contraction_l_Ailk_Bjlk_Cijk_Dijk_gfx942.co
2.4	-- Installing: /work/grodgers/git/tr-aomp/TheRock/build/math-libs/BLAS/hipBLASLt/stage/lib/hipblaslt/library/TensileLibrary_B8NF8N_SB8F8N_Bias_SAB_SAV_UA_Type_B8NS_HPA_Contraction_l_Alik_Bljk_Cijk_Dijk_gfx942.co
2.4	-- Installing: /work/grodgers/git/tr-aomp/TheRock/build/math-libs/BLAS/hipBLASLt/stage/lib/hipblaslt/library/TensileLibrary_HH_HH_HA_Bias_SAV_Type_HH_HPA_Contraction_l_Ailk_Bjlk_Cijk_Dijk_gfx908.co
2.4	-- Installing: /work/grodgers/git/tr-aomp/TheRock/build/math-libs/BLAS/hipBLASLt/stage/lib/hipblaslt/library/TensileLibrary_HH_HH_HA_Bias_GG_SAV_UA_Type_HH_HPA_Contraction_l_Alik_Bjlk_Cijk_Dijk_gfx908.co
2.4	-- Installing: /work/grodgers/git/tr-aomp/TheRock/build/math-libs/BLAS/hipBLASLt/stage/lib/hipblaslt/library/TensileLibrary_F8NB8N_BF8B8N_SAB_UA_Type_F8NB_HPA_Contraction_l_Alik_Bljk_Cijk_Dijk_gfx942.co
2.4	-- Installing: /work/grodgers/git/tr-aomp/TheRock/build/math-libs/BLAS/hipBLASLt/stage/lib/hipblaslt/library/TensileLibrary_F8NF8N_B8NF8N_HA_Bias_SAB_SCD_SAV_UA_Type_F8NB8N_HPA_Contraction_l_Alik_Bljk_Cijk_Dijk_gfx942.co
2.4	-- Installing: /work/grodgers/git/tr-aomp/TheRock/build/math-libs/BLAS/hipBLASLt/stage/lib/hipblaslt/library/TensileLibrary_SS_SS_HA_Bias_Grad_SAV_UA_Type_SS_Contraction_l_Alik_Bljk_Cijk_Dijk_gfx942.dat
2.4	-- Installing: /work/grodgers/git/tr-aomp/TheRock/build/math-libs/BLAS/hipBLASLt/stage/lib/hipblaslt/library/TensileLibrary_BB_BB_HA_Bias_SAV_UA_Type_BB_HPA_ExperimentalStreamK_Contraction_l_Alik_Bljk_Cijk_Dijk_gfx942.dat
2.4	-- Installing: /work/grodgers/git/tr-aomp/TheRock/build/math-libs/BLAS/hipBLASLt/stage/lib/hipblaslt/library/TensileLibrary_B8NF8N_B8NB8F8N_HA_Bias_SAV_UA_Type_B8NB8N_HPA_ExperimentalStreamK_Contraction_l_Ailk_Bjlk_Cijk_Dijk_CU228_gfx942.dat
2.4	-- Installing: /work/grodgers/git/tr-aomp/TheRock/build/math-libs/BLAS/hipBLASLt/stage/lib/hipblaslt/library/TensileLibrary_BB_BB_HA_Bias_SAV_Type_BB_HPA_Contraction_l_Ailk_Bljk_Cijk_Dijk_gfx90a.dat
2.4	-- Installing: /work/grodgers/git/tr-aomp/TheRock/build/math-libs/BLAS/hipBLASLt/stage/lib/hipblaslt/library/TensileLibrary_F8NH_SH_HA_Bias_SAB_SAV_Type_F8NS_HPA_Contraction_l_Alik_Bjlk_Cijk_Dijk_gfx942.dat
2.4	-- Installing: /work/grodgers/git/tr-aomp/TheRock/build/math-libs/BLAS/hipBLASLt/stage/lib/hipblaslt/library/TensileLibrary_F8NF8N_BF8N_STA_SAB_UA_Type_F8NB_HPA_Contraction_l_Alik_Bljk_Cijk_Dijk_gfx942.co
2.4	-- Installing: /work/grodgers/git/tr-aomp/TheRock/build/math-libs/BLAS/hipBLASLt/stage/lib/hipblaslt/library/TensileLibrary_HF8N_HH_HA_Bias_SAB_SAV_UA_Type_HH_HPA_Contraction_l_Ailk_Bjlk_Cijk_Dijk_gfx942.dat
2.4	-- Installing: /work/grodgers/git/tr-aomp/TheRock/build/math-libs/BLAS/hipBLASLt/stage/lib/hipblaslt/library/TensileLibrary_SS_SS_UA_Type_SS_Contraction_l_Ailk_Bjlk_Cijk_Dijk_gfx942.co
2.4	-- Installing: /work/grodgers/git/tr-aomp/TheRock/build/math-libs/BLAS/hipBLASLt/stage/lib/hipblaslt/library/TensileLibrary_HH_HH_HA_Bias_Aux_SAV_UA_Type_HH_HPA_Contraction_l_Alik_Bjlk_Cijk_Dijk_gfx942.co
2.4	-- Installing: /work/grodgers/git/tr-aomp/TheRock/build/math-libs/BLAS/hipBLASLt/stage/lib/hipblaslt/library/TensileLibrary_BB_BB_HA_Bias_SAV_Type_BB_HPA_Contraction_l_Alik_Bljk_Cijk_Dijk_gfx90a.dat
2.5	-- Installing: /work/grodgers/git/tr-aomp/TheRock/build/math-libs/BLAS/hipBLASLt/stage/lib/hipblaslt/library/TensileLibrary_F8NF8N_BF8N_HA_Bias_SAB_SAV_UA_Type_F8NB_HPA_Contraction_l_Ailk_Bjlk_Cijk_Dijk_gfx942.dat
2.5	-- Installing: /work/grodgers/git/tr-aomp/TheRock/build/math-libs/BLAS/hipBLASLt/stage/lib/hipblaslt/library/TensileLibrary_HH_HH_GG_UA_Type_HH_HPA_Contraction_l_Ailk_Bjlk_Cijk_Dijk_gfx908.dat
2.5	-- Installing: /work/grodgers/git/tr-aomp/TheRock/build/math-libs/BLAS/hipBLASLt/stage/bin/hipblaslt-bench
2.5	-- Set non-toolchain portion of runtime path of "/work/grodgers/git/tr-aomp/TheRock/build/math-libs/BLAS/hipBLASLt/stage/bin/hipblaslt-bench" to "$ORIGIN/../lib/rocm_sysdeps/lib:$ORIGIN/../lib/llvm/lib:$ORIGIN/../lib:$ORIGIN/../lib/host-math/lib"
2.5	-- Installing: /work/grodgers/git/tr-aomp/TheRock/build/math-libs/BLAS/hipBLASLt/stage/bin/hipblaslt-api-overhead
2.5	-- Set non-toolchain portion of runtime path of "/work/grodgers/git/tr-aomp/TheRock/build/math-libs/BLAS/hipBLASLt/stage/bin/hipblaslt-api-overhead" to "$ORIGIN/../lib/rocm_sysdeps/lib:$ORIGIN/../lib/llvm/lib:$ORIGIN/../lib:$ORIGIN/../lib/host-math/lib"
2.5	-- Installing: /work/grodgers/git/tr-aomp/TheRock/build/math-libs/BLAS/hipBLASLt/stage/bin/hipblaslt-bench-groupedgemm-fixed-mk
2.5	-- Set non-toolchain portion of runtime path of "/work/grodgers/git/tr-aomp/TheRock/build/math-libs/BLAS/hipBLASLt/stage/bin/hipblaslt-bench-groupedgemm-fixed-mk" to "$ORIGIN/../lib/rocm_sysdeps/lib:$ORIGIN/../lib/llvm/lib:$ORIGIN/../lib:$ORIGIN/../lib/host-math/lib"
2.5	-- Installing: /work/grodgers/git/tr-aomp/TheRock/build/math-libs/BLAS/hipBLASLt/stage/bin/hipblaslt-bench-extop-layernorm
2.5	-- Set non-toolchain portion of runtime path of "/work/grodgers/git/tr-aomp/TheRock/build/math-libs/BLAS/hipBLASLt/stage/bin/hipblaslt-bench-extop-layernorm" to "$ORIGIN/../lib/rocm_sysdeps/lib:$ORIGIN/../lib/llvm/lib:$ORIGIN/../lib:$ORIGIN/../lib/host-math/lib"
2.5	-- Installing: /work/grodgers/git/tr-aomp/TheRock/build/math-libs/BLAS/hipBLASLt/stage/bin/hipblaslt-bench-extop-matrixtransform
2.5	-- Set non-toolchain portion of runtime path of "/work/grodgers/git/tr-aomp/TheRock/build/math-libs/BLAS/hipBLASLt/stage/bin/hipblaslt-bench-extop-matrixtransform" to "$ORIGIN/../lib/rocm_sysdeps/lib:$ORIGIN/../lib/llvm/lib:$ORIGIN/../lib:$ORIGIN/../lib/host-math/lib"
2.5	-- Installing: /work/grodgers/git/tr-aomp/TheRock/build/math-libs/BLAS/hipBLASLt/stage/bin/hipblaslt-bench-extop-softmax
2.5	-- Set non-toolchain portion of runtime path of "/work/grodgers/git/tr-aomp/TheRock/build/math-libs/BLAS/hipBLASLt/stage/bin/hipblaslt-bench-extop-softmax" to "$ORIGIN/../lib/rocm_sysdeps/lib:$ORIGIN/../lib/llvm/lib:$ORIGIN/../lib:$ORIGIN/../lib/host-math/lib"
2.5	-- Installing: /work/grodgers/git/tr-aomp/TheRock/build/math-libs/BLAS/hipBLASLt/stage/bin/hipblaslt-bench-extop-amax
2.5	-- Set non-toolchain portion of runtime path of "/work/grodgers/git/tr-aomp/TheRock/build/math-libs/BLAS/hipBLASLt/stage/bin/hipblaslt-bench-extop-amax" to "$ORIGIN/../lib/rocm_sysdeps/lib:$ORIGIN/../lib/llvm/lib:$ORIGIN/../lib:$ORIGIN/../lib/host-math/lib"
2.5	-- Installing: /work/grodgers/git/tr-aomp/TheRock/build/math-libs/BLAS/hipBLASLt/stage/bin/hipblaslt-sequence
2.5	-- Set non-toolchain portion of runtime path of "/work/grodgers/git/tr-aomp/TheRock/build/math-libs/BLAS/hipBLASLt/stage/bin/hipblaslt-sequence" to "$ORIGIN/../lib/rocm_sysdeps/lib:$ORIGIN/../lib/llvm/lib:$ORIGIN/../lib:$ORIGIN/../lib/host-math/lib"
2.5	-- Installing: /work/grodgers/git/tr-aomp/TheRock/build/math-libs/BLAS/hipBLASLt/stage/bin/hipblaslt_common.yaml
2.5	-- Installing: /work/grodgers/git/tr-aomp/TheRock/build/math-libs/BLAS/hipBLASLt/stage/bin/hipblaslt_template.yaml
2.5	-- Installing: /work/grodgers/git/tr-aomp/TheRock/build/math-libs/BLAS/hipBLASLt/stage/bin/hipblaslt_gentest.py
2.5	-- Installing: /work/grodgers/git/tr-aomp/TheRock/build/math-libs/BLAS/hipBLASLt/stage/bin/sequence.yaml
2.5	-- Installing: /work/grodgers/git/tr-aomp/TheRock/build/math-libs/BLAS/hipBLASLt/stage/libexec/hipblaslt-samples/sample_hipblaslt_gemm
2.5	-- Set non-toolchain portion of runtime path of "/work/grodgers/git/tr-aomp/TheRock/build/math-libs/BLAS/hipBLASLt/stage/libexec/hipblaslt-samples/sample_hipblaslt_gemm" to "$ORIGIN/../lib/rocm_sysdeps/lib:$ORIGIN/../lib/llvm/lib:$ORIGIN/../lib:$ORIGIN/../lib/host-math/lib"
2.5	-- Installing: /work/grodgers/git/tr-aomp/TheRock/build/math-libs/BLAS/hipBLASLt/stage/libexec/hipblaslt-samples/sample_hipblaslt_gemm_ext
2.5	-- Set non-toolchain portion of runtime path of "/work/grodgers/git/tr-aomp/TheRock/build/math-libs/BLAS/hipBLASLt/stage/libexec/hipblaslt-samples/sample_hipblaslt_gemm_ext" to "$ORIGIN/../lib/rocm_sysdeps/lib:$ORIGIN/../lib/llvm/lib:$ORIGIN/../lib:$ORIGIN/../lib/host-math/lib"
2.5	-- Installing: /work/grodgers/git/tr-aomp/TheRock/build/math-libs/BLAS/hipBLASLt/stage/libexec/hipblaslt-samples/sample_hipblaslt_gemm_batched
2.5	-- Set non-toolchain portion of runtime path of "/work/grodgers/git/tr-aomp/TheRock/build/math-libs/BLAS/hipBLASLt/stage/libexec/hipblaslt-samples/sample_hipblaslt_gemm_batched" to "$ORIGIN/../lib/rocm_sysdeps/lib:$ORIGIN/../lib/llvm/lib:$ORIGIN/../lib:$ORIGIN/../lib/host-math/lib"
2.5	-- Installing: /work/grodgers/git/tr-aomp/TheRock/build/math-libs/BLAS/hipBLASLt/stage/libexec/hipblaslt-samples/sample_hipblaslt_gemm_batched_ext
2.5	-- Set non-toolchain portion of runtime path of "/work/grodgers/git/tr-aomp/TheRock/build/math-libs/BLAS/hipBLASLt/stage/libexec/hipblaslt-samples/sample_hipblaslt_gemm_batched_ext" to "$ORIGIN/../lib/rocm_sysdeps/lib:$ORIGIN/../lib/llvm/lib:$ORIGIN/../lib:$ORIGIN/../lib/host-math/lib"
2.5	-- Installing: /work/grodgers/git/tr-aomp/TheRock/build/math-libs/BLAS/hipBLASLt/stage/libexec/hipblaslt-samples/sample_hipblaslt_gemm_tuning_splitk_ext
2.5	-- Set non-toolchain portion of runtime path of "/work/grodgers/git/tr-aomp/TheRock/build/math-libs/BLAS/hipBLASLt/stage/libexec/hipblaslt-samples/sample_hipblaslt_gemm_tuning_splitk_ext" to "$ORIGIN/../lib/rocm_sysdeps/lib:$ORIGIN/../lib/llvm/lib:$ORIGIN/../lib:$ORIGIN/../lib/host-math/lib"
2.5	-- Installing: /work/grodgers/git/tr-aomp/TheRock/build/math-libs/BLAS/hipBLASLt/stage/libexec/hipblaslt-samples/sample_hipblaslt_gemm_bias
2.5	-- Set non-toolchain portion of runtime path of "/work/grodgers/git/tr-aomp/TheRock/build/math-libs/BLAS/hipBLASLt/stage/libexec/hipblaslt-samples/sample_hipblaslt_gemm_bias" to "$ORIGIN/../lib/rocm_sysdeps/lib:$ORIGIN/../lib/llvm/lib:$ORIGIN/../lib:$ORIGIN/../lib/host-math/lib"
2.5	-- Installing: /work/grodgers/git/tr-aomp/TheRock/build/math-libs/BLAS/hipBLASLt/stage/libexec/hipblaslt-samples/sample_hipblaslt_gemm_bias_ext
2.5	-- Set non-toolchain portion of runtime path of "/work/grodgers/git/tr-aomp/TheRock/build/math-libs/BLAS/hipBLASLt/stage/libexec/hipblaslt-samples/sample_hipblaslt_gemm_bias_ext" to "$ORIGIN/../lib/rocm_sysdeps/lib:$ORIGIN/../lib/llvm/lib:$ORIGIN/../lib:$ORIGIN/../lib/host-math/lib"
2.5	-- Installing: /work/grodgers/git/tr-aomp/TheRock/build/math-libs/BLAS/hipBLASLt/stage/libexec/hipblaslt-samples/sample_hipblaslt_gemm_get_all_algos
2.5	-- Set non-toolchain portion of runtime path of "/work/grodgers/git/tr-aomp/TheRock/build/math-libs/BLAS/hipBLASLt/stage/libexec/hipblaslt-samples/sample_hipblaslt_gemm_get_all_algos" to "$ORIGIN/../lib/rocm_sysdeps/lib:$ORIGIN/../lib/llvm/lib:$ORIGIN/../lib:$ORIGIN/../lib/host-math/lib"
2.5	-- Installing: /work/grodgers/git/tr-aomp/TheRock/build/math-libs/BLAS/hipBLASLt/stage/libexec/hipblaslt-samples/sample_hipblaslt_gemm_get_all_algos_ext
2.5	-- Set non-toolchain portion of runtime path of "/work/grodgers/git/tr-aomp/TheRock/build/math-libs/BLAS/hipBLASLt/stage/libexec/hipblaslt-samples/sample_hipblaslt_gemm_get_all_algos_ext" to "$ORIGIN/../lib/rocm_sysdeps/lib:$ORIGIN/../lib/llvm/lib:$ORIGIN/../lib:$ORIGIN/../lib/host-math/lib"
2.5	-- Installing: /work/grodgers/git/tr-aomp/TheRock/build/math-libs/BLAS/hipBLASLt/stage/libexec/hipblaslt-samples/sample_hipblaslt_gemm_get_algo_by_index_ext
2.5	-- Set non-toolchain portion of runtime path of "/work/grodgers/git/tr-aomp/TheRock/build/math-libs/BLAS/hipBLASLt/stage/libexec/hipblaslt-samples/sample_hipblaslt_gemm_get_algo_by_index_ext" to "$ORIGIN/../lib/rocm_sysdeps/lib:$ORIGIN/../lib/llvm/lib:$ORIGIN/../lib:$ORIGIN/../lib/host-math/lib"
2.5	-- Installing: /work/grodgers/git/tr-aomp/TheRock/build/math-libs/BLAS/hipBLASLt/stage/libexec/hipblaslt-samples/sample_hipblaslt_gemm_alphavec_ext
2.5	-- Set non-toolchain portion of runtime path of "/work/grodgers/git/tr-aomp/TheRock/build/math-libs/BLAS/hipBLASLt/stage/libexec/hipblaslt-samples/sample_hipblaslt_gemm_alphavec_ext" to "$ORIGIN/../lib/rocm_sysdeps/lib:$ORIGIN/../lib/llvm/lib:$ORIGIN/../lib:$ORIGIN/../lib/host-math/lib"
2.5	-- Installing: /work/grodgers/git/tr-aomp/TheRock/build/math-libs/BLAS/hipBLASLt/stage/libexec/hipblaslt-samples/sample_hipblaslt_gemm_gelu_aux_bias
2.5	-- Set non-toolchain portion of runtime path of "/work/grodgers/git/tr-aomp/TheRock/build/math-libs/BLAS/hipBLASLt/stage/libexec/hipblaslt-samples/sample_hipblaslt_gemm_gelu_aux_bias" to "$ORIGIN/../lib/rocm_sysdeps/lib:$ORIGIN/../lib/llvm/lib:$ORIGIN/../lib:$ORIGIN/../lib/host-math/lib"
2.5	-- Installing: /work/grodgers/git/tr-aomp/TheRock/build/math-libs/BLAS/hipBLASLt/stage/libexec/hipblaslt-samples/sample_hipblaslt_gemm_gelu_aux_bias_ext
2.5	-- Set non-toolchain portion of runtime path of "/work/grodgers/git/tr-aomp/TheRock/build/math-libs/BLAS/hipBLASLt/stage/libexec/hipblaslt-samples/sample_hipblaslt_gemm_gelu_aux_bias_ext" to "$ORIGIN/../lib/rocm_sysdeps/lib:$ORIGIN/../lib/llvm/lib:$ORIGIN/../lib:$ORIGIN/../lib/host-math/lib"
2.5	-- Installing: /work/grodgers/git/tr-aomp/TheRock/build/math-libs/BLAS/hipBLASLt/stage/libexec/hipblaslt-samples/sample_hipblaslt_gemm_amax
2.5	-- Set non-toolchain portion of runtime path of "/work/grodgers/git/tr-aomp/TheRock/build/math-libs/BLAS/hipBLASLt/stage/libexec/hipblaslt-samples/sample_hipblaslt_gemm_amax" to "$ORIGIN/../lib/rocm_sysdeps/lib:$ORIGIN/../lib/llvm/lib:$ORIGIN/../lib:$ORIGIN/../lib/host-math/lib"
2.5	-- Installing: /work/grodgers/git/tr-aomp/TheRock/build/math-libs/BLAS/hipBLASLt/stage/libexec/hipblaslt-samples/sample_hipblaslt_gemm_amax_ext
2.5	-- Set non-toolchain portion of runtime path of "/work/grodgers/git/tr-aomp/TheRock/build/math-libs/BLAS/hipBLASLt/stage/libexec/hipblaslt-samples/sample_hipblaslt_gemm_amax_ext" to "$ORIGIN/../lib/rocm_sysdeps/lib:$ORIGIN/../lib/llvm/lib:$ORIGIN/../lib:$ORIGIN/../lib/host-math/lib"
2.5	-- Installing: /work/grodgers/git/tr-aomp/TheRock/build/math-libs/BLAS/hipBLASLt/stage/libexec/hipblaslt-samples/sample_hipblaslt_gemm_amax_with_scale
2.5	-- Set non-toolchain portion of runtime path of "/work/grodgers/git/tr-aomp/TheRock/build/math-libs/BLAS/hipBLASLt/stage/libexec/hipblaslt-samples/sample_hipblaslt_gemm_amax_with_scale" to "$ORIGIN/../lib/rocm_sysdeps/lib:$ORIGIN/../lib/llvm/lib:$ORIGIN/../lib:$ORIGIN/../lib/host-math/lib"
2.5	-- Installing: /work/grodgers/git/tr-aomp/TheRock/build/math-libs/BLAS/hipBLASLt/stage/libexec/hipblaslt-samples/sample_hipblaslt_gemm_amax_with_scale_ext
2.5	-- Set non-toolchain portion of runtime path of "/work/grodgers/git/tr-aomp/TheRock/build/math-libs/BLAS/hipBLASLt/stage/libexec/hipblaslt-samples/sample_hipblaslt_gemm_amax_with_scale_ext" to "$ORIGIN/../lib/rocm_sysdeps/lib:$ORIGIN/../lib/llvm/lib:$ORIGIN/../lib:$ORIGIN/../lib/host-math/lib"
2.5	-- Installing: /work/grodgers/git/tr-aomp/TheRock/build/math-libs/BLAS/hipBLASLt/stage/libexec/hipblaslt-samples/sample_hipblaslt_gemm_bgradb
2.5	-- Set non-toolchain portion of runtime path of "/work/grodgers/git/tr-aomp/TheRock/build/math-libs/BLAS/hipBLASLt/stage/libexec/hipblaslt-samples/sample_hipblaslt_gemm_bgradb" to "$ORIGIN/../lib/rocm_sysdeps/lib:$ORIGIN/../lib/llvm/lib:$ORIGIN/../lib:$ORIGIN/../lib/host-math/lib"
2.5	-- Installing: /work/grodgers/git/tr-aomp/TheRock/build/math-libs/BLAS/hipBLASLt/stage/libexec/hipblaslt-samples/sample_hipblaslt_gemm_ext_bgradb
2.5	-- Set non-toolchain portion of runtime path of "/work/grodgers/git/tr-aomp/TheRock/build/math-libs/BLAS/hipBLASLt/stage/libexec/hipblaslt-samples/sample_hipblaslt_gemm_ext_bgradb" to "$ORIGIN/../lib/rocm_sysdeps/lib:$ORIGIN/../lib/llvm/lib:$ORIGIN/../lib:$ORIGIN/../lib/host-math/lib"
2.5	-- Installing: /work/grodgers/git/tr-aomp/TheRock/build/math-libs/BLAS/hipBLASLt/stage/libexec/hipblaslt-samples/sample_hipblaslt_gemm_dgelu_bgrad
2.5	-- Set non-toolchain portion of runtime path of "/work/grodgers/git/tr-aomp/TheRock/build/math-libs/BLAS/hipBLASLt/stage/libexec/hipblaslt-samples/sample_hipblaslt_gemm_dgelu_bgrad" to "$ORIGIN/../lib/rocm_sysdeps/lib:$ORIGIN/../lib/llvm/lib:$ORIGIN/../lib:$ORIGIN/../lib/host-math/lib"
2.5	-- Installing: /work/grodgers/git/tr-aomp/TheRock/build/math-libs/BLAS/hipBLASLt/stage/libexec/hipblaslt-samples/sample_hipblaslt_gemm_dgelu_bgrad_ext
2.5	-- Set non-toolchain portion of runtime path of "/work/grodgers/git/tr-aomp/TheRock/build/math-libs/BLAS/hipBLASLt/stage/libexec/hipblaslt-samples/sample_hipblaslt_gemm_dgelu_bgrad_ext" to "$ORIGIN/../lib/rocm_sysdeps/lib:$ORIGIN/../lib/llvm/lib:$ORIGIN/../lib:$ORIGIN/../lib/host-math/lib"
2.5	-- Installing: /work/grodgers/git/tr-aomp/TheRock/build/math-libs/BLAS/hipBLASLt/stage/libexec/hipblaslt-samples/sample_hipblaslt_gemm_is_tuned_ext
2.5	-- Set non-toolchain portion of runtime path of "/work/grodgers/git/tr-aomp/TheRock/build/math-libs/BLAS/hipBLASLt/stage/libexec/hipblaslt-samples/sample_hipblaslt_gemm_is_tuned_ext" to "$ORIGIN/../lib/rocm_sysdeps/lib:$ORIGIN/../lib/llvm/lib:$ORIGIN/../lib:$ORIGIN/../lib/host-math/lib"
2.5	-- Installing: /work/grodgers/git/tr-aomp/TheRock/build/math-libs/BLAS/hipBLASLt/stage/libexec/hipblaslt-samples/sample_hipblaslt_gemm_tuning_wgm_ext
2.5	-- Set non-toolchain portion of runtime path of "/work/grodgers/git/tr-aomp/TheRock/build/math-libs/BLAS/hipBLASLt/stage/libexec/hipblaslt-samples/sample_hipblaslt_gemm_tuning_wgm_ext" to "$ORIGIN/../lib/rocm_sysdeps/lib:$ORIGIN/../lib/llvm/lib:$ORIGIN/../lib:$ORIGIN/../lib/host-math/lib"
2.5	-- Installing: /work/grodgers/git/tr-aomp/TheRock/build/math-libs/BLAS/hipBLASLt/stage/libexec/hipblaslt-samples/sample_hipblaslt_gemm_with_scale_a_b
2.5	-- Set non-toolchain portion of runtime path of "/work/grodgers/git/tr-aomp/TheRock/build/math-libs/BLAS/hipBLASLt/stage/libexec/hipblaslt-samples/sample_hipblaslt_gemm_with_scale_a_b" to "$ORIGIN/../lib/rocm_sysdeps/lib:$ORIGIN/../lib/llvm/lib:$ORIGIN/../lib:$ORIGIN/../lib/host-math/lib"
2.5	-- Installing: /work/grodgers/git/tr-aomp/TheRock/build/math-libs/BLAS/hipBLASLt/stage/libexec/hipblaslt-samples/sample_hipblaslt_gemm_with_scale_a_b_ext
2.5	-- Set non-toolchain portion of runtime path of "/work/grodgers/git/tr-aomp/TheRock/build/math-libs/BLAS/hipBLASLt/stage/libexec/hipblaslt-samples/sample_hipblaslt_gemm_with_scale_a_b_ext" to "$ORIGIN/../lib/rocm_sysdeps/lib:$ORIGIN/../lib/llvm/lib:$ORIGIN/../lib:$ORIGIN/../lib/host-math/lib"
2.5	-- Installing: /work/grodgers/git/tr-aomp/TheRock/build/math-libs/BLAS/hipBLASLt/stage/libexec/hipblaslt-samples/sample_hipblaslt_groupedgemm_ext
2.5	-- Set non-toolchain portion of runtime path of "/work/grodgers/git/tr-aomp/TheRock/build/math-libs/BLAS/hipBLASLt/stage/libexec/hipblaslt-samples/sample_hipblaslt_groupedgemm_ext" to "$ORIGIN/../lib/rocm_sysdeps/lib:$ORIGIN/../lib/llvm/lib:$ORIGIN/../lib:$ORIGIN/../lib/host-math/lib"
2.5	-- Installing: /work/grodgers/git/tr-aomp/TheRock/build/math-libs/BLAS/hipBLASLt/stage/libexec/hipblaslt-samples/sample_hipblaslt_groupedgemm_fixed_mk_ext
2.5	-- Set non-toolchain portion of runtime path of "/work/grodgers/git/tr-aomp/TheRock/build/math-libs/BLAS/hipBLASLt/stage/libexec/hipblaslt-samples/sample_hipblaslt_groupedgemm_fixed_mk_ext" to "$ORIGIN/../lib/rocm_sysdeps/lib:$ORIGIN/../lib/llvm/lib:$ORIGIN/../lib:$ORIGIN/../lib/host-math/lib"
2.5	-- Installing: /work/grodgers/git/tr-aomp/TheRock/build/math-libs/BLAS/hipBLASLt/stage/libexec/hipblaslt-samples/sample_hipblaslt_groupedgemm_get_all_algos_ext
2.5	-- Set non-toolchain portion of runtime path of "/work/grodgers/git/tr-aomp/TheRock/build/math-libs/BLAS/hipBLASLt/stage/libexec/hipblaslt-samples/sample_hipblaslt_groupedgemm_get_all_algos_ext" to "$ORIGIN/../lib/rocm_sysdeps/lib:$ORIGIN/../lib/llvm/lib:$ORIGIN/../lib:$ORIGIN/../lib/host-math/lib"
2.5	-- Installing: /work/grodgers/git/tr-aomp/TheRock/build/math-libs/BLAS/hipBLASLt/stage/libexec/hipblaslt-samples/sample_hipblaslt_gemm_mix_precision
2.5	-- Set non-toolchain portion of runtime path of "/work/grodgers/git/tr-aomp/TheRock/build/math-libs/BLAS/hipBLASLt/stage/libexec/hipblaslt-samples/sample_hipblaslt_gemm_mix_precision" to "$ORIGIN/../lib/rocm_sysdeps/lib:$ORIGIN/../lib/llvm/lib:$ORIGIN/../lib:$ORIGIN/../lib/host-math/lib"
2.5	-- Installing: /work/grodgers/git/tr-aomp/TheRock/build/math-libs/BLAS/hipBLASLt/stage/libexec/hipblaslt-samples/sample_hipblaslt_gemm_mix_precision_ext
2.5	-- Set non-toolchain portion of runtime path of "/work/grodgers/git/tr-aomp/TheRock/build/math-libs/BLAS/hipBLASLt/stage/libexec/hipblaslt-samples/sample_hipblaslt_gemm_mix_precision_ext" to "$ORIGIN/../lib/rocm_sysdeps/lib:$ORIGIN/../lib/llvm/lib:$ORIGIN/../lib:$ORIGIN/../lib/host-math/lib"
2.5	-- Installing: /work/grodgers/git/tr-aomp/TheRock/build/math-libs/BLAS/hipBLASLt/stage/libexec/hipblaslt-samples/sample_hipblaslt_gemm_mix_precision_with_amax_ext
2.5	-- Set non-toolchain portion of runtime path of "/work/grodgers/git/tr-aomp/TheRock/build/math-libs/BLAS/hipBLASLt/stage/libexec/hipblaslt-samples/sample_hipblaslt_gemm_mix_precision_with_amax_ext" to "$ORIGIN/../lib/rocm_sysdeps/lib:$ORIGIN/../lib/llvm/lib:$ORIGIN/../lib:$ORIGIN/../lib/host-math/lib"
2.5	-- Installing: /work/grodgers/git/tr-aomp/TheRock/build/math-libs/BLAS/hipBLASLt/stage/libexec/hipblaslt-samples/sample_hipblaslt_gemm_attr_tciA_tciB
2.5	-- Set non-toolchain portion of runtime path of "/work/grodgers/git/tr-aomp/TheRock/build/math-libs/BLAS/hipBLASLt/stage/libexec/hipblaslt-samples/sample_hipblaslt_gemm_attr_tciA_tciB" to "$ORIGIN/../lib/rocm_sysdeps/lib:$ORIGIN/../lib/llvm/lib:$ORIGIN/../lib:$ORIGIN/../lib/host-math/lib"
2.5	-- Installing: /work/grodgers/git/tr-aomp/TheRock/build/math-libs/BLAS/hipBLASLt/stage/libexec/hipblaslt-samples/sample_hipblaslt_ext_op_layernorm
2.5	-- Set non-toolchain portion of runtime path of "/work/grodgers/git/tr-aomp/TheRock/build/math-libs/BLAS/hipBLASLt/stage/libexec/hipblaslt-samples/sample_hipblaslt_ext_op_layernorm" to "$ORIGIN/../lib/rocm_sysdeps/lib:$ORIGIN/../lib/llvm/lib:$ORIGIN/../lib:$ORIGIN/../lib/host-math/lib"
2.5	-- Installing: /work/grodgers/git/tr-aomp/TheRock/build/math-libs/BLAS/hipBLASLt/stage/libexec/hipblaslt-samples/sample_hipblaslt_ext_op_amax
2.5	-- Set non-toolchain portion of runtime path of "/work/grodgers/git/tr-aomp/TheRock/build/math-libs/BLAS/hipBLASLt/stage/libexec/hipblaslt-samples/sample_hipblaslt_ext_op_amax" to "$ORIGIN/../lib/rocm_sysdeps/lib:$ORIGIN/../lib/llvm/lib:$ORIGIN/../lib:$ORIGIN/../lib/host-math/lib"
2.5	-- Installing: /work/grodgers/git/tr-aomp/TheRock/build/math-libs/BLAS/hipBLASLt/stage/libexec/hipblaslt-samples/sample_hipblaslt_gemm_with_TF32
2.5	-- Set non-toolchain portion of runtime path of "/work/grodgers/git/tr-aomp/TheRock/build/math-libs/BLAS/hipBLASLt/stage/libexec/hipblaslt-samples/sample_hipblaslt_gemm_with_TF32" to "$ORIGIN/../lib/rocm_sysdeps/lib:$ORIGIN/../lib/llvm/lib:$ORIGIN/../lib:$ORIGIN/../lib/host-math/lib"
2.5	-- Installing: /work/grodgers/git/tr-aomp/TheRock/build/math-libs/BLAS/hipBLASLt/stage/libexec/hipblaslt-samples/sample_hipblaslt_gemm_swizzle_a
2.5	-- Set non-toolchain portion of runtime path of "/work/grodgers/git/tr-aomp/TheRock/build/math-libs/BLAS/hipBLASLt/stage/libexec/hipblaslt-samples/sample_hipblaslt_gemm_swizzle_a" to "$ORIGIN/../lib/rocm_sysdeps/lib:$ORIGIN/../lib/llvm/lib:$ORIGIN/../lib:$ORIGIN/../lib/host-math/lib"
2.5	-- Installing: /work/grodgers/git/tr-aomp/TheRock/build/math-libs/BLAS/hipBLASLt/stage/libexec/hipblaslt-samples/sample_hipblaslt_gemm_bias_swizzle_a_ext
2.5	-- Set non-toolchain portion of runtime path of "/work/grodgers/git/tr-aomp/TheRock/build/math-libs/BLAS/hipBLASLt/stage/libexec/hipblaslt-samples/sample_hipblaslt_gemm_bias_swizzle_a_ext" to "$ORIGIN/../lib/rocm_sysdeps/lib:$ORIGIN/../lib/llvm/lib:$ORIGIN/../lib:$ORIGIN/../lib/host-math/lib"
2.5	-- Installing: /work/grodgers/git/tr-aomp/TheRock/build/math-libs/BLAS/hipBLASLt/stage/libexec/hipblaslt-samples/sample_hipblaslt_weight_swizzle_padding
2.5	-- Set non-toolchain portion of runtime path of "/work/grodgers/git/tr-aomp/TheRock/build/math-libs/BLAS/hipBLASLt/stage/libexec/hipblaslt-samples/sample_hipblaslt_weight_swizzle_padding" to "$ORIGIN/../lib/rocm_sysdeps/lib:$ORIGIN/../lib/llvm/lib:$ORIGIN/../lib:$ORIGIN/../lib/host-math/lib"
2.5	-- Installing: /work/grodgers/git/tr-aomp/TheRock/build/math-libs/BLAS/hipBLASLt/stage/libexec/hipblaslt-samples/sample_hipblaslt_gemm_swish_bias
2.5	-- Set non-toolchain portion of runtime path of "/work/grodgers/git/tr-aomp/TheRock/build/math-libs/BLAS/hipBLASLt/stage/libexec/hipblaslt-samples/sample_hipblaslt_gemm_swish_bias" to "$ORIGIN/../lib/rocm_sysdeps/lib:$ORIGIN/../lib/llvm/lib:$ORIGIN/../lib:$ORIGIN/../lib/host-math/lib"
2.5	-- Installing: /work/grodgers/git/tr-aomp/TheRock/build/math-libs/BLAS/hipBLASLt/stage/share/hipblaslt/samples/samples
2.5	-- Installing: /work/grodgers/git/tr-aomp/TheRock/build/math-libs/BLAS/hipBLASLt/stage/share/hipblaslt/samples/samples/10_hipblaslt_gemm_amax_with_scale
2.5	-- Installing: /work/grodgers/git/tr-aomp/TheRock/build/math-libs/BLAS/hipBLASLt/stage/share/hipblaslt/samples/samples/10_hipblaslt_gemm_amax_with_scale/sample_hipblaslt_gemm_amax_with_scale.cpp
2.5	-- Installing: /work/grodgers/git/tr-aomp/TheRock/build/math-libs/BLAS/hipBLASLt/stage/share/hipblaslt/samples/samples/15_hipblaslt_gemm_with_scale_a_b_ext
2.5	-- Installing: /work/grodgers/git/tr-aomp/TheRock/build/math-libs/BLAS/hipBLASLt/stage/share/hipblaslt/samples/samples/15_hipblaslt_gemm_with_scale_a_b_ext/sample_hipblaslt_gemm_with_scale_a_b_ext.cpp
2.5	-- Installing: /work/grodgers/git/tr-aomp/TheRock/build/math-libs/BLAS/hipBLASLt/stage/share/hipblaslt/samples/samples/07_hipblaslt_gemm_alphavec_ext
2.5	-- Installing: /work/grodgers/git/tr-aomp/TheRock/build/math-libs/BLAS/hipBLASLt/stage/share/hipblaslt/samples/samples/07_hipblaslt_gemm_alphavec_ext/sample_hipblaslt_gemm_alphavec_ext.cpp
2.5	-- Installing: /work/grodgers/git/tr-aomp/TheRock/build/math-libs/BLAS/hipBLASLt/stage/share/hipblaslt/samples/samples/25_hipblaslt_gemm_swizzle_a
2.5	-- Installing: /work/grodgers/git/tr-aomp/TheRock/build/math-libs/BLAS/hipBLASLt/stage/share/hipblaslt/samples/samples/25_hipblaslt_gemm_swizzle_a/sample_hipblaslt_gemm_swizzle_a.cpp
2.5	-- Installing: /work/grodgers/git/tr-aomp/TheRock/build/math-libs/BLAS/hipBLASLt/stage/share/hipblaslt/samples/samples/20_hipblaslt_gemm_mix_precision_with_amax_ext
2.5	-- Installing: /work/grodgers/git/tr-aomp/TheRock/build/math-libs/BLAS/hipBLASLt/stage/share/hipblaslt/samples/samples/20_hipblaslt_gemm_mix_precision_with_amax_ext/sample_hipblaslt_gemm_mix_precision_with_amax_ext.cpp
2.5	-- Installing: /work/grodgers/git/tr-aomp/TheRock/build/math-libs/BLAS/hipBLASLt/stage/share/hipblaslt/samples/samples/19_hipblaslt_gemm_mix_precision_ext
2.5	-- Installing: /work/grodgers/git/tr-aomp/TheRock/build/math-libs/BLAS/hipBLASLt/stage/share/hipblaslt/samples/samples/19_hipblaslt_gemm_mix_precision_ext/sample_hipblaslt_gemm_mix_precision_ext.cpp
2.5	-- Installing: /work/grodgers/git/tr-aomp/TheRock/build/math-libs/BLAS/hipBLASLt/stage/share/hipblaslt/samples/samples/05_hipblaslt_gemm_get_all_algos_ext
2.5	-- Installing: /work/grodgers/git/tr-aomp/TheRock/build/math-libs/BLAS/hipBLASLt/stage/share/hipblaslt/samples/samples/05_hipblaslt_gemm_get_all_algos_ext/sample_hipblaslt_gemm_get_all_algos_ext.cpp
2.5	-- Installing: /work/grodgers/git/tr-aomp/TheRock/build/math-libs/BLAS/hipBLASLt/stage/share/hipblaslt/samples/samples/10_hipblaslt_gemm_amax_with_scale_ext
2.5	-- Installing: /work/grodgers/git/tr-aomp/TheRock/build/math-libs/BLAS/hipBLASLt/stage/share/hipblaslt/samples/samples/10_hipblaslt_gemm_amax_with_scale_ext/sample_hipblaslt_gemm_amax_with_scale_ext.cpp
2.5	-- Installing: /work/grodgers/git/tr-aomp/TheRock/build/math-libs/BLAS/hipBLASLt/stage/share/hipblaslt/samples/samples/17_hipblaslt_groupedgemm_fixed_mk_ext
2.5	-- Installing: /work/grodgers/git/tr-aomp/TheRock/build/math-libs/BLAS/hipBLASLt/stage/share/hipblaslt/samples/samples/17_hipblaslt_groupedgemm_fixed_mk_ext/sample_hipblaslt_groupedgemm_fixed_mk_ext.cpp
2.5	-- Installing: /work/grodgers/git/tr-aomp/TheRock/build/math-libs/BLAS/hipBLASLt/stage/share/hipblaslt/samples/samples/06_hipblaslt_gemm_get_algo_by_index_ext
2.5	-- Installing: /work/grodgers/git/tr-aomp/TheRock/build/math-libs/BLAS/hipBLASLt/stage/share/hipblaslt/samples/samples/06_hipblaslt_gemm_get_algo_by_index_ext/sample_hipblaslt_gemm_get_algo_by_index_ext.cpp
2.5	-- Installing: /work/grodgers/git/tr-aomp/TheRock/build/math-libs/BLAS/hipBLASLt/stage/share/hipblaslt/samples/samples/21_hipblaslt_gemm_attr_tciA_tciB
2.5	-- Installing: /work/grodgers/git/tr-aomp/TheRock/build/math-libs/BLAS/hipBLASLt/stage/share/hipblaslt/samples/samples/21_hipblaslt_gemm_attr_tciA_tciB/sample_hipblaslt_gemm_attr_tciA_tciB.cpp
2.5	-- Installing: /work/grodgers/git/tr-aomp/TheRock/build/math-libs/BLAS/hipBLASLt/stage/share/hipblaslt/samples/samples/04_hipblaslt_gemm_bias
2.5	-- Installing: /work/grodgers/git/tr-aomp/TheRock/build/math-libs/BLAS/hipBLASLt/stage/share/hipblaslt/samples/samples/04_hipblaslt_gemm_bias/sample_hipblaslt_gemm_bias.cpp
2.5	-- Installing: /work/grodgers/git/tr-aomp/TheRock/build/math-libs/BLAS/hipBLASLt/stage/share/hipblaslt/samples/samples/26_hipblaslt_gemm_swish_bias
2.5	-- Installing: /work/grodgers/git/tr-aomp/TheRock/build/math-libs/BLAS/hipBLASLt/stage/share/hipblaslt/samples/samples/26_hipblaslt_gemm_swish_bias/sample_hipblaslt_gemm_swish_bias.cpp
2.5	-- Installing: /work/grodgers/git/tr-aomp/TheRock/build/math-libs/BLAS/hipBLASLt/stage/share/hipblaslt/samples/samples/16_hipblaslt_groupedgemm_ext
2.5	-- Installing: /work/grodgers/git/tr-aomp/TheRock/build/math-libs/BLAS/hipBLASLt/stage/share/hipblaslt/samples/samples/16_hipblaslt_groupedgemm_ext/sample_hipblaslt_groupedgemm_ext.cpp
2.5	-- Installing: /work/grodgers/git/tr-aomp/TheRock/build/math-libs/BLAS/hipBLASLt/stage/share/hipblaslt/samples/samples/04_hipblaslt_gemm_bias_ext
2.5	-- Installing: /work/grodgers/git/tr-aomp/TheRock/build/math-libs/BLAS/hipBLASLt/stage/share/hipblaslt/samples/samples/04_hipblaslt_gemm_bias_ext/sample_hipblaslt_gemm_bias_ext.cpp
2.5	-- Installing: /work/grodgers/git/tr-aomp/TheRock/build/math-libs/BLAS/hipBLASLt/stage/share/hipblaslt/samples/samples/common
2.5	-- Installing: /work/grodgers/git/tr-aomp/TheRock/build/math-libs/BLAS/hipBLASLt/stage/share/hipblaslt/samples/samples/common/helper.h
2.5	-- Installing: /work/grodgers/git/tr-aomp/TheRock/build/math-libs/BLAS/hipBLASLt/stage/share/hipblaslt/samples/samples/08_hipblaslt_gemm_gelu_aux_bias
2.5	-- Installing: /work/grodgers/git/tr-aomp/TheRock/build/math-libs/BLAS/hipBLASLt/stage/share/hipblaslt/samples/samples/08_hipblaslt_gemm_gelu_aux_bias/sample_hipblaslt_gemm_gelu_aux_bias.cpp
2.5	-- Installing: /work/grodgers/git/tr-aomp/TheRock/build/math-libs/BLAS/hipBLASLt/stage/share/hipblaslt/samples/samples/03_hipblaslt_gemm_tuning_splitk_ext
2.5	-- Installing: /work/grodgers/git/tr-aomp/TheRock/build/math-libs/BLAS/hipBLASLt/stage/share/hipblaslt/samples/samples/03_hipblaslt_gemm_tuning_splitk_ext/sample_hipblaslt_gemm_tuning_splitk_ext.cpp
2.5	-- Installing: /work/grodgers/git/tr-aomp/TheRock/build/math-libs/BLAS/hipBLASLt/stage/share/hipblaslt/samples/samples/15_hipblaslt_gemm_with_scale_a_b_vector
2.5	-- Installing: /work/grodgers/git/tr-aomp/TheRock/build/math-libs/BLAS/hipBLASLt/stage/share/hipblaslt/samples/samples/15_hipblaslt_gemm_with_scale_a_b_vector/sample_hipblaslt_gemm_swizzleA_with_scale_a_b_vector.cpp
2.5	-- Installing: /work/grodgers/git/tr-aomp/TheRock/build/math-libs/BLAS/hipBLASLt/stage/share/hipblaslt/samples/samples/15_hipblaslt_gemm_with_scale_a_b_vector/sample_hipblaslt_gemm_with_scale_a_b_vector.cpp
2.5	-- Installing: /work/grodgers/git/tr-aomp/TheRock/build/math-libs/BLAS/hipBLASLt/stage/share/hipblaslt/samples/samples/14_hipblaslt_gemm_tuning_wgm_ext
2.5	-- Installing: /work/grodgers/git/tr-aomp/TheRock/build/math-libs/BLAS/hipBLASLt/stage/share/hipblaslt/samples/samples/14_hipblaslt_gemm_tuning_wgm_ext/sample_hipblaslt_gemm_tuning_wgm_ext.cpp
2.5	-- Installing: /work/grodgers/git/tr-aomp/TheRock/build/math-libs/BLAS/hipBLASLt/stage/share/hipblaslt/samples/samples/12_hipblaslt_gemm_dgelu_bgrad
2.5	-- Installing: /work/grodgers/git/tr-aomp/TheRock/build/math-libs/BLAS/hipBLASLt/stage/share/hipblaslt/samples/samples/12_hipblaslt_gemm_dgelu_bgrad/sample_hipblaslt_gemm_dgelu_bgrad.cpp
2.5	-- Installing: /work/grodgers/git/tr-aomp/TheRock/build/math-libs/BLAS/hipBLASLt/stage/share/hipblaslt/samples/samples/02_hipblaslt_gemm_batched_ext
2.5	-- Installing: /work/grodgers/git/tr-aomp/TheRock/build/math-libs/BLAS/hipBLASLt/stage/share/hipblaslt/samples/samples/02_hipblaslt_gemm_batched_ext/sample_hipblaslt_gemm_batched_ext.cpp
2.5	-- Installing: /work/grodgers/git/tr-aomp/TheRock/build/math-libs/BLAS/hipBLASLt/stage/share/hipblaslt/samples/samples/15_hipblaslt_gemm_with_scale_a_b
2.5	-- Installing: /work/grodgers/git/tr-aomp/TheRock/build/math-libs/BLAS/hipBLASLt/stage/share/hipblaslt/samples/samples/15_hipblaslt_gemm_with_scale_a_b/sample_hipblaslt_gemm_with_scale_a_b.cpp
2.5	-- Installing: /work/grodgers/git/tr-aomp/TheRock/build/math-libs/BLAS/hipBLASLt/stage/share/hipblaslt/samples/samples/13_hipblaslt_gemm_is_tuned_ext
2.5	-- Installing: /work/grodgers/git/tr-aomp/TheRock/build/math-libs/BLAS/hipBLASLt/stage/share/hipblaslt/samples/samples/13_hipblaslt_gemm_is_tuned_ext/sample_hipblaslt_gemm_is_tuned_ext.cpp
2.5	-- Installing: /work/grodgers/git/tr-aomp/TheRock/build/math-libs/BLAS/hipBLASLt/stage/share/hipblaslt/samples/samples/11_hipblaslt_gemm_bgradb
2.5	-- Installing: /work/grodgers/git/tr-aomp/TheRock/build/math-libs/BLAS/hipBLASLt/stage/share/hipblaslt/samples/samples/11_hipblaslt_gemm_bgradb/sample_hipblaslt_gemm_bgradb.cpp
2.5	-- Installing: /work/grodgers/git/tr-aomp/TheRock/build/math-libs/BLAS/hipBLASLt/stage/share/hipblaslt/samples/samples/24_hipblaslt_gemm_with_TF32
2.5	-- Installing: /work/grodgers/git/tr-aomp/TheRock/build/math-libs/BLAS/hipBLASLt/stage/share/hipblaslt/samples/samples/24_hipblaslt_gemm_with_TF32/sample_hipblaslt_gemm_with_TF32.cpp
2.5	-- Installing: /work/grodgers/git/tr-aomp/TheRock/build/math-libs/BLAS/hipBLASLt/stage/share/hipblaslt/samples/samples/27_hipblaslt_gemm_clamp_bias
2.5	-- Installing: /work/grodgers/git/tr-aomp/TheRock/build/math-libs/BLAS/hipBLASLt/stage/share/hipblaslt/samples/samples/27_hipblaslt_gemm_clamp_bias/sample_hipblaslt_gemm_clamp_bias.cpp
2.5	-- Installing: /work/grodgers/git/tr-aomp/TheRock/build/math-libs/BLAS/hipBLASLt/stage/share/hipblaslt/samples/samples/19_hipblaslt_gemm_mix_precision
2.5	-- Installing: /work/grodgers/git/tr-aomp/TheRock/build/math-libs/BLAS/hipBLASLt/stage/share/hipblaslt/samples/samples/19_hipblaslt_gemm_mix_precision/sample_hipblaslt_gemm_mix_precision.cpp
2.5	-- Installing: /work/grodgers/git/tr-aomp/TheRock/build/math-libs/BLAS/hipBLASLt/stage/share/hipblaslt/samples/samples/02_hipblaslt_gemm_batched
2.5	-- Installing: /work/grodgers/git/tr-aomp/TheRock/build/math-libs/BLAS/hipBLASLt/stage/share/hipblaslt/samples/samples/02_hipblaslt_gemm_batched/sample_hipblaslt_gemm_batched.cpp
2.5	-- Installing: /work/grodgers/git/tr-aomp/TheRock/build/math-libs/BLAS/hipBLASLt/stage/share/hipblaslt/samples/samples/05_hipblaslt_gemm_get_all_algos
2.5	-- Installing: /work/grodgers/git/tr-aomp/TheRock/build/math-libs/BLAS/hipBLASLt/stage/share/hipblaslt/samples/samples/05_hipblaslt_gemm_get_all_algos/sample_hipblaslt_gemm_get_all_algos.cpp
2.5	-- Installing: /work/grodgers/git/tr-aomp/TheRock/build/math-libs/BLAS/hipBLASLt/stage/share/hipblaslt/samples/samples/23_hipblaslt_ext_op_amax
2.5	-- Installing: /work/grodgers/git/tr-aomp/TheRock/build/math-libs/BLAS/hipBLASLt/stage/share/hipblaslt/samples/samples/23_hipblaslt_ext_op_amax/sample_hipblaslt_ext_op_amax.cpp
2.5	-- Installing: /work/grodgers/git/tr-aomp/TheRock/build/math-libs/BLAS/hipBLASLt/stage/share/hipblaslt/samples/samples/18_hipblaslt_groupedgemm_get_all_algos_ext
2.5	-- Installing: /work/grodgers/git/tr-aomp/TheRock/build/math-libs/BLAS/hipBLASLt/stage/share/hipblaslt/samples/samples/18_hipblaslt_groupedgemm_get_all_algos_ext/sample_hipblaslt_groupedgemm_get_all_algos_ext.cpp
2.5	-- Installing: /work/grodgers/git/tr-aomp/TheRock/build/math-libs/BLAS/hipBLASLt/stage/share/hipblaslt/samples/samples/01_hipblaslt_gemm_ext
2.5	-- Installing: /work/grodgers/git/tr-aomp/TheRock/build/math-libs/BLAS/hipBLASLt/stage/share/hipblaslt/samples/samples/01_hipblaslt_gemm_ext/sample_hipblaslt_gemm_ext.cpp
2.5	-- Installing: /work/grodgers/git/tr-aomp/TheRock/build/math-libs/BLAS/hipBLASLt/stage/share/hipblaslt/samples/samples/12_hipblaslt_gemm_dgelu_bgrad_ext
2.5	-- Installing: /work/grodgers/git/tr-aomp/TheRock/build/math-libs/BLAS/hipBLASLt/stage/share/hipblaslt/samples/samples/12_hipblaslt_gemm_dgelu_bgrad_ext/sample_hipblaslt_gemm_dgelu_bgrad_ext.cpp
2.5	-- Installing: /work/grodgers/git/tr-aomp/TheRock/build/math-libs/BLAS/hipBLASLt/stage/share/hipblaslt/samples/samples/11_hipblaslt_gemm_ext_bgradb
2.5	-- Installing: /work/grodgers/git/tr-aomp/TheRock/build/math-libs/BLAS/hipBLASLt/stage/share/hipblaslt/samples/samples/11_hipblaslt_gemm_ext_bgradb/sample_hipblaslt_gemm_ext_bgradb.cpp
2.5	-- Installing: /work/grodgers/git/tr-aomp/TheRock/build/math-libs/BLAS/hipBLASLt/stage/share/hipblaslt/samples/samples/25_hipblaslt_gemm_bias_swizzle_a_ext
2.5	-- Installing: /work/grodgers/git/tr-aomp/TheRock/build/math-libs/BLAS/hipBLASLt/stage/share/hipblaslt/samples/samples/25_hipblaslt_gemm_bias_swizzle_a_ext/sample_hipblaslt_gemm_bias_swizzle_a_ext.cpp
2.5	-- Installing: /work/grodgers/git/tr-aomp/TheRock/build/math-libs/BLAS/hipBLASLt/stage/share/hipblaslt/samples/samples/08_hipblaslt_gemm_gelu_aux_bias_ext
2.5	-- Installing: /work/grodgers/git/tr-aomp/TheRock/build/math-libs/BLAS/hipBLASLt/stage/share/hipblaslt/samples/samples/08_hipblaslt_gemm_gelu_aux_bias_ext/sample_hipblaslt_gemm_gelu_aux_bias_ext.cpp
2.5	-- Installing: /work/grodgers/git/tr-aomp/TheRock/build/math-libs/BLAS/hipBLASLt/stage/share/hipblaslt/samples/samples/22_hipblaslt_ext_op_layernorm
2.5	-- Installing: /work/grodgers/git/tr-aomp/TheRock/build/math-libs/BLAS/hipBLASLt/stage/share/hipblaslt/samples/samples/22_hipblaslt_ext_op_layernorm/sample_hipblaslt_ext_op_layernorm.cpp
2.5	-- Installing: /work/grodgers/git/tr-aomp/TheRock/build/math-libs/BLAS/hipBLASLt/stage/share/hipblaslt/samples/samples/25_hipblaslt_weight_swizzle_padding
2.5	-- Installing: /work/grodgers/git/tr-aomp/TheRock/build/math-libs/BLAS/hipBLASLt/stage/share/hipblaslt/samples/samples/25_hipblaslt_weight_swizzle_padding/sample_hipblaslt_weight_swizzle_padding.cpp
2.5	-- Installing: /work/grodgers/git/tr-aomp/TheRock/build/math-libs/BLAS/hipBLASLt/stage/share/hipblaslt/samples/samples/09_hipblaslt_gemm_amax_ext
2.5	-- Installing: /work/grodgers/git/tr-aomp/TheRock/build/math-libs/BLAS/hipBLASLt/stage/share/hipblaslt/samples/samples/09_hipblaslt_gemm_amax_ext/sample_hipblaslt_gemm_amax_ext.cpp
2.5	-- Installing: /work/grodgers/git/tr-aomp/TheRock/build/math-libs/BLAS/hipBLASLt/stage/share/hipblaslt/samples/samples/01_hipblaslt_gemm
2.5	-- Installing: /work/grodgers/git/tr-aomp/TheRock/build/math-libs/BLAS/hipBLASLt/stage/share/hipblaslt/samples/samples/01_hipblaslt_gemm/sample_hipblaslt_gemm.cpp
2.5	-- Installing: /work/grodgers/git/tr-aomp/TheRock/build/math-libs/BLAS/hipBLASLt/stage/share/hipblaslt/samples/samples/09_hipblaslt_gemm_amax
2.5	-- Installing: /work/grodgers/git/tr-aomp/TheRock/build/math-libs/BLAS/hipBLASLt/stage/share/hipblaslt/samples/samples/09_hipblaslt_gemm_amax/sample_hipblaslt_gemm_amax.cpp
2.5	-- Installing: /work/grodgers/git/tr-aomp/TheRock/build/math-libs/BLAS/hipBLASLt/stage/share/doc/hipblaslt/LICENSE.md
END	1757697407.365737	2.4987146854400635	0
