BEGIN	1757698164.3197904
EXEC	/work1/grodgers/git/tr-aomp/TheRock/build/math-libs/BLAS/rocBLAS/build	/usr/bin/cmake --install /work/grodgers/git/tr-aomp/TheRock/build/math-libs/BLAS/rocBLAS/build
0.0	-- Install configuration: "Release"
0.0	-- Installing: /work/grodgers/git/tr-aomp/TheRock/build/math-libs/BLAS/rocBLAS/stage/include
0.0	-- Installing: /work/grodgers/git/tr-aomp/TheRock/build/math-libs/BLAS/rocBLAS/stage/include/rocblas
0.0	-- Installing: /work/grodgers/git/tr-aomp/TheRock/build/math-libs/BLAS/rocBLAS/stage/include/rocblas/rocblas.h
0.0	-- Installing: /work/grodgers/git/tr-aomp/TheRock/build/math-libs/BLAS/rocBLAS/stage/include/rocblas/internal
0.0	-- Installing: /work/grodgers/git/tr-aomp/TheRock/build/math-libs/BLAS/rocBLAS/stage/include/rocblas/internal/rocblas_device_malloc.hpp
0.0	-- Installing: /work/grodgers/git/tr-aomp/TheRock/build/math-libs/BLAS/rocBLAS/stage/include/rocblas/internal/rocblas_block_sizes.h
0.0	-- Installing: /work/grodgers/git/tr-aomp/TheRock/build/math-libs/BLAS/rocBLAS/stage/include/rocblas/internal/rocblas_bfloat16.h
0.0	-- Installing: /work/grodgers/git/tr-aomp/TheRock/build/math-libs/BLAS/rocBLAS/stage/include/rocblas/internal/rocblas-types.h
0.0	-- Installing: /work/grodgers/git/tr-aomp/TheRock/build/math-libs/BLAS/rocBLAS/stage/include/rocblas/internal/rocblas-beta.h
0.0	-- Installing: /work/grodgers/git/tr-aomp/TheRock/build/math-libs/BLAS/rocBLAS/stage/include/rocblas/internal/rocblas-auxiliary.h
0.0	-- Installing: /work/grodgers/git/tr-aomp/TheRock/build/math-libs/BLAS/rocBLAS/stage/include/rocblas/internal/rocblas-complex-types.h
0.0	-- Installing: /work/grodgers/git/tr-aomp/TheRock/build/math-libs/BLAS/rocBLAS/stage/include/rocblas/internal/rocblas-export.h
0.0	-- Installing: /work/grodgers/git/tr-aomp/TheRock/build/math-libs/BLAS/rocBLAS/stage/include/rocblas/internal/rocblas-macros.h
0.0	-- Installing: /work/grodgers/git/tr-aomp/TheRock/build/math-libs/BLAS/rocBLAS/stage/include/rocblas/internal/rocblas_xfloat32.h
0.0	-- Installing: /work/grodgers/git/tr-aomp/TheRock/build/math-libs/BLAS/rocBLAS/stage/include/rocblas/internal/rocblas-functions.h
0.0	-- Installing: /work/grodgers/git/tr-aomp/TheRock/build/math-libs/BLAS/rocBLAS/stage/include/rocblas/internal/rocblas-exported-proto.hpp
0.0	-- Installing: /work/grodgers/git/tr-aomp/TheRock/build/math-libs/BLAS/rocBLAS/stage/include/rocblas/internal/rocblas-version.h
0.0	-- Installing: /work/grodgers/git/tr-aomp/TheRock/build/math-libs/BLAS/rocBLAS/stage/lib/librocblas.so.5.1
0.1	-- Installing: /work/grodgers/git/tr-aomp/TheRock/build/math-libs/BLAS/rocBLAS/stage/lib/librocblas.so.5
0.1	-- Set non-toolchain portion of runtime path of "/work/grodgers/git/tr-aomp/TheRock/build/math-libs/BLAS/rocBLAS/stage/lib/librocblas.so.5.1" to "$ORIGIN/rocm_sysdeps/lib:$ORIGIN/llvm/lib:$ORIGIN:$ORIGIN/host-math/lib"
0.1	-- Installing: /work/grodgers/git/tr-aomp/TheRock/build/math-libs/BLAS/rocBLAS/stage/lib/librocblas.so
0.1	-- Installing: /work/grodgers/git/tr-aomp/TheRock/build/math-libs/BLAS/rocBLAS/stage/lib/rocblas/library
0.1	-- Installing: /work/grodgers/git/tr-aomp/TheRock/build/math-libs/BLAS/rocBLAS/stage/lib/rocblas/library/TensileLibrary_Type_BB_HPA_Contraction_l_Alik_Bljk_Cijk_Dijk_fallback_gfx942.hsaco
0.1	-- Installing: /work/grodgers/git/tr-aomp/TheRock/build/math-libs/BLAS/rocBLAS/stage/lib/rocblas/library/TensileLibrary_Type_HH_HPA_Contraction_l_Ailk_Bjlk_Cijk_Dijk_gfx90a.co
0.1	-- Installing: /work/grodgers/git/tr-aomp/TheRock/build/math-libs/BLAS/rocBLAS/stage/lib/rocblas/library/TensileLibrary_Type_HS_HPA_Contraction_l_Ailk_Bjlk_Cijk_Dijk_gfx908.hsaco
0.1	-- Installing: /work/grodgers/git/tr-aomp/TheRock/build/math-libs/BLAS/rocBLAS/stage/lib/rocblas/library/TensileLibrary_Type_HH_HPA_ExperimentalGrid_Contraction_l_Ailk_Bjlk_Cijk_Dijk_CU104_gfx90a.dat
0.1	-- Installing: /work/grodgers/git/tr-aomp/TheRock/build/math-libs/BLAS/rocBLAS/stage/lib/rocblas/library/TensileLibrary_Type_F8B8_HPA_Contraction_l_Ailk_Bjlk_Cijk_Dijk_gfx942.dat
0.1	-- Installing: /work/grodgers/git/tr-aomp/TheRock/build/math-libs/BLAS/rocBLAS/stage/lib/rocblas/library/TensileManifest.txt
0.1	-- Installing: /work/grodgers/git/tr-aomp/TheRock/build/math-libs/BLAS/rocBLAS/stage/lib/rocblas/library/TensileLibrary_Type_B8B8_HPA_Contraction_l_Alik_Bjlk_Cijk_Dijk_gfx942.dat
0.1	-- Installing: /work/grodgers/git/tr-aomp/TheRock/build/math-libs/BLAS/rocBLAS/stage/lib/rocblas/library/TensileLibrary_Type_BS_HPA_Contraction_l_Alik_Bljk_Cijk_Dijk_CU104_gfx90a.co
0.1	-- Installing: /work/grodgers/git/tr-aomp/TheRock/build/math-libs/BLAS/rocBLAS/stage/lib/rocblas/library/TensileLibrary_Type_DD_Contraction_l_Ailk_Bljk_Cijk_Dijk_fallback.dat
0.1	-- Installing: /work/grodgers/git/tr-aomp/TheRock/build/math-libs/BLAS/rocBLAS/stage/lib/rocblas/library/TensileLibrary_Type_4xi8I_HPA_Contraction_l_Alik_Bjlk_Cijk_Dijk_fallback_gfx90a-xnack+.hsaco
0.1	-- Installing: /work/grodgers/git/tr-aomp/TheRock/build/math-libs/BLAS/rocBLAS/stage/lib/rocblas/library/TensileLibrary_Type_DD_Contraction_l_Ailk_Bljk_Cijk_Dijk_gfx942.co
0.1	-- Installing: /work/grodgers/git/tr-aomp/TheRock/build/math-libs/BLAS/rocBLAS/stage/lib/rocblas/library/TensileLibrary_Type_CC_Contraction_l_AlikC_Bljk_Cijk_Dijk_fallback_gfx908.hsaco
0.1	-- Installing: /work/grodgers/git/tr-aomp/TheRock/build/math-libs/BLAS/rocBLAS/stage/lib/rocblas/library/TensileLibrary_Type_CC_Contraction_l_Ailk_Bljk_Cijk_Dijk_gfx90a.dat
0.1	-- Installing: /work/grodgers/git/tr-aomp/TheRock/build/math-libs/BLAS/rocBLAS/stage/lib/rocblas/library/TensileLibrary_Type_ZZ_Contraction_l_AlikC_BjlkC_Cijk_Dijk_fallback.dat
0.1	-- Installing: /work/grodgers/git/tr-aomp/TheRock/build/math-libs/BLAS/rocBLAS/stage/lib/rocblas/library/TensileLibrary_Type_SS_Contraction_l_Alik_Bljk_Cijk_Dijk_fallback_gfx908.hsaco
0.1	-- Installing: /work/grodgers/git/tr-aomp/TheRock/build/math-libs/BLAS/rocBLAS/stage/lib/rocblas/library/TensileLibrary_Type_HH_HPA_Contraction_l_Ailk_Bljk_Cijk_Dijk_gfx90a-xnack-.hsaco
0.1	-- Installing: /work/grodgers/git/tr-aomp/TheRock/build/math-libs/BLAS/rocBLAS/stage/lib/rocblas/library/TensileLibrary_Type_ZZ_Contraction_l_AlikC_BjlkC_Cijk_Dijk_gfx90a.dat
0.1	-- Installing: /work/grodgers/git/tr-aomp/TheRock/build/math-libs/BLAS/rocBLAS/stage/lib/rocblas/library/TensileLibrary_Type_HH_HPA_Contraction_l_Ailk_Bljk_Cijk_Dijk_gfx90a.dat
0.1	-- Installing: /work/grodgers/git/tr-aomp/TheRock/build/math-libs/BLAS/rocBLAS/stage/lib/rocblas/library/TensileLibrary_Type_HH_Contraction_l_Alik_Bjlk_Cijk_Dijk_gfx942.dat
0.1	-- Installing: /work/grodgers/git/tr-aomp/TheRock/build/math-libs/BLAS/rocBLAS/stage/lib/rocblas/library/TensileLibrary_Type_CC_Contraction_l_Alik_Bljk_Cijk_Dijk_fallback.dat
0.1	-- Installing: /work/grodgers/git/tr-aomp/TheRock/build/math-libs/BLAS/rocBLAS/stage/lib/rocblas/library/TensileLibrary_Type_HH_HPA_Fp16AltRnz_Fp16Alt_Contraction_l_Ailk_Bjlk_Cijk_Dijk_gfx90a.co
0.1	-- Installing: /work/grodgers/git/tr-aomp/TheRock/build/math-libs/BLAS/rocBLAS/stage/lib/rocblas/library/TensileLibrary_Type_CC_Contraction_l_AlikC_Bjlk_Cijk_Dijk_gfx942.co
0.1	-- Installing: /work/grodgers/git/tr-aomp/TheRock/build/math-libs/BLAS/rocBLAS/stage/lib/rocblas/library/TensileLibrary_Type_4xi8I_HPA_Contraction_l_Ailk_Bjlk_Cijk_Dijk_gfx908.dat
0.1	-- Installing: /work/grodgers/git/tr-aomp/TheRock/build/math-libs/BLAS/rocBLAS/stage/lib/rocblas/library/TensileLibrary_Type_HH_HPA_Fp16AltRnz_Fp16Alt_Contraction_l_Alik_Bljk_Cijk_Dijk_gfx90a.co
0.1	-- Installing: /work/grodgers/git/tr-aomp/TheRock/build/math-libs/BLAS/rocBLAS/stage/lib/rocblas/library/TensileLibrary_Type_BB_HPA_Contraction_l_Alik_Bljk_Cijk_Dijk_fallback_gfx90a-xnack-.hsaco
0.1	-- Installing: /work/grodgers/git/tr-aomp/TheRock/build/math-libs/BLAS/rocBLAS/stage/lib/rocblas/library/TensileLibrary_Type_HS_HPA_Contraction_l_Alik_Bljk_Cijk_Dijk_gfx908.dat
0.1	-- Installing: /work/grodgers/git/tr-aomp/TheRock/build/math-libs/BLAS/rocBLAS/stage/lib/rocblas/library/TensileLibrary_Type_HH_HPA_Fp16AltRnz_Fp16Alt_ExperimentalDTree_Contraction_l_Ailk_Bljk_Cijk_Dijk_CU104_gfx90a.dat
0.1	-- Installing: /work/grodgers/git/tr-aomp/TheRock/build/math-libs/BLAS/rocBLAS/stage/lib/rocblas/library/TensileLibrary_Type_4xi8I_HPA_Contraction_l_Alik_Bljk_Cijk_Dijk_gfx908.co
0.1	-- Installing: /work/grodgers/git/tr-aomp/TheRock/build/math-libs/BLAS/rocBLAS/stage/lib/rocblas/library/TensileLibrary_Type_CC_Contraction_l_AlikC_BjlkC_Cijk_Dijk_gfx90a.dat
0.1	-- Installing: /work/grodgers/git/tr-aomp/TheRock/build/math-libs/BLAS/rocBLAS/stage/lib/rocblas/library/TensileLibrary_Type_HH_Contraction_l_Alik_Bjlk_Cijk_Dijk_fallback_gfx90a-xnack+.hsaco
0.1	-- Installing: /work/grodgers/git/tr-aomp/TheRock/build/math-libs/BLAS/rocBLAS/stage/lib/rocblas/library/TensileLibrary_Type_ZZ_Contraction_l_Ailk_BjlkC_Cijk_Dijk_gfx90a.dat
0.1	-- Installing: /work/grodgers/git/tr-aomp/TheRock/build/math-libs/BLAS/rocBLAS/stage/lib/rocblas/library/TensileLibrary_Type_CC_Contraction_l_Ailk_BjlkC_Cijk_Dijk_fallback_gfx908.hsaco
0.1	-- Installing: /work/grodgers/git/tr-aomp/TheRock/build/math-libs/BLAS/rocBLAS/stage/lib/rocblas/library/TensileLibrary_Type_SS_Contraction_l_Ailk_Bljk_Cijk_Dijk_gfx908.hsaco
0.1	-- Installing: /work/grodgers/git/tr-aomp/TheRock/build/math-libs/BLAS/rocBLAS/stage/lib/rocblas/library/TensileLibrary_Type_CC_Contraction_l_Ailk_BjlkC_Cijk_Dijk_gfx908.co
0.1	-- Installing: /work/grodgers/git/tr-aomp/TheRock/build/math-libs/BLAS/rocBLAS/stage/lib/rocblas/library/TensileLibrary_Type_4xi8I_HPA_Contraction_l_Alik_Bljk_Cijk_Dijk_fallback_gfx90a-xnack+.hsaco
0.1	-- Installing: /work/grodgers/git/tr-aomp/TheRock/build/math-libs/BLAS/rocBLAS/stage/lib/rocblas/library/TensileLibrary_Type_ZZ_Contraction_l_Alik_Bjlk_Cijk_Dijk_gfx942.dat
0.1	-- Installing: /work/grodgers/git/tr-aomp/TheRock/build/math-libs/BLAS/rocBLAS/stage/lib/rocblas/library/TensileLibrary_Type_HH_HPA_Contraction_l_Ailk_Bjlk_Cijk_Dijk_fallback.dat
0.1	-- Installing: /work/grodgers/git/tr-aomp/TheRock/build/math-libs/BLAS/rocBLAS/stage/lib/rocblas/library/TensileLibrary_Type_HS_HPA_Contraction_l_Ailk_Bjlk_Cijk_Dijk_gfx942.dat
0.1	-- Installing: /work/grodgers/git/tr-aomp/TheRock/build/math-libs/BLAS/rocBLAS/stage/lib/rocblas/library/TensileLibrary_Type_SS_Contraction_l_Ailk_Bljk_Cijk_Dijk_gfx942.dat
0.1	-- Installing: /work/grodgers/git/tr-aomp/TheRock/build/math-libs/BLAS/rocBLAS/stage/lib/rocblas/library/TensileLibrary_Type_HH_HPA_Contraction_l_Alik_Bljk_Cijk_Dijk_XPU_gfx942.dat
0.1	-- Installing: /work/grodgers/git/tr-aomp/TheRock/build/math-libs/BLAS/rocBLAS/stage/lib/rocblas/library/TensileLibrary_Type_HH_HPA_Contraction_l_Ailk_Bjlk_Cijk_Dijk_CU104_gfx90a-xnack+.hsaco
0.1	-- Installing: /work/grodgers/git/tr-aomp/TheRock/build/math-libs/BLAS/rocBLAS/stage/lib/rocblas/library/TensileLibrary_Type_4xi8I_HPA_Contraction_l_Ailk_Bljk_Cijk_Dijk_fallback_gfx90a-xnack+.hsaco
0.1	-- Installing: /work/grodgers/git/tr-aomp/TheRock/build/math-libs/BLAS/rocBLAS/stage/lib/rocblas/library/TensileLibrary_Type_HH_HPA_Contraction_l_Ailk_Bljk_Cijk_Dijk_CU104_gfx90a-xnack-.hsaco
0.1	-- Installing: /work/grodgers/git/tr-aomp/TheRock/build/math-libs/BLAS/rocBLAS/stage/lib/rocblas/library/TensileLibrary_Type_B8B8_HPA_Contraction_l_Ailk_Bjlk_Cijk_Dijk_gfx942.dat
0.1	-- Installing: /work/grodgers/git/tr-aomp/TheRock/build/math-libs/BLAS/rocBLAS/stage/lib/rocblas/library/TensileLibrary_Type_HH_HPA_ExperimentalDTree_Contraction_l_Ailk_Bljk_Cijk_Dijk_CU104_gfx90a.co
0.1	-- Installing: /work/grodgers/git/tr-aomp/TheRock/build/math-libs/BLAS/rocBLAS/stage/lib/rocblas/library/TensileLibrary_Type_HH_Contraction_l_Alik_Bljk_Cijk_Dijk_fallback_gfx90a-xnack+.hsaco
0.1	-- Installing: /work/grodgers/git/tr-aomp/TheRock/build/math-libs/BLAS/rocBLAS/stage/lib/rocblas/library/TensileLibrary_Type_I8I_HPA_Contraction_l_Ailk_Bljk_Cijk_Dijk_gfx942.dat
0.1	-- Installing: /work/grodgers/git/tr-aomp/TheRock/build/math-libs/BLAS/rocBLAS/stage/lib/rocblas/library/TensileLibrary_Type_HH_HPA_Fp16Alt_Contraction_l_Ailk_Bjlk_Cijk_Dijk_CU104_gfx90a-xnack+.hsaco
0.1	-- Installing: /work/grodgers/git/tr-aomp/TheRock/build/math-libs/BLAS/rocBLAS/stage/lib/rocblas/library/TensileLibrary_Type_B8H_HPA_Contraction_l_Alik_Bjlk_Cijk_Dijk_gfx942.co
0.1	-- Installing: /work/grodgers/git/tr-aomp/TheRock/build/math-libs/BLAS/rocBLAS/stage/lib/rocblas/library/TensileLibrary_Type_DD_ExperimentalDTree_Contraction_l_Ailk_Bljk_Cijk_Dijk_gfx90a.dat
0.1	-- Installing: /work/grodgers/git/tr-aomp/TheRock/build/math-libs/BLAS/rocBLAS/stage/lib/rocblas/library/TensileLibrary_Type_CC_Contraction_l_Alik_Bjlk_Cijk_Dijk_gfx908.dat
0.1	-- Installing: /work/grodgers/git/tr-aomp/TheRock/build/math-libs/BLAS/rocBLAS/stage/lib/rocblas/library/TensileLibrary_Type_I8I_HPA_Contraction_l_Ailk_Bjlk_Cijk_Dijk_gfx90a.dat
0.1	-- Installing: /work/grodgers/git/tr-aomp/TheRock/build/math-libs/BLAS/rocBLAS/stage/lib/rocblas/library/TensileLibrary_Type_CC_Contraction_l_Ailk_Bljk_Cijk_Dijk_fallback_gfx908.hsaco
0.1	-- Installing: /work/grodgers/git/tr-aomp/TheRock/build/math-libs/BLAS/rocBLAS/stage/lib/rocblas/library/TensileLibrary_Type_CC_Contraction_l_AlikC_BjlkC_Cijk_Dijk_fallback.dat
0.1	-- Installing: /work/grodgers/git/tr-aomp/TheRock/build/math-libs/BLAS/rocBLAS/stage/lib/rocblas/library/TensileLibrary_Type_BS_HPA_Contraction_l_Alik_Bljk_Cijk_Dijk_gfx90a.dat
0.1	-- Installing: /work/grodgers/git/tr-aomp/TheRock/build/math-libs/BLAS/rocBLAS/stage/lib/rocblas/library/TensileLibrary_Type_BS_HPA_Contraction_l_Ailk_Bljk_Cijk_Dijk_fallback.dat
0.1	-- Installing: /work/grodgers/git/tr-aomp/TheRock/build/math-libs/BLAS/rocBLAS/stage/lib/rocblas/library/TensileLibrary_Type_F8F8_HPA_Contraction_l_Ailk_Bljk_Cijk_Dijk_gfx942.co
0.1	-- Installing: /work/grodgers/git/tr-aomp/TheRock/build/math-libs/BLAS/rocBLAS/stage/lib/rocblas/library/TensileLibrary_Type_ZZ_Contraction_l_Ailk_Bljk_Cijk_Dijk_gfx90a.co
0.1	-- Installing: /work/grodgers/git/tr-aomp/TheRock/build/math-libs/BLAS/rocBLAS/stage/lib/rocblas/library/TensileLibrary_Type_I8I_HPA_Contraction_l_Ailk_Bljk_Cijk_Dijk_CU104_gfx90a.co
0.1	-- Installing: /work/grodgers/git/tr-aomp/TheRock/build/math-libs/BLAS/rocBLAS/stage/lib/rocblas/library/TensileLibrary_Type_F8B8_HPA_Contraction_l_Alik_Bljk_Cijk_Dijk_gfx942.dat
0.1	-- Installing: /work/grodgers/git/tr-aomp/TheRock/build/math-libs/BLAS/rocBLAS/stage/lib/rocblas/library/TensileLibrary_Type_DD_Contraction_l_Ailk_Bljk_Cijk_Dijk_fallback_gfx908.hsaco
0.1	-- Installing: /work/grodgers/git/tr-aomp/TheRock/build/math-libs/BLAS/rocBLAS/stage/lib/rocblas/library/TensileLibrary_Type_HS_HPA_Contraction_l_Ailk_Bljk_Cijk_Dijk_CU104_gfx90a.co
0.1	-- Installing: /work/grodgers/git/tr-aomp/TheRock/build/math-libs/BLAS/rocBLAS/stage/lib/rocblas/library/TensileLibrary_Type_DD_Contraction_l_Ailk_Bljk_Cijk_Dijk_gfx90a.dat
0.1	-- Installing: /work/grodgers/git/tr-aomp/TheRock/build/math-libs/BLAS/rocBLAS/stage/lib/rocblas/library/TensileLibrary_Type_B8H_HPA_Contraction_l_Alik_Bljk_Cijk_Dijk_gfx942.co
0.1	-- Installing: /work/grodgers/git/tr-aomp/TheRock/build/math-libs/BLAS/rocBLAS/stage/lib/rocblas/library/TensileLibrary_Type_BB_HPA_Contraction_l_Alik_Bljk_Cijk_Dijk_XPU_gfx942.dat
0.1	-- Installing: /work/grodgers/git/tr-aomp/TheRock/build/math-libs/BLAS/rocBLAS/stage/lib/rocblas/library/TensileLibrary_Type_HH_Contraction_l_Alik_Bljk_Cijk_Dijk_gfx942.dat
0.1	-- Installing: /work/grodgers/git/tr-aomp/TheRock/build/math-libs/BLAS/rocBLAS/stage/lib/rocblas/library/TensileLibrary_Type_HH_HPA_Fp16AltRnz_Fp16Alt_ExperimentalDTree_Contraction_l_Ailk_Bljk_Cijk_Dijk_gfx90a.co
0.1	-- Installing: /work/grodgers/git/tr-aomp/TheRock/build/math-libs/BLAS/rocBLAS/stage/lib/rocblas/library/TensileLibrary_Type_ZZ_Contraction_l_Alik_Bljk_Cijk_Dijk_fallback.dat
0.1	-- Installing: /work/grodgers/git/tr-aomp/TheRock/build/math-libs/BLAS/rocBLAS/stage/lib/rocblas/library/TensileLibrary_Type_HH_HPA_ExperimentalDTree_Contraction_l_Ailk_Bljk_Cijk_Dijk_gfx90a.dat
0.1	-- Installing: /work/grodgers/git/tr-aomp/TheRock/build/math-libs/BLAS/rocBLAS/stage/lib/rocblas/library/TensileLibrary_Type_ZZ_Contraction_l_Ailk_Bljk_Cijk_Dijk_gfx942.co
0.1	-- Installing: /work/grodgers/git/tr-aomp/TheRock/build/math-libs/BLAS/rocBLAS/stage/lib/rocblas/library/TensileLibrary_Type_HS_HPA_Contraction_l_Ailk_Bljk_Cijk_Dijk_gfx942.co
0.1	-- Installing: /work/grodgers/git/tr-aomp/TheRock/build/math-libs/BLAS/rocBLAS/stage/lib/rocblas/library/TensileLibrary_Type_ZZ_Contraction_l_Ailk_Bjlk_Cijk_Dijk_fallback_gfx908.hsaco
0.1	-- Installing: /work/grodgers/git/tr-aomp/TheRock/build/math-libs/BLAS/rocBLAS/stage/lib/rocblas/library/TensileLibrary_Type_DD_ExperimentalDTree_Contraction_l_Ailk_Bjlk_Cijk_Dijk_CU104_gfx90a.dat
0.1	-- Installing: /work/grodgers/git/tr-aomp/TheRock/build/math-libs/BLAS/rocBLAS/stage/lib/rocblas/library/TensileLibrary_Type_HH_HPA_Fp16AltRnz_Fp16Alt_Contraction_l_Alik_Bjlk_Cijk_Dijk_CU104_gfx90a-xnack+.hsaco
0.1	-- Installing: /work/grodgers/git/tr-aomp/TheRock/build/math-libs/BLAS/rocBLAS/stage/lib/rocblas/library/TensileLibrary_Type_BB_HPA_Contraction_l_Alik_Bljk_Cijk_Dijk_gfx90a-xnack+.hsaco
0.1	-- Installing: /work/grodgers/git/tr-aomp/TheRock/build/math-libs/BLAS/rocBLAS/stage/lib/rocblas/library/TensileLibrary_Type_HH_HPA_Contraction_l_Alik_Bljk_Cijk_Dijk_gfx942.co
0.1	-- Installing: /work/grodgers/git/tr-aomp/TheRock/build/math-libs/BLAS/rocBLAS/stage/lib/rocblas/library/TensileLibrary_Type_SS_Contraction_l_Alik_Bjlk_Cijk_Dijk_gfx908.hsaco
0.1	-- Installing: /work/grodgers/git/tr-aomp/TheRock/build/math-libs/BLAS/rocBLAS/stage/lib/rocblas/library/TensileLibrary_Type_DD_Contraction_l_Ailk_Bjlk_Cijk_Dijk_fallback.dat
0.1	-- Installing: /work/grodgers/git/tr-aomp/TheRock/build/math-libs/BLAS/rocBLAS/stage/lib/rocblas/library/TensileLibrary_Type_I8I_HPA_Contraction_l_Alik_Bljk_Cijk_Dijk_CU80_XPU_gfx942.co
0.1	-- Installing: /work/grodgers/git/tr-aomp/TheRock/build/math-libs/BLAS/rocBLAS/stage/lib/rocblas/library/TensileLibrary_Type_BS_HPA_Contraction_l_Alik_Bljk_Cijk_Dijk_gfx908.co
0.1	-- Installing: /work/grodgers/git/tr-aomp/TheRock/build/math-libs/BLAS/rocBLAS/stage/lib/rocblas/library/TensileLibrary_Type_CC_Contraction_l_Alik_Bljk_Cijk_Dijk_fallback_gfx90a-xnack-.hsaco
0.1	-- Installing: /work/grodgers/git/tr-aomp/TheRock/build/math-libs/BLAS/rocBLAS/stage/lib/rocblas/library/TensileLibrary_Type_4xi8I_HPA_Contraction_l_Alik_Bjlk_Cijk_Dijk_fallback_gfx942.hsaco
0.1	-- Installing: /work/grodgers/git/tr-aomp/TheRock/build/math-libs/BLAS/rocBLAS/stage/lib/rocblas/library/TensileLibrary_Type_CC_Contraction_l_Ailk_Bjlk_Cijk_Dijk_gfx908.dat
0.1	-- Installing: /work/grodgers/git/tr-aomp/TheRock/build/math-libs/BLAS/rocBLAS/stage/lib/rocblas/library/TensileLibrary_Type_F8H_HPA_Contraction_l_Alik_Bljk_Cijk_Dijk_gfx942.co
0.1	-- Installing: /work/grodgers/git/tr-aomp/TheRock/build/math-libs/BLAS/rocBLAS/stage/lib/rocblas/library/TensileLibrary_Type_HH_HPA_Fp16AltRnz_Fp16Alt_Contraction_l_Ailk_Bljk_Cijk_Dijk_CU104_gfx90a.dat
0.1	-- Installing: /work/grodgers/git/tr-aomp/TheRock/build/math-libs/BLAS/rocBLAS/stage/lib/rocblas/library/TensileLibrary_Type_SS_Contraction_l_Ailk_Bjlk_Cijk_Dijk_gfx908.dat
0.1	-- Installing: /work/grodgers/git/tr-aomp/TheRock/build/math-libs/BLAS/rocBLAS/stage/lib/rocblas/library/TensileLibrary_Type_ZZ_Contraction_l_Alik_BjlkC_Cijk_Dijk_fallback_gfx90a-xnack+.hsaco
0.1	-- Installing: /work/grodgers/git/tr-aomp/TheRock/build/math-libs/BLAS/rocBLAS/stage/lib/rocblas/library/TensileLibrary_Type_HH_HPA_ExperimentalDTree_Contraction_l_Ailk_Bjlk_Cijk_Dijk_gfx90a.co
0.1	-- Installing: /work/grodgers/git/tr-aomp/TheRock/build/math-libs/BLAS/rocBLAS/stage/lib/rocblas/library/TensileLibrary_Type_ZZ_Contraction_l_Alik_Bljk_Cijk_Dijk_gfx90a.co
0.1	-- Installing: /work/grodgers/git/tr-aomp/TheRock/build/math-libs/BLAS/rocBLAS/stage/lib/rocblas/library/TensileLibrary_Type_BB_HPA_Contraction_l_Alik_Bjlk_Cijk_Dijk_gfx908.dat
0.1	-- Installing: /work/grodgers/git/tr-aomp/TheRock/build/math-libs/BLAS/rocBLAS/stage/lib/rocblas/library/TensileLibrary_Type_HH_HPA_Contraction_l_Alik_Bljk_Cijk_Dijk_fallback_gfx90a-xnack+.hsaco
0.1	-- Installing: /work/grodgers/git/tr-aomp/TheRock/build/math-libs/BLAS/rocBLAS/stage/lib/rocblas/library/TensileLibrary_Type_I8I_HPA_Contraction_l_Alik_Bjlk_Cijk_Dijk_gfx90a.co
0.1	-- Installing: /work/grodgers/git/tr-aomp/TheRock/build/math-libs/BLAS/rocBLAS/stage/lib/rocblas/library/TensileLibrary_Type_HH_HPA_Contraction_l_Ailk_Bjlk_Cijk_Dijk_gfx90a-xnack+.hsaco
0.1	-- Installing: /work/grodgers/git/tr-aomp/TheRock/build/math-libs/BLAS/rocBLAS/stage/lib/rocblas/library/TensileLibrary_Type_SS_ExperimentalDTree_Contraction_l_Alik_Bljk_Cijk_Dijk_gfx90a.co
0.1	-- Installing: /work/grodgers/git/tr-aomp/TheRock/build/math-libs/BLAS/rocBLAS/stage/lib/rocblas/library/TensileLibrary_Type_SS_Contraction_l_Alik_Bljk_Cijk_Dijk_fallback.dat
0.1	-- Installing: /work/grodgers/git/tr-aomp/TheRock/build/math-libs/BLAS/rocBLAS/stage/lib/rocblas/library/TensileLibrary_Type_4xi8I_HPA_Contraction_l_Ailk_Bjlk_Cijk_Dijk_gfx90a.co
0.1	-- Installing: /work/grodgers/git/tr-aomp/TheRock/build/math-libs/BLAS/rocBLAS/stage/lib/rocblas/library/TensileLibrary_Type_HH_Contraction_l_Ailk_Bljk_Cijk_Dijk_fallback_gfx942.hsaco
0.1	-- Installing: /work/grodgers/git/tr-aomp/TheRock/build/math-libs/BLAS/rocBLAS/stage/lib/rocblas/library/TensileLibrary_Type_F8F8_HPA_Contraction_l_Ailk_Bjlk_Cijk_Dijk_gfx942.co
0.1	-- Installing: /work/grodgers/git/tr-aomp/TheRock/build/math-libs/BLAS/rocBLAS/stage/lib/rocblas/library/TensileLibrary_Type_I8I_HPA_Contraction_l_Ailk_Bjlk_Cijk_Dijk_CU104_gfx90a.co
0.1	-- Installing: /work/grodgers/git/tr-aomp/TheRock/build/math-libs/BLAS/rocBLAS/stage/lib/rocblas/library/TensileLibrary_Type_BS_HPA_Contraction_l_Ailk_Bjlk_Cijk_Dijk_gfx90a.dat
0.1	-- Installing: /work/grodgers/git/tr-aomp/TheRock/build/math-libs/BLAS/rocBLAS/stage/lib/rocblas/library/TensileLibrary_Type_BB_HPA_Contraction_l_Alik_Bjlk_Cijk_Dijk_gfx942.dat
0.1	-- Installing: /work/grodgers/git/tr-aomp/TheRock/build/math-libs/BLAS/rocBLAS/stage/lib/rocblas/library/TensileLibrary_Type_CC_Contraction_l_Ailk_Bljk_Cijk_Dijk_gfx942.co
0.1	-- Installing: /work/grodgers/git/tr-aomp/TheRock/build/math-libs/BLAS/rocBLAS/stage/lib/rocblas/library/TensileLibrary_Type_HH_HPA_Fp16AltRnz_Fp16Alt_ExperimentalDTree_Contraction_l_Ailk_Bjlk_Cijk_Dijk_CU104_gfx90a.co
0.1	-- Installing: /work/grodgers/git/tr-aomp/TheRock/build/math-libs/BLAS/rocBLAS/stage/lib/rocblas/library/TensileLibrary_Type_HS_HPA_Contraction_l_Alik_Bljk_Cijk_Dijk_gfx942.co
0.1	-- Installing: /work/grodgers/git/tr-aomp/TheRock/build/math-libs/BLAS/rocBLAS/stage/lib/rocblas/library/TensileLibrary_Type_HS_HPA_Contraction_l_Ailk_Bjlk_Cijk_Dijk_CU104_gfx90a.co
0.1	-- Installing: /work/grodgers/git/tr-aomp/TheRock/build/math-libs/BLAS/rocBLAS/stage/lib/rocblas/library/TensileLibrary_Type_HH_Contraction_l_Ailk_Bjlk_Cijk_Dijk_fallback_gfx908.hsaco
0.1	-- Installing: /work/grodgers/git/tr-aomp/TheRock/build/math-libs/BLAS/rocBLAS/stage/lib/rocblas/library/TensileLibrary_Type_CC_Contraction_l_Ailk_Bjlk_Cijk_Dijk_fallback_gfx90a-xnack+.hsaco
0.1	-- Installing: /work/grodgers/git/tr-aomp/TheRock/build/math-libs/BLAS/rocBLAS/stage/lib/rocblas/library/TensileLibrary_Type_ZZ_Contraction_l_Ailk_BjlkC_Cijk_Dijk_fallback_gfx90a-xnack-.hsaco
0.1	-- Installing: /work/grodgers/git/tr-aomp/TheRock/build/math-libs/BLAS/rocBLAS/stage/lib/rocblas/library/TensileLibrary_Type_CC_Contraction_l_Alik_Bljk_Cijk_Dijk_fallback_gfx90a-xnack+.hsaco
0.1	-- Installing: /work/grodgers/git/tr-aomp/TheRock/build/math-libs/BLAS/rocBLAS/stage/lib/rocblas/library/TensileLibrary_Type_HH_HPA_Contraction_l_Alik_Bjlk_Cijk_Dijk_gfx908.co
0.1	-- Installing: /work/grodgers/git/tr-aomp/TheRock/build/math-libs/BLAS/rocBLAS/stage/lib/rocblas/library/TensileLibrary_Type_HS_HPA_Contraction_l_Ailk_Bljk_Cijk_Dijk_gfx908.dat
0.1	-- Installing: /work/grodgers/git/tr-aomp/TheRock/build/math-libs/BLAS/rocBLAS/stage/lib/rocblas/library/TensileLibrary_Type_B8H_HPA_Contraction_l_Ailk_Bjlk_Cijk_Dijk_gfx942.dat
0.1	-- Installing: /work/grodgers/git/tr-aomp/TheRock/build/math-libs/BLAS/rocBLAS/stage/lib/rocblas/library/TensileLibrary_Type_ZZ_Contraction_l_AlikC_Bljk_Cijk_Dijk_gfx942.dat
0.1	-- Installing: /work/grodgers/git/tr-aomp/TheRock/build/math-libs/BLAS/rocBLAS/stage/lib/rocblas/library/TensileLibrary_Type_HH_HPA_Contraction_l_Ailk_Bljk_Cijk_Dijk_XPU_gfx942.co
0.1	-- Installing: /work/grodgers/git/tr-aomp/TheRock/build/math-libs/BLAS/rocBLAS/stage/lib/rocblas/library/TensileLibrary_Type_CC_Contraction_l_Alik_BjlkC_Cijk_Dijk_fallback_gfx90a-xnack+.hsaco
0.1	-- Installing: /work/grodgers/git/tr-aomp/TheRock/build/math-libs/BLAS/rocBLAS/stage/lib/rocblas/library/TensileLibrary_Type_SS_Contraction_l_Alik_Bljk_Cijk_Dijk_gfx908.dat
0.1	-- Installing: /work/grodgers/git/tr-aomp/TheRock/build/math-libs/BLAS/rocBLAS/stage/lib/rocblas/library/TensileLibrary_Type_SS_Contraction_l_Ailk_Bjlk_Cijk_Dijk_CU104_gfx90a.co
0.1	-- Installing: /work/grodgers/git/tr-aomp/TheRock/build/math-libs/BLAS/rocBLAS/stage/lib/rocblas/library/TensileLibrary_Type_BS_HPA_Contraction_l_Ailk_Bjlk_Cijk_Dijk_CU104_gfx90a.co
0.1	-- Installing: /work/grodgers/git/tr-aomp/TheRock/build/math-libs/BLAS/rocBLAS/stage/lib/rocblas/library/TensileLibrary_Type_I8I_HPA_Contraction_l_Ailk_Bjlk_Cijk_Dijk_gfx942.co
0.1	-- Installing: /work/grodgers/git/tr-aomp/TheRock/build/math-libs/BLAS/rocBLAS/stage/lib/rocblas/library/TensileLibrary_Type_SS_Contraction_l_Ailk_Bljk_Cijk_Dijk_gfx908.dat
0.1	-- Installing: /work/grodgers/git/tr-aomp/TheRock/build/math-libs/BLAS/rocBLAS/stage/lib/rocblas/library/TensileLibrary_Type_ZZ_Contraction_l_AlikC_Bjlk_Cijk_Dijk_gfx942.co
0.1	-- Installing: /work/grodgers/git/tr-aomp/TheRock/build/math-libs/BLAS/rocBLAS/stage/lib/rocblas/library/TensileLibrary_Type_SS_ExperimentalDTree_Contraction_l_Ailk_Bjlk_Cijk_Dijk_gfx90a.co
0.1	-- Installing: /work/grodgers/git/tr-aomp/TheRock/build/math-libs/BLAS/rocBLAS/stage/lib/rocblas/library/TensileLibrary_Type_HH_HPA_Fp16Alt_Contraction_l_Ailk_Bjlk_Cijk_Dijk_gfx90a-xnack+.hsaco
0.1	-- Installing: /work/grodgers/git/tr-aomp/TheRock/build/math-libs/BLAS/rocBLAS/stage/lib/rocblas/library/TensileLibrary_Type_CC_Contraction_l_Ailk_BjlkC_Cijk_Dijk_fallback.dat
0.1	-- Installing: /work/grodgers/git/tr-aomp/TheRock/build/math-libs/BLAS/rocBLAS/stage/lib/rocblas/library/TensileLibrary_Type_CC_Contraction_l_Alik_Bljk_Cijk_Dijk_gfx908.co
0.1	-- Installing: /work/grodgers/git/tr-aomp/TheRock/build/math-libs/BLAS/rocBLAS/stage/lib/rocblas/library/TensileLibrary_Type_BB_HPA_Contraction_l_Ailk_Bjlk_Cijk_Dijk_XPU_gfx942.co
0.1	-- Installing: /work/grodgers/git/tr-aomp/TheRock/build/math-libs/BLAS/rocBLAS/stage/lib/rocblas/library/TensileLibrary_Type_SS_Contraction_l_Ailk_Bljk_Cijk_Dijk_CU104_gfx90a.co
0.1	-- Installing: /work/grodgers/git/tr-aomp/TheRock/build/math-libs/BLAS/rocBLAS/stage/lib/rocblas/library/TensileLibrary_Type_B8B8_HPA_Contraction_l_Alik_Bljk_Cijk_Dijk_gfx942.dat
0.1	-- Installing: /work/grodgers/git/tr-aomp/TheRock/build/math-libs/BLAS/rocBLAS/stage/lib/rocblas/library/TensileLibrary_Type_4xi8I_HPA_Contraction_l_Alik_Bljk_Cijk_Dijk_CU104_gfx90a.dat
0.1	-- Installing: /work/grodgers/git/tr-aomp/TheRock/build/math-libs/BLAS/rocBLAS/stage/lib/rocblas/library/TensileLibrary_Type_4xi8I_HPA_Contraction_l_Ailk_Bljk_Cijk_Dijk_gfx90a.co
0.1	-- Installing: /work/grodgers/git/tr-aomp/TheRock/build/math-libs/BLAS/rocBLAS/stage/lib/rocblas/library/TensileLibrary_Type_SS_Contraction_l_Ailk_Bjlk_Cijk_Dijk_fallback_gfx942.hsaco
0.1	-- Installing: /work/grodgers/git/tr-aomp/TheRock/build/math-libs/BLAS/rocBLAS/stage/lib/rocblas/library/TensileLibrary_Type_4xi8I_HPA_Contraction_l_Ailk_Bjlk_Cijk_Dijk_fallback_gfx90a-xnack+.hsaco
0.1	-- Installing: /work/grodgers/git/tr-aomp/TheRock/build/math-libs/BLAS/rocBLAS/stage/lib/rocblas/library/TensileLibrary_Type_HH_HPA_Fp16Alt_Contraction_l_Ailk_Bljk_Cijk_Dijk_CU104_gfx90a.dat
0.1	-- Installing: /work/grodgers/git/tr-aomp/TheRock/build/math-libs/BLAS/rocBLAS/stage/lib/rocblas/library/TensileLibrary_Type_BB_HPA_Contraction_l_Ailk_Bljk_Cijk_Dijk_gfx908.dat
0.1	-- Installing: /work/grodgers/git/tr-aomp/TheRock/build/math-libs/BLAS/rocBLAS/stage/lib/rocblas/library/TensileLibrary_Type_HH_HPA_Fp16Alt_Contraction_l_Ailk_Bjlk_Cijk_Dijk_CU104_gfx90a.co
0.1	-- Installing: /work/grodgers/git/tr-aomp/TheRock/build/math-libs/BLAS/rocBLAS/stage/lib/rocblas/library/TensileLibrary_Type_SS_Contraction_l_Alik_Bljk_Cijk_Dijk_gfx942.dat
0.1	-- Installing: /work/grodgers/git/tr-aomp/TheRock/build/math-libs/BLAS/rocBLAS/stage/lib/rocblas/library/TensileLibrary_Type_CC_Contraction_l_AlikC_Bljk_Cijk_Dijk_gfx908.dat
0.1	-- Installing: /work/grodgers/git/tr-aomp/TheRock/build/math-libs/BLAS/rocBLAS/stage/lib/rocblas/library/TensileLibrary_Type_ZZ_Contraction_l_AlikC_Bljk_Cijk_Dijk_fallback_gfx908.hsaco
0.1	-- Installing: /work/grodgers/git/tr-aomp/TheRock/build/math-libs/BLAS/rocBLAS/stage/lib/rocblas/library/TensileLibrary_Type_F8F8_HPA_Contraction_l_Ailk_Bljk_Cijk_Dijk_gfx942.dat
0.1	-- Installing: /work/grodgers/git/tr-aomp/TheRock/build/math-libs/BLAS/rocBLAS/stage/lib/rocblas/library/TensileLibrary_Type_HH_HPA_Contraction_l_Ailk_Bjlk_Cijk_Dijk_fallback_gfx90a-xnack+.hsaco
0.1	-- Installing: /work/grodgers/git/tr-aomp/TheRock/build/math-libs/BLAS/rocBLAS/stage/lib/rocblas/library/TensileLibrary_Type_B8H_HPA_Contraction_l_Ailk_Bjlk_Cijk_Dijk_gfx942.co
0.1	-- Installing: /work/grodgers/git/tr-aomp/TheRock/build/math-libs/BLAS/rocBLAS/stage/lib/rocblas/library/TensileLibrary_Type_BB_HPA_Contraction_l_Alik_Bjlk_Cijk_Dijk_XPU_gfx942.co
0.1	-- Installing: /work/grodgers/git/tr-aomp/TheRock/build/math-libs/BLAS/rocBLAS/stage/lib/rocblas/library/TensileLibrary_Type_CC_Contraction_l_Ailk_BjlkC_Cijk_Dijk_fallback_gfx90a-xnack+.hsaco
0.1	-- Installing: /work/grodgers/git/tr-aomp/TheRock/build/math-libs/BLAS/rocBLAS/stage/lib/rocblas/library/TensileLibrary_Type_BB_HPA_Contraction_l_Alik_Bjlk_Cijk_Dijk_fallback_gfx90a-xnack-.hsaco
0.1	-- Installing: /work/grodgers/git/tr-aomp/TheRock/build/math-libs/BLAS/rocBLAS/stage/lib/rocblas/library/TensileLibrary_Type_4xi8I_HPA_Contraction_l_Ailk_Bljk_Cijk_Dijk_gfx90a.dat
0.1	-- Installing: /work/grodgers/git/tr-aomp/TheRock/build/math-libs/BLAS/rocBLAS/stage/lib/rocblas/library/TensileLibrary_Type_HS_HPA_Contraction_l_Ailk_Bljk_Cijk_Dijk_fallback_gfx90a-xnack+.hsaco
0.1	-- Installing: /work/grodgers/git/tr-aomp/TheRock/build/math-libs/BLAS/rocBLAS/stage/lib/rocblas/library/TensileLibrary_Type_CC_Contraction_l_Ailk_Bjlk_Cijk_Dijk_fallback_gfx942.hsaco
0.1	-- Installing: /work/grodgers/git/tr-aomp/TheRock/build/math-libs/BLAS/rocBLAS/stage/lib/rocblas/library/TensileLibrary_Type_HS_HPA_Contraction_l_Ailk_Bjlk_Cijk_Dijk_fallback_gfx90a-xnack-.hsaco
0.1	-- Installing: /work/grodgers/git/tr-aomp/TheRock/build/math-libs/BLAS/rocBLAS/stage/lib/rocblas/library/TensileLibrary_Type_DD_Contraction_l_Ailk_Bjlk_Cijk_Dijk_gfx908.co
0.1	-- Installing: /work/grodgers/git/tr-aomp/TheRock/build/math-libs/BLAS/rocBLAS/stage/lib/rocblas/library/TensileLibrary_Type_DD_Contraction_l_Alik_Bljk_Cijk_Dijk_CU104_gfx90a.co
0.1	-- Installing: /work/grodgers/git/tr-aomp/TheRock/build/math-libs/BLAS/rocBLAS/stage/lib/rocblas/library/TensileLibrary_Type_BB_HPA_Contraction_l_Alik_Bljk_Cijk_Dijk_gfx90a-xnack-.hsaco
0.1	-- Installing: /work/grodgers/git/tr-aomp/TheRock/build/math-libs/BLAS/rocBLAS/stage/lib/rocblas/library/TensileLibrary_Type_HH_Contraction_l_Alik_Bjlk_Cijk_Dijk_fallback_gfx908.hsaco
0.1	-- Installing: /work/grodgers/git/tr-aomp/TheRock/build/math-libs/BLAS/rocBLAS/stage/lib/rocblas/library/TensileLibrary_Type_F8B8_HPA_Contraction_l_Alik_Bjlk_Cijk_Dijk_gfx942.co
0.1	-- Installing: /work/grodgers/git/tr-aomp/TheRock/build/math-libs/BLAS/rocBLAS/stage/lib/rocblas/library/TensileLibrary_Type_BB_HPA_Contraction_l_Alik_Bljk_Cijk_Dijk_gfx908.co
0.1	-- Installing: /work/grodgers/git/tr-aomp/TheRock/build/math-libs/BLAS/rocBLAS/stage/lib/rocblas/library/TensileLibrary_Type_HH_HPA_Contraction_l_Alik_Bjlk_Cijk_Dijk_fallback_gfx942.hsaco
0.1	-- Installing: /work/grodgers/git/tr-aomp/TheRock/build/math-libs/BLAS/rocBLAS/stage/lib/rocblas/library/TensileLibrary_Type_I8I_HPA_Contraction_l_Alik_Bljk_Cijk_Dijk_CU104_gfx90a.dat
0.1	-- Installing: /work/grodgers/git/tr-aomp/TheRock/build/math-libs/BLAS/rocBLAS/stage/lib/rocblas/library/TensileLibrary_Type_BS_HPA_Contraction_l_Alik_Bljk_Cijk_Dijk_fallback_gfx942.hsaco
0.1	-- Installing: /work/grodgers/git/tr-aomp/TheRock/build/math-libs/BLAS/rocBLAS/stage/lib/rocblas/library/TensileLibrary_Type_HS_HPA_Contraction_l_Ailk_Bjlk_Cijk_Dijk_CU104_gfx90a-xnack-.hsaco
0.1	-- Installing: /work/grodgers/git/tr-aomp/TheRock/build/math-libs/BLAS/rocBLAS/stage/lib/rocblas/library/TensileLibrary_Type_CC_Contraction_l_AlikC_Bljk_Cijk_Dijk_gfx942.co
0.1	-- Installing: /work/grodgers/git/tr-aomp/TheRock/build/math-libs/BLAS/rocBLAS/stage/lib/rocblas/library/TensileLibrary_Type_I8I_HPA_Contraction_l_Alik_Bjlk_Cijk_Dijk_gfx90a.dat
0.1	-- Installing: /work/grodgers/git/tr-aomp/TheRock/build/math-libs/BLAS/rocBLAS/stage/lib/rocblas/library/TensileLibrary_Type_HH_HPA_Fp16AltRnz_Fp16Alt_Contraction_l_Alik_Bljk_Cijk_Dijk_CU104_gfx90a.dat
0.1	-- Installing: /work/grodgers/git/tr-aomp/TheRock/build/math-libs/BLAS/rocBLAS/stage/lib/rocblas/library/TensileLibrary_Type_CC_Contraction_l_Alik_Bljk_Cijk_Dijk_gfx942.dat
0.2	-- Installing: /work/grodgers/git/tr-aomp/TheRock/build/math-libs/BLAS/rocBLAS/stage/lib/rocblas/library/TensileLibrary_Type_HH_Contraction_l_Ailk_Bjlk_Cijk_Dijk_gfx942.dat
0.2	-- Installing: /work/grodgers/git/tr-aomp/TheRock/build/math-libs/BLAS/rocBLAS/stage/lib/rocblas/library/TensileLibrary_Type_ZZ_Contraction_l_Alik_Bjlk_Cijk_Dijk_gfx90a.co
0.2	-- Installing: /work/grodgers/git/tr-aomp/TheRock/build/math-libs/BLAS/rocBLAS/stage/lib/rocblas/library/TensileLibrary_Type_HH_HPA_ExperimentalDTree_Contraction_l_Alik_Bljk_Cijk_Dijk_CU104_gfx90a.co
0.2	-- Installing: /work/grodgers/git/tr-aomp/TheRock/build/math-libs/BLAS/rocBLAS/stage/lib/rocblas/library/TensileLibrary_Type_SS_Contraction_l_Ailk_Bjlk_Cijk_Dijk_gfx942.dat
0.2	-- Installing: /work/grodgers/git/tr-aomp/TheRock/build/math-libs/BLAS/rocBLAS/stage/lib/rocblas/library/TensileLibrary_Type_HS_HPA_Contraction_l_Alik_Bjlk_Cijk_Dijk_gfx90a-xnack+.hsaco
0.2	-- Installing: /work/grodgers/git/tr-aomp/TheRock/build/math-libs/BLAS/rocBLAS/stage/lib/rocblas/library/TensileLibrary_Type_BB_HPA_Contraction_l_Alik_Bljk_Cijk_Dijk_gfx908.dat
0.2	-- Installing: /work/grodgers/git/tr-aomp/TheRock/build/math-libs/BLAS/rocBLAS/stage/lib/rocblas/library/TensileLibrary_Type_HH_HPA_Fp16AltRnz_Fp16Alt_Contraction_l_Ailk_Bjlk_Cijk_Dijk_CU104_gfx90a-xnack+.hsaco
0.2	-- Installing: /work/grodgers/git/tr-aomp/TheRock/build/math-libs/BLAS/rocBLAS/stage/lib/rocblas/library/TensileLibrary_Type_ZZ_Contraction_l_Ailk_Bjlk_Cijk_Dijk_gfx942.co
0.2	-- Installing: /work/grodgers/git/tr-aomp/TheRock/build/math-libs/BLAS/rocBLAS/stage/lib/rocblas/library/TensileLibrary_Type_ZZ_Contraction_l_AlikC_Bjlk_Cijk_Dijk_fallback_gfx90a-xnack-.hsaco
0.2	-- Installing: /work/grodgers/git/tr-aomp/TheRock/build/math-libs/BLAS/rocBLAS/stage/lib/rocblas/library/TensileLibrary_Type_HH_HPA_Contraction_l_Alik_Bjlk_Cijk_Dijk_XPU_gfx942.dat
0.2	-- Installing: /work/grodgers/git/tr-aomp/TheRock/build/math-libs/BLAS/rocBLAS/stage/lib/rocblas/library/TensileLibrary_Type_4xi8I_HPA_Contraction_l_Ailk_Bjlk_Cijk_Dijk_CU104_gfx90a-xnack+.hsaco
0.2	-- Installing: /work/grodgers/git/tr-aomp/TheRock/build/math-libs/BLAS/rocBLAS/stage/lib/rocblas/library/TensileLibrary_Type_F8F8_HPA_Contraction_l_Ailk_Bjlk_Cijk_Dijk_gfx942.dat
0.2	-- Installing: /work/grodgers/git/tr-aomp/TheRock/build/math-libs/BLAS/rocBLAS/stage/lib/rocblas/library/TensileLibrary_Type_HH_HPA_Contraction_l_Ailk_Bjlk_Cijk_Dijk_gfx908.hsaco
0.2	-- Installing: /work/grodgers/git/tr-aomp/TheRock/build/math-libs/BLAS/rocBLAS/stage/lib/rocblas/library/TensileLibrary_Type_HH_HPA_ExperimentalGrid_Contraction_l_Ailk_Bljk_Cijk_Dijk_gfx90a.dat
0.2	-- Installing: /work/grodgers/git/tr-aomp/TheRock/build/math-libs/BLAS/rocBLAS/stage/lib/rocblas/library/TensileLibrary_Type_HH_Contraction_l_Ailk_Bjlk_Cijk_Dijk_fallback_gfx90a-xnack+.hsaco
0.2	-- Installing: /work/grodgers/git/tr-aomp/TheRock/build/math-libs/BLAS/rocBLAS/stage/lib/rocblas/library/TensileLibrary_Type_I8I_HPA_Contraction_l_Ailk_Bljk_Cijk_Dijk_gfx90a.dat
0.2	-- Installing: /work/grodgers/git/tr-aomp/TheRock/build/math-libs/BLAS/rocBLAS/stage/lib/rocblas/library/TensileLibrary_Type_CC_Contraction_l_Alik_Bljk_Cijk_Dijk_gfx942.co
0.2	-- Installing: /work/grodgers/git/tr-aomp/TheRock/build/math-libs/BLAS/rocBLAS/stage/lib/rocblas/library/TensileLibrary_Type_HH_HPA_Contraction_l_Alik_Bljk_Cijk_Dijk_gfx908.dat
0.2	-- Installing: /work/grodgers/git/tr-aomp/TheRock/build/math-libs/BLAS/rocBLAS/stage/lib/rocblas/library/TensileLibrary_Type_BS_HPA_Contraction_l_Ailk_Bjlk_Cijk_Dijk_fallback_gfx942.hsaco
0.2	-- Installing: /work/grodgers/git/tr-aomp/TheRock/build/math-libs/BLAS/rocBLAS/stage/lib/rocblas/library/TensileLibrary_Type_4xi8I_HPA_Contraction_l_Alik_Bljk_Cijk_Dijk_gfx908.hsaco
0.2	-- Installing: /work/grodgers/git/tr-aomp/TheRock/build/math-libs/BLAS/rocBLAS/stage/lib/rocblas/library/TensileLibrary_Type_F8H_HPA_Contraction_l_Alik_Bljk_Cijk_Dijk_gfx942.dat
0.2	-- Installing: /work/grodgers/git/tr-aomp/TheRock/build/math-libs/BLAS/rocBLAS/stage/lib/rocblas/library/TensileLibrary_Type_BS_HPA_Contraction_l_Ailk_Bljk_Cijk_Dijk_gfx942.dat
0.2	-- Installing: /work/grodgers/git/tr-aomp/TheRock/build/math-libs/BLAS/rocBLAS/stage/lib/rocblas/library/TensileLibrary_Type_DD_ExperimentalDTree_Contraction_l_Ailk_Bljk_Cijk_Dijk_gfx90a.co
0.2	-- Installing: /work/grodgers/git/tr-aomp/TheRock/build/math-libs/BLAS/rocBLAS/stage/lib/rocblas/library/TensileLibrary_Type_BB_HPA_Contraction_l_Ailk_Bjlk_Cijk_Dijk_gfx908.dat
0.2	-- Installing: /work/grodgers/git/tr-aomp/TheRock/build/math-libs/BLAS/rocBLAS/stage/lib/rocblas/library/TensileLibrary_Type_HH_HPA_Contraction_l_Ailk_Bjlk_Cijk_Dijk_fallback_gfx942.hsaco
0.2	-- Installing: /work/grodgers/git/tr-aomp/TheRock/build/math-libs/BLAS/rocBLAS/stage/lib/rocblas/library/TensileLibrary_Type_BS_HPA_Contraction_l_Ailk_Bljk_Cijk_Dijk_gfx908.co
0.2	-- Installing: /work/grodgers/git/tr-aomp/TheRock/build/math-libs/BLAS/rocBLAS/stage/lib/rocblas/library/TensileLibrary_Type_DD_Contraction_l_Alik_Bjlk_Cijk_Dijk_gfx942.dat
0.2	-- Installing: /work/grodgers/git/tr-aomp/TheRock/build/math-libs/BLAS/rocBLAS/stage/lib/rocblas/library/TensileLibrary_Type_HH_HPA_Fp16AltRnz_Fp16Alt_Contraction_l_Alik_Bjlk_Cijk_Dijk_gfx90a.co
0.2	-- Installing: /work/grodgers/git/tr-aomp/TheRock/build/math-libs/BLAS/rocBLAS/stage/lib/rocblas/library/TensileLibrary_Type_BS_HPA_Contraction_l_Ailk_Bjlk_Cijk_Dijk_gfx90a.co
0.2	-- Installing: /work/grodgers/git/tr-aomp/TheRock/build/math-libs/BLAS/rocBLAS/stage/lib/rocblas/library/TensileLibrary_Type_BS_HPA_Contraction_l_Ailk_Bljk_Cijk_Dijk_CU104_gfx90a.co
0.2	-- Installing: /work/grodgers/git/tr-aomp/TheRock/build/math-libs/BLAS/rocBLAS/stage/lib/rocblas/library/TensileLibrary_Type_ZZ_Contraction_l_AlikC_Bjlk_Cijk_Dijk_gfx90a.co
0.2	-- Installing: /work/grodgers/git/tr-aomp/TheRock/build/math-libs/BLAS/rocBLAS/stage/lib/rocblas/library/TensileLibrary_Type_B8B8_HPA_Contraction_l_Alik_Bljk_Cijk_Dijk_gfx942.co
0.2	-- Installing: /work/grodgers/git/tr-aomp/TheRock/build/math-libs/BLAS/rocBLAS/stage/lib/rocblas/library/TensileLibrary_Type_CC_Contraction_l_Ailk_Bljk_Cijk_Dijk_gfx942.dat
0.2	-- Installing: /work/grodgers/git/tr-aomp/TheRock/build/math-libs/BLAS/rocBLAS/stage/lib/rocblas/library/TensileLibrary_Type_HS_HPA_Contraction_l_Ailk_Bljk_Cijk_Dijk_CU104_gfx90a-xnack-.hsaco
0.2	-- Installing: /work/grodgers/git/tr-aomp/TheRock/build/math-libs/BLAS/rocBLAS/stage/lib/rocblas/library/TensileLibrary_Type_SS_Contraction_l_Ailk_Bjlk_Cijk_Dijk_gfx942.co
0.2	-- Installing: /work/grodgers/git/tr-aomp/TheRock/build/math-libs/BLAS/rocBLAS/stage/lib/rocblas/library/TensileLibrary_Type_BS_HPA_Contraction_l_Ailk_Bljk_Cijk_Dijk_fallback_gfx90a-xnack-.hsaco
0.2	-- Installing: /work/grodgers/git/tr-aomp/TheRock/build/math-libs/BLAS/rocBLAS/stage/lib/rocblas/library/TensileLibrary_Type_BB_HPA_Contraction_l_Ailk_Bjlk_Cijk_Dijk_CU104_gfx90a.co
0.2	-- Installing: /work/grodgers/git/tr-aomp/TheRock/build/math-libs/BLAS/rocBLAS/stage/lib/rocblas/library/TensileLibrary_Type_DD_ExperimentalDTree_Contraction_l_Ailk_Bljk_Cijk_Dijk_CU104_gfx90a.co
0.2	-- Installing: /work/grodgers/git/tr-aomp/TheRock/build/math-libs/BLAS/rocBLAS/stage/lib/rocblas/library/TensileLibrary_Type_B8H_HPA_Contraction_l_Alik_Bjlk_Cijk_Dijk_gfx942.dat
0.2	-- Installing: /work/grodgers/git/tr-aomp/TheRock/build/math-libs/BLAS/rocBLAS/stage/lib/rocblas/library/TensileLibrary_Type_HS_HPA_Contraction_l_Ailk_Bljk_Cijk_Dijk_gfx90a.co
0.2	-- Installing: /work/grodgers/git/tr-aomp/TheRock/build/math-libs/BLAS/rocBLAS/stage/lib/rocblas/library/TensileLibrary_Type_HS_HPA_Contraction_l_Ailk_Bljk_Cijk_Dijk_gfx942.dat
0.2	-- Installing: /work/grodgers/git/tr-aomp/TheRock/build/math-libs/BLAS/rocBLAS/stage/lib/rocblas/library/TensileLibrary_Type_F8H_HPA_Contraction_l_Ailk_Bljk_Cijk_Dijk_gfx942.dat
0.2	-- Installing: /work/grodgers/git/tr-aomp/TheRock/build/math-libs/BLAS/rocBLAS/stage/lib/rocblas/library/TensileLibrary_Type_DD_Contraction_l_Ailk_Bljk_Cijk_Dijk_fallback_gfx90a-xnack+.hsaco
0.2	-- Installing: /work/grodgers/git/tr-aomp/TheRock/build/math-libs/BLAS/rocBLAS/stage/lib/rocblas/library/TensileLibrary_Type_4xi8I_HPA_Contraction_l_Alik_Bjlk_Cijk_Dijk_gfx90a-xnack+.hsaco
0.2	-- Installing: /work/grodgers/git/tr-aomp/TheRock/build/math-libs/BLAS/rocBLAS/stage/lib/rocblas/library/TensileLibrary_Type_HH_HPA_Fp16AltRnz_Fp16Alt_ExperimentalDTree_Contraction_l_Ailk_Bjlk_Cijk_Dijk_gfx90a.dat
0.2	-- Installing: /work/grodgers/git/tr-aomp/TheRock/build/math-libs/BLAS/rocBLAS/stage/lib/rocblas/library/TensileLibrary_Type_4xi8I_HPA_Contraction_l_Ailk_Bljk_Cijk_Dijk_fallback.dat
0.2	-- Installing: /work/grodgers/git/tr-aomp/TheRock/build/math-libs/BLAS/rocBLAS/stage/lib/rocblas/library/TensileLibrary_Type_HH_HPA_Contraction_l_Ailk_Bjlk_Cijk_Dijk_CU104_gfx90a-xnack-.hsaco
0.2	-- Installing: /work/grodgers/git/tr-aomp/TheRock/build/math-libs/BLAS/rocBLAS/stage/lib/rocblas/library/TensileLibrary_Type_HH_HPA_Contraction_l_Alik_Bljk_Cijk_Dijk_gfx90a.dat
0.2	-- Installing: /work/grodgers/git/tr-aomp/TheRock/build/math-libs/BLAS/rocBLAS/stage/lib/rocblas/library/TensileLibrary_Type_HH_HPA_Fp16AltRnz_Fp16Alt_Contraction_l_Alik_Bljk_Cijk_Dijk_CU104_gfx90a.co
0.2	-- Installing: /work/grodgers/git/tr-aomp/TheRock/build/math-libs/BLAS/rocBLAS/stage/lib/rocblas/library/TensileLibrary_Type_HH_Contraction_l_Ailk_Bljk_Cijk_Dijk_fallback_gfx90a-xnack+.hsaco
0.2	-- Installing: /work/grodgers/git/tr-aomp/TheRock/build/math-libs/BLAS/rocBLAS/stage/lib/rocblas/library/TensileLibrary_Type_F8H_HPA_Contraction_l_Alik_Bjlk_Cijk_Dijk_gfx942.co
0.2	-- Installing: /work/grodgers/git/tr-aomp/TheRock/build/math-libs/BLAS/rocBLAS/stage/lib/rocblas/library/TensileLibrary_Type_BS_HPA_Contraction_l_Ailk_Bljk_Cijk_Dijk_gfx908.dat
0.2	-- Installing: /work/grodgers/git/tr-aomp/TheRock/build/math-libs/BLAS/rocBLAS/stage/lib/rocblas/library/TensileLibrary_Type_HH_HPA_Fp16Alt_Contraction_l_Alik_Bjlk_Cijk_Dijk_gfx90a-xnack+.hsaco
0.2	-- Installing: /work/grodgers/git/tr-aomp/TheRock/build/math-libs/BLAS/rocBLAS/stage/lib/rocblas/library/TensileLibrary_Type_HH_Contraction_l_Ailk_Bjlk_Cijk_Dijk_gfx942.co
0.2	-- Installing: /work/grodgers/git/tr-aomp/TheRock/build/math-libs/BLAS/rocBLAS/stage/lib/rocblas/library/TensileLibrary_Type_F8H_HPA_Contraction_l_Ailk_Bjlk_Cijk_Dijk_gfx942.co
0.2	-- Installing: /work/grodgers/git/tr-aomp/TheRock/build/math-libs/BLAS/rocBLAS/stage/lib/rocblas/library/TensileLibrary_Type_BB_HPA_Contraction_l_Ailk_Bljk_Cijk_Dijk_fallback_gfx90a-xnack+.hsaco
0.2	-- Installing: /work/grodgers/git/tr-aomp/TheRock/build/math-libs/BLAS/rocBLAS/stage/lib/rocblas/library/TensileLibrary_Type_ZZ_Contraction_l_AlikC_Bljk_Cijk_Dijk_fallback_gfx942.hsaco
0.2	-- Installing: /work/grodgers/git/tr-aomp/TheRock/build/math-libs/BLAS/rocBLAS/stage/lib/rocblas/library/TensileLibrary_Type_DD_ExperimentalDTree_Contraction_l_Alik_Bljk_Cijk_Dijk_CU104_gfx90a.co
0.2	-- Installing: /work/grodgers/git/tr-aomp/TheRock/build/math-libs/BLAS/rocBLAS/stage/lib/rocblas/library/TensileLibrary_Type_CC_Contraction_l_AlikC_BjlkC_Cijk_Dijk_fallback_gfx908.hsaco
0.2	-- Installing: /work/grodgers/git/tr-aomp/TheRock/build/math-libs/BLAS/rocBLAS/stage/lib/rocblas/library/TensileLibrary_Type_ZZ_Contraction_l_Alik_Bjlk_Cijk_Dijk_fallback_gfx942.hsaco
0.2	-- Installing: /work/grodgers/git/tr-aomp/TheRock/build/math-libs/BLAS/rocBLAS/stage/lib/rocblas/library/TensileLibrary_Type_DD_Contraction_l_Ailk_Bjlk_Cijk_Dijk_fallback_gfx90a-xnack+.hsaco
0.2	-- Installing: /work/grodgers/git/tr-aomp/TheRock/build/math-libs/BLAS/rocBLAS/stage/lib/rocblas/library/TensileLibrary_Type_CC_Contraction_l_Alik_BjlkC_Cijk_Dijk_gfx90a.co
0.2	-- Installing: /work/grodgers/git/tr-aomp/TheRock/build/math-libs/BLAS/rocBLAS/stage/lib/rocblas/library/TensileLibrary_Type_SS_ExperimentalDTree_Contraction_l_Alik_Bljk_Cijk_Dijk_gfx90a.dat
0.2	-- Installing: /work/grodgers/git/tr-aomp/TheRock/build/math-libs/BLAS/rocBLAS/stage/lib/rocblas/library/TensileLibrary_Type_BB_HPA_Contraction_l_Alik_Bljk_Cijk_Dijk_gfx90a.co
0.2	-- Installing: /work/grodgers/git/tr-aomp/TheRock/build/math-libs/BLAS/rocBLAS/stage/lib/rocblas/library/TensileLibrary_Type_HS_HPA_Contraction_l_Alik_Bjlk_Cijk_Dijk_fallback_gfx908.hsaco
0.2	-- Installing: /work/grodgers/git/tr-aomp/TheRock/build/math-libs/BLAS/rocBLAS/stage/lib/rocblas/library/TensileLibrary_Type_SS_Contraction_l_Ailk_Bjlk_Cijk_Dijk_fallback_gfx908.hsaco
0.2	-- Installing: /work/grodgers/git/tr-aomp/TheRock/build/math-libs/BLAS/rocBLAS/stage/lib/rocblas/library/TensileLibrary_Type_I8I_HPA_Contraction_l_Alik_Bljk_Cijk_Dijk_fallback.dat
0.2	-- Installing: /work/grodgers/git/tr-aomp/TheRock/build/math-libs/BLAS/rocBLAS/stage/lib/rocblas/library/TensileLibrary_Type_DD_Contraction_l_Alik_Bjlk_Cijk_Dijk_fallback_gfx908.hsaco
0.2	-- Installing: /work/grodgers/git/tr-aomp/TheRock/build/math-libs/BLAS/rocBLAS/stage/lib/rocblas/library/TensileLibrary_Type_HS_HPA_Contraction_l_Alik_Bljk_Cijk_Dijk_gfx908.co
0.2	-- Installing: /work/grodgers/git/tr-aomp/TheRock/build/math-libs/BLAS/rocBLAS/stage/lib/rocblas/library/TensileLibrary_Type_DD_Contraction_l_Ailk_Bjlk_Cijk_Dijk_gfx90a.dat
0.2	-- Installing: /work/grodgers/git/tr-aomp/TheRock/build/math-libs/BLAS/rocBLAS/stage/lib/rocblas/library/TensileLibrary_Type_4xi8I_HPA_Contraction_l_Alik_Bjlk_Cijk_Dijk_fallback_gfx908.hsaco
0.2	-- Installing: /work/grodgers/git/tr-aomp/TheRock/build/math-libs/BLAS/rocBLAS/stage/lib/rocblas/library/TensileLibrary_Type_CC_Contraction_l_AlikC_Bjlk_Cijk_Dijk_fallback_gfx908.hsaco
0.2	-- Installing: /work/grodgers/git/tr-aomp/TheRock/build/math-libs/BLAS/rocBLAS/stage/lib/rocblas/library/TensileLibrary_Type_CC_Contraction_l_Ailk_BjlkC_Cijk_Dijk_gfx942.dat
0.2	-- Installing: /work/grodgers/git/tr-aomp/TheRock/build/math-libs/BLAS/rocBLAS/stage/lib/rocblas/library/TensileLibrary_Type_CC_Contraction_l_AlikC_Bljk_Cijk_Dijk_gfx90a.co
0.2	-- Installing: /work/grodgers/git/tr-aomp/TheRock/build/math-libs/BLAS/rocBLAS/stage/lib/rocblas/library/TensileLibrary_Type_F8H_HPA_Contraction_l_Ailk_Bjlk_Cijk_Dijk_gfx942.dat
0.2	-- Installing: /work/grodgers/git/tr-aomp/TheRock/build/math-libs/BLAS/rocBLAS/stage/lib/rocblas/library/TensileLibrary_Type_HS_HPA_Contraction_l_Ailk_Bjlk_Cijk_Dijk_gfx908.co
0.2	-- Installing: /work/grodgers/git/tr-aomp/TheRock/build/math-libs/BLAS/rocBLAS/stage/lib/rocblas/library/TensileLibrary_Type_DD_Contraction_l_Alik_Bljk_Cijk_Dijk_fallback_gfx942.hsaco
0.2	-- Installing: /work/grodgers/git/tr-aomp/TheRock/build/math-libs/BLAS/rocBLAS/stage/lib/rocblas/library/TensileLibrary_Type_HH_HPA_Fp16Alt_Contraction_l_Ailk_Bjlk_Cijk_Dijk_gfx90a-xnack-.hsaco
0.2	-- Installing: /work/grodgers/git/tr-aomp/TheRock/build/math-libs/BLAS/rocBLAS/stage/lib/rocblas/library/TensileLibrary_Type_HH_HPA_Contraction_l_Alik_Bjlk_Cijk_Dijk_CU104_gfx90a.co
0.2	-- Installing: /work/grodgers/git/tr-aomp/TheRock/build/math-libs/BLAS/rocBLAS/stage/lib/rocblas/library/TensileLibrary_Type_DD_ExperimentalDTree_Contraction_l_Alik_Bljk_Cijk_Dijk_CU104_gfx90a.dat
0.2	-- Installing: /work/grodgers/git/tr-aomp/TheRock/build/math-libs/BLAS/rocBLAS/stage/lib/rocblas/library/TensileLibrary_Type_BB_HPA_Contraction_l_Ailk_Bjlk_Cijk_Dijk_gfx908.co
0.2	-- Installing: /work/grodgers/git/tr-aomp/TheRock/build/math-libs/BLAS/rocBLAS/stage/lib/rocblas/library/TensileLibrary_Type_HS_HPA_Contraction_l_Ailk_Bljk_Cijk_Dijk_fallback_gfx90a-xnack-.hsaco
0.2	-- Installing: /work/grodgers/git/tr-aomp/TheRock/build/math-libs/BLAS/rocBLAS/stage/lib/rocblas/library/TensileLibrary_Type_ZZ_Contraction_l_Alik_BjlkC_Cijk_Dijk_gfx942.co
0.2	-- Installing: /work/grodgers/git/tr-aomp/TheRock/build/math-libs/BLAS/rocBLAS/stage/lib/rocblas/library/TensileLibrary_Type_HH_HPA_Fp16Alt_Contraction_l_Alik_Bjlk_Cijk_Dijk_gfx90a-xnack-.hsaco
0.2	-- Installing: /work/grodgers/git/tr-aomp/TheRock/build/math-libs/BLAS/rocBLAS/stage/lib/rocblas/library/TensileLibrary_Type_B8S_HPA_Contraction_l_Ailk_Bljk_Cijk_Dijk_gfx942.dat
0.2	-- Installing: /work/grodgers/git/tr-aomp/TheRock/build/math-libs/BLAS/rocBLAS/stage/lib/rocblas/library/TensileLibrary_Type_SS_ExperimentalDTree_Contraction_l_Ailk_Bljk_Cijk_Dijk_CU104_gfx90a.dat
0.2	-- Installing: /work/grodgers/git/tr-aomp/TheRock/build/math-libs/BLAS/rocBLAS/stage/lib/rocblas/library/TensileLibrary_Type_HH_HPA_Contraction_l_Ailk_Bljk_Cijk_Dijk_gfx90a.co
0.2	-- Installing: /work/grodgers/git/tr-aomp/TheRock/build/math-libs/BLAS/rocBLAS/stage/lib/rocblas/library/TensileLibrary_Type_SS_Contraction_l_Alik_Bjlk_Cijk_Dijk_fallback_gfx90a-xnack+.hsaco
0.2	-- Installing: /work/grodgers/git/tr-aomp/TheRock/build/math-libs/BLAS/rocBLAS/stage/lib/rocblas/library/TensileLibrary_Type_B8S_HPA_Contraction_l_Alik_Bljk_Cijk_Dijk_gfx942.co
0.2	-- Installing: /work/grodgers/git/tr-aomp/TheRock/build/math-libs/BLAS/rocBLAS/stage/lib/rocblas/library/TensileLibrary_Type_BS_HPA_Contraction_l_Alik_Bljk_Cijk_Dijk_gfx908.dat
0.2	-- Installing: /work/grodgers/git/tr-aomp/TheRock/build/math-libs/BLAS/rocBLAS/stage/lib/rocblas/library/TensileLibrary_Type_SS_Contraction_l_Alik_Bjlk_Cijk_Dijk_gfx90a.co
0.2	-- Installing: /work/grodgers/git/tr-aomp/TheRock/build/math-libs/BLAS/rocBLAS/stage/lib/rocblas/library/TensileLibrary_Type_HH_HPA_Contraction_l_Ailk_Bjlk_Cijk_Dijk_gfx90a.dat
0.2	-- Installing: /work/grodgers/git/tr-aomp/TheRock/build/math-libs/BLAS/rocBLAS/stage/lib/rocblas/library/TensileLibrary_Type_BB_HPA_Contraction_l_Ailk_Bljk_Cijk_Dijk_gfx942.co
0.2	-- Installing: /work/grodgers/git/tr-aomp/TheRock/build/math-libs/BLAS/rocBLAS/stage/lib/rocblas/library/TensileLibrary_Type_ZZ_Contraction_l_Alik_Bljk_Cijk_Dijk_fallback_gfx90a-xnack-.hsaco
0.2	-- Installing: /work/grodgers/git/tr-aomp/TheRock/build/math-libs/BLAS/rocBLAS/stage/lib/rocblas/library/TensileLibrary_Type_HH_Contraction_l_Alik_Bljk_Cijk_Dijk_gfx942.co
0.2	-- Installing: /work/grodgers/git/tr-aomp/TheRock/build/math-libs/BLAS/rocBLAS/stage/lib/rocblas/library/TensileLibrary_Type_ZZ_Contraction_l_Alik_Bjlk_Cijk_Dijk_fallback_gfx90a-xnack-.hsaco
0.2	-- Installing: /work/grodgers/git/tr-aomp/TheRock/build/math-libs/BLAS/rocBLAS/stage/lib/rocblas/library/TensileLibrary_Type_SS_ExperimentalDTree_Contraction_l_Ailk_Bjlk_Cijk_Dijk_gfx90a.dat
0.2	-- Installing: /work/grodgers/git/tr-aomp/TheRock/build/math-libs/BLAS/rocBLAS/stage/lib/rocblas/library/TensileLibrary_Type_CC_Contraction_l_AlikC_BjlkC_Cijk_Dijk_gfx908.co
0.2	-- Installing: /work/grodgers/git/tr-aomp/TheRock/build/math-libs/BLAS/rocBLAS/stage/lib/rocblas/library/TensileLibrary_Type_ZZ_Contraction_l_Ailk_Bjlk_Cijk_Dijk_fallback.dat
0.2	-- Installing: /work/grodgers/git/tr-aomp/TheRock/build/math-libs/BLAS/rocBLAS/stage/lib/rocblas/library/TensileLibrary_Type_HH_Contraction_l_Alik_Bljk_Cijk_Dijk_fallback.dat
0.2	-- Installing: /work/grodgers/git/tr-aomp/TheRock/build/math-libs/BLAS/rocBLAS/stage/lib/rocblas/library/TensileLibrary_Type_HH_HPA_Fp16AltRnz_Fp16Alt_Contraction_l_Ailk_Bljk_Cijk_Dijk_gfx90a-xnack+.hsaco
0.2	-- Installing: /work/grodgers/git/tr-aomp/TheRock/build/math-libs/BLAS/rocBLAS/stage/lib/rocblas/library/TensileLibrary_Type_HH_HPA_CUEfficiency_Contraction_l_Ailk_Bljk_Cijk_Dijk_gfx908.co
0.2	-- Installing: /work/grodgers/git/tr-aomp/TheRock/build/math-libs/BLAS/rocBLAS/stage/lib/rocblas/library/TensileLibrary_Type_HH_HPA_Fp16Alt_ExperimentalDTree_Contraction_l_Ailk_Bjlk_Cijk_Dijk_CU104_gfx90a.co
0.2	-- Installing: /work/grodgers/git/tr-aomp/TheRock/build/math-libs/BLAS/rocBLAS/stage/lib/rocblas/library/TensileLibrary_Type_4xi8I_HPA_Contraction_l_Ailk_Bljk_Cijk_Dijk_fallback_gfx908.hsaco
0.2	-- Installing: /work/grodgers/git/tr-aomp/TheRock/build/math-libs/BLAS/rocBLAS/stage/lib/rocblas/library/TensileLibrary_Type_HS_HPA_Contraction_l_Ailk_Bljk_Cijk_Dijk_CU104_gfx90a.dat
0.2	-- Installing: /work/grodgers/git/tr-aomp/TheRock/build/math-libs/BLAS/rocBLAS/stage/lib/rocblas/library/TensileLibrary_Type_DD_Contraction_l_Alik_Bljk_Cijk_Dijk_fallback_gfx90a-xnack+.hsaco
0.2	-- Installing: /work/grodgers/git/tr-aomp/TheRock/build/math-libs/BLAS/rocBLAS/stage/lib/rocblas/library/TensileLibrary_Type_CC_Contraction_l_Alik_BjlkC_Cijk_Dijk_fallback_gfx942.hsaco
0.2	-- Installing: /work/grodgers/git/tr-aomp/TheRock/build/math-libs/BLAS/rocBLAS/stage/lib/rocblas/library/TensileLibrary_Type_HH_HPA_Contraction_l_Ailk_Bljk_Cijk_Dijk_gfx90a-xnack+.hsaco
0.2	-- Installing: /work/grodgers/git/tr-aomp/TheRock/build/math-libs/BLAS/rocBLAS/stage/lib/rocblas/library/TensileLibrary_Type_HH_HPA_Fp16Alt_ExperimentalDTree_Contraction_l_Ailk_Bljk_Cijk_Dijk_gfx90a.co
0.2	-- Installing: /work/grodgers/git/tr-aomp/TheRock/build/math-libs/BLAS/rocBLAS/stage/lib/rocblas/library/TensileLibrary_Type_4xi8I_HPA_Contraction_l_Ailk_Bjlk_Cijk_Dijk_fallback_gfx908.hsaco
0.2	-- Installing: /work/grodgers/git/tr-aomp/TheRock/build/math-libs/BLAS/rocBLAS/stage/lib/rocblas/library/TensileLibrary_Type_4xi8I_HPA_Contraction_l_Alik_Bljk_Cijk_Dijk_gfx90a-xnack+.hsaco
0.2	-- Installing: /work/grodgers/git/tr-aomp/TheRock/build/math-libs/BLAS/rocBLAS/stage/lib/rocblas/library/TensileLibrary_Type_I8I_HPA_Contraction_l_Ailk_Bjlk_Cijk_Dijk_fallback_gfx90a-xnack+.hsaco
0.2	-- Installing: /work/grodgers/git/tr-aomp/TheRock/build/math-libs/BLAS/rocBLAS/stage/lib/rocblas/library/TensileLibrary_Type_DD_Contraction_l_Alik_Bjlk_Cijk_Dijk_gfx908.dat
0.2	-- Installing: /work/grodgers/git/tr-aomp/TheRock/build/math-libs/BLAS/rocBLAS/stage/lib/rocblas/library/TensileLibrary_Type_SS_ExperimentalDTree_Contraction_l_Ailk_Bjlk_Cijk_Dijk_CU104_gfx90a.dat
0.2	-- Installing: /work/grodgers/git/tr-aomp/TheRock/build/math-libs/BLAS/rocBLAS/stage/lib/rocblas/library/TensileLibrary_Type_SS_Contraction_l_Alik_Bjlk_Cijk_Dijk_fallback.dat
0.2	-- Installing: /work/grodgers/git/tr-aomp/TheRock/build/math-libs/BLAS/rocBLAS/stage/lib/rocblas/library/TensileLibrary_Type_CC_Contraction_l_Ailk_Bjlk_Cijk_Dijk_gfx90a.co
0.2	-- Installing: /work/grodgers/git/tr-aomp/TheRock/build/math-libs/BLAS/rocBLAS/stage/lib/rocblas/library/TensileLibrary_Type_HH_HPA_Contraction_l_Ailk_Bjlk_Cijk_Dijk_XPU_gfx942.dat
0.2	-- Installing: /work/grodgers/git/tr-aomp/TheRock/build/math-libs/BLAS/rocBLAS/stage/lib/rocblas/library/TensileLibrary_Type_ZZ_Contraction_l_Ailk_BjlkC_Cijk_Dijk_fallback.dat
0.2	-- Installing: /work/grodgers/git/tr-aomp/TheRock/build/math-libs/BLAS/rocBLAS/stage/lib/rocblas/library/TensileLibrary_Type_I8I_HPA_Contraction_l_Ailk_Bljk_Cijk_Dijk_gfx908.dat
0.2	-- Installing: /work/grodgers/git/tr-aomp/TheRock/build/math-libs/BLAS/rocBLAS/stage/lib/rocblas/library/TensileLibrary_Type_HS_HPA_Contraction_l_Alik_Bjlk_Cijk_Dijk_fallback_gfx90a-xnack+.hsaco
0.2	-- Installing: /work/grodgers/git/tr-aomp/TheRock/build/math-libs/BLAS/rocBLAS/stage/lib/rocblas/library/TensileLibrary_Type_ZZ_Contraction_l_Alik_Bjlk_Cijk_Dijk_gfx942.co
0.2	-- Installing: /work/grodgers/git/tr-aomp/TheRock/build/math-libs/BLAS/rocBLAS/stage/lib/rocblas/library/TensileLibrary_Type_HH_HPA_Contraction_l_Alik_Bjlk_Cijk_Dijk_fallback_gfx90a-xnack-.hsaco
0.2	-- Installing: /work/grodgers/git/tr-aomp/TheRock/build/math-libs/BLAS/rocBLAS/stage/lib/rocblas/library/TensileLibrary_Type_CC_Contraction_l_AlikC_Bjlk_Cijk_Dijk_gfx908.dat
0.2	-- Installing: /work/grodgers/git/tr-aomp/TheRock/build/math-libs/BLAS/rocBLAS/stage/lib/rocblas/library/TensileLibrary_Type_HH_HPA_Contraction_l_Alik_Bjlk_Cijk_Dijk_fallback.dat
0.2	-- Installing: /work/grodgers/git/tr-aomp/TheRock/build/math-libs/BLAS/rocBLAS/stage/lib/rocblas/library/TensileLibrary_Type_ZZ_Contraction_l_Alik_Bjlk_Cijk_Dijk_gfx908.co
0.2	-- Installing: /work/grodgers/git/tr-aomp/TheRock/build/math-libs/BLAS/rocBLAS/stage/lib/rocblas/library/TensileLibrary_Type_HS_HPA_Contraction_l_Ailk_Bjlk_Cijk_Dijk_fallback.dat
0.2	-- Installing: /work/grodgers/git/tr-aomp/TheRock/build/math-libs/BLAS/rocBLAS/stage/lib/rocblas/library/TensileLibrary_Type_HH_HPA_Fp16Alt_Contraction_l_Ailk_Bljk_Cijk_Dijk_gfx90a.dat
0.2	-- Installing: /work/grodgers/git/tr-aomp/TheRock/build/math-libs/BLAS/rocBLAS/stage/lib/rocblas/library/TensileLibrary_Type_HH_HPA_Fp16Alt_Contraction_l_Alik_Bljk_Cijk_Dijk_gfx90a.co
0.2	-- Installing: /work/grodgers/git/tr-aomp/TheRock/build/math-libs/BLAS/rocBLAS/stage/lib/rocblas/library/TensileLibrary_Type_DD_Contraction_l_Ailk_Bljk_Cijk_Dijk_CU104_gfx90a.co
0.2	-- Installing: /work/grodgers/git/tr-aomp/TheRock/build/math-libs/BLAS/rocBLAS/stage/lib/rocblas/library/TensileLibrary_Type_HH_HPA_Fp16AltRnz_Fp16Alt_Contraction_l_Ailk_Bjlk_Cijk_Dijk_gfx90a-xnack-.hsaco
0.2	-- Installing: /work/grodgers/git/tr-aomp/TheRock/build/math-libs/BLAS/rocBLAS/stage/lib/rocblas/library/TensileLibrary_Type_B8B8_HPA_Contraction_l_Alik_Bjlk_Cijk_Dijk_gfx942.co
0.2	-- Installing: /work/grodgers/git/tr-aomp/TheRock/build/math-libs/BLAS/rocBLAS/stage/lib/rocblas/library/TensileLibrary_Type_HH_HPA_ExperimentalDTree_Contraction_l_Ailk_Bjlk_Cijk_Dijk_CU104_gfx90a.co
0.2	-- Installing: /work/grodgers/git/tr-aomp/TheRock/build/math-libs/BLAS/rocBLAS/stage/lib/rocblas/library/TensileLibrary_Type_DD_Contraction_l_Alik_Bljk_Cijk_Dijk_fallback.dat
0.2	-- Installing: /work/grodgers/git/tr-aomp/TheRock/build/math-libs/BLAS/rocBLAS/stage/lib/rocblas/library/TensileLibrary_Type_4xi8I_HPA_Contraction_l_Ailk_Bljk_Cijk_Dijk_gfx90a-xnack-.hsaco
0.2	-- Installing: /work/grodgers/git/tr-aomp/TheRock/build/math-libs/BLAS/rocBLAS/stage/lib/rocblas/library/TensileLibrary_Type_ZZ_Contraction_l_Ailk_Bjlk_Cijk_Dijk_gfx90a.co
0.2	-- Installing: /work/grodgers/git/tr-aomp/TheRock/build/math-libs/BLAS/rocBLAS/stage/lib/rocblas/library/TensileLibrary_Type_CC_Contraction_l_Alik_Bjlk_Cijk_Dijk_fallback_gfx942.hsaco
0.2	-- Installing: /work/grodgers/git/tr-aomp/TheRock/build/math-libs/BLAS/rocBLAS/stage/lib/rocblas/library/TensileLibrary_Type_ZZ_Contraction_l_Alik_Bljk_Cijk_Dijk_fallback_gfx90a-xnack+.hsaco
0.2	-- Installing: /work/grodgers/git/tr-aomp/TheRock/build/math-libs/BLAS/rocBLAS/stage/lib/rocblas/library/TensileLibrary_Type_4xi8I_HPA_Contraction_l_Alik_Bljk_Cijk_Dijk_gfx90a.co
0.2	-- Installing: /work/grodgers/git/tr-aomp/TheRock/build/math-libs/BLAS/rocBLAS/stage/lib/rocblas/library/TensileLibrary_Type_BB_HPA_Contraction_l_Ailk_Bljk_Cijk_Dijk_gfx90a.dat
0.2	-- Installing: /work/grodgers/git/tr-aomp/TheRock/build/math-libs/BLAS/rocBLAS/stage/lib/rocblas/library/TensileLibrary_Type_4xi8I_HPA_Contraction_l_Alik_Bljk_Cijk_Dijk_gfx908.dat
0.2	-- Installing: /work/grodgers/git/tr-aomp/TheRock/build/math-libs/BLAS/rocBLAS/stage/lib/rocblas/library/TensileLibrary_Type_B8H_HPA_Contraction_l_Alik_Bljk_Cijk_Dijk_gfx942.dat
0.2	-- Installing: /work/grodgers/git/tr-aomp/TheRock/build/math-libs/BLAS/rocBLAS/stage/lib/rocblas/library/TensileLibrary_Type_CC_Contraction_l_Ailk_BjlkC_Cijk_Dijk_fallback_gfx942.hsaco
0.2	-- Installing: /work/grodgers/git/tr-aomp/TheRock/build/math-libs/BLAS/rocBLAS/stage/lib/rocblas/library/TensileLibrary_Type_4xi8I_HPA_Contraction_l_Ailk_Bjlk_Cijk_Dijk_gfx90a-xnack+.hsaco
0.2	-- Installing: /work/grodgers/git/tr-aomp/TheRock/build/math-libs/BLAS/rocBLAS/stage/lib/rocblas/library/TensileLibrary_Type_HH_HPA_Contraction_l_Alik_Bljk_Cijk_Dijk_CU104_gfx90a.dat
0.2	-- Installing: /work/grodgers/git/tr-aomp/TheRock/build/math-libs/BLAS/rocBLAS/stage/lib/rocblas/library/TensileLibrary_Type_BB_HPA_Contraction_l_Alik_Bljk_Cijk_Dijk_XPU_gfx942.co
0.2	-- Installing: /work/grodgers/git/tr-aomp/TheRock/build/math-libs/BLAS/rocBLAS/stage/lib/rocblas/library/TensileLibrary_Type_ZZ_Contraction_l_AlikC_Bjlk_Cijk_Dijk_fallback_gfx908.hsaco
0.2	-- Installing: /work/grodgers/git/tr-aomp/TheRock/build/math-libs/BLAS/rocBLAS/stage/lib/rocblas/library/TensileLibrary_Type_I8I_HPA_Contraction_l_Alik_Bljk_Cijk_Dijk_fallback_gfx942.hsaco
0.3	-- Installing: /work/grodgers/git/tr-aomp/TheRock/build/math-libs/BLAS/rocBLAS/stage/lib/rocblas/library/TensileLibrary_Type_CC_Contraction_l_Alik_Bljk_Cijk_Dijk_gfx90a.co
0.3	-- Installing: /work/grodgers/git/tr-aomp/TheRock/build/math-libs/BLAS/rocBLAS/stage/lib/rocblas/library/TensileLibrary_Type_BS_HPA_Contraction_l_Ailk_Bjlk_Cijk_Dijk_gfx908.co
0.3	-- Installing: /work/grodgers/git/tr-aomp/TheRock/build/math-libs/BLAS/rocBLAS/stage/lib/rocblas/library/TensileLibrary_Type_SS_Contraction_l_Alik_Bjlk_Cijk_Dijk_gfx942.dat
0.3	-- Installing: /work/grodgers/git/tr-aomp/TheRock/build/math-libs/BLAS/rocBLAS/stage/lib/rocblas/library/TensileLibrary_Type_BB_HPA_Contraction_l_Ailk_Bljk_Cijk_Dijk_fallback.dat
0.3	-- Installing: /work/grodgers/git/tr-aomp/TheRock/build/math-libs/BLAS/rocBLAS/stage/lib/rocblas/library/TensileLibrary_Type_HH_HPA_Fp16AltRnz_Fp16Alt_Contraction_l_Ailk_Bljk_Cijk_Dijk_CU104_gfx90a-xnack-.hsaco
0.3	-- Installing: /work/grodgers/git/tr-aomp/TheRock/build/math-libs/BLAS/rocBLAS/stage/lib/rocblas/library/TensileLibrary_Type_ZZ_Contraction_l_AlikC_Bljk_Cijk_Dijk_fallback.dat
0.3	-- Installing: /work/grodgers/git/tr-aomp/TheRock/build/math-libs/BLAS/rocBLAS/stage/lib/rocblas/library/TensileLibrary_Type_ZZ_Contraction_l_Alik_Bljk_Cijk_Dijk_fallback_gfx908.hsaco
0.3	-- Installing: /work/grodgers/git/tr-aomp/TheRock/build/math-libs/BLAS/rocBLAS/stage/lib/rocblas/library/TensileLibrary_Type_I8I_HPA_Contraction_l_Alik_Bljk_Cijk_Dijk_fallback_gfx90a-xnack-.hsaco
0.3	-- Installing: /work/grodgers/git/tr-aomp/TheRock/build/math-libs/BLAS/rocBLAS/stage/lib/rocblas/library/TensileLibrary_Type_HH_HPA_Contraction_l_Ailk_Bljk_Cijk_Dijk_CU104_gfx90a.dat
0.3	-- Installing: /work/grodgers/git/tr-aomp/TheRock/build/math-libs/BLAS/rocBLAS/stage/lib/rocblas/library/TensileLibrary_Type_HH_HPA_ExperimentalDTree_Contraction_l_Ailk_Bljk_Cijk_Dijk_CU104_gfx90a.dat
0.3	-- Installing: /work/grodgers/git/tr-aomp/TheRock/build/math-libs/BLAS/rocBLAS/stage/lib/rocblas/library/TensileLibrary_Type_CC_Contraction_l_Alik_BjlkC_Cijk_Dijk_gfx942.dat
0.3	-- Installing: /work/grodgers/git/tr-aomp/TheRock/build/math-libs/BLAS/rocBLAS/stage/lib/rocblas/library/TensileLibrary_Type_HS_HPA_Contraction_l_Ailk_Bjlk_Cijk_Dijk_gfx90a-xnack+.hsaco
0.3	-- Installing: /work/grodgers/git/tr-aomp/TheRock/build/math-libs/BLAS/rocBLAS/stage/lib/rocblas/library/TensileLibrary_Type_CC_Contraction_l_AlikC_Bjlk_Cijk_Dijk_fallback.dat
0.3	-- Installing: /work/grodgers/git/tr-aomp/TheRock/build/math-libs/BLAS/rocBLAS/stage/lib/rocblas/library/TensileLibrary_Type_4xi8I_HPA_Contraction_l_Ailk_Bjlk_Cijk_Dijk_gfx908.hsaco
0.3	-- Installing: /work/grodgers/git/tr-aomp/TheRock/build/math-libs/BLAS/rocBLAS/stage/lib/rocblas/library/TensileLibrary_Type_HH_HPA_Fp16AltRnz_Fp16Alt_ExperimentalDTree_Contraction_l_Ailk_Bljk_Cijk_Dijk_CU104_gfx90a.co
0.3	-- Installing: /work/grodgers/git/tr-aomp/TheRock/build/math-libs/BLAS/rocBLAS/stage/lib/rocblas/library/TensileLibrary_Type_HH_HPA_ExperimentalDTree_Contraction_l_Alik_Bljk_Cijk_Dijk_gfx90a.co
0.3	-- Installing: /work/grodgers/git/tr-aomp/TheRock/build/math-libs/BLAS/rocBLAS/stage/lib/rocblas/library/TensileLibrary_Type_DD_Contraction_l_Alik_Bjlk_Cijk_Dijk_gfx942.co
0.3	-- Installing: /work/grodgers/git/tr-aomp/TheRock/build/math-libs/BLAS/rocBLAS/stage/lib/rocblas/library/TensileLibrary_Type_HH_HPA_Fp16Alt_ExperimentalDTree_Contraction_l_Alik_Bljk_Cijk_Dijk_gfx90a.dat
0.3	-- Installing: /work/grodgers/git/tr-aomp/TheRock/build/math-libs/BLAS/rocBLAS/stage/lib/rocblas/library/TensileLibrary_Type_DD_Contraction_l_Alik_Bljk_Cijk_Dijk_gfx942.co
0.3	-- Installing: /work/grodgers/git/tr-aomp/TheRock/build/math-libs/BLAS/rocBLAS/stage/lib/rocblas/library/TensileLibrary_Type_HH_HPA_Fp16AltRnz_Fp16Alt_Contraction_l_Alik_Bjlk_Cijk_Dijk_CU104_gfx90a-xnack-.hsaco
0.3	-- Installing: /work/grodgers/git/tr-aomp/TheRock/build/math-libs/BLAS/rocBLAS/stage/lib/rocblas/library/TensileLibrary_Type_HH_HPA_Contraction_l_Alik_Bjlk_Cijk_Dijk_XPU_gfx942.co
0.3	-- Installing: /work/grodgers/git/tr-aomp/TheRock/build/math-libs/BLAS/rocBLAS/stage/lib/rocblas/library/TensileLibrary_Type_HH_HPA_Fp16Alt_Contraction_l_Ailk_Bljk_Cijk_Dijk_gfx90a-xnack-.hsaco
0.3	-- Installing: /work/grodgers/git/tr-aomp/TheRock/build/math-libs/BLAS/rocBLAS/stage/lib/rocblas/library/TensileLibrary_Type_HH_HPA_Contraction_l_Alik_Bljk_Cijk_Dijk_CU80_XPU_gfx942.co
0.3	-- Installing: /work/grodgers/git/tr-aomp/TheRock/build/math-libs/BLAS/rocBLAS/stage/lib/rocblas/library/TensileLibrary_Type_F8S_HPA_Contraction_l_Alik_Bljk_Cijk_Dijk_gfx942.dat
0.3	-- Installing: /work/grodgers/git/tr-aomp/TheRock/build/math-libs/BLAS/rocBLAS/stage/lib/rocblas/library/TensileLibrary_Type_F8B8_HPA_Contraction_l_Alik_Bljk_Cijk_Dijk_gfx942.co
0.3	-- Installing: /work/grodgers/git/tr-aomp/TheRock/build/math-libs/BLAS/rocBLAS/stage/lib/rocblas/library/TensileLibrary_Type_CC_Contraction_l_Alik_Bljk_Cijk_Dijk_fallback_gfx942.hsaco
0.3	-- Installing: /work/grodgers/git/tr-aomp/TheRock/build/math-libs/BLAS/rocBLAS/stage/lib/rocblas/library/TensileLibrary_Type_HH_HPA_Contraction_l_Ailk_Bjlk_Cijk_Dijk_gfx908.co
0.3	-- Installing: /work/grodgers/git/tr-aomp/TheRock/build/math-libs/BLAS/rocBLAS/stage/lib/rocblas/library/TensileLibrary_Type_HH_Contraction_l_Alik_Bjlk_Cijk_Dijk_fallback.dat
0.3	-- Installing: /work/grodgers/git/tr-aomp/TheRock/build/math-libs/BLAS/rocBLAS/stage/lib/rocblas/library/TensileLibrary_Type_ZZ_Contraction_l_Ailk_Bljk_Cijk_Dijk_fallback_gfx90a-xnack+.hsaco
0.3	-- Installing: /work/grodgers/git/tr-aomp/TheRock/build/math-libs/BLAS/rocBLAS/stage/lib/rocblas/library/TensileLibrary_Type_HH_Contraction_l_Alik_Bljk_Cijk_Dijk_fallback_gfx90a-xnack-.hsaco
0.3	-- Installing: /work/grodgers/git/tr-aomp/TheRock/build/math-libs/BLAS/rocBLAS/stage/lib/rocblas/library/TensileLibrary_Type_HH_HPA_Contraction_l_Ailk_Bljk_Cijk_Dijk_fallback.dat
0.3	-- Installing: /work/grodgers/git/tr-aomp/TheRock/build/math-libs/BLAS/rocBLAS/stage/lib/rocblas/library/TensileLibrary_Type_BB_HPA_Contraction_l_Alik_Bljk_Cijk_Dijk_CU80_XPU_gfx942.co
0.3	-- Installing: /work/grodgers/git/tr-aomp/TheRock/build/math-libs/BLAS/rocBLAS/stage/lib/rocblas/library/TensileLibrary_Type_HH_HPA_Fp16AltRnz_Fp16Alt_Contraction_l_Ailk_Bljk_Cijk_Dijk_gfx90a.co
0.3	-- Installing: /work/grodgers/git/tr-aomp/TheRock/build/math-libs/BLAS/rocBLAS/stage/lib/rocblas/library/TensileLibrary_Type_ZZ_Contraction_l_Alik_Bjlk_Cijk_Dijk_gfx908.dat
0.3	-- Installing: /work/grodgers/git/tr-aomp/TheRock/build/math-libs/BLAS/rocBLAS/stage/lib/rocblas/library/TensileLibrary_Type_HH_HPA_Contraction_l_Alik_Bljk_Cijk_Dijk_fallback_gfx90a-xnack-.hsaco
0.3	-- Installing: /work/grodgers/git/tr-aomp/TheRock/build/math-libs/BLAS/rocBLAS/stage/lib/rocblas/library/TensileLibrary_Type_I8I_HPA_Contraction_l_Ailk_Bjlk_Cijk_Dijk_fallback_gfx908.hsaco
0.3	-- Installing: /work/grodgers/git/tr-aomp/TheRock/build/math-libs/BLAS/rocBLAS/stage/lib/rocblas/library/TensileLibrary_Type_DD_Contraction_l_Alik_Bljk_Cijk_Dijk_fallback_gfx908.hsaco
0.3	-- Installing: /work/grodgers/git/tr-aomp/TheRock/build/math-libs/BLAS/rocBLAS/stage/lib/rocblas/library/TensileLibrary_Type_DD_Contraction_l_Ailk_Bljk_Cijk_Dijk_fallback_gfx942.hsaco
0.3	-- Installing: /work/grodgers/git/tr-aomp/TheRock/build/math-libs/BLAS/rocBLAS/stage/lib/rocblas/library/TensileLibrary_Type_HH_HPA_Fp16Alt_ExperimentalDTree_Contraction_l_Ailk_Bjlk_Cijk_Dijk_gfx90a.co
0.3	-- Installing: /work/grodgers/git/tr-aomp/TheRock/build/math-libs/BLAS/rocBLAS/stage/lib/rocblas/library/TensileLibrary_Type_CC_Contraction_l_Alik_BjlkC_Cijk_Dijk_fallback_gfx90a-xnack-.hsaco
0.3	-- Installing: /work/grodgers/git/tr-aomp/TheRock/build/math-libs/BLAS/rocBLAS/stage/lib/rocblas/library/TensileLibrary_Type_SS_Contraction_l_Ailk_Bjlk_Cijk_Dijk_fallback_gfx90a-xnack+.hsaco
0.3	-- Installing: /work/grodgers/git/tr-aomp/TheRock/build/math-libs/BLAS/rocBLAS/stage/lib/rocblas/library/TensileLibrary_Type_F8S_HPA_Contraction_l_Ailk_Bjlk_Cijk_Dijk_gfx942.co
0.3	-- Installing: /work/grodgers/git/tr-aomp/TheRock/build/math-libs/BLAS/rocBLAS/stage/lib/rocblas/library/TensileLibrary_Type_CC_Contraction_l_Alik_Bjlk_Cijk_Dijk_fallback_gfx908.hsaco
0.3	-- Installing: /work/grodgers/git/tr-aomp/TheRock/build/math-libs/BLAS/rocBLAS/stage/lib/rocblas/library/TensileLibrary_Type_ZZ_Contraction_l_Ailk_Bljk_Cijk_Dijk_fallback_gfx908.hsaco
0.3	-- Installing: /work/grodgers/git/tr-aomp/TheRock/build/math-libs/BLAS/rocBLAS/stage/lib/rocblas/library/TensileLibrary_Type_BB_HPA_Contraction_l_Alik_Bjlk_Cijk_Dijk_gfx908.co
0.3	-- Installing: /work/grodgers/git/tr-aomp/TheRock/build/math-libs/BLAS/rocBLAS/stage/lib/rocblas/library/TensileLibrary_Type_I8I_HPA_Contraction_l_Alik_Bljk_Cijk_Dijk_fallback_gfx908.hsaco
0.3	-- Installing: /work/grodgers/git/tr-aomp/TheRock/build/math-libs/BLAS/rocBLAS/stage/lib/rocblas/library/TensileLibrary_Type_HH_HPA_Fp16Alt_Contraction_l_Alik_Bjlk_Cijk_Dijk_gfx90a.co
0.3	-- Installing: /work/grodgers/git/tr-aomp/TheRock/build/math-libs/BLAS/rocBLAS/stage/lib/rocblas/library/TensileLibrary_Type_CC_Contraction_l_Ailk_BjlkC_Cijk_Dijk_gfx942.co
0.3	-- Installing: /work/grodgers/git/tr-aomp/TheRock/build/math-libs/BLAS/rocBLAS/stage/lib/rocblas/library/TensileLibrary_Type_HS_HPA_Contraction_l_Alik_Bjlk_Cijk_Dijk_gfx908.hsaco
0.3	-- Installing: /work/grodgers/git/tr-aomp/TheRock/build/math-libs/BLAS/rocBLAS/stage/lib/rocblas/library/TensileLibrary_Type_SS_Contraction_l_Alik_Bljk_Cijk_Dijk_gfx908.co
0.3	-- Installing: /work/grodgers/git/tr-aomp/TheRock/build/math-libs/BLAS/rocBLAS/stage/lib/rocblas/library/TensileLibrary_Type_ZZ_Contraction_l_Ailk_BjlkC_Cijk_Dijk_gfx942.co
0.3	-- Installing: /work/grodgers/git/tr-aomp/TheRock/build/math-libs/BLAS/rocBLAS/stage/lib/rocblas/library/TensileLibrary_Type_ZZ_Contraction_l_Ailk_BjlkC_Cijk_Dijk_fallback_gfx942.hsaco
0.3	-- Installing: /work/grodgers/git/tr-aomp/TheRock/build/math-libs/BLAS/rocBLAS/stage/lib/rocblas/library/TensileLibrary_Type_SS_Contraction_l_Alik_Bjlk_Cijk_Dijk_XPU_gfx942.dat
0.3	-- Installing: /work/grodgers/git/tr-aomp/TheRock/build/math-libs/BLAS/rocBLAS/stage/lib/rocblas/library/TensileLibrary_Type_HS_HPA_Contraction_l_Alik_Bjlk_Cijk_Dijk_gfx942.co
0.3	-- Installing: /work/grodgers/git/tr-aomp/TheRock/build/math-libs/BLAS/rocBLAS/stage/lib/rocblas/library/TensileLibrary_Type_CC_Contraction_l_Alik_Bjlk_Cijk_Dijk_fallback.dat
0.3	-- Installing: /work/grodgers/git/tr-aomp/TheRock/build/math-libs/BLAS/rocBLAS/stage/lib/rocblas/library/TensileLibrary_Type_SS_Contraction_l_Ailk_Bljk_Cijk_Dijk_gfx942.co
0.3	-- Installing: /work/grodgers/git/tr-aomp/TheRock/build/math-libs/BLAS/rocBLAS/stage/lib/rocblas/library/TensileLibrary_Type_HS_HPA_Contraction_l_Alik_Bljk_Cijk_Dijk_gfx90a-xnack+.hsaco
0.3	-- Installing: /work/grodgers/git/tr-aomp/TheRock/build/math-libs/BLAS/rocBLAS/stage/lib/rocblas/library/TensileLibrary_Type_CC_Contraction_l_Ailk_Bjlk_Cijk_Dijk_gfx90a.dat
0.3	-- Installing: /work/grodgers/git/tr-aomp/TheRock/build/math-libs/BLAS/rocBLAS/stage/lib/rocblas/library/TensileLibrary_Type_HH_HPA_Contraction_l_Ailk_Bljk_Cijk_Dijk_gfx942.dat
0.3	-- Installing: /work/grodgers/git/tr-aomp/TheRock/build/math-libs/BLAS/rocBLAS/stage/lib/rocblas/library/TensileLibrary_Type_BB_HPA_Contraction_l_Ailk_Bjlk_Cijk_Dijk_CU104_gfx90a.dat
0.3	-- Installing: /work/grodgers/git/tr-aomp/TheRock/build/math-libs/BLAS/rocBLAS/stage/lib/rocblas/library/TensileLibrary_Type_F8S_HPA_Contraction_l_Alik_Bjlk_Cijk_Dijk_gfx942.co
0.3	-- Installing: /work/grodgers/git/tr-aomp/TheRock/build/math-libs/BLAS/rocBLAS/stage/lib/rocblas/library/TensileLibrary_Type_HS_HPA_Contraction_l_Alik_Bljk_Cijk_Dijk_fallback.dat
0.3	-- Installing: /work/grodgers/git/tr-aomp/TheRock/build/math-libs/BLAS/rocBLAS/stage/lib/rocblas/library/TensileLibrary_Type_CC_Contraction_l_Ailk_Bljk_Cijk_Dijk_fallback.dat
0.3	-- Installing: /work/grodgers/git/tr-aomp/TheRock/build/math-libs/BLAS/rocBLAS/stage/lib/rocblas/library/TensileLibrary_Type_CC_Contraction_l_Ailk_BjlkC_Cijk_Dijk_gfx908.dat
0.3	-- Installing: /work/grodgers/git/tr-aomp/TheRock/build/math-libs/BLAS/rocBLAS/stage/lib/rocblas/library/TensileLibrary_Type_ZZ_Contraction_l_AlikC_BjlkC_Cijk_Dijk_gfx942.dat
0.3	-- Installing: /work/grodgers/git/tr-aomp/TheRock/build/math-libs/BLAS/rocBLAS/stage/lib/rocblas/library/TensileLibrary_Type_4xi8I_HPA_Contraction_l_Alik_Bjlk_Cijk_Dijk_gfx90a-xnack-.hsaco
0.3	-- Installing: /work/grodgers/git/tr-aomp/TheRock/build/math-libs/BLAS/rocBLAS/stage/lib/rocblas/library/TensileLibrary_Type_CC_Contraction_l_Ailk_Bjlk_Cijk_Dijk_fallback_gfx90a-xnack-.hsaco
0.3	-- Installing: /work/grodgers/git/tr-aomp/TheRock/build/math-libs/BLAS/rocBLAS/stage/lib/rocblas/library/TensileLibrary_Type_HH_Contraction_l_Alik_Bljk_Cijk_Dijk_gfx90a.dat
0.3	-- Installing: /work/grodgers/git/tr-aomp/TheRock/build/math-libs/BLAS/rocBLAS/stage/lib/rocblas/library/TensileLibrary_Type_4xi8I_HPA_Contraction_l_Ailk_Bjlk_Cijk_Dijk_fallback_gfx90a-xnack-.hsaco
0.3	-- Installing: /work/grodgers/git/tr-aomp/TheRock/build/math-libs/BLAS/rocBLAS/stage/lib/rocblas/library/TensileLibrary_Type_ZZ_Contraction_l_AlikC_Bjlk_Cijk_Dijk_gfx942.dat
0.3	-- Installing: /work/grodgers/git/tr-aomp/TheRock/build/math-libs/BLAS/rocBLAS/stage/lib/rocblas/library/TensileLibrary_Type_HH_HPA_Fp16Alt_Contraction_l_Ailk_Bljk_Cijk_Dijk_CU104_gfx90a.co
0.3	-- Installing: /work/grodgers/git/tr-aomp/TheRock/build/math-libs/BLAS/rocBLAS/stage/lib/rocblas/library/TensileLibrary_Type_HH_HPA_Fp16AltRnz_Fp16Alt_Contraction_l_Alik_Bljk_Cijk_Dijk_gfx90a.dat
0.3	-- Installing: /work/grodgers/git/tr-aomp/TheRock/build/math-libs/BLAS/rocBLAS/stage/lib/rocblas/library/TensileLibrary_Type_DD_Contraction_l_Alik_Bljk_Cijk_Dijk_gfx908.co
0.3	-- Installing: /work/grodgers/git/tr-aomp/TheRock/build/math-libs/BLAS/rocBLAS/stage/lib/rocblas/library/TensileLibrary_Type_CC_Contraction_l_Ailk_BjlkC_Cijk_Dijk_gfx90a.co
0.3	-- Installing: /work/grodgers/git/tr-aomp/TheRock/build/math-libs/BLAS/rocBLAS/stage/lib/rocblas/library/TensileLibrary_Type_BB_HPA_Contraction_l_Alik_Bljk_Cijk_Dijk_gfx90a.dat
0.3	-- Installing: /work/grodgers/git/tr-aomp/TheRock/build/math-libs/BLAS/rocBLAS/stage/lib/rocblas/library/TensileLibrary_Type_I8I_HPA_Contraction_l_Ailk_Bljk_Cijk_Dijk_gfx90a.co
0.3	-- Installing: /work/grodgers/git/tr-aomp/TheRock/build/math-libs/BLAS/rocBLAS/stage/lib/rocblas/library/TensileLibrary_Type_ZZ_Contraction_l_AlikC_Bljk_Cijk_Dijk_fallback_gfx90a-xnack+.hsaco
0.3	-- Installing: /work/grodgers/git/tr-aomp/TheRock/build/math-libs/BLAS/rocBLAS/stage/lib/rocblas/library/TensileLibrary_Type_CC_Contraction_l_Alik_Bljk_Cijk_Dijk_fallback_gfx908.hsaco
0.3	-- Installing: /work/grodgers/git/tr-aomp/TheRock/build/math-libs/BLAS/rocBLAS/stage/lib/rocblas/library/TensileLibrary_Type_HH_HPA_Contraction_l_Ailk_Bljk_Cijk_Dijk_gfx908.co
0.3	-- Installing: /work/grodgers/git/tr-aomp/TheRock/build/math-libs/BLAS/rocBLAS/stage/lib/rocblas/library/TensileLibrary_Type_HH_HPA_Fp16Alt_Contraction_l_Ailk_Bjlk_Cijk_Dijk_gfx90a.co
0.3	-- Installing: /work/grodgers/git/tr-aomp/TheRock/build/math-libs/BLAS/rocBLAS/stage/lib/rocblas/library/TensileLibrary_Type_4xi8I_HPA_Contraction_l_Ailk_Bljk_Cijk_Dijk_fallback_gfx90a-xnack-.hsaco
0.3	-- Installing: /work/grodgers/git/tr-aomp/TheRock/build/math-libs/BLAS/rocBLAS/stage/lib/rocblas/library/TensileLibrary_Type_I8I_HPA_Contraction_l_Ailk_Bljk_Cijk_Dijk_fallback_gfx908.hsaco
0.3	-- Installing: /work/grodgers/git/tr-aomp/TheRock/build/math-libs/BLAS/rocBLAS/stage/lib/rocblas/library/TensileLibrary_Type_BS_HPA_Contraction_l_Alik_Bjlk_Cijk_Dijk_fallback_gfx942.hsaco
0.3	-- Installing: /work/grodgers/git/tr-aomp/TheRock/build/math-libs/BLAS/rocBLAS/stage/lib/rocblas/library/TensileLibrary_Type_ZZ_Contraction_l_Ailk_Bljk_Cijk_Dijk_gfx908.co
0.3	-- Installing: /work/grodgers/git/tr-aomp/TheRock/build/math-libs/BLAS/rocBLAS/stage/lib/rocblas/library/TensileLibrary_Type_HH_HPA_Contraction_l_Alik_Bljk_Cijk_Dijk_fallback.dat
0.3	-- Installing: /work/grodgers/git/tr-aomp/TheRock/build/math-libs/BLAS/rocBLAS/stage/lib/rocblas/library/TensileLibrary_Type_HH_HPA_CUEfficiency_Contraction_l_Alik_Bljk_Cijk_Dijk_gfx908.co
0.3	-- Installing: /work/grodgers/git/tr-aomp/TheRock/build/math-libs/BLAS/rocBLAS/stage/lib/rocblas/library/TensileLibrary_Type_HH_Contraction_l_Alik_Bjlk_Cijk_Dijk_fallback_gfx942.hsaco
0.3	-- Installing: /work/grodgers/git/tr-aomp/TheRock/build/math-libs/BLAS/rocBLAS/stage/lib/rocblas/library/TensileLibrary_Type_CC_Contraction_l_AlikC_Bjlk_Cijk_Dijk_gfx942.dat
0.3	-- Installing: /work/grodgers/git/tr-aomp/TheRock/build/math-libs/BLAS/rocBLAS/stage/lib/rocblas/library/TensileLibrary_Type_DD_ExperimentalDTree_Contraction_l_Alik_Bljk_Cijk_Dijk_gfx90a.dat
0.3	-- Installing: /work/grodgers/git/tr-aomp/TheRock/build/math-libs/BLAS/rocBLAS/stage/lib/rocblas/library/TensileLibrary_Type_BS_HPA_Contraction_l_Ailk_Bljk_Cijk_Dijk_CU104_gfx90a.dat
0.3	-- Installing: /work/grodgers/git/tr-aomp/TheRock/build/math-libs/BLAS/rocBLAS/stage/lib/rocblas/library/TensileLibrary_Type_CC_Contraction_l_AlikC_Bljk_Cijk_Dijk_fallback_gfx942.hsaco
0.3	-- Installing: /work/grodgers/git/tr-aomp/TheRock/build/math-libs/BLAS/rocBLAS/stage/lib/rocblas/library/TensileLibrary_Type_SS_ExperimentalDTree_Contraction_l_Ailk_Bljk_Cijk_Dijk_gfx90a.co
0.3	-- Installing: /work/grodgers/git/tr-aomp/TheRock/build/math-libs/BLAS/rocBLAS/stage/lib/rocblas/library/TensileLibrary_Type_B8H_HPA_Contraction_l_Ailk_Bljk_Cijk_Dijk_gfx942.co
0.3	-- Installing: /work/grodgers/git/tr-aomp/TheRock/build/math-libs/BLAS/rocBLAS/stage/lib/rocblas/library/TensileLibrary_Type_HS_HPA_Contraction_l_Alik_Bljk_Cijk_Dijk_fallback_gfx90a-xnack+.hsaco
0.3	-- Installing: /work/grodgers/git/tr-aomp/TheRock/build/math-libs/BLAS/rocBLAS/stage/lib/rocblas/library/TensileLibrary_Type_HS_HPA_Contraction_l_Ailk_Bjlk_Cijk_Dijk_gfx942.co
0.3	-- Installing: /work/grodgers/git/tr-aomp/TheRock/build/math-libs/BLAS/rocBLAS/stage/lib/rocblas/library/TensileLibrary_Type_HS_HPA_Contraction_l_Alik_Bjlk_Cijk_Dijk_fallback_gfx90a-xnack-.hsaco
0.3	-- Installing: /work/grodgers/git/tr-aomp/TheRock/build/math-libs/BLAS/rocBLAS/stage/lib/rocblas/library/TensileLibrary_Type_ZZ_Contraction_l_Ailk_Bjlk_Cijk_Dijk_fallback_gfx942.hsaco
0.3	-- Installing: /work/grodgers/git/tr-aomp/TheRock/build/math-libs/BLAS/rocBLAS/stage/lib/rocblas/library/TensileLibrary_Type_DD_Contraction_l_Ailk_Bjlk_Cijk_Dijk_gfx90a.co
0.3	-- Installing: /work/grodgers/git/tr-aomp/TheRock/build/math-libs/BLAS/rocBLAS/stage/lib/rocblas/library/TensileLibrary_Type_HS_HPA_Contraction_l_Alik_Bljk_Cijk_Dijk_fallback_gfx908.hsaco
0.3	-- Installing: /work/grodgers/git/tr-aomp/TheRock/build/math-libs/BLAS/rocBLAS/stage/lib/rocblas/library/TensileLibrary_Type_HH_HPA_Contraction_l_Alik_Bjlk_Cijk_Dijk_CU104_gfx90a.dat
0.3	-- Installing: /work/grodgers/git/tr-aomp/TheRock/build/math-libs/BLAS/rocBLAS/stage/lib/rocblas/library/TensileLibrary_Type_SS_Contraction_l_Ailk_Bljk_Cijk_Dijk_fallback.dat
0.3	-- Installing: /work/grodgers/git/tr-aomp/TheRock/build/math-libs/BLAS/rocBLAS/stage/lib/rocblas/library/TensileLibrary_Type_HH_HPA_Contraction_l_Alik_Bjlk_Cijk_Dijk_gfx908.hsaco
0.3	-- Installing: /work/grodgers/git/tr-aomp/TheRock/build/math-libs/BLAS/rocBLAS/stage/lib/rocblas/library/TensileLibrary_Type_BB_HPA_Contraction_l_Alik_Bjlk_Cijk_Dijk_fallback_gfx942.hsaco
0.3	-- Installing: /work/grodgers/git/tr-aomp/TheRock/build/math-libs/BLAS/rocBLAS/stage/lib/rocblas/library/TensileLibrary_Type_SS_ExperimentalDTree_Contraction_l_Ailk_Bljk_Cijk_Dijk_gfx90a.dat
0.3	-- Installing: /work/grodgers/git/tr-aomp/TheRock/build/math-libs/BLAS/rocBLAS/stage/lib/rocblas/library/TensileLibrary_Type_ZZ_Contraction_l_Ailk_Bjlk_Cijk_Dijk_fallback_gfx90a-xnack-.hsaco
0.3	-- Installing: /work/grodgers/git/tr-aomp/TheRock/build/math-libs/BLAS/rocBLAS/stage/lib/rocblas/library/TensileLibrary_Type_DD_Contraction_l_Alik_Bljk_Cijk_Dijk_CU104_gfx90a.dat
0.3	-- Installing: /work/grodgers/git/tr-aomp/TheRock/build/math-libs/BLAS/rocBLAS/stage/lib/rocblas/library/TensileLibrary_Type_HS_HPA_Contraction_l_Ailk_Bljk_Cijk_Dijk_gfx908.co
0.3	-- Installing: /work/grodgers/git/tr-aomp/TheRock/build/math-libs/BLAS/rocBLAS/stage/lib/rocblas/library/TensileLibrary_Type_HS_HPA_Contraction_l_Ailk_Bjlk_Cijk_Dijk_gfx90a.co
0.3	-- Installing: /work/grodgers/git/tr-aomp/TheRock/build/math-libs/BLAS/rocBLAS/stage/lib/rocblas/library/TensileLibrary_Type_4xi8I_HPA_Contraction_l_Ailk_Bljk_Cijk_Dijk_gfx90a-xnack+.hsaco
0.3	-- Installing: /work/grodgers/git/tr-aomp/TheRock/build/math-libs/BLAS/rocBLAS/stage/lib/rocblas/library/TensileLibrary_Type_I8I_HPA_Contraction_l_Ailk_Bljk_Cijk_Dijk_fallback_gfx942.hsaco
0.3	-- Installing: /work/grodgers/git/tr-aomp/TheRock/build/math-libs/BLAS/rocBLAS/stage/lib/rocblas/library/TensileLibrary_Type_HH_Contraction_l_Alik_Bjlk_Cijk_Dijk_fallback_gfx90a-xnack-.hsaco
0.3	-- Installing: /work/grodgers/git/tr-aomp/TheRock/build/math-libs/BLAS/rocBLAS/stage/lib/rocblas/library/TensileLibrary_Type_DD_Contraction_l_Ailk_Bljk_Cijk_Dijk_fallback_gfx90a-xnack-.hsaco
0.3	-- Installing: /work/grodgers/git/tr-aomp/TheRock/build/math-libs/BLAS/rocBLAS/stage/lib/rocblas/library/TensileLibrary_Type_HH_Contraction_l_Alik_Bljk_Cijk_Dijk_gfx90a.co
0.3	-- Installing: /work/grodgers/git/tr-aomp/TheRock/build/math-libs/BLAS/rocBLAS/stage/lib/rocblas/library/TensileLibrary_Type_4xi8I_HPA_Contraction_l_Alik_Bjlk_Cijk_Dijk_gfx90a.co
0.3	-- Installing: /work/grodgers/git/tr-aomp/TheRock/build/math-libs/BLAS/rocBLAS/stage/lib/rocblas/library/TensileLibrary_Type_HH_HPA_Contraction_l_Alik_Bjlk_Cijk_Dijk_gfx90a-xnack+.hsaco
0.3	-- Installing: /work/grodgers/git/tr-aomp/TheRock/build/math-libs/BLAS/rocBLAS/stage/lib/rocblas/library/TensileLibrary_Type_HS_HPA_Contraction_l_Ailk_Bljk_Cijk_Dijk_fallback_gfx942.hsaco
0.3	-- Installing: /work/grodgers/git/tr-aomp/TheRock/build/math-libs/BLAS/rocBLAS/stage/lib/rocblas/library/TensileLibrary_Type_ZZ_Contraction_l_Alik_Bjlk_Cijk_Dijk_fallback_gfx90a-xnack+.hsaco
0.3	-- Installing: /work/grodgers/git/tr-aomp/TheRock/build/math-libs/BLAS/rocBLAS/stage/lib/rocblas/library/TensileLibrary_Type_CC_Contraction_l_Alik_BjlkC_Cijk_Dijk_fallback_gfx908.hsaco
0.3	-- Installing: /work/grodgers/git/tr-aomp/TheRock/build/math-libs/BLAS/rocBLAS/stage/lib/rocblas/library/TensileLibrary_Type_CC_Contraction_l_Alik_Bjlk_Cijk_Dijk_gfx90a.dat
0.3	-- Installing: /work/grodgers/git/tr-aomp/TheRock/build/math-libs/BLAS/rocBLAS/stage/lib/rocblas/library/TensileLibrary_Type_SS_Contraction_l_Alik_Bljk_Cijk_Dijk_CU104_gfx90a.dat
0.3	-- Installing: /work/grodgers/git/tr-aomp/TheRock/build/math-libs/BLAS/rocBLAS/stage/lib/rocblas/library/TensileLibrary_Type_HH_HPA_Fp16Alt_ExperimentalDTree_Contraction_l_Ailk_Bjlk_Cijk_Dijk_gfx90a.dat
0.3	-- Installing: /work/grodgers/git/tr-aomp/TheRock/build/math-libs/BLAS/rocBLAS/stage/lib/rocblas/library/TensileLibrary_Type_SS_Contraction_l_Ailk_Bjlk_Cijk_Dijk_gfx908.hsaco
0.3	-- Installing: /work/grodgers/git/tr-aomp/TheRock/build/math-libs/BLAS/rocBLAS/stage/lib/rocblas/library/TensileLibrary_Type_DD_ExperimentalDTree_Contraction_l_Alik_Bljk_Cijk_Dijk_gfx90a.co
0.3	-- Installing: /work/grodgers/git/tr-aomp/TheRock/build/math-libs/BLAS/rocBLAS/stage/lib/rocblas/library/TensileLibrary_Type_HH_Contraction_l_Ailk_Bljk_Cijk_Dijk_gfx942.dat
0.3	-- Installing: /work/grodgers/git/tr-aomp/TheRock/build/math-libs/BLAS/rocBLAS/stage/lib/rocblas/library/TensileLibrary_Type_BS_HPA_Contraction_l_Ailk_Bjlk_Cijk_Dijk_CU104_gfx90a.dat
0.3	-- Installing: /work/grodgers/git/tr-aomp/TheRock/build/math-libs/BLAS/rocBLAS/stage/lib/rocblas/library/TensileLibrary_Type_HS_HPA_Contraction_l_Alik_Bjlk_Cijk_Dijk_gfx90a.co
0.3	-- Installing: /work/grodgers/git/tr-aomp/TheRock/build/math-libs/BLAS/rocBLAS/stage/lib/rocblas/library/TensileLibrary_Type_HH_HPA_Contraction_l_Ailk_Bljk_Cijk_Dijk_CU104_gfx90a-xnack+.hsaco
0.3	-- Installing: /work/grodgers/git/tr-aomp/TheRock/build/math-libs/BLAS/rocBLAS/stage/lib/rocblas/library/TensileLibrary_Type_BS_HPA_Contraction_l_Alik_Bjlk_Cijk_Dijk_gfx90a.co
0.3	-- Installing: /work/grodgers/git/tr-aomp/TheRock/build/math-libs/BLAS/rocBLAS/stage/lib/rocblas/library/TensileLibrary_Type_SS_Contraction_l_Ailk_Bjlk_Cijk_Dijk_XPU_gfx942.co
0.3	-- Installing: /work/grodgers/git/tr-aomp/TheRock/build/math-libs/BLAS/rocBLAS/stage/lib/rocblas/library/TensileLibrary_Type_HH_HPA_ExperimentalGrid_Contraction_l_Ailk_Bjlk_Cijk_Dijk_gfx90a.co
0.3	-- Installing: /work/grodgers/git/tr-aomp/TheRock/build/math-libs/BLAS/rocBLAS/stage/lib/rocblas/library/TensileLibrary_Type_B8S_HPA_Contraction_l_Alik_Bjlk_Cijk_Dijk_gfx942.dat
0.3	-- Installing: /work/grodgers/git/tr-aomp/TheRock/build/math-libs/BLAS/rocBLAS/stage/lib/rocblas/library/TensileLibrary_Type_BB_HPA_Contraction_l_Ailk_Bjlk_Cijk_Dijk_gfx942.co
0.3	-- Installing: /work/grodgers/git/tr-aomp/TheRock/build/math-libs/BLAS/rocBLAS/stage/lib/rocblas/library/TensileLibrary_Type_CC_Contraction_l_Ailk_Bljk_Cijk_Dijk_gfx908.dat
0.3	-- Installing: /work/grodgers/git/tr-aomp/TheRock/build/math-libs/BLAS/rocBLAS/stage/lib/rocblas/library/TensileLibrary_Type_ZZ_Contraction_l_AlikC_Bjlk_Cijk_Dijk_gfx90a.dat
0.3	-- Installing: /work/grodgers/git/tr-aomp/TheRock/build/math-libs/BLAS/rocBLAS/stage/lib/rocblas/library/TensileLibrary_Type_HH_HPA_Contraction_l_Ailk_Bjlk_Cijk_Dijk_gfx942.co
0.3	-- Installing: /work/grodgers/git/tr-aomp/TheRock/build/math-libs/BLAS/rocBLAS/stage/lib/rocblas/library/TensileLibrary_Type_BS_HPA_Contraction_l_Ailk_Bjlk_Cijk_Dijk_gfx942.co
0.3	-- Installing: /work/grodgers/git/tr-aomp/TheRock/build/math-libs/BLAS/rocBLAS/stage/lib/rocblas/library/TensileLibrary_Type_HH_HPA_Contraction_l_Alik_Bjlk_Cijk_Dijk_gfx942.dat
0.3	-- Installing: /work/grodgers/git/tr-aomp/TheRock/build/math-libs/BLAS/rocBLAS/stage/lib/rocblas/library/TensileLibrary_Type_SS_Contraction_l_Ailk_Bljk_Cijk_Dijk_fallback_gfx90a-xnack+.hsaco
0.3	-- Installing: /work/grodgers/git/tr-aomp/TheRock/build/math-libs/BLAS/rocBLAS/stage/lib/rocblas/library/TensileLibrary_Type_HS_HPA_Contraction_l_Alik_Bjlk_Cijk_Dijk_fallback_gfx942.hsaco
0.3	-- Installing: /work/grodgers/git/tr-aomp/TheRock/build/math-libs/BLAS/rocBLAS/stage/lib/rocblas/library/TensileLibrary_Type_4xi8I_HPA_Contraction_l_Ailk_Bjlk_Cijk_Dijk_fallback_gfx942.hsaco
0.3	-- Installing: /work/grodgers/git/tr-aomp/TheRock/build/math-libs/BLAS/rocBLAS/stage/lib/rocblas/library/TensileLibrary_Type_SS_Contraction_l_Ailk_Bljk_Cijk_Dijk_CU104_gfx90a.dat
0.3	-- Installing: /work/grodgers/git/tr-aomp/TheRock/build/math-libs/BLAS/rocBLAS/stage/lib/rocblas/library/TensileLibrary_Type_BB_HPA_Contraction_l_Ailk_Bjlk_Cijk_Dijk_gfx90a.dat
0.3	-- Installing: /work/grodgers/git/tr-aomp/TheRock/build/math-libs/BLAS/rocBLAS/stage/lib/rocblas/library/Kernels.so-000-gfx90a-xnack-.hsaco
0.3	-- Installing: /work/grodgers/git/tr-aomp/TheRock/build/math-libs/BLAS/rocBLAS/stage/lib/rocblas/library/TensileLibrary_Type_BS_HPA_Contraction_l_Ailk_Bljk_Cijk_Dijk_fallback_gfx90a-xnack+.hsaco
0.3	-- Installing: /work/grodgers/git/tr-aomp/TheRock/build/math-libs/BLAS/rocBLAS/stage/lib/rocblas/library/TensileLibrary_Type_B8B8_HPA_Contraction_l_Ailk_Bjlk_Cijk_Dijk_gfx942.co
0.3	-- Installing: /work/grodgers/git/tr-aomp/TheRock/build/math-libs/BLAS/rocBLAS/stage/lib/rocblas/library/TensileLibrary_Type_ZZ_Contraction_l_Ailk_BjlkC_Cijk_Dijk_fallback_gfx908.hsaco
0.3	-- Installing: /work/grodgers/git/tr-aomp/TheRock/build/math-libs/BLAS/rocBLAS/stage/lib/rocblas/library/TensileLibrary_Type_HH_HPA_Contraction_l_Alik_Bljk_Cijk_Dijk_CU104_gfx90a.co
0.3	-- Installing: /work/grodgers/git/tr-aomp/TheRock/build/math-libs/BLAS/rocBLAS/stage/lib/rocblas/library/TensileLibrary_Type_HH_Contraction_l_Ailk_Bjlk_Cijk_Dijk_gfx908.dat
0.3	-- Installing: /work/grodgers/git/tr-aomp/TheRock/build/math-libs/BLAS/rocBLAS/stage/lib/rocblas/library/TensileLibrary_Type_CC_Contraction_l_Ailk_Bjlk_Cijk_Dijk_gfx942.co
0.3	-- Installing: /work/grodgers/git/tr-aomp/TheRock/build/math-libs/BLAS/rocBLAS/stage/lib/rocblas/library/TensileLibrary_Type_HH_HPA_Fp16Alt_Contraction_l_Alik_Bjlk_Cijk_Dijk_CU104_gfx90a-xnack-.hsaco
0.3	-- Installing: /work/grodgers/git/tr-aomp/TheRock/build/math-libs/BLAS/rocBLAS/stage/lib/rocblas/library/TensileLibrary_Type_I8I_HPA_Contraction_l_Alik_Bjlk_Cijk_Dijk_gfx908.co
0.3	-- Installing: /work/grodgers/git/tr-aomp/TheRock/build/math-libs/BLAS/rocBLAS/stage/lib/rocblas/library/TensileLibrary_Type_HH_HPA_Contraction_l_Ailk_Bljk_Cijk_Dijk_fallback_gfx90a-xnack-.hsaco
0.3	-- Installing: /work/grodgers/git/tr-aomp/TheRock/build/math-libs/BLAS/rocBLAS/stage/lib/rocblas/library/TensileLibrary_Type_I8I_HPA_Contraction_l_Ailk_Bjlk_Cijk_Dijk_gfx908.co
0.3	-- Installing: /work/grodgers/git/tr-aomp/TheRock/build/math-libs/BLAS/rocBLAS/stage/lib/rocblas/library/TensileLibrary_Type_HH_HPA_Fp16Alt_Contraction_l_Alik_Bljk_Cijk_Dijk_gfx90a.dat
0.3	-- Installing: /work/grodgers/git/tr-aomp/TheRock/build/math-libs/BLAS/rocBLAS/stage/lib/rocblas/library/TensileLibrary_Type_HH_HPA_Fp16Alt_Contraction_l_Alik_Bljk_Cijk_Dijk_CU104_gfx90a.dat
0.3	-- Installing: /work/grodgers/git/tr-aomp/TheRock/build/math-libs/BLAS/rocBLAS/stage/lib/rocblas/library/TensileLibrary_Type_HS_HPA_Contraction_l_Ailk_Bljk_Cijk_Dijk_gfx90a-xnack+.hsaco
0.3	-- Installing: /work/grodgers/git/tr-aomp/TheRock/build/math-libs/BLAS/rocBLAS/stage/lib/rocblas/library/TensileLibrary_Type_BB_HPA_Contraction_l_Ailk_Bljk_Cijk_Dijk_XPU_gfx942.co
0.3	-- Installing: /work/grodgers/git/tr-aomp/TheRock/build/math-libs/BLAS/rocBLAS/stage/lib/rocblas/library/TensileLibrary_Type_DD_ExperimentalDTree_Contraction_l_Ailk_Bjlk_Cijk_Dijk_gfx90a.co
0.3	-- Installing: /work/grodgers/git/tr-aomp/TheRock/build/math-libs/BLAS/rocBLAS/stage/lib/rocblas/library/TensileLibrary_Type_BS_HPA_Contraction_l_Alik_Bljk_Cijk_Dijk_fallback.dat
0.3	-- Installing: /work/grodgers/git/tr-aomp/TheRock/build/math-libs/BLAS/rocBLAS/stage/lib/rocblas/library/TensileLibrary_Type_HH_Contraction_l_Alik_Bjlk_Cijk_Dijk_gfx90a.dat
0.3	-- Installing: /work/grodgers/git/tr-aomp/TheRock/build/math-libs/BLAS/rocBLAS/stage/lib/rocblas/library/TensileLibrary_Type_F8S_HPA_Contraction_l_Alik_Bljk_Cijk_Dijk_gfx942.co
0.3	-- Installing: /work/grodgers/git/tr-aomp/TheRock/build/math-libs/BLAS/rocBLAS/stage/lib/rocblas/library/TensileLibrary_Type_BS_HPA_Contraction_l_Alik_Bjlk_Cijk_Dijk_fallback_gfx908.hsaco
0.3	-- Installing: /work/grodgers/git/tr-aomp/TheRock/build/math-libs/BLAS/rocBLAS/stage/lib/rocblas/library/TensileLibrary_Type_HH_HPA_Contraction_l_Ailk_Bljk_Cijk_Dijk_gfx942.co
0.3	-- Installing: /work/grodgers/git/tr-aomp/TheRock/build/math-libs/BLAS/rocBLAS/stage/lib/rocblas/library/TensileLibrary_Type_B8S_HPA_Contraction_l_Ailk_Bjlk_Cijk_Dijk_gfx942.dat
0.3	-- Installing: /work/grodgers/git/tr-aomp/TheRock/build/math-libs/BLAS/rocBLAS/stage/lib/rocblas/library/TensileLibrary_Type_BS_HPA_Contraction_l_Ailk_Bjlk_Cijk_Dijk_fallback_gfx90a-xnack-.hsaco
0.3	-- Installing: /work/grodgers/git/tr-aomp/TheRock/build/math-libs/BLAS/rocBLAS/stage/lib/rocblas/library/TensileLibrary_Type_HH_Contraction_l_Ailk_Bljk_Cijk_Dijk_fallback_gfx90a-xnack-.hsaco
0.3	-- Installing: /work/grodgers/git/tr-aomp/TheRock/build/math-libs/BLAS/rocBLAS/stage/lib/rocblas/library/TensileLibrary_Type_ZZ_Contraction_l_Alik_BjlkC_Cijk_Dijk_gfx942.dat
0.3	-- Installing: /work/grodgers/git/tr-aomp/TheRock/build/math-libs/BLAS/rocBLAS/stage/lib/rocblas/library/TensileLibrary_Type_ZZ_Contraction_l_AlikC_Bjlk_Cijk_Dijk_fallback_gfx90a-xnack+.hsaco
0.3	-- Installing: /work/grodgers/git/tr-aomp/TheRock/build/math-libs/BLAS/rocBLAS/stage/lib/rocblas/library/TensileLibrary_Type_HH_HPA_Contraction_l_Alik_Bljk_Cijk_Dijk_CU80_XPU_gfx942.dat
0.3	-- Installing: /work/grodgers/git/tr-aomp/TheRock/build/math-libs/BLAS/rocBLAS/stage/lib/rocblas/library/TensileLibrary_Type_I8I_HPA_Contraction_l_Ailk_Bjlk_Cijk_Dijk_gfx90a.co
0.3	-- Installing: /work/grodgers/git/tr-aomp/TheRock/build/math-libs/BLAS/rocBLAS/stage/lib/rocblas/library/TensileLibrary_Type_DD_Contraction_l_Alik_Bjlk_Cijk_Dijk_fallback_gfx90a-xnack+.hsaco
0.3	-- Installing: /work/grodgers/git/tr-aomp/TheRock/build/math-libs/BLAS/rocBLAS/stage/lib/rocblas/library/TensileLibrary_Type_B8B8_HPA_Contraction_l_Ailk_Bljk_Cijk_Dijk_gfx942.dat
0.3	-- Installing: /work/grodgers/git/tr-aomp/TheRock/build/math-libs/BLAS/rocBLAS/stage/lib/rocblas/library/TensileLibrary_Type_BS_HPA_Contraction_l_Alik_Bjlk_Cijk_Dijk_gfx942.co
0.3	-- Installing: /work/grodgers/git/tr-aomp/TheRock/build/math-libs/BLAS/rocBLAS/stage/lib/rocblas/library/TensileLibrary_Type_CC_Contraction_l_Ailk_Bjlk_Cijk_Dijk_gfx942.dat
0.3	-- Installing: /work/grodgers/git/tr-aomp/TheRock/build/math-libs/BLAS/rocBLAS/stage/lib/rocblas/library/TensileLibrary_Type_I8I_HPA_Contraction_l_Ailk_Bljk_Cijk_Dijk_gfx942.co
0.3	-- Installing: /work/grodgers/git/tr-aomp/TheRock/build/math-libs/BLAS/rocBLAS/stage/lib/rocblas/library/TensileLibrary_Type_I8I_HPA_Contraction_l_Alik_Bjlk_Cijk_Dijk_fallback_gfx942.hsaco
0.3	-- Installing: /work/grodgers/git/tr-aomp/TheRock/build/math-libs/BLAS/rocBLAS/stage/lib/rocblas/library/TensileLibrary_Type_ZZ_Contraction_l_Ailk_Bjlk_Cijk_Dijk_gfx908.dat
0.3	-- Installing: /work/grodgers/git/tr-aomp/TheRock/build/math-libs/BLAS/rocBLAS/stage/lib/rocblas/library/TensileLibrary_Type_F8B8_HPA_Contraction_l_Alik_Bjlk_Cijk_Dijk_gfx942.dat
0.3	-- Installing: /work/grodgers/git/tr-aomp/TheRock/build/math-libs/BLAS/rocBLAS/stage/lib/rocblas/library/TensileLibrary_Type_HH_HPA_Contraction_l_Alik_Bjlk_Cijk_Dijk_fallback_gfx90a-xnack+.hsaco
0.3	-- Installing: /work/grodgers/git/tr-aomp/TheRock/build/math-libs/BLAS/rocBLAS/stage/lib/rocblas/library/TensileLibrary_Type_HH_Contraction_l_Ailk_Bljk_Cijk_Dijk_gfx908.co
0.3	-- Installing: /work/grodgers/git/tr-aomp/TheRock/build/math-libs/BLAS/rocBLAS/stage/lib/rocblas/library/TensileLibrary_Type_CC_Contraction_l_AlikC_BjlkC_Cijk_Dijk_fallback_gfx942.hsaco
0.3	-- Installing: /work/grodgers/git/tr-aomp/TheRock/build/math-libs/BLAS/rocBLAS/stage/lib/rocblas/library/TensileLibrary_Type_BB_HPA_Contraction_l_Alik_Bljk_Cijk_Dijk_gfx942.co
0.3	-- Installing: /work/grodgers/git/tr-aomp/TheRock/build/math-libs/BLAS/rocBLAS/stage/lib/rocblas/library/TensileLibrary_Type_HS_HPA_Contraction_l_Ailk_Bljk_Cijk_Dijk_fallback_gfx908.hsaco
0.3	-- Installing: /work/grodgers/git/tr-aomp/TheRock/build/math-libs/BLAS/rocBLAS/stage/lib/rocblas/library/TensileLibrary_Type_I8I_HPA_Contraction_l_Alik_Bljk_Cijk_Dijk_gfx90a.dat
0.3	-- Installing: /work/grodgers/git/tr-aomp/TheRock/build/math-libs/BLAS/rocBLAS/stage/lib/rocblas/library/TensileLibrary_Type_BS_HPA_Contraction_l_Ailk_Bjlk_Cijk_Dijk_fallback_gfx908.hsaco
0.3	-- Installing: /work/grodgers/git/tr-aomp/TheRock/build/math-libs/BLAS/rocBLAS/stage/lib/rocblas/library/TensileLibrary_Type_SS_Contraction_l_Ailk_Bjlk_Cijk_Dijk_gfx90a.co
0.3	-- Installing: /work/grodgers/git/tr-aomp/TheRock/build/math-libs/BLAS/rocBLAS/stage/lib/rocblas/library/TensileLibrary_Type_HS_HPA_Contraction_l_Ailk_Bljk_Cijk_Dijk_gfx90a.dat
0.3	-- Installing: /work/grodgers/git/tr-aomp/TheRock/build/math-libs/BLAS/rocBLAS/stage/lib/rocblas/library/TensileLibrary_Type_I8I_HPA_Contraction_l_Alik_Bljk_Cijk_Dijk_gfx908.co
0.3	-- Installing: /work/grodgers/git/tr-aomp/TheRock/build/math-libs/BLAS/rocBLAS/stage/lib/rocblas/library/TensileLibrary_Type_CC_Contraction_l_Alik_Bjlk_Cijk_Dijk_gfx908.co
0.3	-- Installing: /work/grodgers/git/tr-aomp/TheRock/build/math-libs/BLAS/rocBLAS/stage/lib/rocblas/library/TensileLibrary_Type_BB_HPA_Contraction_l_Alik_Bjlk_Cijk_Dijk_gfx90a.dat
0.3	-- Installing: /work/grodgers/git/tr-aomp/TheRock/build/math-libs/BLAS/rocBLAS/stage/lib/rocblas/library/TensileLibrary_Type_I8I_HPA_Contraction_l_Ailk_Bjlk_Cijk_Dijk_fallback_gfx90a-xnack-.hsaco
0.3	-- Installing: /work/grodgers/git/tr-aomp/TheRock/build/math-libs/BLAS/rocBLAS/stage/lib/rocblas/library/TensileLibrary_Type_SS_Contraction_l_Alik_Bjlk_Cijk_Dijk_gfx908.co
0.3	-- Installing: /work/grodgers/git/tr-aomp/TheRock/build/math-libs/BLAS/rocBLAS/stage/lib/rocblas/library/TensileLibrary_Type_BB_HPA_Contraction_l_Alik_Bjlk_Cijk_Dijk_fallback_gfx908.hsaco
0.3	-- Installing: /work/grodgers/git/tr-aomp/TheRock/build/math-libs/BLAS/rocBLAS/stage/lib/rocblas/library/TensileLibrary_Type_HH_HPA_Contraction_l_Ailk_Bjlk_Cijk_Dijk_gfx90a-xnack-.hsaco
0.3	-- Installing: /work/grodgers/git/tr-aomp/TheRock/build/math-libs/BLAS/rocBLAS/stage/lib/rocblas/library/TensileLibrary_Type_CC_Contraction_l_AlikC_BjlkC_Cijk_Dijk_gfx942.co
0.3	-- Installing: /work/grodgers/git/tr-aomp/TheRock/build/math-libs/BLAS/rocBLAS/stage/lib/rocblas/library/TensileLibrary_Type_I8I_HPA_Contraction_l_Alik_Bljk_Cijk_Dijk_gfx942.dat
0.3	-- Installing: /work/grodgers/git/tr-aomp/TheRock/build/math-libs/BLAS/rocBLAS/stage/lib/rocblas/library/TensileLibrary_Type_CC_Contraction_l_AlikC_Bljk_Cijk_Dijk_gfx908.co
0.3	-- Installing: /work/grodgers/git/tr-aomp/TheRock/build/math-libs/BLAS/rocBLAS/stage/lib/rocblas/library/TensileLibrary_Type_DD_Contraction_l_Alik_Bjlk_Cijk_Dijk_gfx90a.dat
0.3	-- Installing: /work/grodgers/git/tr-aomp/TheRock/build/math-libs/BLAS/rocBLAS/stage/lib/rocblas/library/TensileLibrary_Type_DD_Contraction_l_Ailk_Bjlk_Cijk_Dijk_gfx942.co
0.3	-- Installing: /work/grodgers/git/tr-aomp/TheRock/build/math-libs/BLAS/rocBLAS/stage/lib/rocblas/library/TensileLibrary_Type_I8I_HPA_Contraction_l_Alik_Bljk_Cijk_Dijk_gfx942.co
0.3	-- Installing: /work/grodgers/git/tr-aomp/TheRock/build/math-libs/BLAS/rocBLAS/stage/lib/rocblas/library/TensileLibrary_Type_I8I_HPA_Contraction_l_Ailk_Bjlk_Cijk_Dijk_fallback.dat
0.3	-- Installing: /work/grodgers/git/tr-aomp/TheRock/build/math-libs/BLAS/rocBLAS/stage/lib/rocblas/library/TensileLibrary_Type_HH_HPA_Contraction_l_Ailk_Bjlk_Cijk_Dijk_fallback_gfx908.hsaco
0.3	-- Installing: /work/grodgers/git/tr-aomp/TheRock/build/math-libs/BLAS/rocBLAS/stage/lib/rocblas/library/TensileLibrary_Type_SS_Contraction_l_Alik_Bljk_Cijk_Dijk_CU104_gfx90a.co
0.3	-- Installing: /work/grodgers/git/tr-aomp/TheRock/build/math-libs/BLAS/rocBLAS/stage/lib/rocblas/library/TensileLibrary_Type_BB_HPA_Contraction_l_Ailk_Bljk_Cijk_Dijk_fallback_gfx908.hsaco
0.3	-- Installing: /work/grodgers/git/tr-aomp/TheRock/build/math-libs/BLAS/rocBLAS/stage/lib/rocblas/library/TensileLibrary_Type_DD_Contraction_l_Ailk_Bljk_Cijk_Dijk_gfx908.dat
0.4	-- Installing: /work/grodgers/git/tr-aomp/TheRock/build/math-libs/BLAS/rocBLAS/stage/lib/rocblas/library/TensileLibrary_Type_BB_HPA_Contraction_l_Ailk_Bjlk_Cijk_Dijk_fallback_gfx90a-xnack+.hsaco
0.4	-- Installing: /work/grodgers/git/tr-aomp/TheRock/build/math-libs/BLAS/rocBLAS/stage/lib/rocblas/library/TensileLibrary_Type_HH_HPA_ExperimentalGrid_Contraction_l_Ailk_Bjlk_Cijk_Dijk_gfx90a.dat
0.4	-- Installing: /work/grodgers/git/tr-aomp/TheRock/build/math-libs/BLAS/rocBLAS/stage/lib/rocblas/library/TensileLibrary_Type_CC_Contraction_l_AlikC_Bjlk_Cijk_Dijk_fallback_gfx90a-xnack+.hsaco
0.4	-- Installing: /work/grodgers/git/tr-aomp/TheRock/build/math-libs/BLAS/rocBLAS/stage/lib/rocblas/library/TensileLibrary_Type_HH_HPA_Fp16AltRnz_Fp16Alt_ExperimentalDTree_Contraction_l_Ailk_Bljk_Cijk_Dijk_gfx90a.dat
0.4	-- Installing: /work/grodgers/git/tr-aomp/TheRock/build/math-libs/BLAS/rocBLAS/stage/lib/rocblas/library/TensileLibrary_Type_DD_ExperimentalDTree_Contraction_l_Ailk_Bljk_Cijk_Dijk_CU104_gfx90a.dat
0.4	-- Installing: /work/grodgers/git/tr-aomp/TheRock/build/math-libs/BLAS/rocBLAS/stage/lib/rocblas/library/TensileLibrary_Type_HH_HPA_ExperimentalGrid_Contraction_l_Ailk_Bljk_Cijk_Dijk_gfx90a.co
0.4	-- Installing: /work/grodgers/git/tr-aomp/TheRock/build/math-libs/BLAS/rocBLAS/stage/lib/rocblas/library/TensileLibrary_Type_ZZ_Contraction_l_AlikC_Bljk_Cijk_Dijk_fallback_gfx90a-xnack-.hsaco
0.4	-- Installing: /work/grodgers/git/tr-aomp/TheRock/build/math-libs/BLAS/rocBLAS/stage/lib/rocblas/library/TensileLibrary_Type_HH_Contraction_l_Alik_Bljk_Cijk_Dijk_gfx908.dat
0.4	-- Installing: /work/grodgers/git/tr-aomp/TheRock/build/math-libs/BLAS/rocBLAS/stage/lib/rocblas/library/TensileLibrary_Type_I8I_HPA_Contraction_l_Alik_Bjlk_Cijk_Dijk_fallback_gfx90a-xnack+.hsaco
0.4	-- Installing: /work/grodgers/git/tr-aomp/TheRock/build/math-libs/BLAS/rocBLAS/stage/lib/rocblas/library/TensileLibrary_Type_I8I_HPA_Contraction_l_Alik_Bjlk_Cijk_Dijk_fallback_gfx908.hsaco
0.4	-- Installing: /work/grodgers/git/tr-aomp/TheRock/build/math-libs/BLAS/rocBLAS/stage/lib/rocblas/library/TensileLibrary_Type_HH_HPA_Fp16Alt_ExperimentalDTree_Contraction_l_Ailk_Bljk_Cijk_Dijk_CU104_gfx90a.co
0.4	-- Installing: /work/grodgers/git/tr-aomp/TheRock/build/math-libs/BLAS/rocBLAS/stage/lib/rocblas/library/TensileLibrary_Type_F8S_HPA_Contraction_l_Ailk_Bljk_Cijk_Dijk_gfx942.dat
0.4	-- Installing: /work/grodgers/git/tr-aomp/TheRock/build/math-libs/BLAS/rocBLAS/stage/lib/rocblas/library/TensileLibrary_Type_SS_Contraction_l_Alik_Bljk_Cijk_Dijk_fallback_gfx90a-xnack-.hsaco
0.4	-- Installing: /work/grodgers/git/tr-aomp/TheRock/build/math-libs/BLAS/rocBLAS/stage/lib/rocblas/library/TensileLibrary_Type_SS_Contraction_l_Alik_Bljk_Cijk_Dijk_gfx90a.co
0.4	-- Installing: /work/grodgers/git/tr-aomp/TheRock/build/math-libs/BLAS/rocBLAS/stage/lib/rocblas/library/TensileLibrary_Type_HH_Contraction_l_Ailk_Bjlk_Cijk_Dijk_fallback_gfx942.hsaco
0.4	-- Installing: /work/grodgers/git/tr-aomp/TheRock/build/math-libs/BLAS/rocBLAS/stage/lib/rocblas/library/TensileLibrary_Type_ZZ_Contraction_l_Alik_BjlkC_Cijk_Dijk_fallback.dat
0.4	-- Installing: /work/grodgers/git/tr-aomp/TheRock/build/math-libs/BLAS/rocBLAS/stage/lib/rocblas/library/TensileLibrary_Type_ZZ_Contraction_l_Alik_BjlkC_Cijk_Dijk_gfx90a.co
0.4	-- Installing: /work/grodgers/git/tr-aomp/TheRock/build/math-libs/BLAS/rocBLAS/stage/lib/rocblas/library/TensileLibrary_Type_I8I_HPA_Contraction_l_Alik_Bljk_Cijk_Dijk_fallback_gfx90a-xnack+.hsaco
0.4	-- Installing: /work/grodgers/git/tr-aomp/TheRock/build/math-libs/BLAS/rocBLAS/stage/lib/rocblas/library/TensileLibrary_Type_HH_HPA_ExperimentalDTree_Contraction_l_Alik_Bljk_Cijk_Dijk_gfx90a.dat
0.4	-- Installing: /work/grodgers/git/tr-aomp/TheRock/build/math-libs/BLAS/rocBLAS/stage/lib/rocblas/library/TensileLibrary_Type_CC_Contraction_l_Alik_Bljk_Cijk_Dijk_gfx908.dat
0.4	-- Installing: /work/grodgers/git/tr-aomp/TheRock/build/math-libs/BLAS/rocBLAS/stage/lib/rocblas/library/TensileLibrary_Type_HH_Contraction_l_Alik_Bljk_Cijk_Dijk_fallback_gfx908.hsaco
0.4	-- Installing: /work/grodgers/git/tr-aomp/TheRock/build/math-libs/BLAS/rocBLAS/stage/lib/rocblas/library/TensileLibrary_Type_DD_Contraction_l_Alik_Bjlk_Cijk_Dijk_fallback_gfx942.hsaco
0.4	-- Installing: /work/grodgers/git/tr-aomp/TheRock/build/math-libs/BLAS/rocBLAS/stage/lib/rocblas/library/TensileLibrary_Type_HH_HPA_Contraction_l_Ailk_Bjlk_Cijk_Dijk_gfx908.dat
0.4	-- Installing: /work/grodgers/git/tr-aomp/TheRock/build/math-libs/BLAS/rocBLAS/stage/lib/rocblas/library/TensileLibrary_Type_BB_HPA_Contraction_l_Ailk_Bljk_Cijk_Dijk_gfx90a-xnack-.hsaco
0.4	-- Installing: /work/grodgers/git/tr-aomp/TheRock/build/math-libs/BLAS/rocBLAS/stage/lib/rocblas/library/TensileLibrary_Type_SS_Contraction_l_Alik_Bljk_Cijk_Dijk_gfx90a.dat
0.4	-- Installing: /work/grodgers/git/tr-aomp/TheRock/build/math-libs/BLAS/rocBLAS/stage/lib/rocblas/library/TensileLibrary_Type_SS_Contraction_l_Ailk_Bjlk_Cijk_Dijk_XPU_gfx942.dat
0.4	-- Installing: /work/grodgers/git/tr-aomp/TheRock/build/math-libs/BLAS/rocBLAS/stage/lib/rocblas/library/TensileLibrary_Type_CC_Contraction_l_Ailk_Bljk_Cijk_Dijk_fallback_gfx942.hsaco
0.4	-- Installing: /work/grodgers/git/tr-aomp/TheRock/build/math-libs/BLAS/rocBLAS/stage/lib/rocblas/library/TensileLibrary_Type_I8I_HPA_Contraction_l_Ailk_Bljk_Cijk_Dijk_CU104_gfx90a.dat
0.4	-- Installing: /work/grodgers/git/tr-aomp/TheRock/build/math-libs/BLAS/rocBLAS/stage/lib/rocblas/library/TensileLibrary_Type_HH_Contraction_l_Ailk_Bjlk_Cijk_Dijk_gfx908.co
0.4	-- Installing: /work/grodgers/git/tr-aomp/TheRock/build/math-libs/BLAS/rocBLAS/stage/lib/rocblas/library/TensileLibrary_Type_SS_Contraction_l_Alik_Bjlk_Cijk_Dijk_gfx90a.dat
0.4	-- Installing: /work/grodgers/git/tr-aomp/TheRock/build/math-libs/BLAS/rocBLAS/stage/lib/rocblas/library/TensileLibrary_Type_F8S_HPA_Contraction_l_Ailk_Bjlk_Cijk_Dijk_gfx942.dat
0.4	-- Installing: /work/grodgers/git/tr-aomp/TheRock/build/math-libs/BLAS/rocBLAS/stage/lib/rocblas/library/TensileLibrary_Type_BS_HPA_Contraction_l_Alik_Bljk_Cijk_Dijk_fallback_gfx90a-xnack-.hsaco
0.4	-- Installing: /work/grodgers/git/tr-aomp/TheRock/build/math-libs/BLAS/rocBLAS/stage/lib/rocblas/library/TensileLibrary_Type_HH_HPA_Fp16AltRnz_Fp16Alt_Contraction_l_Ailk_Bljk_Cijk_Dijk_gfx90a.dat
0.4	-- Installing: /work/grodgers/git/tr-aomp/TheRock/build/math-libs/BLAS/rocBLAS/stage/lib/rocblas/library/TensileLibrary_Type_BB_HPA_Contraction_l_Ailk_Bjlk_Cijk_Dijk_XPU_gfx942.dat
0.4	-- Installing: /work/grodgers/git/tr-aomp/TheRock/build/math-libs/BLAS/rocBLAS/stage/lib/rocblas/library/TensileLibrary_Type_ZZ_Contraction_l_Alik_BjlkC_Cijk_Dijk_fallback_gfx942.hsaco
0.4	-- Installing: /work/grodgers/git/tr-aomp/TheRock/build/math-libs/BLAS/rocBLAS/stage/lib/rocblas/library/TensileLibrary_Type_DD_Contraction_l_Alik_Bljk_Cijk_Dijk_gfx942.dat
0.4	-- Installing: /work/grodgers/git/tr-aomp/TheRock/build/math-libs/BLAS/rocBLAS/stage/lib/rocblas/library/TensileLibrary_Type_HH_HPA_Fp16AltRnz_Fp16Alt_Contraction_l_Alik_Bjlk_Cijk_Dijk_CU104_gfx90a.co
0.4	-- Installing: /work/grodgers/git/tr-aomp/TheRock/build/math-libs/BLAS/rocBLAS/stage/lib/rocblas/library/TensileLibrary_Type_BB_HPA_Contraction_l_Ailk_Bjlk_Cijk_Dijk_fallback_gfx90a-xnack-.hsaco
0.4	-- Installing: /work/grodgers/git/tr-aomp/TheRock/build/math-libs/BLAS/rocBLAS/stage/lib/rocblas/library/TensileLibrary_Type_DD_Contraction_l_Ailk_Bljk_Cijk_Dijk_gfx90a.co
0.4	-- Installing: /work/grodgers/git/tr-aomp/TheRock/build/math-libs/BLAS/rocBLAS/stage/lib/rocblas/library/TensileLibrary_Type_B8S_HPA_Contraction_l_Ailk_Bjlk_Cijk_Dijk_gfx942.co
0.4	-- Installing: /work/grodgers/git/tr-aomp/TheRock/build/math-libs/BLAS/rocBLAS/stage/lib/rocblas/library/TensileLibrary_Type_I8I_HPA_Contraction_l_Alik_Bjlk_Cijk_Dijk_gfx908.dat
0.4	-- Installing: /work/grodgers/git/tr-aomp/TheRock/build/math-libs/BLAS/rocBLAS/stage/lib/rocblas/library/TensileLibrary_Type_DD_Contraction_l_Alik_Bljk_Cijk_Dijk_gfx908.dat
0.4	-- Installing: /work/grodgers/git/tr-aomp/TheRock/build/math-libs/BLAS/rocBLAS/stage/lib/rocblas/library/TensileLibrary_Type_BS_HPA_Contraction_l_Alik_Bljk_Cijk_Dijk_fallback_gfx90a-xnack+.hsaco
0.4	-- Installing: /work/grodgers/git/tr-aomp/TheRock/build/math-libs/BLAS/rocBLAS/stage/lib/rocblas/library/TensileLibrary_Type_F8B8_HPA_Contraction_l_Ailk_Bljk_Cijk_Dijk_gfx942.co
0.4	-- Installing: /work/grodgers/git/tr-aomp/TheRock/build/math-libs/BLAS/rocBLAS/stage/lib/rocblas/library/TensileLibrary_Type_4xi8I_HPA_Contraction_l_Alik_Bjlk_Cijk_Dijk_gfx908.co
0.4	-- Installing: /work/grodgers/git/tr-aomp/TheRock/build/math-libs/BLAS/rocBLAS/stage/lib/rocblas/library/TensileLibrary_Type_B8S_HPA_Contraction_l_Alik_Bljk_Cijk_Dijk_gfx942.dat
0.4	-- Installing: /work/grodgers/git/tr-aomp/TheRock/build/math-libs/BLAS/rocBLAS/stage/lib/rocblas/library/TensileLibrary_Type_HH_HPA_ExperimentalDTree_Contraction_l_Ailk_Bjlk_Cijk_Dijk_CU104_gfx90a.dat
0.4	-- Installing: /work/grodgers/git/tr-aomp/TheRock/build/math-libs/BLAS/rocBLAS/stage/lib/rocblas/library/TensileLibrary_Type_HH_HPA_ExperimentalGrid_Contraction_l_Ailk_Bljk_Cijk_Dijk_CU104_gfx90a.dat
0.4	-- Installing: /work/grodgers/git/tr-aomp/TheRock/build/math-libs/BLAS/rocBLAS/stage/lib/rocblas/library/TensileLibrary_Type_4xi8I_HPA_Contraction_l_Alik_Bljk_Cijk_Dijk_gfx90a.dat
0.4	-- Installing: /work/grodgers/git/tr-aomp/TheRock/build/math-libs/BLAS/rocBLAS/stage/lib/rocblas/library/TensileLibrary_Type_HH_Contraction_l_Alik_Bljk_Cijk_Dijk_fallback_gfx942.hsaco
0.4	-- Installing: /work/grodgers/git/tr-aomp/TheRock/build/math-libs/BLAS/rocBLAS/stage/lib/rocblas/library/TensileLibrary_Type_SS_Contraction_l_Alik_Bljk_Cijk_Dijk_XPU_gfx942.dat
0.4	-- Installing: /work/grodgers/git/tr-aomp/TheRock/build/math-libs/BLAS/rocBLAS/stage/lib/rocblas/library/TensileLibrary_Type_HS_HPA_Contraction_l_Alik_Bljk_Cijk_Dijk_gfx90a-xnack-.hsaco
0.4	-- Installing: /work/grodgers/git/tr-aomp/TheRock/build/math-libs/BLAS/rocBLAS/stage/lib/rocblas/library/TensileLibrary_Type_BS_HPA_Contraction_l_Alik_Bjlk_Cijk_Dijk_gfx942.dat
0.4	-- Installing: /work/grodgers/git/tr-aomp/TheRock/build/math-libs/BLAS/rocBLAS/stage/lib/rocblas/library/TensileLibrary_Type_HS_HPA_Contraction_l_Ailk_Bjlk_Cijk_Dijk_gfx90a-xnack-.hsaco
0.4	-- Installing: /work/grodgers/git/tr-aomp/TheRock/build/math-libs/BLAS/rocBLAS/stage/lib/rocblas/library/TensileLibrary_Type_HH_HPA_Fp16AltRnz_Fp16Alt_ExperimentalDTree_Contraction_l_Ailk_Bjlk_Cijk_Dijk_gfx90a.co
0.4	-- Installing: /work/grodgers/git/tr-aomp/TheRock/build/math-libs/BLAS/rocBLAS/stage/lib/rocblas/library/TensileLibrary_Type_HH_Contraction_l_Alik_Bjlk_Cijk_Dijk_gfx90a.co
0.4	-- Installing: /work/grodgers/git/tr-aomp/TheRock/build/math-libs/BLAS/rocBLAS/stage/lib/rocblas/library/TensileLibrary_Type_SS_Contraction_l_Ailk_Bljk_Cijk_Dijk_gfx908.co
0.4	-- Installing: /work/grodgers/git/tr-aomp/TheRock/build/math-libs/BLAS/rocBLAS/stage/lib/rocblas/library/TensileLibrary_Type_SS_Contraction_l_Alik_Bjlk_Cijk_Dijk_XPU_gfx942.co
0.4	-- Installing: /work/grodgers/git/tr-aomp/TheRock/build/math-libs/BLAS/rocBLAS/stage/lib/rocblas/library/TensileLibrary_Type_ZZ_Contraction_l_Alik_BjlkC_Cijk_Dijk_fallback_gfx908.hsaco
0.4	-- Installing: /work/grodgers/git/tr-aomp/TheRock/build/math-libs/BLAS/rocBLAS/stage/lib/rocblas/library/TensileLibrary_Type_ZZ_Contraction_l_Ailk_Bljk_Cijk_Dijk_fallback.dat
0.4	-- Installing: /work/grodgers/git/tr-aomp/TheRock/build/math-libs/BLAS/rocBLAS/stage/lib/rocblas/library/TensileLibrary_Type_DD_Contraction_l_Alik_Bjlk_Cijk_Dijk_gfx908.co
0.4	-- Installing: /work/grodgers/git/tr-aomp/TheRock/build/math-libs/BLAS/rocBLAS/stage/lib/rocblas/library/TensileLibrary_Type_ZZ_Contraction_l_AlikC_Bjlk_Cijk_Dijk_fallback_gfx942.hsaco
0.4	-- Installing: /work/grodgers/git/tr-aomp/TheRock/build/math-libs/BLAS/rocBLAS/stage/lib/rocblas/library/TensileLibrary_Type_BS_HPA_Contraction_l_Ailk_Bjlk_Cijk_Dijk_fallback.dat
0.4	-- Installing: /work/grodgers/git/tr-aomp/TheRock/build/math-libs/BLAS/rocBLAS/stage/lib/rocblas/library/TensileLibrary_Type_BS_HPA_Contraction_l_Alik_Bjlk_Cijk_Dijk_gfx90a.dat
0.4	-- Installing: /work/grodgers/git/tr-aomp/TheRock/build/math-libs/BLAS/rocBLAS/stage/lib/rocblas/library/TensileLibrary_Type_HS_HPA_Contraction_l_Alik_Bljk_Cijk_Dijk_fallback_gfx942.hsaco
0.4	-- Installing: /work/grodgers/git/tr-aomp/TheRock/build/math-libs/BLAS/rocBLAS/stage/lib/rocblas/library/TensileLibrary_Type_DD_Contraction_l_Ailk_Bljk_Cijk_Dijk_gfx908.co
0.4	-- Installing: /work/grodgers/git/tr-aomp/TheRock/build/math-libs/BLAS/rocBLAS/stage/lib/rocblas/library/TensileLibrary_Type_BB_HPA_Contraction_l_Alik_Bljk_Cijk_Dijk_CU104_gfx90a.dat
0.4	-- Installing: /work/grodgers/git/tr-aomp/TheRock/build/math-libs/BLAS/rocBLAS/stage/lib/rocblas/library/TensileLibrary_Type_SS_Contraction_l_Ailk_Bjlk_Cijk_Dijk_gfx908.co
0.4	-- Installing: /work/grodgers/git/tr-aomp/TheRock/build/math-libs/BLAS/rocBLAS/stage/lib/rocblas/library/TensileLibrary_Type_BB_HPA_Contraction_l_Ailk_Bljk_Cijk_Dijk_gfx908.co
0.4	-- Installing: /work/grodgers/git/tr-aomp/TheRock/build/math-libs/BLAS/rocBLAS/stage/lib/rocblas/library/TensileLibrary_Type_ZZ_Contraction_l_Ailk_Bjlk_Cijk_Dijk_gfx90a.dat
0.4	-- Installing: /work/grodgers/git/tr-aomp/TheRock/build/math-libs/BLAS/rocBLAS/stage/lib/rocblas/library/TensileLibrary_Type_CC_Contraction_l_Ailk_BjlkC_Cijk_Dijk_fallback_gfx90a-xnack-.hsaco
0.4	-- Installing: /work/grodgers/git/tr-aomp/TheRock/build/math-libs/BLAS/rocBLAS/stage/lib/rocblas/library/TensileLibrary_Type_4xi8I_HPA_Contraction_l_Ailk_Bjlk_Cijk_Dijk_gfx908.co
0.4	-- Installing: /work/grodgers/git/tr-aomp/TheRock/build/math-libs/BLAS/rocBLAS/stage/lib/rocblas/library/TensileLibrary_Type_ZZ_Contraction_l_Ailk_Bljk_Cijk_Dijk_fallback_gfx90a-xnack-.hsaco
0.4	-- Installing: /work/grodgers/git/tr-aomp/TheRock/build/math-libs/BLAS/rocBLAS/stage/lib/rocblas/library/TensileLibrary_Type_HH_HPA_ExperimentalDTree_Contraction_l_Alik_Bljk_Cijk_Dijk_CU104_gfx90a.dat
0.4	-- Installing: /work/grodgers/git/tr-aomp/TheRock/build/math-libs/BLAS/rocBLAS/stage/lib/rocblas/library/TensileLibrary_Type_HH_HPA_Fp16Alt_ExperimentalDTree_Contraction_l_Ailk_Bjlk_Cijk_Dijk_CU104_gfx90a.dat
0.4	-- Installing: /work/grodgers/git/tr-aomp/TheRock/build/math-libs/BLAS/rocBLAS/stage/lib/rocblas/library/TensileLibrary_Type_ZZ_Contraction_l_AlikC_Bljk_Cijk_Dijk_gfx90a.co
0.4	-- Installing: /work/grodgers/git/tr-aomp/TheRock/build/math-libs/BLAS/rocBLAS/stage/lib/rocblas/library/TensileLibrary_lazy_gfx908.dat
0.4	-- Installing: /work/grodgers/git/tr-aomp/TheRock/build/math-libs/BLAS/rocBLAS/stage/lib/rocblas/library/TensileLibrary_Type_SS_Contraction_l_Ailk_Bjlk_Cijk_Dijk_fallback_gfx90a-xnack-.hsaco
0.4	-- Installing: /work/grodgers/git/tr-aomp/TheRock/build/math-libs/BLAS/rocBLAS/stage/lib/rocblas/library/TensileLibrary_Type_SS_Contraction_l_Alik_Bljk_Cijk_Dijk_gfx942.co
0.4	-- Installing: /work/grodgers/git/tr-aomp/TheRock/build/math-libs/BLAS/rocBLAS/stage/lib/rocblas/library/TensileLibrary_Type_CC_Contraction_l_AlikC_Bljk_Cijk_Dijk_fallback_gfx90a-xnack-.hsaco
0.4	-- Installing: /work/grodgers/git/tr-aomp/TheRock/build/math-libs/BLAS/rocBLAS/stage/lib/rocblas/library/TensileLibrary_Type_SS_Contraction_l_Ailk_Bljk_Cijk_Dijk_fallback_gfx90a-xnack-.hsaco
0.4	-- Installing: /work/grodgers/git/tr-aomp/TheRock/build/math-libs/BLAS/rocBLAS/stage/lib/rocblas/library/TensileLibrary_Type_HH_Contraction_l_Ailk_Bljk_Cijk_Dijk_gfx90a.co
0.4	-- Installing: /work/grodgers/git/tr-aomp/TheRock/build/math-libs/BLAS/rocBLAS/stage/lib/rocblas/library/TensileLibrary_Type_I8I_HPA_Contraction_l_Ailk_Bjlk_Cijk_Dijk_fallback_gfx942.hsaco
0.4	-- Installing: /work/grodgers/git/tr-aomp/TheRock/build/math-libs/BLAS/rocBLAS/stage/lib/rocblas/library/TensileLibrary_Type_4xi8I_HPA_Contraction_l_Alik_Bljk_Cijk_Dijk_CU104_gfx90a-xnack+.hsaco
0.4	-- Installing: /work/grodgers/git/tr-aomp/TheRock/build/math-libs/BLAS/rocBLAS/stage/lib/rocblas/library/TensileLibrary_Type_HH_HPA_Contraction_l_Ailk_Bljk_Cijk_Dijk_gfx908.hsaco
0.4	-- Installing: /work/grodgers/git/tr-aomp/TheRock/build/math-libs/BLAS/rocBLAS/stage/lib/rocblas/library/TensileLibrary_Type_4xi8I_HPA_Contraction_l_Ailk_Bjlk_Cijk_Dijk_CU104_gfx90a.dat
0.4	-- Installing: /work/grodgers/git/tr-aomp/TheRock/build/math-libs/BLAS/rocBLAS/stage/lib/rocblas/library/TensileLibrary_Type_ZZ_Contraction_l_Ailk_Bljk_Cijk_Dijk_gfx908.dat
0.4	-- Installing: /work/grodgers/git/tr-aomp/TheRock/build/math-libs/BLAS/rocBLAS/stage/lib/rocblas/library/TensileLibrary_Type_SS_Contraction_l_Ailk_Bljk_Cijk_Dijk_XPU_gfx942.co
0.4	-- Installing: /work/grodgers/git/tr-aomp/TheRock/build/math-libs/BLAS/rocBLAS/stage/lib/rocblas/library/TensileLibrary_Type_F8B8_HPA_Contraction_l_Ailk_Bljk_Cijk_Dijk_gfx942.dat
0.4	-- Installing: /work/grodgers/git/tr-aomp/TheRock/build/math-libs/BLAS/rocBLAS/stage/lib/rocblas/library/TensileLibrary_Type_CC_Contraction_l_Alik_Bjlk_Cijk_Dijk_fallback_gfx90a-xnack+.hsaco
0.4	-- Installing: /work/grodgers/git/tr-aomp/TheRock/build/math-libs/BLAS/rocBLAS/stage/lib/rocblas/library/TensileLibrary_Type_4xi8I_HPA_Contraction_l_Alik_Bljk_Cijk_Dijk_fallback_gfx942.hsaco
0.4	-- Installing: /work/grodgers/git/tr-aomp/TheRock/build/math-libs/BLAS/rocBLAS/stage/lib/rocblas/library/TensileLibrary_Type_HH_HPA_Fp16Alt_Contraction_l_Ailk_Bjlk_Cijk_Dijk_CU104_gfx90a-xnack-.hsaco
0.4	-- Installing: /work/grodgers/git/tr-aomp/TheRock/build/math-libs/BLAS/rocBLAS/stage/lib/rocblas/library/TensileLibrary_Type_DD_Contraction_l_Ailk_Bjlk_Cijk_Dijk_gfx942.dat
0.4	-- Installing: /work/grodgers/git/tr-aomp/TheRock/build/math-libs/BLAS/rocBLAS/stage/lib/rocblas/library/TensileLibrary_Type_HH_HPA_Fp16AltRnz_Fp16Alt_Contraction_l_Ailk_Bjlk_Cijk_Dijk_CU104_gfx90a-xnack-.hsaco
0.4	-- Installing: /work/grodgers/git/tr-aomp/TheRock/build/math-libs/BLAS/rocBLAS/stage/lib/rocblas/library/TensileLibrary_Type_HH_HPA_Fp16Alt_Contraction_l_Ailk_Bljk_Cijk_Dijk_gfx90a.co
0.4	-- Installing: /work/grodgers/git/tr-aomp/TheRock/build/math-libs/BLAS/rocBLAS/stage/lib/rocblas/library/TensileLibrary_Type_HH_HPA_Contraction_l_Alik_Bljk_Cijk_Dijk_gfx90a.co
0.4	-- Installing: /work/grodgers/git/tr-aomp/TheRock/build/math-libs/BLAS/rocBLAS/stage/lib/rocblas/library/TensileLibrary_lazy_gfx90a.dat
0.4	-- Installing: /work/grodgers/git/tr-aomp/TheRock/build/math-libs/BLAS/rocBLAS/stage/lib/rocblas/library/TensileLibrary_Type_BS_HPA_Contraction_l_Alik_Bjlk_Cijk_Dijk_fallback.dat
0.4	-- Installing: /work/grodgers/git/tr-aomp/TheRock/build/math-libs/BLAS/rocBLAS/stage/lib/rocblas/library/TensileLibrary_Type_CC_Contraction_l_Ailk_BjlkC_Cijk_Dijk_gfx90a.dat
0.4	-- Installing: /work/grodgers/git/tr-aomp/TheRock/build/math-libs/BLAS/rocBLAS/stage/lib/rocblas/library/TensileLibrary_Type_HH_HPA_Fp16Alt_ExperimentalDTree_Contraction_l_Ailk_Bljk_Cijk_Dijk_CU104_gfx90a.dat
0.4	-- Installing: /work/grodgers/git/tr-aomp/TheRock/build/math-libs/BLAS/rocBLAS/stage/lib/rocblas/library/TensileLibrary_Type_ZZ_Contraction_l_Ailk_Bjlk_Cijk_Dijk_gfx942.dat
0.4	-- Installing: /work/grodgers/git/tr-aomp/TheRock/build/math-libs/BLAS/rocBLAS/stage/lib/rocblas/library/TensileLibrary_Type_DD_Contraction_l_Ailk_Bjlk_Cijk_Dijk_CU104_gfx90a.co
0.4	-- Installing: /work/grodgers/git/tr-aomp/TheRock/build/math-libs/BLAS/rocBLAS/stage/lib/rocblas/library/TensileLibrary_Type_HH_Contraction_l_Ailk_Bjlk_Cijk_Dijk_gfx90a.co
0.4	-- Installing: /work/grodgers/git/tr-aomp/TheRock/build/math-libs/BLAS/rocBLAS/stage/lib/rocblas/library/TensileLibrary_Type_HH_Contraction_l_Ailk_Bljk_Cijk_Dijk_fallback.dat
0.4	-- Installing: /work/grodgers/git/tr-aomp/TheRock/build/math-libs/BLAS/rocBLAS/stage/lib/rocblas/library/TensileLibrary_Type_I8I_HPA_Contraction_l_Alik_Bjlk_Cijk_Dijk_fallback_gfx90a-xnack-.hsaco
0.4	-- Installing: /work/grodgers/git/tr-aomp/TheRock/build/math-libs/BLAS/rocBLAS/stage/lib/rocblas/library/TensileLibrary_Type_BB_HPA_Contraction_l_Alik_Bljk_Cijk_Dijk_fallback_gfx90a-xnack+.hsaco
0.4	-- Installing: /work/grodgers/git/tr-aomp/TheRock/build/math-libs/BLAS/rocBLAS/stage/lib/rocblas/library/TensileLibrary_Type_DD_Contraction_l_Ailk_Bjlk_Cijk_Dijk_gfx908.dat
0.4	-- Installing: /work/grodgers/git/tr-aomp/TheRock/build/math-libs/BLAS/rocBLAS/stage/lib/rocblas/library/TensileLibrary_Type_HH_HPA_Fp16Alt_Contraction_l_Ailk_Bljk_Cijk_Dijk_CU104_gfx90a-xnack+.hsaco
0.4	-- Installing: /work/grodgers/git/tr-aomp/TheRock/build/math-libs/BLAS/rocBLAS/stage/lib/rocblas/library/TensileLibrary_Type_4xi8I_HPA_Contraction_l_Ailk_Bjlk_Cijk_Dijk_CU104_gfx90a.co
0.4	-- Installing: /work/grodgers/git/tr-aomp/TheRock/build/math-libs/BLAS/rocBLAS/stage/lib/rocblas/library/TensileLibrary_Type_HS_HPA_Contraction_l_Ailk_Bljk_Cijk_Dijk_CU104_gfx90a-xnack+.hsaco
0.4	-- Installing: /work/grodgers/git/tr-aomp/TheRock/build/math-libs/BLAS/rocBLAS/stage/lib/rocblas/library/TensileLibrary_Type_ZZ_Contraction_l_AlikC_BjlkC_Cijk_Dijk_fallback_gfx90a-xnack+.hsaco
0.4	-- Installing: /work/grodgers/git/tr-aomp/TheRock/build/math-libs/BLAS/rocBLAS/stage/lib/rocblas/library/TensileLibrary_Type_BS_HPA_Contraction_l_Alik_Bljk_Cijk_Dijk_fallback_gfx908.hsaco
0.4	-- Installing: /work/grodgers/git/tr-aomp/TheRock/build/math-libs/BLAS/rocBLAS/stage/lib/rocblas/library/TensileLibrary_Type_SS_Contraction_l_Alik_Bjlk_Cijk_Dijk_fallback_gfx908.hsaco
0.4	-- Installing: /work/grodgers/git/tr-aomp/TheRock/build/math-libs/BLAS/rocBLAS/stage/lib/rocblas/library/TensileLibrary_Type_SS_Contraction_l_Alik_Bljk_Cijk_Dijk_fallback_gfx90a-xnack+.hsaco
0.4	-- Installing: /work/grodgers/git/tr-aomp/TheRock/build/math-libs/BLAS/rocBLAS/stage/lib/rocblas/library/TensileLibrary_Type_HH_Contraction_l_Alik_Bjlk_Cijk_Dijk_gfx908.co
0.4	-- Installing: /work/grodgers/git/tr-aomp/TheRock/build/math-libs/BLAS/rocBLAS/stage/lib/rocblas/library/TensileLibrary_Type_BS_HPA_Contraction_l_Ailk_Bjlk_Cijk_Dijk_gfx942.dat
0.4	-- Installing: /work/grodgers/git/tr-aomp/TheRock/build/math-libs/BLAS/rocBLAS/stage/lib/rocblas/library/TensileLibrary_Type_I8I_HPA_Contraction_l_Alik_Bljk_Cijk_Dijk_CU80_XPU_gfx942.dat
0.5	-- Installing: /work/grodgers/git/tr-aomp/TheRock/build/math-libs/BLAS/rocBLAS/stage/lib/rocblas/library/TensileLibrary_Type_ZZ_Contraction_l_Alik_Bljk_Cijk_Dijk_gfx942.co
0.5	-- Installing: /work/grodgers/git/tr-aomp/TheRock/build/math-libs/BLAS/rocBLAS/stage/lib/rocblas/library/TensileLibrary_Type_BB_HPA_Contraction_l_Ailk_Bljk_Cijk_Dijk_gfx90a-xnack+.hsaco
0.5	-- Installing: /work/grodgers/git/tr-aomp/TheRock/build/math-libs/BLAS/rocBLAS/stage/lib/rocblas/library/TensileLibrary_Type_HH_Contraction_l_Ailk_Bjlk_Cijk_Dijk_fallback.dat
0.5	-- Installing: /work/grodgers/git/tr-aomp/TheRock/build/math-libs/BLAS/rocBLAS/stage/lib/rocblas/library/Kernels.so-000-gfx942.hsaco
0.5	-- Installing: /work/grodgers/git/tr-aomp/TheRock/build/math-libs/BLAS/rocBLAS/stage/lib/rocblas/library/TensileLibrary_Type_BB_HPA_Contraction_l_Ailk_Bljk_Cijk_Dijk_CU104_gfx90a-xnack+.hsaco
0.5	-- Installing: /work/grodgers/git/tr-aomp/TheRock/build/math-libs/BLAS/rocBLAS/stage/lib/rocblas/library/TensileLibrary_Type_HH_HPA_Contraction_l_Ailk_Bjlk_Cijk_Dijk_XPU_gfx942.co
0.5	-- Installing: /work/grodgers/git/tr-aomp/TheRock/build/math-libs/BLAS/rocBLAS/stage/lib/rocblas/library/TensileLibrary_Type_CC_Contraction_l_Alik_BjlkC_Cijk_Dijk_gfx908.co
0.5	-- Installing: /work/grodgers/git/tr-aomp/TheRock/build/math-libs/BLAS/rocBLAS/stage/lib/rocblas/library/TensileLibrary_Type_CC_Contraction_l_Ailk_Bjlk_Cijk_Dijk_gfx908.co
0.5	-- Installing: /work/grodgers/git/tr-aomp/TheRock/build/math-libs/BLAS/rocBLAS/stage/lib/rocblas/library/TensileLibrary_Type_DD_Contraction_l_Alik_Bjlk_Cijk_Dijk_gfx90a.co
0.5	-- Installing: /work/grodgers/git/tr-aomp/TheRock/build/math-libs/BLAS/rocBLAS/stage/lib/rocblas/library/TensileLibrary_Type_DD_Contraction_l_Alik_Bjlk_Cijk_Dijk_fallback_gfx90a-xnack-.hsaco
0.5	-- Installing: /work/grodgers/git/tr-aomp/TheRock/build/math-libs/BLAS/rocBLAS/stage/lib/rocblas/library/TensileLibrary_Type_I8I_HPA_Contraction_l_Alik_Bjlk_Cijk_Dijk_fallback.dat
0.5	-- Installing: /work/grodgers/git/tr-aomp/TheRock/build/math-libs/BLAS/rocBLAS/stage/lib/rocblas/library/TensileLibrary_Type_HS_HPA_Contraction_l_Alik_Bjlk_Cijk_Dijk_gfx908.dat
0.5	-- Installing: /work/grodgers/git/tr-aomp/TheRock/build/math-libs/BLAS/rocBLAS/stage/lib/rocblas/library/TensileLibrary_Type_DD_Contraction_l_Ailk_Bjlk_Cijk_Dijk_fallback_gfx908.hsaco
0.5	-- Installing: /work/grodgers/git/tr-aomp/TheRock/build/math-libs/BLAS/rocBLAS/stage/lib/rocblas/library/TensileLibrary_Type_BS_HPA_Contraction_l_Ailk_Bjlk_Cijk_Dijk_fallback_gfx90a-xnack+.hsaco
0.5	-- Installing: /work/grodgers/git/tr-aomp/TheRock/build/math-libs/BLAS/rocBLAS/stage/lib/rocblas/library/TensileLibrary_Type_HS_HPA_Contraction_l_Ailk_Bljk_Cijk_Dijk_gfx90a-xnack-.hsaco
0.5	-- Installing: /work/grodgers/git/tr-aomp/TheRock/build/math-libs/BLAS/rocBLAS/stage/lib/rocblas/library/TensileLibrary_Type_F8S_HPA_Contraction_l_Ailk_Bljk_Cijk_Dijk_gfx942.co
0.5	-- Installing: /work/grodgers/git/tr-aomp/TheRock/build/math-libs/BLAS/rocBLAS/stage/lib/rocblas/library/TensileLibrary_Type_F8F8_HPA_Contraction_l_Alik_Bjlk_Cijk_Dijk_gfx942.dat
0.5	-- Installing: /work/grodgers/git/tr-aomp/TheRock/build/math-libs/BLAS/rocBLAS/stage/lib/rocblas/library/TensileLibrary_Type_F8H_HPA_Contraction_l_Ailk_Bljk_Cijk_Dijk_gfx942.co
0.5	-- Installing: /work/grodgers/git/tr-aomp/TheRock/build/math-libs/BLAS/rocBLAS/stage/lib/rocblas/library/TensileLibrary_Type_HS_HPA_Contraction_l_Ailk_Bjlk_Cijk_Dijk_CU104_gfx90a.dat
0.5	-- Installing: /work/grodgers/git/tr-aomp/TheRock/build/math-libs/BLAS/rocBLAS/stage/lib/rocblas/library/TensileLibrary_Type_BS_HPA_Contraction_l_Alik_Bljk_Cijk_Dijk_gfx942.co
0.5	-- Installing: /work/grodgers/git/tr-aomp/TheRock/build/math-libs/BLAS/rocBLAS/stage/lib/rocblas/library/TensileLibrary_Type_I8I_HPA_Contraction_l_Ailk_Bjlk_Cijk_Dijk_CU104_gfx90a.dat
0.5	-- Installing: /work/grodgers/git/tr-aomp/TheRock/build/math-libs/BLAS/rocBLAS/stage/lib/rocblas/library/TensileLibrary_Type_ZZ_Contraction_l_Alik_Bljk_Cijk_Dijk_fallback_gfx942.hsaco
0.5	-- Installing: /work/grodgers/git/tr-aomp/TheRock/build/math-libs/BLAS/rocBLAS/stage/lib/rocblas/library/TensileLibrary_Type_F8S_HPA_Contraction_l_Alik_Bjlk_Cijk_Dijk_gfx942.dat
0.5	-- Installing: /work/grodgers/git/tr-aomp/TheRock/build/math-libs/BLAS/rocBLAS/stage/lib/rocblas/library/TensileLibrary_Type_F8F8_HPA_Contraction_l_Alik_Bljk_Cijk_Dijk_gfx942.dat
0.5	-- Installing: /work/grodgers/git/tr-aomp/TheRock/build/math-libs/BLAS/rocBLAS/stage/lib/rocblas/library/TensileLibrary_Type_4xi8I_HPA_Contraction_l_Alik_Bjlk_Cijk_Dijk_gfx908.hsaco
0.5	-- Installing: /work/grodgers/git/tr-aomp/TheRock/build/math-libs/BLAS/rocBLAS/stage/lib/rocblas/library/TensileLibrary_Type_SS_Contraction_l_Ailk_Bljk_Cijk_Dijk_gfx90a.co
0.5	-- Installing: /work/grodgers/git/tr-aomp/TheRock/build/math-libs/BLAS/rocBLAS/stage/lib/rocblas/library/TensileLibrary_Type_DD_Contraction_l_Ailk_Bjlk_Cijk_Dijk_fallback_gfx90a-xnack-.hsaco
0.5	-- Installing: /work/grodgers/git/tr-aomp/TheRock/build/math-libs/BLAS/rocBLAS/stage/lib/rocblas/library/TensileLibrary_Type_HH_HPA_CUEfficiency_Contraction_l_Alik_Bljk_Cijk_Dijk_gfx908.dat
0.5	-- Installing: /work/grodgers/git/tr-aomp/TheRock/build/math-libs/BLAS/rocBLAS/stage/lib/rocblas/library/TensileLibrary_Type_CC_Contraction_l_Alik_BjlkC_Cijk_Dijk_fallback.dat
0.5	-- Installing: /work/grodgers/git/tr-aomp/TheRock/build/math-libs/BLAS/rocBLAS/stage/lib/rocblas/library/TensileLibrary_Type_ZZ_Contraction_l_Alik_Bjlk_Cijk_Dijk_gfx90a.dat
0.5	-- Installing: /work/grodgers/git/tr-aomp/TheRock/build/math-libs/BLAS/rocBLAS/stage/lib/rocblas/library/TensileLibrary_Type_BS_HPA_Contraction_l_Ailk_Bljk_Cijk_Dijk_fallback_gfx908.hsaco
0.5	-- Installing: /work/grodgers/git/tr-aomp/TheRock/build/math-libs/BLAS/rocBLAS/stage/lib/rocblas/library/TensileLibrary_Type_HS_HPA_Contraction_l_Ailk_Bjlk_Cijk_Dijk_fallback_gfx942.hsaco
0.5	-- Installing: /work/grodgers/git/tr-aomp/TheRock/build/math-libs/BLAS/rocBLAS/stage/lib/rocblas/library/TensileLibrary_Type_DD_ExperimentalDTree_Contraction_l_Ailk_Bjlk_Cijk_Dijk_gfx90a.dat
0.5	-- Installing: /work/grodgers/git/tr-aomp/TheRock/build/math-libs/BLAS/rocBLAS/stage/lib/rocblas/library/TensileLibrary_Type_4xi8I_HPA_Contraction_l_Ailk_Bljk_Cijk_Dijk_CU104_gfx90a.dat
0.5	-- Installing: /work/grodgers/git/tr-aomp/TheRock/build/math-libs/BLAS/rocBLAS/stage/lib/rocblas/library/TensileLibrary_Type_CC_Contraction_l_Alik_BjlkC_Cijk_Dijk_gfx90a.dat
0.5	-- Installing: /work/grodgers/git/tr-aomp/TheRock/build/math-libs/BLAS/rocBLAS/stage/lib/rocblas/library/TensileLibrary_Type_BS_HPA_Contraction_l_Alik_Bljk_Cijk_Dijk_CU104_gfx90a.dat
0.5	-- Installing: /work/grodgers/git/tr-aomp/TheRock/build/math-libs/BLAS/rocBLAS/stage/lib/rocblas/library/TensileLibrary_Type_BB_HPA_Contraction_l_Ailk_Bljk_Cijk_Dijk_gfx942.dat
0.5	-- Installing: /work/grodgers/git/tr-aomp/TheRock/build/math-libs/BLAS/rocBLAS/stage/lib/rocblas/library/TensileLibrary_Type_4xi8I_HPA_Contraction_l_Alik_Bjlk_Cijk_Dijk_fallback.dat
0.5	-- Installing: /work/grodgers/git/tr-aomp/TheRock/build/math-libs/BLAS/rocBLAS/stage/lib/rocblas/library/TensileLibrary_Type_I8I_HPA_Contraction_l_Alik_Bjlk_Cijk_Dijk_gfx942.co
0.5	-- Installing: /work/grodgers/git/tr-aomp/TheRock/build/math-libs/BLAS/rocBLAS/stage/lib/rocblas/library/TensileLibrary_Type_CC_Contraction_l_Alik_Bjlk_Cijk_Dijk_gfx90a.co
0.5	-- Installing: /work/grodgers/git/tr-aomp/TheRock/build/math-libs/BLAS/rocBLAS/stage/lib/rocblas/library/TensileLibrary_Type_HS_HPA_Contraction_l_Alik_Bjlk_Cijk_Dijk_gfx908.co
0.5	-- Installing: /work/grodgers/git/tr-aomp/TheRock/build/math-libs/BLAS/rocBLAS/stage/lib/rocblas/library/TensileLibrary_Type_HH_HPA_Fp16AltRnz_Fp16Alt_Contraction_l_Ailk_Bljk_Cijk_Dijk_CU104_gfx90a-xnack+.hsaco
0.5	-- Installing: /work/grodgers/git/tr-aomp/TheRock/build/math-libs/BLAS/rocBLAS/stage/lib/rocblas/library/TensileLibrary_Type_HH_HPA_Contraction_l_Ailk_Bljk_Cijk_Dijk_gfx908.dat
0.5	-- Installing: /work/grodgers/git/tr-aomp/TheRock/build/math-libs/BLAS/rocBLAS/stage/lib/rocblas/library/TensileLibrary_Type_HH_Contraction_l_Alik_Bjlk_Cijk_Dijk_gfx908.dat
0.5	-- Installing: /work/grodgers/git/tr-aomp/TheRock/build/math-libs/BLAS/rocBLAS/stage/lib/rocblas/library/TensileLibrary_Type_SS_Contraction_l_Ailk_Bjlk_Cijk_Dijk_CU104_gfx90a.dat
0.5	-- Installing: /work/grodgers/git/tr-aomp/TheRock/build/math-libs/BLAS/rocBLAS/stage/lib/rocblas/library/TensileLibrary_Type_HH_HPA_CUEfficiency_Contraction_l_Ailk_Bjlk_Cijk_Dijk_gfx908.co
0.5	-- Installing: /work/grodgers/git/tr-aomp/TheRock/build/math-libs/BLAS/rocBLAS/stage/lib/rocblas/library/TensileLibrary_Type_CC_Contraction_l_Alik_BjlkC_Cijk_Dijk_gfx908.dat
0.5	-- Installing: /work/grodgers/git/tr-aomp/TheRock/build/math-libs/BLAS/rocBLAS/stage/lib/rocblas/library/TensileLibrary_Type_HH_HPA_Fp16Alt_Contraction_l_Alik_Bjlk_Cijk_Dijk_CU104_gfx90a.co
0.5	-- Installing: /work/grodgers/git/tr-aomp/TheRock/build/math-libs/BLAS/rocBLAS/stage/lib/rocblas/library/TensileLibrary_Type_BB_HPA_Contraction_l_Alik_Bjlk_Cijk_Dijk_fallback.dat
0.5	-- Installing: /work/grodgers/git/tr-aomp/TheRock/build/math-libs/BLAS/rocBLAS/stage/lib/rocblas/library/TensileLibrary_Type_HH_HPA_Contraction_l_Ailk_Bljk_Cijk_Dijk_XPU_gfx942.dat
0.5	-- Installing: /work/grodgers/git/tr-aomp/TheRock/build/math-libs/BLAS/rocBLAS/stage/lib/rocblas/library/TensileLibrary_Type_ZZ_Contraction_l_AlikC_BjlkC_Cijk_Dijk_fallback_gfx90a-xnack-.hsaco
0.5	-- Installing: /work/grodgers/git/tr-aomp/TheRock/build/math-libs/BLAS/rocBLAS/stage/lib/rocblas/library/TensileLibrary_Type_4xi8I_HPA_Contraction_l_Alik_Bljk_Cijk_Dijk_CU104_gfx90a-xnack-.hsaco
0.5	-- Installing: /work/grodgers/git/tr-aomp/TheRock/build/math-libs/BLAS/rocBLAS/stage/lib/rocblas/library/TensileLibrary_Type_4xi8I_HPA_Contraction_l_Alik_Bljk_Cijk_Dijk_CU104_gfx90a.co
0.5	-- Installing: /work/grodgers/git/tr-aomp/TheRock/build/math-libs/BLAS/rocBLAS/stage/lib/rocblas/library/TensileLibrary_Type_I8I_HPA_Contraction_l_Alik_Bljk_Cijk_Dijk_CU104_gfx90a.co
0.5	-- Installing: /work/grodgers/git/tr-aomp/TheRock/build/math-libs/BLAS/rocBLAS/stage/lib/rocblas/library/TensileLibrary_Type_HH_HPA_Fp16Alt_Contraction_l_Alik_Bljk_Cijk_Dijk_CU104_gfx90a.co
0.5	-- Installing: /work/grodgers/git/tr-aomp/TheRock/build/math-libs/BLAS/rocBLAS/stage/lib/rocblas/library/TensileLibrary_Type_SS_ExperimentalDTree_Contraction_l_Ailk_Bjlk_Cijk_Dijk_CU104_gfx90a.co
0.5	-- Installing: /work/grodgers/git/tr-aomp/TheRock/build/math-libs/BLAS/rocBLAS/stage/lib/rocblas/library/TensileLibrary_Type_ZZ_Contraction_l_AlikC_BjlkC_Cijk_Dijk_gfx90a.co
0.5	-- Installing: /work/grodgers/git/tr-aomp/TheRock/build/math-libs/BLAS/rocBLAS/stage/lib/rocblas/library/TensileLibrary_Type_HS_HPA_Contraction_l_Ailk_Bjlk_Cijk_Dijk_CU104_gfx90a-xnack+.hsaco
0.5	-- Installing: /work/grodgers/git/tr-aomp/TheRock/build/math-libs/BLAS/rocBLAS/stage/lib/rocblas/library/TensileLibrary_Type_HH_HPA_CUEfficiency_Contraction_l_Ailk_Bjlk_Cijk_Dijk_gfx908.dat
0.5	-- Installing: /work/grodgers/git/tr-aomp/TheRock/build/math-libs/BLAS/rocBLAS/stage/lib/rocblas/library/TensileLibrary_Type_HH_HPA_Fp16Alt_Contraction_l_Ailk_Bljk_Cijk_Dijk_CU104_gfx90a-xnack-.hsaco
0.5	-- Installing: /work/grodgers/git/tr-aomp/TheRock/build/math-libs/BLAS/rocBLAS/stage/lib/rocblas/library/TensileLibrary_Type_B8S_HPA_Contraction_l_Ailk_Bljk_Cijk_Dijk_gfx942.co
0.5	-- Installing: /work/grodgers/git/tr-aomp/TheRock/build/math-libs/BLAS/rocBLAS/stage/lib/rocblas/library/TensileLibrary_Type_4xi8I_HPA_Contraction_l_Alik_Bljk_Cijk_Dijk_fallback.dat
0.5	-- Installing: /work/grodgers/git/tr-aomp/TheRock/build/math-libs/BLAS/rocBLAS/stage/lib/rocblas/library/TensileLibrary_Type_HS_HPA_Contraction_l_Alik_Bljk_Cijk_Dijk_CU104_gfx90a.co
0.5	-- Installing: /work/grodgers/git/tr-aomp/TheRock/build/math-libs/BLAS/rocBLAS/stage/lib/rocblas/library/TensileLibrary_Type_HH_HPA_Contraction_l_Alik_Bjlk_Cijk_Dijk_gfx908.dat
0.5	-- Installing: /work/grodgers/git/tr-aomp/TheRock/build/math-libs/BLAS/rocBLAS/stage/lib/rocblas/library/TensileLibrary_Type_HH_HPA_Contraction_l_Alik_Bjlk_Cijk_Dijk_gfx90a.dat
0.5	-- Installing: /work/grodgers/git/tr-aomp/TheRock/build/math-libs/BLAS/rocBLAS/stage/lib/rocblas/library/TensileLibrary_Type_BB_HPA_Contraction_l_Ailk_Bljk_Cijk_Dijk_CU104_gfx90a.co
0.5	-- Installing: /work/grodgers/git/tr-aomp/TheRock/build/math-libs/BLAS/rocBLAS/stage/lib/rocblas/library/TensileLibrary_Type_CC_Contraction_l_AlikC_Bljk_Cijk_Dijk_fallback_gfx90a-xnack+.hsaco
0.5	-- Installing: /work/grodgers/git/tr-aomp/TheRock/build/math-libs/BLAS/rocBLAS/stage/lib/rocblas/library/TensileLibrary_Type_CC_Contraction_l_Alik_Bjlk_Cijk_Dijk_gfx942.dat
0.5	-- Installing: /work/grodgers/git/tr-aomp/TheRock/build/math-libs/BLAS/rocBLAS/stage/lib/rocblas/library/TensileLibrary_Type_SS_Contraction_l_Alik_Bljk_Cijk_Dijk_gfx908.hsaco
0.5	-- Installing: /work/grodgers/git/tr-aomp/TheRock/build/math-libs/BLAS/rocBLAS/stage/lib/rocblas/library/TensileLibrary_Type_HH_HPA_Fp16AltRnz_Fp16Alt_ExperimentalDTree_Contraction_l_Ailk_Bjlk_Cijk_Dijk_CU104_gfx90a.dat
0.5	-- Installing: /work/grodgers/git/tr-aomp/TheRock/build/math-libs/BLAS/rocBLAS/stage/lib/rocblas/library/TensileLibrary_Type_CC_Contraction_l_AlikC_BjlkC_Cijk_Dijk_gfx942.dat
0.5	-- Installing: /work/grodgers/git/tr-aomp/TheRock/build/math-libs/BLAS/rocBLAS/stage/lib/rocblas/library/TensileLibrary_Type_4xi8I_HPA_Contraction_l_Ailk_Bljk_Cijk_Dijk_gfx908.hsaco
0.5	-- Installing: /work/grodgers/git/tr-aomp/TheRock/build/math-libs/BLAS/rocBLAS/stage/lib/rocblas/library/TensileLibrary_Type_HH_Contraction_l_Alik_Bjlk_Cijk_Dijk_gfx942.co
0.5	-- Installing: /work/grodgers/git/tr-aomp/TheRock/build/math-libs/BLAS/rocBLAS/stage/lib/rocblas/library/TensileLibrary_Type_HH_HPA_Fp16Alt_Contraction_l_Alik_Bjlk_Cijk_Dijk_CU104_gfx90a.dat
0.5	-- Installing: /work/grodgers/git/tr-aomp/TheRock/build/math-libs/BLAS/rocBLAS/stage/lib/rocblas/library/TensileLibrary_Type_CC_Contraction_l_AlikC_BjlkC_Cijk_Dijk_gfx90a.co
0.5	-- Installing: /work/grodgers/git/tr-aomp/TheRock/build/math-libs/BLAS/rocBLAS/stage/lib/rocblas/library/TensileLibrary_Type_SS_Contraction_l_Ailk_Bljk_Cijk_Dijk_gfx90a.dat
0.5	-- Installing: /work/grodgers/git/tr-aomp/TheRock/build/math-libs/BLAS/rocBLAS/stage/lib/rocblas/library/TensileLibrary_Type_B8B8_HPA_Contraction_l_Ailk_Bljk_Cijk_Dijk_gfx942.co
0.5	-- Installing: /work/grodgers/git/tr-aomp/TheRock/build/math-libs/BLAS/rocBLAS/stage/lib/rocblas/library/TensileLibrary_Type_HH_HPA_Contraction_l_Ailk_Bljk_Cijk_Dijk_fallback_gfx90a-xnack+.hsaco
0.5	-- Installing: /work/grodgers/git/tr-aomp/TheRock/build/math-libs/BLAS/rocBLAS/stage/lib/rocblas/library/TensileLibrary_Type_HH_HPA_Fp16Alt_Contraction_l_Alik_Bjlk_Cijk_Dijk_CU104_gfx90a-xnack+.hsaco
0.5	-- Installing: /work/grodgers/git/tr-aomp/TheRock/build/math-libs/BLAS/rocBLAS/stage/lib/rocblas/library/TensileLibrary_Type_CC_Contraction_l_AlikC_Bjlk_Cijk_Dijk_gfx908.co
0.5	-- Installing: /work/grodgers/git/tr-aomp/TheRock/build/math-libs/BLAS/rocBLAS/stage/lib/rocblas/library/TensileLibrary_Type_ZZ_Contraction_l_Ailk_BjlkC_Cijk_Dijk_fallback_gfx90a-xnack+.hsaco
0.5	-- Installing: /work/grodgers/git/tr-aomp/TheRock/build/math-libs/BLAS/rocBLAS/stage/lib/rocblas/library/TensileLibrary_Type_HS_HPA_Contraction_l_Alik_Bjlk_Cijk_Dijk_fallback.dat
0.5	-- Installing: /work/grodgers/git/tr-aomp/TheRock/build/math-libs/BLAS/rocBLAS/stage/lib/rocblas/library/TensileLibrary_Type_CC_Contraction_l_AlikC_Bljk_Cijk_Dijk_gfx942.dat
0.5	-- Installing: /work/grodgers/git/tr-aomp/TheRock/build/math-libs/BLAS/rocBLAS/stage/lib/rocblas/library/TensileLibrary_Type_HH_HPA_Fp16AltRnz_Fp16Alt_ExperimentalDTree_Contraction_l_Alik_Bljk_Cijk_Dijk_gfx90a.co
0.5	-- Installing: /work/grodgers/git/tr-aomp/TheRock/build/math-libs/BLAS/rocBLAS/stage/lib/rocblas/library/TensileLibrary_Type_CC_Contraction_l_Ailk_Bljk_Cijk_Dijk_gfx908.co
0.5	-- Installing: /work/grodgers/git/tr-aomp/TheRock/build/math-libs/BLAS/rocBLAS/stage/lib/rocblas/library/TensileLibrary_Type_HH_HPA_Fp16Alt_ExperimentalDTree_Contraction_l_Ailk_Bljk_Cijk_Dijk_gfx90a.dat
0.5	-- Installing: /work/grodgers/git/tr-aomp/TheRock/build/math-libs/BLAS/rocBLAS/stage/lib/rocblas/library/TensileLibrary_Type_HH_HPA_Contraction_l_Ailk_Bljk_Cijk_Dijk_fallback_gfx942.hsaco
0.5	-- Installing: /work/grodgers/git/tr-aomp/TheRock/build/math-libs/BLAS/rocBLAS/stage/lib/rocblas/library/TensileLibrary_Type_HS_HPA_Contraction_l_Alik_Bjlk_Cijk_Dijk_gfx942.dat
0.5	-- Installing: /work/grodgers/git/tr-aomp/TheRock/build/math-libs/BLAS/rocBLAS/stage/lib/rocblas/library/TensileLibrary_Type_ZZ_Contraction_l_Ailk_Bljk_Cijk_Dijk_gfx942.dat
0.5	-- Installing: /work/grodgers/git/tr-aomp/TheRock/build/math-libs/BLAS/rocBLAS/stage/lib/rocblas/library/TensileLibrary_Type_SS_ExperimentalDTree_Contraction_l_Alik_Bljk_Cijk_Dijk_CU104_gfx90a.dat
0.5	-- Installing: /work/grodgers/git/tr-aomp/TheRock/build/math-libs/BLAS/rocBLAS/stage/lib/rocblas/library/TensileLibrary_Type_CC_Contraction_l_AlikC_Bjlk_Cijk_Dijk_gfx90a.co
0.5	-- Installing: /work/grodgers/git/tr-aomp/TheRock/build/math-libs/BLAS/rocBLAS/stage/lib/rocblas/library/TensileLibrary_Type_HH_HPA_Contraction_l_Alik_Bjlk_Cijk_Dijk_fallback_gfx908.hsaco
0.5	-- Installing: /work/grodgers/git/tr-aomp/TheRock/build/math-libs/BLAS/rocBLAS/stage/lib/rocblas/library/TensileLibrary_Type_HH_HPA_Fp16Alt_ExperimentalDTree_Contraction_l_Alik_Bljk_Cijk_Dijk_CU104_gfx90a.co
0.5	-- Installing: /work/grodgers/git/tr-aomp/TheRock/build/math-libs/BLAS/rocBLAS/stage/lib/rocblas/library/TensileLibrary_Type_ZZ_Contraction_l_Ailk_Bjlk_Cijk_Dijk_gfx908.co
0.5	-- Installing: /work/grodgers/git/tr-aomp/TheRock/build/math-libs/BLAS/rocBLAS/stage/lib/rocblas/library/TensileLibrary_Type_4xi8I_HPA_Contraction_l_Ailk_Bjlk_Cijk_Dijk_fallback.dat
0.5	-- Installing: /work/grodgers/git/tr-aomp/TheRock/build/math-libs/BLAS/rocBLAS/stage/lib/rocblas/library/TensileLibrary_Type_I8I_HPA_Contraction_l_Ailk_Bljk_Cijk_Dijk_fallback_gfx90a-xnack-.hsaco
0.5	-- Installing: /work/grodgers/git/tr-aomp/TheRock/build/math-libs/BLAS/rocBLAS/stage/lib/rocblas/library/TensileLibrary_Type_HH_HPA_Fp16AltRnz_Fp16Alt_ExperimentalDTree_Contraction_l_Alik_Bljk_Cijk_Dijk_CU104_gfx90a.dat
0.5	-- Installing: /work/grodgers/git/tr-aomp/TheRock/build/math-libs/BLAS/rocBLAS/stage/lib/rocblas/library/TensileLibrary_Type_BB_HPA_Contraction_l_Alik_Bjlk_Cijk_Dijk_gfx90a.co
0.5	-- Installing: /work/grodgers/git/tr-aomp/TheRock/build/math-libs/BLAS/rocBLAS/stage/lib/rocblas/library/TensileLibrary_Type_ZZ_Contraction_l_Alik_Bjlk_Cijk_Dijk_fallback_gfx908.hsaco
0.5	-- Installing: /work/grodgers/git/tr-aomp/TheRock/build/math-libs/BLAS/rocBLAS/stage/lib/rocblas/library/TensileLibrary_Type_B8H_HPA_Contraction_l_Ailk_Bljk_Cijk_Dijk_gfx942.dat
0.5	-- Installing: /work/grodgers/git/tr-aomp/TheRock/build/math-libs/BLAS/rocBLAS/stage/lib/rocblas/library/TensileLibrary_Type_ZZ_Contraction_l_Alik_Bljk_Cijk_Dijk_gfx942.dat
0.5	-- Installing: /work/grodgers/git/tr-aomp/TheRock/build/math-libs/BLAS/rocBLAS/stage/lib/rocblas/library/TensileLibrary_Type_SS_Contraction_l_Alik_Bljk_Cijk_Dijk_XPU_gfx942.co
0.5	-- Installing: /work/grodgers/git/tr-aomp/TheRock/build/math-libs/BLAS/rocBLAS/stage/lib/rocblas/library/TensileLibrary_Type_HS_HPA_Contraction_l_Alik_Bljk_Cijk_Dijk_gfx90a.dat
0.5	-- Installing: /work/grodgers/git/tr-aomp/TheRock/build/math-libs/BLAS/rocBLAS/stage/lib/rocblas/library/TensileLibrary_Type_HH_HPA_ExperimentalGrid_Contraction_l_Ailk_Bljk_Cijk_Dijk_CU104_gfx90a.co
0.5	-- Installing: /work/grodgers/git/tr-aomp/TheRock/build/math-libs/BLAS/rocBLAS/stage/lib/rocblas/library/TensileLibrary_Type_HH_HPA_Contraction_l_Alik_Bljk_Cijk_Dijk_XPU_gfx942.co
0.5	-- Installing: /work/grodgers/git/tr-aomp/TheRock/build/math-libs/BLAS/rocBLAS/stage/lib/rocblas/library/TensileLibrary_Type_HH_HPA_Contraction_l_Alik_Bljk_Cijk_Dijk_fallback_gfx942.hsaco
0.5	-- Installing: /work/grodgers/git/tr-aomp/TheRock/build/math-libs/BLAS/rocBLAS/stage/lib/rocblas/library/TensileLibrary_Type_HH_Contraction_l_Ailk_Bljk_Cijk_Dijk_gfx90a.dat
0.5	-- Installing: /work/grodgers/git/tr-aomp/TheRock/build/math-libs/BLAS/rocBLAS/stage/lib/rocblas/library/TensileLibrary_Type_BS_HPA_Contraction_l_Ailk_Bljk_Cijk_Dijk_gfx90a.co
0.5	-- Installing: /work/grodgers/git/tr-aomp/TheRock/build/math-libs/BLAS/rocBLAS/stage/lib/rocblas/library/TensileLibrary_Type_BB_HPA_Contraction_l_Alik_Bljk_Cijk_Dijk_CU104_gfx90a.co
0.5	-- Installing: /work/grodgers/git/tr-aomp/TheRock/build/math-libs/BLAS/rocBLAS/stage/lib/rocblas/library/TensileLibrary_Type_CC_Contraction_l_Ailk_Bljk_Cijk_Dijk_gfx90a.co
0.5	-- Installing: /work/grodgers/git/tr-aomp/TheRock/build/math-libs/BLAS/rocBLAS/stage/lib/rocblas/library/TensileLibrary_Type_I8I_HPA_Contraction_l_Ailk_Bljk_Cijk_Dijk_fallback.dat
0.5	-- Installing: /work/grodgers/git/tr-aomp/TheRock/build/math-libs/BLAS/rocBLAS/stage/lib/rocblas/library/TensileLibrary_Type_HH_HPA_Contraction_l_Ailk_Bjlk_Cijk_Dijk_CU104_gfx90a.co
0.5	-- Installing: /work/grodgers/git/tr-aomp/TheRock/build/math-libs/BLAS/rocBLAS/stage/lib/rocblas/library/TensileLibrary_Type_HH_HPA_Fp16AltRnz_Fp16Alt_Contraction_l_Alik_Bjlk_Cijk_Dijk_gfx90a-xnack+.hsaco
0.5	-- Installing: /work/grodgers/git/tr-aomp/TheRock/build/math-libs/BLAS/rocBLAS/stage/lib/rocblas/library/TensileLibrary_Type_CC_Contraction_l_AlikC_Bjlk_Cijk_Dijk_fallback_gfx942.hsaco
0.5	-- Installing: /work/grodgers/git/tr-aomp/TheRock/build/math-libs/BLAS/rocBLAS/stage/lib/rocblas/library/TensileLibrary_Type_HH_HPA_Contraction_l_Alik_Bjlk_Cijk_Dijk_gfx90a-xnack-.hsaco
0.5	-- Installing: /work/grodgers/git/tr-aomp/TheRock/build/math-libs/BLAS/rocBLAS/stage/lib/rocblas/library/TensileLibrary_Type_HH_HPA_Fp16AltRnz_Fp16Alt_Contraction_l_Ailk_Bjlk_Cijk_Dijk_CU104_gfx90a.dat
0.5	-- Installing: /work/grodgers/git/tr-aomp/TheRock/build/math-libs/BLAS/rocBLAS/stage/lib/rocblas/library/TensileLibrary_Type_SS_Contraction_l_Ailk_Bljk_Cijk_Dijk_XPU_gfx942.dat
0.5	-- Installing: /work/grodgers/git/tr-aomp/TheRock/build/math-libs/BLAS/rocBLAS/stage/lib/rocblas/library/TensileLibrary_Type_ZZ_Contraction_l_Alik_Bljk_Cijk_Dijk_gfx90a.dat
0.5	-- Installing: /work/grodgers/git/tr-aomp/TheRock/build/math-libs/BLAS/rocBLAS/stage/lib/rocblas/library/TensileLibrary_Type_HH_Contraction_l_Ailk_Bljk_Cijk_Dijk_gfx942.co
0.5	-- Installing: /work/grodgers/git/tr-aomp/TheRock/build/math-libs/BLAS/rocBLAS/stage/lib/rocblas/library/TensileLibrary_Type_ZZ_Contraction_l_Alik_Bljk_Cijk_Dijk_gfx908.dat
0.5	-- Installing: /work/grodgers/git/tr-aomp/TheRock/build/math-libs/BLAS/rocBLAS/stage/lib/rocblas/library/TensileLibrary_Type_BS_HPA_Contraction_l_Ailk_Bljk_Cijk_Dijk_gfx942.co
0.5	-- Installing: /work/grodgers/git/tr-aomp/TheRock/build/math-libs/BLAS/rocBLAS/stage/lib/rocblas/library/TensileLibrary_Type_SS_Contraction_l_Alik_Bjlk_Cijk_Dijk_gfx942.co
0.5	-- Installing: /work/grodgers/git/tr-aomp/TheRock/build/math-libs/BLAS/rocBLAS/stage/lib/rocblas/library/TensileLibrary_Type_I8I_HPA_Contraction_l_Ailk_Bljk_Cijk_Dijk_gfx908.co
0.5	-- Installing: /work/grodgers/git/tr-aomp/TheRock/build/math-libs/BLAS/rocBLAS/stage/lib/rocblas/library/TensileLibrary_Type_HH_HPA_Contraction_l_Ailk_Bljk_Cijk_Dijk_fallback_gfx908.hsaco
0.5	-- Installing: /work/grodgers/git/tr-aomp/TheRock/build/math-libs/BLAS/rocBLAS/stage/lib/rocblas/library/TensileLibrary_Type_CC_Contraction_l_Alik_Bjlk_Cijk_Dijk_fallback_gfx90a-xnack-.hsaco
0.5	-- Installing: /work/grodgers/git/tr-aomp/TheRock/build/math-libs/BLAS/rocBLAS/stage/lib/rocblas/library/TensileLibrary_Type_CC_Contraction_l_AlikC_BjlkC_Cijk_Dijk_fallback_gfx90a-xnack-.hsaco
0.5	-- Installing: /work/grodgers/git/tr-aomp/TheRock/build/math-libs/BLAS/rocBLAS/stage/lib/rocblas/library/TensileLibrary_Type_I8I_HPA_Contraction_l_Ailk_Bjlk_Cijk_Dijk_gfx942.dat
0.5	-- Installing: /work/grodgers/git/tr-aomp/TheRock/build/math-libs/BLAS/rocBLAS/stage/lib/rocblas/library/TensileLibrary_Type_HH_HPA_Fp16AltRnz_Fp16Alt_ExperimentalDTree_Contraction_l_Alik_Bljk_Cijk_Dijk_CU104_gfx90a.co
0.5	-- Installing: /work/grodgers/git/tr-aomp/TheRock/build/math-libs/BLAS/rocBLAS/stage/lib/rocblas/library/TensileLibrary_Type_4xi8I_HPA_Contraction_l_Ailk_Bljk_Cijk_Dijk_gfx908.co
0.5	-- Installing: /work/grodgers/git/tr-aomp/TheRock/build/math-libs/BLAS/rocBLAS/stage/lib/rocblas/library/TensileLibrary_Type_I8I_HPA_Contraction_l_Alik_Bjlk_Cijk_Dijk_gfx942.dat
0.5	-- Installing: /work/grodgers/git/tr-aomp/TheRock/build/math-libs/BLAS/rocBLAS/stage/lib/rocblas/library/TensileLibrary_Type_CC_Contraction_l_AlikC_BjlkC_Cijk_Dijk_fallback_gfx90a-xnack+.hsaco
0.5	-- Installing: /work/grodgers/git/tr-aomp/TheRock/build/math-libs/BLAS/rocBLAS/stage/lib/rocblas/library/TensileLibrary_Type_BS_HPA_Contraction_l_Ailk_Bljk_Cijk_Dijk_gfx90a.dat
0.5	-- Installing: /work/grodgers/git/tr-aomp/TheRock/build/math-libs/BLAS/rocBLAS/stage/lib/rocblas/library/TensileLibrary_Type_HH_HPA_Fp16AltRnz_Fp16Alt_Contraction_l_Ailk_Bjlk_Cijk_Dijk_CU104_gfx90a.co
0.5	-- Installing: /work/grodgers/git/tr-aomp/TheRock/build/math-libs/BLAS/rocBLAS/stage/lib/rocblas/library/TensileLibrary_Type_HS_HPA_Contraction_l_Alik_Bjlk_Cijk_Dijk_gfx90a.dat
0.5	-- Installing: /work/grodgers/git/tr-aomp/TheRock/build/math-libs/BLAS/rocBLAS/stage/lib/rocblas/library/TensileLibrary_Type_BB_HPA_Contraction_l_Ailk_Bljk_Cijk_Dijk_gfx90a.co
0.5	-- Installing: /work/grodgers/git/tr-aomp/TheRock/build/math-libs/BLAS/rocBLAS/stage/lib/rocblas/library/TensileLibrary_Type_HH_HPA_Fp16Alt_ExperimentalDTree_Contraction_l_Alik_Bljk_Cijk_Dijk_gfx90a.co
0.5	-- Installing: /work/grodgers/git/tr-aomp/TheRock/build/math-libs/BLAS/rocBLAS/stage/lib/rocblas/library/TensileLibrary_Type_CC_Contraction_l_Alik_Bljk_Cijk_Dijk_gfx90a.dat
0.5	-- Installing: /work/grodgers/git/tr-aomp/TheRock/build/math-libs/BLAS/rocBLAS/stage/lib/rocblas/library/TensileLibrary_Type_SS_ExperimentalDTree_Contraction_l_Alik_Bljk_Cijk_Dijk_CU104_gfx90a.co
0.5	-- Installing: /work/grodgers/git/tr-aomp/TheRock/build/math-libs/BLAS/rocBLAS/stage/lib/rocblas/library/TensileLibrary_Type_4xi8I_HPA_Contraction_l_Ailk_Bljk_Cijk_Dijk_CU104_gfx90a.co
0.5	-- Installing: /work/grodgers/git/tr-aomp/TheRock/build/math-libs/BLAS/rocBLAS/stage/lib/rocblas/library/TensileLibrary_Type_HH_HPA_Fp16AltRnz_Fp16Alt_Contraction_l_Ailk_Bljk_Cijk_Dijk_gfx90a-xnack-.hsaco
0.5	-- Installing: /work/grodgers/git/tr-aomp/TheRock/build/math-libs/BLAS/rocBLAS/stage/lib/rocblas/library/TensileLibrary_Type_HH_HPA_Fp16AltRnz_Fp16Alt_Contraction_l_Ailk_Bljk_Cijk_Dijk_CU104_gfx90a.co
0.5	-- Installing: /work/grodgers/git/tr-aomp/TheRock/build/math-libs/BLAS/rocBLAS/stage/lib/rocblas/library/TensileLibrary_Type_CC_Contraction_l_AlikC_Bljk_Cijk_Dijk_fallback.dat
0.5	-- Installing: /work/grodgers/git/tr-aomp/TheRock/build/math-libs/BLAS/rocBLAS/stage/lib/rocblas/library/TensileLibrary_Type_ZZ_Contraction_l_Alik_BjlkC_Cijk_Dijk_fallback_gfx90a-xnack-.hsaco
0.5	-- Installing: /work/grodgers/git/tr-aomp/TheRock/build/math-libs/BLAS/rocBLAS/stage/lib/rocblas/library/TensileLibrary_Type_F8B8_HPA_Contraction_l_Ailk_Bjlk_Cijk_Dijk_gfx942.co
0.5	-- Installing: /work/grodgers/git/tr-aomp/TheRock/build/math-libs/BLAS/rocBLAS/stage/lib/rocblas/library/TensileLibrary_Type_ZZ_Contraction_l_Alik_Bljk_Cijk_Dijk_gfx908.co
0.5	-- Installing: /work/grodgers/git/tr-aomp/TheRock/build/math-libs/BLAS/rocBLAS/stage/lib/rocblas/library/TensileLibrary_Type_CC_Contraction_l_Alik_BjlkC_Cijk_Dijk_gfx942.co
0.5	-- Installing: /work/grodgers/git/tr-aomp/TheRock/build/math-libs/BLAS/rocBLAS/stage/lib/rocblas/library/TensileLibrary_Type_HH_HPA_Contraction_l_Alik_Bljk_Cijk_Dijk_gfx942.dat
0.5	-- Installing: /work/grodgers/git/tr-aomp/TheRock/build/math-libs/BLAS/rocBLAS/stage/lib/rocblas/library/TensileLibrary_Type_I8I_HPA_Contraction_l_Alik_Bljk_Cijk_Dijk_gfx908.dat
0.5	-- Installing: /work/grodgers/git/tr-aomp/TheRock/build/math-libs/BLAS/rocBLAS/stage/lib/rocblas/library/TensileLibrary_Type_HS_HPA_Contraction_l_Ailk_Bjlk_Cijk_Dijk_fallback_gfx90a-xnack+.hsaco
0.5	-- Installing: /work/grodgers/git/tr-aomp/TheRock/build/math-libs/BLAS/rocBLAS/stage/lib/rocblas/library/TensileLibrary_Type_HH_HPA_Fp16Alt_Contraction_l_Ailk_Bljk_Cijk_Dijk_gfx90a-xnack+.hsaco
0.5	-- Installing: /work/grodgers/git/tr-aomp/TheRock/build/math-libs/BLAS/rocBLAS/stage/lib/rocblas/library/TensileLibrary_Type_HH_HPA_ExperimentalDTree_Contraction_l_Ailk_Bljk_Cijk_Dijk_gfx90a.co
0.5	-- Installing: /work/grodgers/git/tr-aomp/TheRock/build/math-libs/BLAS/rocBLAS/stage/lib/rocblas/library/TensileLibrary_Type_DD_ExperimentalDTree_Contraction_l_Ailk_Bjlk_Cijk_Dijk_CU104_gfx90a.co
0.5	-- Installing: /work/grodgers/git/tr-aomp/TheRock/build/math-libs/BLAS/rocBLAS/stage/lib/rocblas/library/TensileLibrary_Type_SS_Contraction_l_Alik_Bljk_Cijk_Dijk_fallback_gfx942.hsaco
0.5	-- Installing: /work/grodgers/git/tr-aomp/TheRock/build/math-libs/BLAS/rocBLAS/stage/lib/rocblas/library/TensileLibrary_Type_BB_HPA_Contraction_l_Alik_Bjlk_Cijk_Dijk_gfx942.co
0.5	-- Installing: /work/grodgers/git/tr-aomp/TheRock/build/math-libs/BLAS/rocBLAS/stage/lib/rocblas/library/TensileLibrary_Type_BB_HPA_Contraction_l_Ailk_Bljk_Cijk_Dijk_CU104_gfx90a.dat
0.5	-- Installing: /work/grodgers/git/tr-aomp/TheRock/build/math-libs/BLAS/rocBLAS/stage/lib/rocblas/library/TensileLibrary_Type_BS_HPA_Contraction_l_Alik_Bjlk_Cijk_Dijk_fallback_gfx90a-xnack-.hsaco
0.5	-- Installing: /work/grodgers/git/tr-aomp/TheRock/build/math-libs/BLAS/rocBLAS/stage/lib/rocblas/library/TensileLibrary_Type_4xi8I_HPA_Contraction_l_Alik_Bljk_Cijk_Dijk_fallback_gfx90a-xnack-.hsaco
0.5	-- Installing: /work/grodgers/git/tr-aomp/TheRock/build/math-libs/BLAS/rocBLAS/stage/lib/rocblas/library/TensileLibrary_Type_BS_HPA_Contraction_l_Ailk_Bjlk_Cijk_Dijk_gfx908.dat
0.5	-- Installing: /work/grodgers/git/tr-aomp/TheRock/build/math-libs/BLAS/rocBLAS/stage/lib/rocblas/library/TensileLibrary_Type_BS_HPA_Contraction_l_Alik_Bljk_Cijk_Dijk_gfx90a.co
0.5	-- Installing: /work/grodgers/git/tr-aomp/TheRock/build/math-libs/BLAS/rocBLAS/stage/lib/rocblas/library/TensileLibrary_Type_BB_HPA_Contraction_l_Alik_Bljk_Cijk_Dijk_fallback_gfx908.hsaco
0.5	-- Installing: /work/grodgers/git/tr-aomp/TheRock/build/math-libs/BLAS/rocBLAS/stage/lib/rocblas/library/TensileLibrary_Type_HH_HPA_Contraction_l_Alik_Bjlk_Cijk_Dijk_gfx942.co
0.5	-- Installing: /work/grodgers/git/tr-aomp/TheRock/build/math-libs/BLAS/rocBLAS/stage/lib/rocblas/library/TensileLibrary_Type_SS_Contraction_l_Ailk_Bljk_Cijk_Dijk_fallback_gfx942.hsaco
0.5	-- Installing: /work/grodgers/git/tr-aomp/TheRock/build/math-libs/BLAS/rocBLAS/stage/lib/rocblas/library/TensileLibrary_Type_BS_HPA_Contraction_l_Alik_Bjlk_Cijk_Dijk_fallback_gfx90a-xnack+.hsaco
0.5	-- Installing: /work/grodgers/git/tr-aomp/TheRock/build/math-libs/BLAS/rocBLAS/stage/lib/rocblas/library/TensileLibrary_Type_HH_Contraction_l_Ailk_Bjlk_Cijk_Dijk_fallback_gfx90a-xnack-.hsaco
0.5	-- Installing: /work/grodgers/git/tr-aomp/TheRock/build/math-libs/BLAS/rocBLAS/stage/lib/rocblas/library/TensileLibrary_Type_ZZ_Contraction_l_Alik_Bjlk_Cijk_Dijk_fallback.dat
0.5	-- Installing: /work/grodgers/git/tr-aomp/TheRock/build/math-libs/BLAS/rocBLAS/stage/lib/rocblas/library/TensileLibrary_Type_DD_Contraction_l_Ailk_Bjlk_Cijk_Dijk_fallback_gfx942.hsaco
0.5	-- Installing: /work/grodgers/git/tr-aomp/TheRock/build/math-libs/BLAS/rocBLAS/stage/lib/rocblas/library/TensileLibrary_Type_HS_HPA_Contraction_l_Ailk_Bjlk_Cijk_Dijk_gfx908.dat
0.5	-- Installing: /work/grodgers/git/tr-aomp/TheRock/build/math-libs/BLAS/rocBLAS/stage/lib/rocblas/library/TensileLibrary_Type_DD_Contraction_l_Alik_Bljk_Cijk_Dijk_fallback_gfx90a-xnack-.hsaco
0.5	-- Installing: /work/grodgers/git/tr-aomp/TheRock/build/math-libs/BLAS/rocBLAS/stage/lib/rocblas/library/TensileLibrary_Type_I8I_HPA_Contraction_l_Ailk_Bljk_Cijk_Dijk_fallback_gfx90a-xnack+.hsaco
0.5	-- Installing: /work/grodgers/git/tr-aomp/TheRock/build/math-libs/BLAS/rocBLAS/stage/lib/rocblas/library/TensileLibrary_Type_HH_HPA_Fp16AltRnz_Fp16Alt_Contraction_l_Ailk_Bjlk_Cijk_Dijk_gfx90a-xnack+.hsaco
0.5	-- Installing: /work/grodgers/git/tr-aomp/TheRock/build/math-libs/BLAS/rocBLAS/stage/lib/rocblas/library/TensileLibrary_Type_BB_HPA_Contraction_l_Alik_Bljk_Cijk_Dijk_gfx942.dat
0.5	-- Installing: /work/grodgers/git/tr-aomp/TheRock/build/math-libs/BLAS/rocBLAS/stage/lib/rocblas/library/TensileLibrary_Type_ZZ_Contraction_l_Ailk_Bljk_Cijk_Dijk_gfx90a.dat
0.5	-- Installing: /work/grodgers/git/tr-aomp/TheRock/build/math-libs/BLAS/rocBLAS/stage/lib/rocblas/library/TensileLibrary_Type_ZZ_Contraction_l_Ailk_Bljk_Cijk_Dijk_fallback_gfx942.hsaco
0.5	-- Installing: /work/grodgers/git/tr-aomp/TheRock/build/math-libs/BLAS/rocBLAS/stage/lib/rocblas/library/TensileLibrary_Type_4xi8I_HPA_Contraction_l_Ailk_Bljk_Cijk_Dijk_gfx908.dat
0.5	-- Installing: /work/grodgers/git/tr-aomp/TheRock/build/math-libs/BLAS/rocBLAS/stage/lib/rocblas/library/TensileLibrary_Type_ZZ_Contraction_l_AlikC_Bljk_Cijk_Dijk_gfx90a.dat
0.5	-- Installing: /work/grodgers/git/tr-aomp/TheRock/build/math-libs/BLAS/rocBLAS/stage/lib/rocblas/library/TensileLibrary_Type_CC_Contraction_l_Ailk_Bjlk_Cijk_Dijk_fallback.dat
0.5	-- Installing: /work/grodgers/git/tr-aomp/TheRock/build/math-libs/BLAS/rocBLAS/stage/lib/rocblas/library/TensileLibrary_Type_BB_HPA_Contraction_l_Alik_Bjlk_Cijk_Dijk_XPU_gfx942.dat
0.5	-- Installing: /work/grodgers/git/tr-aomp/TheRock/build/math-libs/BLAS/rocBLAS/stage/lib/rocblas/library/TensileLibrary_Type_HH_HPA_Fp16Alt_ExperimentalDTree_Contraction_l_Alik_Bljk_Cijk_Dijk_CU104_gfx90a.dat
0.5	-- Installing: /work/grodgers/git/tr-aomp/TheRock/build/math-libs/BLAS/rocBLAS/stage/lib/rocblas/library/TensileLibrary_Type_4xi8I_HPA_Contraction_l_Alik_Bljk_Cijk_Dijk_gfx90a-xnack-.hsaco
0.5	-- Installing: /work/grodgers/git/tr-aomp/TheRock/build/math-libs/BLAS/rocBLAS/stage/lib/rocblas/library/TensileLibrary_Type_F8H_HPA_Contraction_l_Alik_Bjlk_Cijk_Dijk_gfx942.dat
0.5	-- Installing: /work/grodgers/git/tr-aomp/TheRock/build/math-libs/BLAS/rocBLAS/stage/lib/rocblas/library/TensileLibrary_Type_HH_HPA_Fp16AltRnz_Fp16Alt_Contraction_l_Ailk_Bjlk_Cijk_Dijk_gfx90a.dat
0.5	-- Installing: /work/grodgers/git/tr-aomp/TheRock/build/math-libs/BLAS/rocBLAS/stage/lib/rocblas/library/TensileLibrary_Type_HS_HPA_Contraction_l_Alik_Bjlk_Cijk_Dijk_gfx90a-xnack-.hsaco
0.6	-- Installing: /work/grodgers/git/tr-aomp/TheRock/build/math-libs/BLAS/rocBLAS/stage/lib/rocblas/library/TensileLibrary_Type_HS_HPA_Contraction_l_Alik_Bljk_Cijk_Dijk_gfx90a.co
0.6	-- Installing: /work/grodgers/git/tr-aomp/TheRock/build/math-libs/BLAS/rocBLAS/stage/lib/rocblas/library/TensileLibrary_Type_HH_Contraction_l_Alik_Bljk_Cijk_Dijk_gfx908.co
0.6	-- Installing: /work/grodgers/git/tr-aomp/TheRock/build/math-libs/BLAS/rocBLAS/stage/lib/rocblas/library/Kernels.so-000-gfx908.hsaco
0.6	-- Installing: /work/grodgers/git/tr-aomp/TheRock/build/math-libs/BLAS/rocBLAS/stage/lib/rocblas/library/TensileLibrary_Type_DD_Contraction_l_Ailk_Bjlk_Cijk_Dijk_CU104_gfx90a.dat
0.6	-- Installing: /work/grodgers/git/tr-aomp/TheRock/build/math-libs/BLAS/rocBLAS/stage/lib/rocblas/library/Kernels.so-000-gfx90a-xnack+.hsaco
0.6	-- Installing: /work/grodgers/git/tr-aomp/TheRock/build/math-libs/BLAS/rocBLAS/stage/lib/rocblas/library/TensileLibrary_Type_I8I_HPA_Contraction_l_Alik_Bljk_Cijk_Dijk_gfx90a.co
0.6	-- Installing: /work/grodgers/git/tr-aomp/TheRock/build/math-libs/BLAS/rocBLAS/stage/lib/rocblas/library/TensileLibrary_Type_4xi8I_HPA_Contraction_l_Ailk_Bljk_Cijk_Dijk_fallback_gfx942.hsaco
0.6	-- Installing: /work/grodgers/git/tr-aomp/TheRock/build/math-libs/BLAS/rocBLAS/stage/lib/rocblas/library/TensileLibrary_Type_4xi8I_HPA_Contraction_l_Alik_Bjlk_Cijk_Dijk_fallback_gfx90a-xnack-.hsaco
0.6	-- Installing: /work/grodgers/git/tr-aomp/TheRock/build/math-libs/BLAS/rocBLAS/stage/lib/rocblas/library/TensileLibrary_Type_HH_HPA_Contraction_l_Ailk_Bjlk_Cijk_Dijk_fallback_gfx90a-xnack-.hsaco
0.6	-- Installing: /work/grodgers/git/tr-aomp/TheRock/build/math-libs/BLAS/rocBLAS/stage/lib/rocblas/library/TensileLibrary_Type_BB_HPA_Contraction_l_Ailk_Bjlk_Cijk_Dijk_gfx942.dat
0.6	-- Installing: /work/grodgers/git/tr-aomp/TheRock/build/math-libs/BLAS/rocBLAS/stage/lib/rocblas/library/TensileLibrary_Type_DD_Contraction_l_Ailk_Bljk_Cijk_Dijk_CU104_gfx90a.dat
0.6	-- Installing: /work/grodgers/git/tr-aomp/TheRock/build/math-libs/BLAS/rocBLAS/stage/lib/rocblas/library/TensileLibrary_Type_HH_HPA_Fp16Alt_Contraction_l_Alik_Bjlk_Cijk_Dijk_gfx90a.dat
0.6	-- Installing: /work/grodgers/git/tr-aomp/TheRock/build/math-libs/BLAS/rocBLAS/stage/lib/rocblas/library/TensileLibrary_Type_SS_Contraction_l_Ailk_Bljk_Cijk_Dijk_fallback_gfx908.hsaco
0.6	-- Installing: /work/grodgers/git/tr-aomp/TheRock/build/math-libs/BLAS/rocBLAS/stage/lib/rocblas/library/TensileLibrary_Type_SS_Contraction_l_Alik_Bjlk_Cijk_Dijk_fallback_gfx942.hsaco
0.6	-- Installing: /work/grodgers/git/tr-aomp/TheRock/build/math-libs/BLAS/rocBLAS/stage/lib/rocblas/library/TensileLibrary_Type_BB_HPA_Contraction_l_Ailk_Bljk_Cijk_Dijk_XPU_gfx942.dat
0.6	-- Installing: /work/grodgers/git/tr-aomp/TheRock/build/math-libs/BLAS/rocBLAS/stage/lib/rocblas/library/TensileLibrary_Type_HS_HPA_Contraction_l_Alik_Bljk_Cijk_Dijk_gfx942.dat
0.6	-- Installing: /work/grodgers/git/tr-aomp/TheRock/build/math-libs/BLAS/rocBLAS/stage/lib/rocblas/library/TensileLibrary_Type_HH_HPA_Contraction_l_Alik_Bjlk_Cijk_Dijk_gfx90a.co
0.6	-- Installing: /work/grodgers/git/tr-aomp/TheRock/build/math-libs/BLAS/rocBLAS/stage/lib/rocblas/library/TensileLibrary_Type_SS_Contraction_l_Ailk_Bjlk_Cijk_Dijk_gfx90a.dat
0.6	-- Installing: /work/grodgers/git/tr-aomp/TheRock/build/math-libs/BLAS/rocBLAS/stage/lib/rocblas/library/TensileLibrary_Type_HH_HPA_Fp16AltRnz_Fp16Alt_Contraction_l_Alik_Bjlk_Cijk_Dijk_gfx90a-xnack-.hsaco
0.6	-- Installing: /work/grodgers/git/tr-aomp/TheRock/build/math-libs/BLAS/rocBLAS/stage/lib/rocblas/library/TensileLibrary_Type_4xi8I_HPA_Contraction_l_Alik_Bjlk_Cijk_Dijk_gfx90a.dat
0.6	-- Installing: /work/grodgers/git/tr-aomp/TheRock/build/math-libs/BLAS/rocBLAS/stage/lib/rocblas/library/TensileLibrary_Type_HS_HPA_Contraction_l_Ailk_Bljk_Cijk_Dijk_fallback.dat
0.6	-- Installing: /work/grodgers/git/tr-aomp/TheRock/build/math-libs/BLAS/rocBLAS/stage/lib/rocblas/library/TensileLibrary_Type_HH_Contraction_l_Ailk_Bljk_Cijk_Dijk_fallback_gfx908.hsaco
0.6	-- Installing: /work/grodgers/git/tr-aomp/TheRock/build/math-libs/BLAS/rocBLAS/stage/lib/rocblas/library/TensileLibrary_Type_HS_HPA_Contraction_l_Alik_Bljk_Cijk_Dijk_CU104_gfx90a.dat
0.6	-- Installing: /work/grodgers/git/tr-aomp/TheRock/build/math-libs/BLAS/rocBLAS/stage/lib/rocblas/library/TensileLibrary_Type_ZZ_Contraction_l_AlikC_Bljk_Cijk_Dijk_gfx942.co
0.6	-- Installing: /work/grodgers/git/tr-aomp/TheRock/build/math-libs/BLAS/rocBLAS/stage/lib/rocblas/library/TensileLibrary_Type_HS_HPA_Contraction_l_Alik_Bljk_Cijk_Dijk_fallback_gfx90a-xnack-.hsaco
0.6	-- Installing: /work/grodgers/git/tr-aomp/TheRock/build/math-libs/BLAS/rocBLAS/stage/lib/rocblas/library/TensileLibrary_Type_HS_HPA_Contraction_l_Ailk_Bjlk_Cijk_Dijk_gfx90a.dat
0.6	-- Installing: /work/grodgers/git/tr-aomp/TheRock/build/math-libs/BLAS/rocBLAS/stage/lib/rocblas/library/TensileLibrary_Type_HH_HPA_Contraction_l_Ailk_Bljk_Cijk_Dijk_CU104_gfx90a.co
0.6	-- Installing: /work/grodgers/git/tr-aomp/TheRock/build/math-libs/BLAS/rocBLAS/stage/lib/rocblas/library/TensileLibrary_Type_CC_Contraction_l_AlikC_BjlkC_Cijk_Dijk_gfx908.dat
0.6	-- Installing: /work/grodgers/git/tr-aomp/TheRock/build/math-libs/BLAS/rocBLAS/stage/lib/rocblas/library/TensileLibrary_Type_DD_Contraction_l_Alik_Bljk_Cijk_Dijk_gfx90a.dat
0.6	-- Installing: /work/grodgers/git/tr-aomp/TheRock/build/math-libs/BLAS/rocBLAS/stage/lib/rocblas/library/TensileLibrary_Type_BB_HPA_Contraction_l_Ailk_Bljk_Cijk_Dijk_fallback_gfx942.hsaco
0.6	-- Installing: /work/grodgers/git/tr-aomp/TheRock/build/math-libs/BLAS/rocBLAS/stage/lib/rocblas/library/TensileLibrary_Type_CC_Contraction_l_AlikC_Bljk_Cijk_Dijk_gfx90a.dat
0.6	-- Installing: /work/grodgers/git/tr-aomp/TheRock/build/math-libs/BLAS/rocBLAS/stage/lib/rocblas/library/TensileLibrary_Type_BS_HPA_Contraction_l_Alik_Bljk_Cijk_Dijk_gfx942.dat
0.6	-- Installing: /work/grodgers/git/tr-aomp/TheRock/build/math-libs/BLAS/rocBLAS/stage/lib/rocblas/library/TensileLibrary_Type_4xi8I_HPA_Contraction_l_Ailk_Bjlk_Cijk_Dijk_gfx90a-xnack-.hsaco
0.6	-- Installing: /work/grodgers/git/tr-aomp/TheRock/build/math-libs/BLAS/rocBLAS/stage/lib/rocblas/library/TensileLibrary_Type_CC_Contraction_l_Ailk_Bljk_Cijk_Dijk_fallback_gfx90a-xnack+.hsaco
0.6	-- Installing: /work/grodgers/git/tr-aomp/TheRock/build/math-libs/BLAS/rocBLAS/stage/lib/rocblas/library/TensileLibrary_Type_4xi8I_HPA_Contraction_l_Ailk_Bjlk_Cijk_Dijk_gfx90a.dat
0.6	-- Installing: /work/grodgers/git/tr-aomp/TheRock/build/math-libs/BLAS/rocBLAS/stage/lib/rocblas/library/TensileLibrary_Type_DD_Contraction_l_Alik_Bjlk_Cijk_Dijk_fallback.dat
0.6	-- Installing: /work/grodgers/git/tr-aomp/TheRock/build/math-libs/BLAS/rocBLAS/stage/lib/rocblas/library/TensileLibrary_Type_DD_Contraction_l_Ailk_Bljk_Cijk_Dijk_gfx942.dat
0.6	-- Installing: /work/grodgers/git/tr-aomp/TheRock/build/math-libs/BLAS/rocBLAS/stage/lib/rocblas/library/TensileLibrary_Type_4xi8I_HPA_Contraction_l_Alik_Bljk_Cijk_Dijk_fallback_gfx908.hsaco
0.6	-- Installing: /work/grodgers/git/tr-aomp/TheRock/build/math-libs/BLAS/rocBLAS/stage/lib/rocblas/library/TensileLibrary_Type_HH_HPA_Contraction_l_Alik_Bljk_Cijk_Dijk_fallback_gfx908.hsaco
0.6	-- Installing: /work/grodgers/git/tr-aomp/TheRock/build/math-libs/BLAS/rocBLAS/stage/lib/rocblas/library/TensileLibrary_Type_HH_HPA_ExperimentalDTree_Contraction_l_Ailk_Bjlk_Cijk_Dijk_gfx90a.dat
0.6	-- Installing: /work/grodgers/git/tr-aomp/TheRock/build/math-libs/BLAS/rocBLAS/stage/lib/rocblas/library/TensileLibrary_lazy_gfx942.dat
0.6	-- Installing: /work/grodgers/git/tr-aomp/TheRock/build/math-libs/BLAS/rocBLAS/stage/lib/rocblas/library/TensileLibrary_Type_HH_HPA_CUEfficiency_Contraction_l_Ailk_Bljk_Cijk_Dijk_gfx908.dat
0.6	-- Installing: /work/grodgers/git/tr-aomp/TheRock/build/math-libs/BLAS/rocBLAS/stage/lib/rocblas/library/TensileLibrary_Type_ZZ_Contraction_l_AlikC_Bjlk_Cijk_Dijk_fallback.dat
0.6	-- Installing: /work/grodgers/git/tr-aomp/TheRock/build/math-libs/BLAS/rocBLAS/stage/lib/rocblas/library/TensileLibrary_Type_HS_HPA_Contraction_l_Ailk_Bljk_Cijk_Dijk_gfx908.hsaco
0.6	-- Installing: /work/grodgers/git/tr-aomp/TheRock/build/math-libs/BLAS/rocBLAS/stage/lib/rocblas/library/TensileLibrary_Type_CC_Contraction_l_Ailk_Bjlk_Cijk_Dijk_fallback_gfx908.hsaco
0.6	-- Installing: /work/grodgers/git/tr-aomp/TheRock/build/math-libs/BLAS/rocBLAS/stage/lib/rocblas/library/TensileLibrary_Type_HH_Contraction_l_Ailk_Bljk_Cijk_Dijk_gfx908.dat
0.6	-- Installing: /work/grodgers/git/tr-aomp/TheRock/build/math-libs/BLAS/rocBLAS/stage/lib/rocblas/library/TensileLibrary_Type_CC_Contraction_l_Ailk_Bljk_Cijk_Dijk_fallback_gfx90a-xnack-.hsaco
0.6	-- Installing: /work/grodgers/git/tr-aomp/TheRock/build/math-libs/BLAS/rocBLAS/stage/lib/rocblas/library/TensileLibrary_Type_ZZ_Contraction_l_AlikC_BjlkC_Cijk_Dijk_fallback_gfx942.hsaco
0.6	-- Installing: /work/grodgers/git/tr-aomp/TheRock/build/math-libs/BLAS/rocBLAS/stage/lib/rocblas/library/TensileLibrary_Type_CC_Contraction_l_AlikC_Bjlk_Cijk_Dijk_gfx90a.dat
0.6	-- Installing: /work/grodgers/git/tr-aomp/TheRock/build/math-libs/BLAS/rocBLAS/stage/lib/rocblas/library/TensileLibrary_Type_ZZ_Contraction_l_Ailk_Bjlk_Cijk_Dijk_fallback_gfx90a-xnack+.hsaco
0.6	-- Installing: /work/grodgers/git/tr-aomp/TheRock/build/math-libs/BLAS/rocBLAS/stage/lib/rocblas/library/TensileLibrary_Type_ZZ_Contraction_l_Ailk_BjlkC_Cijk_Dijk_gfx90a.co
0.6	-- Installing: /work/grodgers/git/tr-aomp/TheRock/build/math-libs/BLAS/rocBLAS/stage/lib/rocblas/library/TensileLibrary_Type_BB_HPA_Contraction_l_Alik_Bljk_Cijk_Dijk_fallback.dat
0.6	-- Installing: /work/grodgers/git/tr-aomp/TheRock/build/math-libs/BLAS/rocBLAS/stage/lib/rocblas/library/TensileLibrary_Type_HH_HPA_Fp16AltRnz_Fp16Alt_ExperimentalDTree_Contraction_l_Alik_Bljk_Cijk_Dijk_gfx90a.dat
0.6	-- Installing: /work/grodgers/git/tr-aomp/TheRock/build/math-libs/BLAS/rocBLAS/stage/lib/rocblas/library/TensileLibrary_Type_SS_Contraction_l_Ailk_Bjlk_Cijk_Dijk_fallback.dat
0.6	-- Installing: /work/grodgers/git/tr-aomp/TheRock/build/math-libs/BLAS/rocBLAS/stage/lib/rocblas/library/TensileLibrary_Type_HH_HPA_Fp16AltRnz_Fp16Alt_Contraction_l_Alik_Bjlk_Cijk_Dijk_CU104_gfx90a.dat
0.6	-- Installing: /work/grodgers/git/tr-aomp/TheRock/build/math-libs/BLAS/rocBLAS/stage/lib/rocblas/library/TensileLibrary_Type_ZZ_Contraction_l_Ailk_BjlkC_Cijk_Dijk_gfx942.dat
0.6	-- Installing: /work/grodgers/git/tr-aomp/TheRock/build/math-libs/BLAS/rocBLAS/stage/lib/rocblas/library/TensileLibrary_Type_BB_HPA_Contraction_l_Ailk_Bjlk_Cijk_Dijk_fallback_gfx908.hsaco
0.6	-- Installing: /work/grodgers/git/tr-aomp/TheRock/build/math-libs/BLAS/rocBLAS/stage/lib/rocblas/library/TensileLibrary_Type_ZZ_Contraction_l_Alik_BjlkC_Cijk_Dijk_gfx90a.dat
0.6	-- Installing: /work/grodgers/git/tr-aomp/TheRock/build/math-libs/BLAS/rocBLAS/stage/lib/rocblas/library/TensileLibrary_Type_DD_Contraction_l_Alik_Bljk_Cijk_Dijk_gfx90a.co
0.6	-- Installing: /work/grodgers/git/tr-aomp/TheRock/build/math-libs/BLAS/rocBLAS/stage/lib/rocblas/library/TensileLibrary_Type_ZZ_Contraction_l_AlikC_BjlkC_Cijk_Dijk_fallback_gfx908.hsaco
0.6	-- Installing: /work/grodgers/git/tr-aomp/TheRock/build/math-libs/BLAS/rocBLAS/stage/lib/rocblas/library/TensileLibrary_Type_4xi8I_HPA_Contraction_l_Ailk_Bjlk_Cijk_Dijk_CU104_gfx90a-xnack-.hsaco
0.6	-- Installing: /work/grodgers/git/tr-aomp/TheRock/build/math-libs/BLAS/rocBLAS/stage/lib/rocblas/library/TensileLibrary_Type_HH_HPA_Contraction_l_Alik_Bljk_Cijk_Dijk_gfx908.co
0.6	-- Installing: /work/grodgers/git/tr-aomp/TheRock/build/math-libs/BLAS/rocBLAS/stage/lib/rocblas/library/TensileLibrary_Type_HH_HPA_Fp16Alt_Contraction_l_Ailk_Bjlk_Cijk_Dijk_CU104_gfx90a.dat
0.6	-- Installing: /work/grodgers/git/tr-aomp/TheRock/build/math-libs/BLAS/rocBLAS/stage/lib/rocblas/library/TensileLibrary_Type_HH_HPA_Contraction_l_Ailk_Bjlk_Cijk_Dijk_CU104_gfx90a.dat
0.6	-- Installing: /work/grodgers/git/tr-aomp/TheRock/build/math-libs/BLAS/rocBLAS/stage/lib/rocblas/library/TensileLibrary_Type_ZZ_Contraction_l_AlikC_BjlkC_Cijk_Dijk_gfx942.co
0.6	-- Installing: /work/grodgers/git/tr-aomp/TheRock/build/math-libs/BLAS/rocBLAS/stage/lib/rocblas/library/TensileLibrary_Type_HH_HPA_Fp16Alt_Contraction_l_Ailk_Bjlk_Cijk_Dijk_gfx90a.dat
0.6	-- Installing: /work/grodgers/git/tr-aomp/TheRock/build/math-libs/BLAS/rocBLAS/stage/lib/rocblas/library/TensileLibrary_Type_BB_HPA_Contraction_l_Ailk_Bjlk_Cijk_Dijk_fallback_gfx942.hsaco
0.6	-- Installing: /work/grodgers/git/tr-aomp/TheRock/build/math-libs/BLAS/rocBLAS/stage/lib/rocblas/library/TensileLibrary_Type_CC_Contraction_l_Alik_Bjlk_Cijk_Dijk_gfx942.co
0.6	-- Installing: /work/grodgers/git/tr-aomp/TheRock/build/math-libs/BLAS/rocBLAS/stage/lib/rocblas/library/TensileLibrary_Type_BB_HPA_Contraction_l_Ailk_Bljk_Cijk_Dijk_CU104_gfx90a-xnack-.hsaco
0.6	-- Installing: /work/grodgers/git/tr-aomp/TheRock/build/math-libs/BLAS/rocBLAS/stage/lib/rocblas/library/TensileLibrary_Type_BB_HPA_Contraction_l_Ailk_Bjlk_Cijk_Dijk_gfx90a.co
0.6	-- Installing: /work/grodgers/git/tr-aomp/TheRock/build/math-libs/BLAS/rocBLAS/stage/lib/rocblas/library/TensileLibrary_Type_4xi8I_HPA_Contraction_l_Alik_Bjlk_Cijk_Dijk_gfx908.dat
0.6	-- Installing: /work/grodgers/git/tr-aomp/TheRock/build/math-libs/BLAS/rocBLAS/stage/lib/rocblas/library/TensileLibrary_Type_BB_HPA_Contraction_l_Ailk_Bjlk_Cijk_Dijk_fallback.dat
0.6	-- Installing: /work/grodgers/git/tr-aomp/TheRock/build/math-libs/BLAS/rocBLAS/stage/lib/rocblas/library/TensileLibrary_Type_B8S_HPA_Contraction_l_Alik_Bjlk_Cijk_Dijk_gfx942.co
0.6	-- Installing: /work/grodgers/git/tr-aomp/TheRock/build/math-libs/BLAS/rocBLAS/stage/lib/rocblas/library/TensileLibrary_Type_HH_Contraction_l_Ailk_Bjlk_Cijk_Dijk_gfx90a.dat
0.6	-- Installing: /work/grodgers/git/tr-aomp/TheRock/build/math-libs/BLAS/rocBLAS/stage/lib/rocblas/library/TensileLibrary_Type_F8F8_HPA_Contraction_l_Alik_Bjlk_Cijk_Dijk_gfx942.co
0.6	-- Installing: /work/grodgers/git/tr-aomp/TheRock/build/math-libs/BLAS/rocBLAS/stage/lib/rocblas/library/TensileLibrary_Type_HH_HPA_Contraction_l_Ailk_Bjlk_Cijk_Dijk_gfx942.dat
0.6	-- Installing: /work/grodgers/git/tr-aomp/TheRock/build/math-libs/BLAS/rocBLAS/stage/lib/rocblas/library/TensileLibrary_Type_BB_HPA_Contraction_l_Alik_Bjlk_Cijk_Dijk_fallback_gfx90a-xnack+.hsaco
0.6	-- Installing: /work/grodgers/git/tr-aomp/TheRock/build/math-libs/BLAS/rocBLAS/stage/lib/rocblas/library/TensileLibrary_Type_HS_HPA_Contraction_l_Ailk_Bjlk_Cijk_Dijk_fallback_gfx908.hsaco
0.6	-- Installing: /work/grodgers/git/tr-aomp/TheRock/build/math-libs/BLAS/rocBLAS/stage/lib/rocblas/library/TensileLibrary_Type_BS_HPA_Contraction_l_Ailk_Bljk_Cijk_Dijk_fallback_gfx942.hsaco
0.6	-- Installing: /work/grodgers/git/tr-aomp/TheRock/build/math-libs/BLAS/rocBLAS/stage/lib/rocblas/library/TensileLibrary_Type_SS_Contraction_l_Alik_Bjlk_Cijk_Dijk_fallback_gfx90a-xnack-.hsaco
0.6	-- Installing: /work/grodgers/git/tr-aomp/TheRock/build/math-libs/BLAS/rocBLAS/stage/lib/rocblas/library/TensileLibrary_Type_HH_HPA_ExperimentalGrid_Contraction_l_Ailk_Bjlk_Cijk_Dijk_CU104_gfx90a.co
0.6	-- Installing: /work/grodgers/git/tr-aomp/TheRock/build/math-libs/BLAS/rocBLAS/stage/lib/rocblas/library/TensileLibrary_Type_F8F8_HPA_Contraction_l_Alik_Bljk_Cijk_Dijk_gfx942.co
0.6	-- Installing: /work/grodgers/git/tr-aomp/TheRock/build/math-libs/BLAS/rocBLAS/stage/lib/rocblas/library/TensileLibrary_Type_BB_HPA_Contraction_l_Ailk_Bljk_Cijk_Dijk_fallback_gfx90a-xnack-.hsaco
0.6	-- Installing: /work/grodgers/git/tr-aomp/TheRock/build/math-libs/BLAS/rocBLAS/stage/lib/rocblas/library/TensileLibrary_Type_BB_HPA_Contraction_l_Alik_Bljk_Cijk_Dijk_CU80_XPU_gfx942.dat
0.6	-- Installing: /work/grodgers/git/tr-aomp/TheRock/build/math-libs/BLAS/rocBLAS/stage/lib/rocblas/library/TensileLibrary_Type_CC_Contraction_l_AlikC_Bjlk_Cijk_Dijk_fallback_gfx90a-xnack-.hsaco
0.6	-- Installing: /work/grodgers/git/tr-aomp/TheRock/build/math-libs/BLAS/rocBLAS/stage/lib/rocblas/library/TensileLibrary_Type_I8I_HPA_Contraction_l_Ailk_Bjlk_Cijk_Dijk_gfx908.dat
0.6	-- Installing: /work/grodgers/git/tr-aomp/TheRock/build/math-libs/BLAS/rocBLAS/stage/lib/rocblas/library/TensileLibrary_Type_HH_HPA_Fp16AltRnz_Fp16Alt_Contraction_l_Alik_Bjlk_Cijk_Dijk_gfx90a.dat
0.6	-- Installing: /work/grodgers/git/tr-aomp/TheRock/build/math-libs/BLAS/rocBLAS/stage/lib/rocblas/library/TensileLibrary_Type_SS_Contraction_l_Alik_Bjlk_Cijk_Dijk_gfx908.dat
0.6	-- Installing: /work/grodgers/git/tr-aomp/TheRock/build/math-libs/BLAS/rocBLAS/stage/lib/rocblas/library/TensileLibrary_Type_SS_ExperimentalDTree_Contraction_l_Ailk_Bljk_Cijk_Dijk_CU104_gfx90a.co
0.6	-- Installing: /work/grodgers/git/tr-aomp/TheRock/build/math-libs/BLAS/rocBLAS/stage/include/rocblas/rocblas_module.f90
0.6	-- Installing: /work/grodgers/git/tr-aomp/TheRock/build/math-libs/BLAS/rocBLAS/stage/lib/cmake/rocblas/rocblas-targets.cmake
0.6	-- Installing: /work/grodgers/git/tr-aomp/TheRock/build/math-libs/BLAS/rocBLAS/stage/lib/cmake/rocblas/rocblas-targets-release.cmake
0.6	-- Installing: /work/grodgers/git/tr-aomp/TheRock/build/math-libs/BLAS/rocBLAS/stage/lib/cmake/rocblas/rocblas-config.cmake
0.6	-- Installing: /work/grodgers/git/tr-aomp/TheRock/build/math-libs/BLAS/rocBLAS/stage/lib/cmake/rocblas/rocblas-config-version.cmake
0.6	-- Installing: /work/grodgers/git/tr-aomp/TheRock/build/math-libs/BLAS/rocBLAS/stage/share/doc/rocblas/LICENSE.md
END	1757698164.9229994	0.6032090187072754	0
