BEGIN	1757694144.4887865
EXEC	/work1/grodgers/git/tr-aomp/TheRock/build/profiler/rocprofiler-sdk/build	/usr/bin/cmake --install /work/grodgers/git/tr-aomp/TheRock/build/profiler/rocprofiler-sdk/build
0.0	-- Install configuration: "Release"
0.0	-- Installing: /work/grodgers/git/tr-aomp/TheRock/build/profiler/rocprofiler-sdk/stage/lib/rocprofiler-sdk/libgotcha.so.2.4.2
0.0	-- Installing: /work/grodgers/git/tr-aomp/TheRock/build/profiler/rocprofiler-sdk/stage/lib/rocprofiler-sdk/libgotcha.so.2
0.0	-- Set non-toolchain portion of runtime path of "/work/grodgers/git/tr-aomp/TheRock/build/profiler/rocprofiler-sdk/stage/lib/rocprofiler-sdk/libgotcha.so.2.4.2" to "$ORIGIN/rocm_sysdeps/lib:$ORIGIN/llvm/lib:$ORIGIN"
0.0	-- Installing: /work/grodgers/git/tr-aomp/TheRock/build/profiler/rocprofiler-sdk/stage/lib/rocprofiler-sdk/libgotcha.so
0.0	-- Installing: /work/grodgers/git/tr-aomp/TheRock/build/profiler/rocprofiler-sdk/stage/include/rocprofiler-sdk/rocprofiler.h
0.0	-- Installing: /work/grodgers/git/tr-aomp/TheRock/build/profiler/rocprofiler-sdk/stage/include/rocprofiler-sdk/agent.h
0.0	-- Installing: /work/grodgers/git/tr-aomp/TheRock/build/profiler/rocprofiler-sdk/stage/include/rocprofiler-sdk/buffer.h
0.0	-- Installing: /work/grodgers/git/tr-aomp/TheRock/build/profiler/rocprofiler-sdk/stage/include/rocprofiler-sdk/buffer_tracing.h
0.0	-- Installing: /work/grodgers/git/tr-aomp/TheRock/build/profiler/rocprofiler-sdk/stage/include/rocprofiler-sdk/callback_tracing.h
0.0	-- Installing: /work/grodgers/git/tr-aomp/TheRock/build/profiler/rocprofiler-sdk/stage/include/rocprofiler-sdk/context.h
0.0	-- Installing: /work/grodgers/git/tr-aomp/TheRock/build/profiler/rocprofiler-sdk/stage/include/rocprofiler-sdk/counter_config.h
0.0	-- Installing: /work/grodgers/git/tr-aomp/TheRock/build/profiler/rocprofiler-sdk/stage/include/rocprofiler-sdk/counters.h
0.0	-- Installing: /work/grodgers/git/tr-aomp/TheRock/build/profiler/rocprofiler-sdk/stage/include/rocprofiler-sdk/defines.h
0.0	-- Installing: /work/grodgers/git/tr-aomp/TheRock/build/profiler/rocprofiler-sdk/stage/include/rocprofiler-sdk/device_counting_service.h
0.0	-- Installing: /work/grodgers/git/tr-aomp/TheRock/build/profiler/rocprofiler-sdk/stage/include/rocprofiler-sdk/dispatch_counting_service.h
0.0	-- Installing: /work/grodgers/git/tr-aomp/TheRock/build/profiler/rocprofiler-sdk/stage/include/rocprofiler-sdk/external_correlation.h
0.0	-- Installing: /work/grodgers/git/tr-aomp/TheRock/build/profiler/rocprofiler-sdk/stage/include/rocprofiler-sdk/fwd.h
0.0	-- Installing: /work/grodgers/git/tr-aomp/TheRock/build/profiler/rocprofiler-sdk/stage/include/rocprofiler-sdk/hip.h
0.0	-- Installing: /work/grodgers/git/tr-aomp/TheRock/build/profiler/rocprofiler-sdk/stage/include/rocprofiler-sdk/hsa.h
0.0	-- Installing: /work/grodgers/git/tr-aomp/TheRock/build/profiler/rocprofiler-sdk/stage/include/rocprofiler-sdk/intercept_table.h
0.0	-- Installing: /work/grodgers/git/tr-aomp/TheRock/build/profiler/rocprofiler-sdk/stage/include/rocprofiler-sdk/internal_threading.h
0.0	-- Installing: /work/grodgers/git/tr-aomp/TheRock/build/profiler/rocprofiler-sdk/stage/include/rocprofiler-sdk/marker.h
0.0	-- Installing: /work/grodgers/git/tr-aomp/TheRock/build/profiler/rocprofiler-sdk/stage/include/rocprofiler-sdk/ompt.h
0.0	-- Installing: /work/grodgers/git/tr-aomp/TheRock/build/profiler/rocprofiler-sdk/stage/include/rocprofiler-sdk/pc_sampling.h
0.0	-- Installing: /work/grodgers/git/tr-aomp/TheRock/build/profiler/rocprofiler-sdk/stage/include/rocprofiler-sdk/rccl.h
0.0	-- Installing: /work/grodgers/git/tr-aomp/TheRock/build/profiler/rocprofiler-sdk/stage/include/rocprofiler-sdk/registration.h
0.0	-- Installing: /work/grodgers/git/tr-aomp/TheRock/build/profiler/rocprofiler-sdk/stage/include/rocprofiler-sdk/rocdecode.h
0.0	-- Installing: /work/grodgers/git/tr-aomp/TheRock/build/profiler/rocprofiler-sdk/stage/include/rocprofiler-sdk/rocjpeg.h
0.0	-- Installing: /work/grodgers/git/tr-aomp/TheRock/build/profiler/rocprofiler-sdk/stage/include/rocprofiler-sdk/spm.h
0.0	-- Installing: /work/grodgers/git/tr-aomp/TheRock/build/profiler/rocprofiler-sdk/stage/include/rocprofiler-sdk/version.h
0.0	-- Installing: /work/grodgers/git/tr-aomp/TheRock/build/profiler/rocprofiler-sdk/stage/include/rocprofiler-sdk/ext_version.h
0.0	-- Installing: /work/grodgers/git/tr-aomp/TheRock/build/profiler/rocprofiler-sdk/stage/include/rocprofiler-sdk/hip/api_args.h
0.0	-- Installing: /work/grodgers/git/tr-aomp/TheRock/build/profiler/rocprofiler-sdk/stage/include/rocprofiler-sdk/hip/api_id.h
0.0	-- Installing: /work/grodgers/git/tr-aomp/TheRock/build/profiler/rocprofiler-sdk/stage/include/rocprofiler-sdk/hip/compiler_api_id.h
0.0	-- Installing: /work/grodgers/git/tr-aomp/TheRock/build/profiler/rocprofiler-sdk/stage/include/rocprofiler-sdk/hip/runtime_api_id.h
0.0	-- Installing: /work/grodgers/git/tr-aomp/TheRock/build/profiler/rocprofiler-sdk/stage/include/rocprofiler-sdk/hip/table_id.h
0.0	-- Installing: /work/grodgers/git/tr-aomp/TheRock/build/profiler/rocprofiler-sdk/stage/include/rocprofiler-sdk/hsa/amd_ext_api_id.h
0.0	-- Installing: /work/grodgers/git/tr-aomp/TheRock/build/profiler/rocprofiler-sdk/stage/include/rocprofiler-sdk/hsa/api_args.h
0.0	-- Installing: /work/grodgers/git/tr-aomp/TheRock/build/profiler/rocprofiler-sdk/stage/include/rocprofiler-sdk/hsa/api_id.h
0.0	-- Installing: /work/grodgers/git/tr-aomp/TheRock/build/profiler/rocprofiler-sdk/stage/include/rocprofiler-sdk/hsa/api_trace_version.h
0.0	-- Installing: /work/grodgers/git/tr-aomp/TheRock/build/profiler/rocprofiler-sdk/stage/include/rocprofiler-sdk/hsa/core_api_id.h
0.0	-- Installing: /work/grodgers/git/tr-aomp/TheRock/build/profiler/rocprofiler-sdk/stage/include/rocprofiler-sdk/hsa/finalize_ext_api_id.h
0.0	-- Installing: /work/grodgers/git/tr-aomp/TheRock/build/profiler/rocprofiler-sdk/stage/include/rocprofiler-sdk/hsa/image_ext_api_id.h
0.0	-- Installing: /work/grodgers/git/tr-aomp/TheRock/build/profiler/rocprofiler-sdk/stage/include/rocprofiler-sdk/hsa/scratch_memory_args.h
0.0	-- Installing: /work/grodgers/git/tr-aomp/TheRock/build/profiler/rocprofiler-sdk/stage/include/rocprofiler-sdk/hsa/scratch_memory_id.h
0.0	-- Installing: /work/grodgers/git/tr-aomp/TheRock/build/profiler/rocprofiler-sdk/stage/include/rocprofiler-sdk/hsa/table_id.h
0.0	-- Installing: /work/grodgers/git/tr-aomp/TheRock/build/profiler/rocprofiler-sdk/stage/include/rocprofiler-sdk/marker/api_args.h
0.0	-- Installing: /work/grodgers/git/tr-aomp/TheRock/build/profiler/rocprofiler-sdk/stage/include/rocprofiler-sdk/marker/api_id.h
0.0	-- Installing: /work/grodgers/git/tr-aomp/TheRock/build/profiler/rocprofiler-sdk/stage/include/rocprofiler-sdk/marker/table_id.h
0.0	-- Installing: /work/grodgers/git/tr-aomp/TheRock/build/profiler/rocprofiler-sdk/stage/include/rocprofiler-sdk/ompt/api_args.h
0.0	-- Installing: /work/grodgers/git/tr-aomp/TheRock/build/profiler/rocprofiler-sdk/stage/include/rocprofiler-sdk/ompt/api_id.h
0.0	-- Installing: /work/grodgers/git/tr-aomp/TheRock/build/profiler/rocprofiler-sdk/stage/include/rocprofiler-sdk/ompt/omp-tools.h
0.0	-- Installing: /work/grodgers/git/tr-aomp/TheRock/build/profiler/rocprofiler-sdk/stage/include/rocprofiler-sdk/rccl/api_args.h
0.0	-- Installing: /work/grodgers/git/tr-aomp/TheRock/build/profiler/rocprofiler-sdk/stage/include/rocprofiler-sdk/rccl/api_id.h
0.0	-- Installing: /work/grodgers/git/tr-aomp/TheRock/build/profiler/rocprofiler-sdk/stage/include/rocprofiler-sdk/rccl/table_id.h
0.0	-- Installing: /work/grodgers/git/tr-aomp/TheRock/build/profiler/rocprofiler-sdk/stage/include/rocprofiler-sdk/rccl/details/api_trace.h
0.0	-- Installing: /work/grodgers/git/tr-aomp/TheRock/build/profiler/rocprofiler-sdk/stage/include/rocprofiler-sdk/rccl/details/rccl.h
0.0	-- Installing: /work/grodgers/git/tr-aomp/TheRock/build/profiler/rocprofiler-sdk/stage/include/rocprofiler-sdk/rocdecode/api_args.h
0.0	-- Installing: /work/grodgers/git/tr-aomp/TheRock/build/profiler/rocprofiler-sdk/stage/include/rocprofiler-sdk/rocdecode/api_id.h
0.0	-- Installing: /work/grodgers/git/tr-aomp/TheRock/build/profiler/rocprofiler-sdk/stage/include/rocprofiler-sdk/rocdecode/api_trace.h
0.0	-- Installing: /work/grodgers/git/tr-aomp/TheRock/build/profiler/rocprofiler-sdk/stage/include/rocprofiler-sdk/rocdecode/table_id.h
0.0	-- Installing: /work/grodgers/git/tr-aomp/TheRock/build/profiler/rocprofiler-sdk/stage/include/rocprofiler-sdk/rocdecode/details/rocdecode_api_trace.h
0.0	-- Installing: /work/grodgers/git/tr-aomp/TheRock/build/profiler/rocprofiler-sdk/stage/include/rocprofiler-sdk/rocdecode/details/rocdecode.h
0.0	-- Installing: /work/grodgers/git/tr-aomp/TheRock/build/profiler/rocprofiler-sdk/stage/include/rocprofiler-sdk/rocdecode/details/rocparser.h
0.0	-- Installing: /work/grodgers/git/tr-aomp/TheRock/build/profiler/rocprofiler-sdk/stage/include/rocprofiler-sdk/rocdecode/details/rocdecode_version.h
0.0	-- Installing: /work/grodgers/git/tr-aomp/TheRock/build/profiler/rocprofiler-sdk/stage/include/rocprofiler-sdk/rocdecode/details/roc_bitstream_reader.h
0.0	-- Installing: /work/grodgers/git/tr-aomp/TheRock/build/profiler/rocprofiler-sdk/stage/include/rocprofiler-sdk/rocdecode/details/rocdecode_headers.h
0.0	-- Installing: /work/grodgers/git/tr-aomp/TheRock/build/profiler/rocprofiler-sdk/stage/include/rocprofiler-sdk/rocjpeg/api_args.h
0.0	-- Installing: /work/grodgers/git/tr-aomp/TheRock/build/profiler/rocprofiler-sdk/stage/include/rocprofiler-sdk/rocjpeg/api_id.h
0.0	-- Installing: /work/grodgers/git/tr-aomp/TheRock/build/profiler/rocprofiler-sdk/stage/include/rocprofiler-sdk/rocjpeg/table_id.h
0.0	-- Installing: /work/grodgers/git/tr-aomp/TheRock/build/profiler/rocprofiler-sdk/stage/include/rocprofiler-sdk/rocjpeg/details/rocjpeg_api_trace.h
0.0	-- Installing: /work/grodgers/git/tr-aomp/TheRock/build/profiler/rocprofiler-sdk/stage/include/rocprofiler-sdk/rocjpeg/details/rocjpeg.h
0.0	-- Installing: /work/grodgers/git/tr-aomp/TheRock/build/profiler/rocprofiler-sdk/stage/include/rocprofiler-sdk/rocjpeg/details/rocjpeg_version.h
0.0	-- Installing: /work/grodgers/git/tr-aomp/TheRock/build/profiler/rocprofiler-sdk/stage/include/rocprofiler-sdk/rocjpeg/details/rocjpeg_headers.h
0.0	-- Installing: /work/grodgers/git/tr-aomp/TheRock/build/profiler/rocprofiler-sdk/stage/include/rocprofiler-sdk/cxx/enum_string.hpp
0.0	-- Installing: /work/grodgers/git/tr-aomp/TheRock/build/profiler/rocprofiler-sdk/stage/include/rocprofiler-sdk/cxx/hash.hpp
0.0	-- Installing: /work/grodgers/git/tr-aomp/TheRock/build/profiler/rocprofiler-sdk/stage/include/rocprofiler-sdk/cxx/name_info.hpp
0.0	-- Installing: /work/grodgers/git/tr-aomp/TheRock/build/profiler/rocprofiler-sdk/stage/include/rocprofiler-sdk/cxx/operators.hpp
0.0	-- Installing: /work/grodgers/git/tr-aomp/TheRock/build/profiler/rocprofiler-sdk/stage/include/rocprofiler-sdk/cxx/perfetto.hpp
0.0	-- Installing: /work/grodgers/git/tr-aomp/TheRock/build/profiler/rocprofiler-sdk/stage/include/rocprofiler-sdk/cxx/utility.hpp
0.0	-- Installing: /work/grodgers/git/tr-aomp/TheRock/build/profiler/rocprofiler-sdk/stage/include/rocprofiler-sdk/cxx/serialization.hpp
0.0	-- Installing: /work/grodgers/git/tr-aomp/TheRock/build/profiler/rocprofiler-sdk/stage/include/rocprofiler-sdk/cxx/version.hpp
0.0	-- Installing: /work/grodgers/git/tr-aomp/TheRock/build/profiler/rocprofiler-sdk/stage/include/rocprofiler-sdk/cxx/codeobj/code_printing.hpp
0.0	-- Installing: /work/grodgers/git/tr-aomp/TheRock/build/profiler/rocprofiler-sdk/stage/include/rocprofiler-sdk/cxx/codeobj/disassembly.hpp
0.0	-- Installing: /work/grodgers/git/tr-aomp/TheRock/build/profiler/rocprofiler-sdk/stage/include/rocprofiler-sdk/cxx/codeobj/segment.hpp
0.0	-- Installing: /work/grodgers/git/tr-aomp/TheRock/build/profiler/rocprofiler-sdk/stage/include/rocprofiler-sdk/cxx/details/tokenize.hpp
0.0	-- Installing: /work/grodgers/git/tr-aomp/TheRock/build/profiler/rocprofiler-sdk/stage/include/rocprofiler-sdk/cxx/details/join.hpp
0.0	-- Installing: /work/grodgers/git/tr-aomp/TheRock/build/profiler/rocprofiler-sdk/stage/include/rocprofiler-sdk/cxx/details/mpl.hpp
0.0	-- Installing: /work/grodgers/git/tr-aomp/TheRock/build/profiler/rocprofiler-sdk/stage/include/rocprofiler-sdk/cxx/details/name_info.hpp
0.0	-- Installing: /work/grodgers/git/tr-aomp/TheRock/build/profiler/rocprofiler-sdk/stage/include/rocprofiler-sdk/cxx/serialization/save.hpp
0.0	-- Installing: /work/grodgers/git/tr-aomp/TheRock/build/profiler/rocprofiler-sdk/stage/include/rocprofiler-sdk/cxx/serialization/load.hpp
0.0	-- Installing: /work/grodgers/git/tr-aomp/TheRock/build/profiler/rocprofiler-sdk/stage/include/rocprofiler-sdk/cxx/container/c_array.hpp
0.0	-- Installing: /work/grodgers/git/tr-aomp/TheRock/build/profiler/rocprofiler-sdk/stage/include/rocprofiler-sdk/kfd/kfd_id.h
0.0	-- Installing: /work/grodgers/git/tr-aomp/TheRock/build/profiler/rocprofiler-sdk/stage/include/rocprofiler-sdk/experimental/counters.h
0.0	-- Installing: /work/grodgers/git/tr-aomp/TheRock/build/profiler/rocprofiler-sdk/stage/include/rocprofiler-sdk/experimental/thread_trace.h
0.0	-- Installing: /work/grodgers/git/tr-aomp/TheRock/build/profiler/rocprofiler-sdk/stage/include/rocprofiler-sdk/experimental/thread-trace/core.h
0.0	-- Installing: /work/grodgers/git/tr-aomp/TheRock/build/profiler/rocprofiler-sdk/stage/include/rocprofiler-sdk/experimental/thread-trace/agent.h
0.0	-- Installing: /work/grodgers/git/tr-aomp/TheRock/build/profiler/rocprofiler-sdk/stage/include/rocprofiler-sdk/experimental/thread-trace/dispatch.h
0.0	-- Installing: /work/grodgers/git/tr-aomp/TheRock/build/profiler/rocprofiler-sdk/stage/include/rocprofiler-sdk/experimental/thread-trace/trace_decoder_types.h
0.0	-- Installing: /work/grodgers/git/tr-aomp/TheRock/build/profiler/rocprofiler-sdk/stage/include/rocprofiler-sdk/experimental/thread-trace/trace_decoder.h
0.0	-- Installing: /work/grodgers/git/tr-aomp/TheRock/build/profiler/rocprofiler-sdk/stage/include/rocprofiler-sdk/deprecated/counters.h
0.0	-- Installing: /work/grodgers/git/tr-aomp/TheRock/build/profiler/rocprofiler-sdk/stage/include/rocprofiler-sdk/deprecated/profile_config.h
0.0	-- Installing: /work/grodgers/git/tr-aomp/TheRock/build/profiler/rocprofiler-sdk/stage/include/rocprofiler-sdk-roctx/roctx.h
0.0	-- Installing: /work/grodgers/git/tr-aomp/TheRock/build/profiler/rocprofiler-sdk/stage/include/rocprofiler-sdk-roctx/api_trace.h
0.0	-- Installing: /work/grodgers/git/tr-aomp/TheRock/build/profiler/rocprofiler-sdk/stage/include/rocprofiler-sdk-roctx/defines.h
0.0	-- Installing: /work/grodgers/git/tr-aomp/TheRock/build/profiler/rocprofiler-sdk/stage/include/rocprofiler-sdk-roctx/types.h
0.0	-- Installing: /work/grodgers/git/tr-aomp/TheRock/build/profiler/rocprofiler-sdk/stage/include/rocprofiler-sdk-roctx/version.h
0.0	-- Installing: /work/grodgers/git/tr-aomp/TheRock/build/profiler/rocprofiler-sdk/stage/include/rocprofiler-sdk-rocpd/rocpd.h
0.0	-- Installing: /work/grodgers/git/tr-aomp/TheRock/build/profiler/rocprofiler-sdk/stage/include/rocprofiler-sdk-rocpd/defines.h
0.0	-- Installing: /work/grodgers/git/tr-aomp/TheRock/build/profiler/rocprofiler-sdk/stage/include/rocprofiler-sdk-rocpd/sql.h
0.0	-- Installing: /work/grodgers/git/tr-aomp/TheRock/build/profiler/rocprofiler-sdk/stage/include/rocprofiler-sdk-rocpd/types.h
0.0	-- Installing: /work/grodgers/git/tr-aomp/TheRock/build/profiler/rocprofiler-sdk/stage/include/rocprofiler-sdk-rocpd/version.h
0.0	-- Installing: /work/grodgers/git/tr-aomp/TheRock/build/profiler/rocprofiler-sdk/stage/lib/librocprofiler-sdk.so.1.0.0
0.0	-- Installing: /work/grodgers/git/tr-aomp/TheRock/build/profiler/rocprofiler-sdk/stage/lib/librocprofiler-sdk.so.1
0.0	-- Set non-toolchain portion of runtime path of "/work/grodgers/git/tr-aomp/TheRock/build/profiler/rocprofiler-sdk/stage/lib/librocprofiler-sdk.so.1.0.0" to "$ORIGIN/rocm_sysdeps/lib:$ORIGIN/llvm/lib:$ORIGIN"
0.0	-- Installing: /work/grodgers/git/tr-aomp/TheRock/build/profiler/rocprofiler-sdk/stage/lib/librocprofiler-sdk.so
0.0	-- Installing: /work/grodgers/git/tr-aomp/TheRock/build/profiler/rocprofiler-sdk/stage/lib/rocprofiler-sdk/librocprofv3-list-avail.so.1.0.0
0.0	-- Installing: /work/grodgers/git/tr-aomp/TheRock/build/profiler/rocprofiler-sdk/stage/lib/rocprofiler-sdk/librocprofv3-list-avail.so.1
0.0	-- Set non-toolchain portion of runtime path of "/work/grodgers/git/tr-aomp/TheRock/build/profiler/rocprofiler-sdk/stage/lib/rocprofiler-sdk/librocprofv3-list-avail.so.1.0.0" to "$ORIGIN/rocm_sysdeps/lib:$ORIGIN/llvm/lib:$ORIGIN"
0.0	-- Installing: /work/grodgers/git/tr-aomp/TheRock/build/profiler/rocprofiler-sdk/stage/lib/rocprofiler-sdk/librocprofv3-list-avail.so
0.0	-- Installing: /work/grodgers/git/tr-aomp/TheRock/build/profiler/rocprofiler-sdk/stage/lib/librocprofiler-sdk-roctx.so.1.0.0
0.0	-- Installing: /work/grodgers/git/tr-aomp/TheRock/build/profiler/rocprofiler-sdk/stage/lib/librocprofiler-sdk-roctx.so.1
0.0	-- Set non-toolchain portion of runtime path of "/work/grodgers/git/tr-aomp/TheRock/build/profiler/rocprofiler-sdk/stage/lib/librocprofiler-sdk-roctx.so.1.0.0" to "$ORIGIN/rocm_sysdeps/lib:$ORIGIN/llvm/lib:$ORIGIN"
0.0	-- Installing: /work/grodgers/git/tr-aomp/TheRock/build/profiler/rocprofiler-sdk/stage/lib/librocprofiler-sdk-roctx.so
0.0	-- Installing: /work/grodgers/git/tr-aomp/TheRock/build/profiler/rocprofiler-sdk/stage/lib/librocprofiler-sdk-rocpd.so.1.0.0
0.0	-- Installing: /work/grodgers/git/tr-aomp/TheRock/build/profiler/rocprofiler-sdk/stage/lib/librocprofiler-sdk-rocpd.so.1
0.0	-- Set non-toolchain portion of runtime path of "/work/grodgers/git/tr-aomp/TheRock/build/profiler/rocprofiler-sdk/stage/lib/librocprofiler-sdk-rocpd.so.1.0.0" to "$ORIGIN/rocm_sysdeps/lib:$ORIGIN/llvm/lib:$ORIGIN"
0.0	-- Installing: /work/grodgers/git/tr-aomp/TheRock/build/profiler/rocprofiler-sdk/stage/lib/librocprofiler-sdk-rocpd.so
0.0	-- Installing: /work/grodgers/git/tr-aomp/TheRock/build/profiler/rocprofiler-sdk/stage/lib/rocprofiler-sdk/librocprofiler-sdk-tool.so.1.0.0
0.1	-- Installing: /work/grodgers/git/tr-aomp/TheRock/build/profiler/rocprofiler-sdk/stage/lib/rocprofiler-sdk/librocprofiler-sdk-tool.so.1
0.1	-- Set non-toolchain portion of runtime path of "/work/grodgers/git/tr-aomp/TheRock/build/profiler/rocprofiler-sdk/stage/lib/rocprofiler-sdk/librocprofiler-sdk-tool.so.1.0.0" to "$ORIGIN/../rocm_sysdeps/lib:$ORIGIN/../llvm/lib:$ORIGIN/.."
0.1	-- Installing: /work/grodgers/git/tr-aomp/TheRock/build/profiler/rocprofiler-sdk/stage/lib/rocprofiler-sdk/librocprofiler-sdk-tool.so
0.1	-- Installing: /work/grodgers/git/tr-aomp/TheRock/build/profiler/rocprofiler-sdk/stage/lib/rocprofiler-sdk/librocprofiler-sdk-tool-kokkosp.so.1.0.0
0.1	-- Installing: /work/grodgers/git/tr-aomp/TheRock/build/profiler/rocprofiler-sdk/stage/lib/rocprofiler-sdk/librocprofiler-sdk-tool-kokkosp.so.1
0.1	-- Set non-toolchain portion of runtime path of "/work/grodgers/git/tr-aomp/TheRock/build/profiler/rocprofiler-sdk/stage/lib/rocprofiler-sdk/librocprofiler-sdk-tool-kokkosp.so.1.0.0" to "$ORIGIN/rocm_sysdeps/lib:$ORIGIN/llvm/lib:$ORIGIN"
0.1	-- Installing: /work/grodgers/git/tr-aomp/TheRock/build/profiler/rocprofiler-sdk/stage/lib/rocprofiler-sdk/librocprofiler-sdk-tool-kokkosp.so
0.1	-- Installing: /work/grodgers/git/tr-aomp/TheRock/build/profiler/rocprofiler-sdk/stage/lib/python3.12/site-packages/roctx/__init__.py
0.1	-- Installing: /work/grodgers/git/tr-aomp/TheRock/build/profiler/rocprofiler-sdk/stage/lib/python3.12/site-packages/roctx/context_decorators.py
0.1	-- Installing: /work/grodgers/git/tr-aomp/TheRock/build/profiler/rocprofiler-sdk/stage/lib/python3.12/site-packages/roctx/libpyroctx.cpython-312-x86_64-linux-gnu.so
0.1	-- Set non-toolchain portion of runtime path of "/work/grodgers/git/tr-aomp/TheRock/build/profiler/rocprofiler-sdk/stage/lib/python3.12/site-packages/roctx/libpyroctx.cpython-312-x86_64-linux-gnu.so" to "$ORIGIN:$ORIGIN/../../..:$ORIGIN/../../../rocprofiler-sdk"
0.1	-- Installing: /work/grodgers/git/tr-aomp/TheRock/build/profiler/rocprofiler-sdk/stage/lib/python3.12/site-packages/rocpd/csv.py
0.1	-- Installing: /work/grodgers/git/tr-aomp/TheRock/build/profiler/rocprofiler-sdk/stage/lib/python3.12/site-packages/rocpd/importer.py
0.1	-- Installing: /work/grodgers/git/tr-aomp/TheRock/build/profiler/rocprofiler-sdk/stage/lib/python3.12/site-packages/rocpd/__init__.py
0.1	-- Installing: /work/grodgers/git/tr-aomp/TheRock/build/profiler/rocprofiler-sdk/stage/lib/python3.12/site-packages/rocpd/__main__.py
0.1	-- Installing: /work/grodgers/git/tr-aomp/TheRock/build/profiler/rocprofiler-sdk/stage/lib/python3.12/site-packages/rocpd/output_config.py
0.1	-- Installing: /work/grodgers/git/tr-aomp/TheRock/build/profiler/rocprofiler-sdk/stage/lib/python3.12/site-packages/rocpd/otf2.py
0.1	-- Installing: /work/grodgers/git/tr-aomp/TheRock/build/profiler/rocprofiler-sdk/stage/lib/python3.12/site-packages/rocpd/pftrace.py
0.1	-- Installing: /work/grodgers/git/tr-aomp/TheRock/build/profiler/rocprofiler-sdk/stage/lib/python3.12/site-packages/rocpd/query.py
0.1	-- Installing: /work/grodgers/git/tr-aomp/TheRock/build/profiler/rocprofiler-sdk/stage/lib/python3.12/site-packages/rocpd/schema.py
0.1	-- Installing: /work/grodgers/git/tr-aomp/TheRock/build/profiler/rocprofiler-sdk/stage/lib/python3.12/site-packages/rocpd/summary.py
0.1	-- Installing: /work/grodgers/git/tr-aomp/TheRock/build/profiler/rocprofiler-sdk/stage/lib/python3.12/site-packages/rocpd/time_window.py
0.1	-- Installing: /work/grodgers/git/tr-aomp/TheRock/build/profiler/rocprofiler-sdk/stage/lib/python3.12/site-packages/rocpd/libpyrocpd.cpython-312-x86_64-linux-gnu.so
0.1	-- Set non-toolchain portion of runtime path of "/work/grodgers/git/tr-aomp/TheRock/build/profiler/rocprofiler-sdk/stage/lib/python3.12/site-packages/rocpd/libpyrocpd.cpython-312-x86_64-linux-gnu.so" to "$ORIGIN:$ORIGIN/../../..:$ORIGIN/../../../rocprofiler-sdk"
0.1	-- Installing: /work/grodgers/git/tr-aomp/TheRock/build/profiler/rocprofiler-sdk/stage/libexec/rocprofiler-sdk/rocprofiler-sdk-launch-compiler
0.1	-- Installing: /work/grodgers/git/tr-aomp/TheRock/build/profiler/rocprofiler-sdk/stage/bin/rocprofv3_avail_module/__init__.py
0.1	-- Installing: /work/grodgers/git/tr-aomp/TheRock/build/profiler/rocprofiler-sdk/stage/bin/rocprofv3_avail_module/avail.py
0.1	-- Installing: /work/grodgers/git/tr-aomp/TheRock/build/profiler/rocprofiler-sdk/stage/bin/rocprofv3
0.1	-- Installing: /work/grodgers/git/tr-aomp/TheRock/build/profiler/rocprofiler-sdk/stage/bin/rocprofv3-avail
0.1	-- Installing: /work/grodgers/git/tr-aomp/TheRock/build/profiler/rocprofiler-sdk/stage/bin/rocpd
0.1	-- Installing: /work/grodgers/git/tr-aomp/TheRock/build/profiler/rocprofiler-sdk/stage/bin/rocpd2csv
0.1	-- Installing: /work/grodgers/git/tr-aomp/TheRock/build/profiler/rocprofiler-sdk/stage/bin/rocpd2otf2
0.1	-- Installing: /work/grodgers/git/tr-aomp/TheRock/build/profiler/rocprofiler-sdk/stage/bin/rocpd2pftrace
0.1	-- Installing: /work/grodgers/git/tr-aomp/TheRock/build/profiler/rocprofiler-sdk/stage/bin/rocpd2summary
0.1	-- Installing: /work/grodgers/git/tr-aomp/TheRock/build/profiler/rocprofiler-sdk/stage/share/rocprofiler-sdk/basic_counters.xml
0.1	-- Installing: /work/grodgers/git/tr-aomp/TheRock/build/profiler/rocprofiler-sdk/stage/share/rocprofiler-sdk/counter_defs.yaml
0.1	-- Installing: /work/grodgers/git/tr-aomp/TheRock/build/profiler/rocprofiler-sdk/stage/share/rocprofiler-sdk/derived_counters.xml
0.1	-- Installing: /work/grodgers/git/tr-aomp/TheRock/build/profiler/rocprofiler-sdk/stage/share/rocprofiler-sdk/convert-counters-collection-format.py
0.1	-- Installing: /work/grodgers/git/tr-aomp/TheRock/build/profiler/rocprofiler-sdk/stage/share/rocprofiler-sdk-rocpd/data_views.sql
0.1	-- Installing: /work/grodgers/git/tr-aomp/TheRock/build/profiler/rocprofiler-sdk/stage/share/rocprofiler-sdk-rocpd/marker_views.sql
0.1	-- Installing: /work/grodgers/git/tr-aomp/TheRock/build/profiler/rocprofiler-sdk/stage/share/rocprofiler-sdk-rocpd/rocpd_indexes.sql
0.1	-- Installing: /work/grodgers/git/tr-aomp/TheRock/build/profiler/rocprofiler-sdk/stage/share/rocprofiler-sdk-rocpd/rocpd_tables.sql
0.1	-- Installing: /work/grodgers/git/tr-aomp/TheRock/build/profiler/rocprofiler-sdk/stage/share/rocprofiler-sdk-rocpd/rocpd_views.sql
0.1	-- Installing: /work/grodgers/git/tr-aomp/TheRock/build/profiler/rocprofiler-sdk/stage/share/rocprofiler-sdk-rocpd/summary_views.sql
0.1	-- Installing: /work/grodgers/git/tr-aomp/TheRock/build/profiler/rocprofiler-sdk/stage/share/doc/rocprofiler-sdk/LICENSE
0.1	-- Installing: /work/grodgers/git/tr-aomp/TheRock/build/profiler/rocprofiler-sdk/stage/share/doc/rocprofiler-sdk-tests/LICENSE
0.1	-- Installing: /work/grodgers/git/tr-aomp/TheRock/build/profiler/rocprofiler-sdk/stage/share/rocprofiler-sdk/samples
0.1	-- Installing: /work/grodgers/git/tr-aomp/TheRock/build/profiler/rocprofiler-sdk/stage/share/rocprofiler-sdk/samples/CMakeLists.txt
0.1	-- Installing: /work/grodgers/git/tr-aomp/TheRock/build/profiler/rocprofiler-sdk/stage/share/rocprofiler-sdk/samples/code_object_tracing
0.1	-- Installing: /work/grodgers/git/tr-aomp/TheRock/build/profiler/rocprofiler-sdk/stage/share/rocprofiler-sdk/samples/code_object_tracing/CMakeLists.txt
0.1	-- Installing: /work/grodgers/git/tr-aomp/TheRock/build/profiler/rocprofiler-sdk/stage/share/rocprofiler-sdk/samples/code_object_tracing/README.md
0.1	-- Installing: /work/grodgers/git/tr-aomp/TheRock/build/profiler/rocprofiler-sdk/stage/share/rocprofiler-sdk/samples/code_object_tracing/main.cpp
0.1	-- Installing: /work/grodgers/git/tr-aomp/TheRock/build/profiler/rocprofiler-sdk/stage/share/rocprofiler-sdk/samples/code_object_tracing/client.cpp
0.1	-- Installing: /work/grodgers/git/tr-aomp/TheRock/build/profiler/rocprofiler-sdk/stage/share/rocprofiler-sdk/samples/pc_sampling
0.1	-- Installing: /work/grodgers/git/tr-aomp/TheRock/build/profiler/rocprofiler-sdk/stage/share/rocprofiler-sdk/samples/pc_sampling/CMakeLists.txt
0.1	-- Installing: /work/grodgers/git/tr-aomp/TheRock/build/profiler/rocprofiler-sdk/stage/share/rocprofiler-sdk/samples/pc_sampling/README.md
0.1	-- Installing: /work/grodgers/git/tr-aomp/TheRock/build/profiler/rocprofiler-sdk/stage/share/rocprofiler-sdk/samples/pc_sampling/pcs.cpp
0.1	-- Installing: /work/grodgers/git/tr-aomp/TheRock/build/profiler/rocprofiler-sdk/stage/share/rocprofiler-sdk/samples/pc_sampling/utils.cpp
0.1	-- Installing: /work/grodgers/git/tr-aomp/TheRock/build/profiler/rocprofiler-sdk/stage/share/rocprofiler-sdk/samples/pc_sampling/main.cpp
0.1	-- Installing: /work/grodgers/git/tr-aomp/TheRock/build/profiler/rocprofiler-sdk/stage/share/rocprofiler-sdk/samples/pc_sampling/utils.hpp
0.1	-- Installing: /work/grodgers/git/tr-aomp/TheRock/build/profiler/rocprofiler-sdk/stage/share/rocprofiler-sdk/samples/pc_sampling/pcs.hpp
0.1	-- Installing: /work/grodgers/git/tr-aomp/TheRock/build/profiler/rocprofiler-sdk/stage/share/rocprofiler-sdk/samples/pc_sampling/client.cpp
0.1	-- Installing: /work/grodgers/git/tr-aomp/TheRock/build/profiler/rocprofiler-sdk/stage/share/rocprofiler-sdk/samples/code_object_isa_decode
0.1	-- Installing: /work/grodgers/git/tr-aomp/TheRock/build/profiler/rocprofiler-sdk/stage/share/rocprofiler-sdk/samples/code_object_isa_decode/CMakeLists.txt
0.1	-- Installing: /work/grodgers/git/tr-aomp/TheRock/build/profiler/rocprofiler-sdk/stage/share/rocprofiler-sdk/samples/code_object_isa_decode/README.md
0.1	-- Installing: /work/grodgers/git/tr-aomp/TheRock/build/profiler/rocprofiler-sdk/stage/share/rocprofiler-sdk/samples/code_object_isa_decode/transpose_kernels.hpp
0.1	-- Installing: /work/grodgers/git/tr-aomp/TheRock/build/profiler/rocprofiler-sdk/stage/share/rocprofiler-sdk/samples/code_object_isa_decode/main.cpp
0.1	-- Installing: /work/grodgers/git/tr-aomp/TheRock/build/profiler/rocprofiler-sdk/stage/share/rocprofiler-sdk/samples/code_object_isa_decode/client.cpp
0.1	-- Installing: /work/grodgers/git/tr-aomp/TheRock/build/profiler/rocprofiler-sdk/stage/share/rocprofiler-sdk/samples/counter_collection
0.1	-- Installing: /work/grodgers/git/tr-aomp/TheRock/build/profiler/rocprofiler-sdk/stage/share/rocprofiler-sdk/samples/counter_collection/device_serialized_main.cpp
0.1	-- Installing: /work/grodgers/git/tr-aomp/TheRock/build/profiler/rocprofiler-sdk/stage/share/rocprofiler-sdk/samples/counter_collection/CMakeLists.txt
0.1	-- Installing: /work/grodgers/git/tr-aomp/TheRock/build/profiler/rocprofiler-sdk/stage/share/rocprofiler-sdk/samples/counter_collection/README.md
0.1	-- Installing: /work/grodgers/git/tr-aomp/TheRock/build/profiler/rocprofiler-sdk/stage/share/rocprofiler-sdk/samples/counter_collection/callback_client.cpp
0.1	-- Installing: /work/grodgers/git/tr-aomp/TheRock/build/profiler/rocprofiler-sdk/stage/share/rocprofiler-sdk/samples/counter_collection/buffered_client.cpp
0.1	-- Installing: /work/grodgers/git/tr-aomp/TheRock/build/profiler/rocprofiler-sdk/stage/share/rocprofiler-sdk/samples/counter_collection/client.hpp
0.1	-- Installing: /work/grodgers/git/tr-aomp/TheRock/build/profiler/rocprofiler-sdk/stage/share/rocprofiler-sdk/samples/counter_collection/main.cpp
0.1	-- Installing: /work/grodgers/git/tr-aomp/TheRock/build/profiler/rocprofiler-sdk/stage/share/rocprofiler-sdk/samples/counter_collection/device_counting_sync_client.cpp
0.1	-- Installing: /work/grodgers/git/tr-aomp/TheRock/build/profiler/rocprofiler-sdk/stage/share/rocprofiler-sdk/samples/counter_collection/print_functional_counters_client.cpp
0.1	-- Installing: /work/grodgers/git/tr-aomp/TheRock/build/profiler/rocprofiler-sdk/stage/share/rocprofiler-sdk/samples/counter_collection/device_counting_async_client.cpp
0.1	-- Installing: /work/grodgers/git/tr-aomp/TheRock/build/profiler/rocprofiler-sdk/stage/share/rocprofiler-sdk/samples/common
0.1	-- Installing: /work/grodgers/git/tr-aomp/TheRock/build/profiler/rocprofiler-sdk/stage/share/rocprofiler-sdk/samples/common/defines.hpp
0.1	-- Installing: /work/grodgers/git/tr-aomp/TheRock/build/profiler/rocprofiler-sdk/stage/share/rocprofiler-sdk/samples/common/CMakeLists.txt
0.1	-- Installing: /work/grodgers/git/tr-aomp/TheRock/build/profiler/rocprofiler-sdk/stage/share/rocprofiler-sdk/samples/common/name_info.hpp
0.1	-- Installing: /work/grodgers/git/tr-aomp/TheRock/build/profiler/rocprofiler-sdk/stage/share/rocprofiler-sdk/samples/common/filesystem.hpp
0.1	-- Installing: /work/grodgers/git/tr-aomp/TheRock/build/profiler/rocprofiler-sdk/stage/share/rocprofiler-sdk/samples/common/call_stack.hpp
0.1	-- Installing: /work/grodgers/git/tr-aomp/TheRock/build/profiler/rocprofiler-sdk/stage/share/rocprofiler-sdk/samples/openmp_target
0.1	-- Installing: /work/grodgers/git/tr-aomp/TheRock/build/profiler/rocprofiler-sdk/stage/share/rocprofiler-sdk/samples/openmp_target/CMakeLists.txt
0.1	-- Installing: /work/grodgers/git/tr-aomp/TheRock/build/profiler/rocprofiler-sdk/stage/share/rocprofiler-sdk/samples/openmp_target/README.md
0.1	-- Installing: /work/grodgers/git/tr-aomp/TheRock/build/profiler/rocprofiler-sdk/stage/share/rocprofiler-sdk/samples/openmp_target/client.hpp
0.1	-- Installing: /work/grodgers/git/tr-aomp/TheRock/build/profiler/rocprofiler-sdk/stage/share/rocprofiler-sdk/samples/openmp_target/main.cpp
0.1	-- Installing: /work/grodgers/git/tr-aomp/TheRock/build/profiler/rocprofiler-sdk/stage/share/rocprofiler-sdk/samples/openmp_target/client.cpp
0.1	-- Installing: /work/grodgers/git/tr-aomp/TheRock/build/profiler/rocprofiler-sdk/stage/share/rocprofiler-sdk/samples/thread_trace
0.1	-- Installing: /work/grodgers/git/tr-aomp/TheRock/build/profiler/rocprofiler-sdk/stage/share/rocprofiler-sdk/samples/thread_trace/CMakeLists.txt
0.1	-- Installing: /work/grodgers/git/tr-aomp/TheRock/build/profiler/rocprofiler-sdk/stage/share/rocprofiler-sdk/samples/thread_trace/README.md
0.1	-- Installing: /work/grodgers/git/tr-aomp/TheRock/build/profiler/rocprofiler-sdk/stage/share/rocprofiler-sdk/samples/thread_trace/main.cpp
0.1	-- Installing: /work/grodgers/git/tr-aomp/TheRock/build/profiler/rocprofiler-sdk/stage/share/rocprofiler-sdk/samples/thread_trace/agent.cpp
0.1	-- Installing: /work/grodgers/git/tr-aomp/TheRock/build/profiler/rocprofiler-sdk/stage/share/rocprofiler-sdk/samples/external_correlation_id_request
0.1	-- Installing: /work/grodgers/git/tr-aomp/TheRock/build/profiler/rocprofiler-sdk/stage/share/rocprofiler-sdk/samples/external_correlation_id_request/CMakeLists.txt
0.1	-- Installing: /work/grodgers/git/tr-aomp/TheRock/build/profiler/rocprofiler-sdk/stage/share/rocprofiler-sdk/samples/external_correlation_id_request/README.md
0.1	-- Installing: /work/grodgers/git/tr-aomp/TheRock/build/profiler/rocprofiler-sdk/stage/share/rocprofiler-sdk/samples/external_correlation_id_request/client.hpp
0.1	-- Installing: /work/grodgers/git/tr-aomp/TheRock/build/profiler/rocprofiler-sdk/stage/share/rocprofiler-sdk/samples/external_correlation_id_request/main.cpp
0.1	-- Installing: /work/grodgers/git/tr-aomp/TheRock/build/profiler/rocprofiler-sdk/stage/share/rocprofiler-sdk/samples/external_correlation_id_request/client.cpp
0.1	-- Installing: /work/grodgers/git/tr-aomp/TheRock/build/profiler/rocprofiler-sdk/stage/share/rocprofiler-sdk/samples/intercept_table
0.1	-- Installing: /work/grodgers/git/tr-aomp/TheRock/build/profiler/rocprofiler-sdk/stage/share/rocprofiler-sdk/samples/intercept_table/CMakeLists.txt
0.1	-- Installing: /work/grodgers/git/tr-aomp/TheRock/build/profiler/rocprofiler-sdk/stage/share/rocprofiler-sdk/samples/intercept_table/README.md
0.1	-- Installing: /work/grodgers/git/tr-aomp/TheRock/build/profiler/rocprofiler-sdk/stage/share/rocprofiler-sdk/samples/intercept_table/client.hpp
0.1	-- Installing: /work/grodgers/git/tr-aomp/TheRock/build/profiler/rocprofiler-sdk/stage/share/rocprofiler-sdk/samples/intercept_table/main.cpp
0.1	-- Installing: /work/grodgers/git/tr-aomp/TheRock/build/profiler/rocprofiler-sdk/stage/share/rocprofiler-sdk/samples/intercept_table/client.cpp
0.1	-- Installing: /work/grodgers/git/tr-aomp/TheRock/build/profiler/rocprofiler-sdk/stage/share/rocprofiler-sdk/samples/api_callback_tracing
0.1	-- Installing: /work/grodgers/git/tr-aomp/TheRock/build/profiler/rocprofiler-sdk/stage/share/rocprofiler-sdk/samples/api_callback_tracing/CMakeLists.txt
0.1	-- Installing: /work/grodgers/git/tr-aomp/TheRock/build/profiler/rocprofiler-sdk/stage/share/rocprofiler-sdk/samples/api_callback_tracing/README.md
0.1	-- Installing: /work/grodgers/git/tr-aomp/TheRock/build/profiler/rocprofiler-sdk/stage/share/rocprofiler-sdk/samples/api_callback_tracing/client.hpp
0.1	-- Installing: /work/grodgers/git/tr-aomp/TheRock/build/profiler/rocprofiler-sdk/stage/share/rocprofiler-sdk/samples/api_callback_tracing/main.cpp
0.1	-- Installing: /work/grodgers/git/tr-aomp/TheRock/build/profiler/rocprofiler-sdk/stage/share/rocprofiler-sdk/samples/api_callback_tracing/client.cpp
0.1	-- Installing: /work/grodgers/git/tr-aomp/TheRock/build/profiler/rocprofiler-sdk/stage/share/rocprofiler-sdk/samples/api_buffered_tracing
0.1	-- Installing: /work/grodgers/git/tr-aomp/TheRock/build/profiler/rocprofiler-sdk/stage/share/rocprofiler-sdk/samples/api_buffered_tracing/CMakeLists.txt
0.1	-- Installing: /work/grodgers/git/tr-aomp/TheRock/build/profiler/rocprofiler-sdk/stage/share/rocprofiler-sdk/samples/api_buffered_tracing/README.md
0.1	-- Installing: /work/grodgers/git/tr-aomp/TheRock/build/profiler/rocprofiler-sdk/stage/share/rocprofiler-sdk/samples/api_buffered_tracing/client.hpp
0.1	-- Installing: /work/grodgers/git/tr-aomp/TheRock/build/profiler/rocprofiler-sdk/stage/share/rocprofiler-sdk/samples/api_buffered_tracing/main.cpp
0.1	-- Installing: /work/grodgers/git/tr-aomp/TheRock/build/profiler/rocprofiler-sdk/stage/share/rocprofiler-sdk/samples/api_buffered_tracing/client.cpp
0.1	-- Installing: /work/grodgers/git/tr-aomp/TheRock/build/profiler/rocprofiler-sdk/stage/share/rocprofiler-sdk/tests
0.1	-- Installing: /work/grodgers/git/tr-aomp/TheRock/build/profiler/rocprofiler-sdk/stage/share/rocprofiler-sdk/tests/openmp-tools
0.1	-- Installing: /work/grodgers/git/tr-aomp/TheRock/build/profiler/rocprofiler-sdk/stage/share/rocprofiler-sdk/tests/openmp-tools/CMakeLists.txt
0.1	-- Installing: /work/grodgers/git/tr-aomp/TheRock/build/profiler/rocprofiler-sdk/stage/share/rocprofiler-sdk/tests/openmp-tools/validate.py
0.1	-- Installing: /work/grodgers/git/tr-aomp/TheRock/build/profiler/rocprofiler-sdk/stage/share/rocprofiler-sdk/tests/openmp-tools/pytest.ini
0.1	-- Installing: /work/grodgers/git/tr-aomp/TheRock/build/profiler/rocprofiler-sdk/stage/share/rocprofiler-sdk/tests/openmp-tools/conftest.py
0.1	-- Installing: /work/grodgers/git/tr-aomp/TheRock/build/profiler/rocprofiler-sdk/stage/share/rocprofiler-sdk/tests/CMakeLists.txt
0.1	-- Installing: /work/grodgers/git/tr-aomp/TheRock/build/profiler/rocprofiler-sdk/stage/share/rocprofiler-sdk/tests/rocjpeg
0.1	-- Installing: /work/grodgers/git/tr-aomp/TheRock/build/profiler/rocprofiler-sdk/stage/share/rocprofiler-sdk/tests/rocjpeg/CMakeLists.txt
0.1	-- Installing: /work/grodgers/git/tr-aomp/TheRock/build/profiler/rocprofiler-sdk/stage/share/rocprofiler-sdk/tests/rocjpeg/validate.py
0.1	-- Installing: /work/grodgers/git/tr-aomp/TheRock/build/profiler/rocprofiler-sdk/stage/share/rocprofiler-sdk/tests/rocjpeg/pytest.ini
0.1	-- Installing: /work/grodgers/git/tr-aomp/TheRock/build/profiler/rocprofiler-sdk/stage/share/rocprofiler-sdk/tests/rocjpeg/conftest.py
0.1	-- Installing: /work/grodgers/git/tr-aomp/TheRock/build/profiler/rocprofiler-sdk/stage/share/rocprofiler-sdk/tests/rocdecode
0.1	-- Installing: /work/grodgers/git/tr-aomp/TheRock/build/profiler/rocprofiler-sdk/stage/share/rocprofiler-sdk/tests/rocdecode/CMakeLists.txt
0.1	-- Installing: /work/grodgers/git/tr-aomp/TheRock/build/profiler/rocprofiler-sdk/stage/share/rocprofiler-sdk/tests/rocdecode/validate.py
0.1	-- Installing: /work/grodgers/git/tr-aomp/TheRock/build/profiler/rocprofiler-sdk/stage/share/rocprofiler-sdk/tests/rocdecode/pytest.ini
0.1	-- Installing: /work/grodgers/git/tr-aomp/TheRock/build/profiler/rocprofiler-sdk/stage/share/rocprofiler-sdk/tests/rocdecode/conftest.py
0.1	-- Installing: /work/grodgers/git/tr-aomp/TheRock/build/profiler/rocprofiler-sdk/stage/share/rocprofiler-sdk/tests/pc_sampling
0.1	-- Installing: /work/grodgers/git/tr-aomp/TheRock/build/profiler/rocprofiler-sdk/stage/share/rocprofiler-sdk/tests/pc_sampling/CMakeLists.txt
0.1	-- Installing: /work/grodgers/git/tr-aomp/TheRock/build/profiler/rocprofiler-sdk/stage/share/rocprofiler-sdk/tests/pc_sampling/pcs.cpp
0.1	-- Installing: /work/grodgers/git/tr-aomp/TheRock/build/profiler/rocprofiler-sdk/stage/share/rocprofiler-sdk/tests/pc_sampling/address_translation.hpp
0.1	-- Installing: /work/grodgers/git/tr-aomp/TheRock/build/profiler/rocprofiler-sdk/stage/share/rocprofiler-sdk/tests/pc_sampling/address_translation.cpp
0.1	-- Installing: /work/grodgers/git/tr-aomp/TheRock/build/profiler/rocprofiler-sdk/stage/share/rocprofiler-sdk/tests/pc_sampling/kernel_tracing.hpp
0.1	-- Installing: /work/grodgers/git/tr-aomp/TheRock/build/profiler/rocprofiler-sdk/stage/share/rocprofiler-sdk/tests/pc_sampling/external_cid.hpp
0.1	-- Installing: /work/grodgers/git/tr-aomp/TheRock/build/profiler/rocprofiler-sdk/stage/share/rocprofiler-sdk/tests/pc_sampling/utils.cpp
0.1	-- Installing: /work/grodgers/git/tr-aomp/TheRock/build/profiler/rocprofiler-sdk/stage/share/rocprofiler-sdk/tests/pc_sampling/client.hpp
0.1	-- Installing: /work/grodgers/git/tr-aomp/TheRock/build/profiler/rocprofiler-sdk/stage/share/rocprofiler-sdk/tests/pc_sampling/main.cpp
0.1	-- Installing: /work/grodgers/git/tr-aomp/TheRock/build/profiler/rocprofiler-sdk/stage/share/rocprofiler-sdk/tests/pc_sampling/codeobj.hpp
0.1	-- Installing: /work/grodgers/git/tr-aomp/TheRock/build/profiler/rocprofiler-sdk/stage/share/rocprofiler-sdk/tests/pc_sampling/utils.hpp
0.1	-- Installing: /work/grodgers/git/tr-aomp/TheRock/build/profiler/rocprofiler-sdk/stage/share/rocprofiler-sdk/tests/pc_sampling/pcs.hpp
0.1	-- Installing: /work/grodgers/git/tr-aomp/TheRock/build/profiler/rocprofiler-sdk/stage/share/rocprofiler-sdk/tests/pc_sampling/codeobj.cpp
0.1	-- Installing: /work/grodgers/git/tr-aomp/TheRock/build/profiler/rocprofiler-sdk/stage/share/rocprofiler-sdk/tests/pc_sampling/cid_retirement.hpp
0.1	-- Installing: /work/grodgers/git/tr-aomp/TheRock/build/profiler/rocprofiler-sdk/stage/share/rocprofiler-sdk/tests/pc_sampling/kernel_tracing.cpp
0.1	-- Installing: /work/grodgers/git/tr-aomp/TheRock/build/profiler/rocprofiler-sdk/stage/share/rocprofiler-sdk/tests/pc_sampling/cid_retirement.cpp
0.1	-- Installing: /work/grodgers/git/tr-aomp/TheRock/build/profiler/rocprofiler-sdk/stage/share/rocprofiler-sdk/tests/pc_sampling/client.cpp
0.1	-- Installing: /work/grodgers/git/tr-aomp/TheRock/build/profiler/rocprofiler-sdk/stage/share/rocprofiler-sdk/tests/pc_sampling/external_cid.cpp
0.1	-- Installing: /work/grodgers/git/tr-aomp/TheRock/build/profiler/rocprofiler-sdk/stage/share/rocprofiler-sdk/tests/lib
0.1	-- Installing: /work/grodgers/git/tr-aomp/TheRock/build/profiler/rocprofiler-sdk/stage/share/rocprofiler-sdk/tests/lib/CMakeLists.txt
0.1	-- Installing: /work/grodgers/git/tr-aomp/TheRock/build/profiler/rocprofiler-sdk/stage/share/rocprofiler-sdk/tests/lib/transpose
0.1	-- Installing: /work/grodgers/git/tr-aomp/TheRock/build/profiler/rocprofiler-sdk/stage/share/rocprofiler-sdk/tests/lib/transpose/CMakeLists.txt
0.1	-- Installing: /work/grodgers/git/tr-aomp/TheRock/build/profiler/rocprofiler-sdk/stage/share/rocprofiler-sdk/tests/lib/transpose/transpose.hpp
0.1	-- Installing: /work/grodgers/git/tr-aomp/TheRock/build/profiler/rocprofiler-sdk/stage/share/rocprofiler-sdk/tests/lib/transpose/transpose.cpp
0.1	-- Installing: /work/grodgers/git/tr-aomp/TheRock/build/profiler/rocprofiler-sdk/stage/share/rocprofiler-sdk/tests/lib/vector-operations
0.1	-- Installing: /work/grodgers/git/tr-aomp/TheRock/build/profiler/rocprofiler-sdk/stage/share/rocprofiler-sdk/tests/lib/vector-operations/CMakeLists.txt
0.1	-- Installing: /work/grodgers/git/tr-aomp/TheRock/build/profiler/rocprofiler-sdk/stage/share/rocprofiler-sdk/tests/lib/vector-operations/vector-ops.cpp
0.1	-- Installing: /work/grodgers/git/tr-aomp/TheRock/build/profiler/rocprofiler-sdk/stage/share/rocprofiler-sdk/tests/lib/vector-operations/vector-ops.hpp
0.1	-- Installing: /work/grodgers/git/tr-aomp/TheRock/build/profiler/rocprofiler-sdk/stage/share/rocprofiler-sdk/tests/c-tool
0.1	-- Installing: /work/grodgers/git/tr-aomp/TheRock/build/profiler/rocprofiler-sdk/stage/share/rocprofiler-sdk/tests/c-tool/CMakeLists.txt
0.1	-- Installing: /work/grodgers/git/tr-aomp/TheRock/build/profiler/rocprofiler-sdk/stage/share/rocprofiler-sdk/tests/scratch-memory-tracing
0.1	-- Installing: /work/grodgers/git/tr-aomp/TheRock/build/profiler/rocprofiler-sdk/stage/share/rocprofiler-sdk/tests/scratch-memory-tracing/CMakeLists.txt
0.1	-- Installing: /work/grodgers/git/tr-aomp/TheRock/build/profiler/rocprofiler-sdk/stage/share/rocprofiler-sdk/tests/scratch-memory-tracing/validate.py
0.1	-- Installing: /work/grodgers/git/tr-aomp/TheRock/build/profiler/rocprofiler-sdk/stage/share/rocprofiler-sdk/tests/scratch-memory-tracing/pytest.ini
0.1	-- Installing: /work/grodgers/git/tr-aomp/TheRock/build/profiler/rocprofiler-sdk/stage/share/rocprofiler-sdk/tests/scratch-memory-tracing/conftest.py
0.1	-- Installing: /work/grodgers/git/tr-aomp/TheRock/build/profiler/rocprofiler-sdk/stage/share/rocprofiler-sdk/tests/thread-trace
0.1	-- Installing: /work/grodgers/git/tr-aomp/TheRock/build/profiler/rocprofiler-sdk/stage/share/rocprofiler-sdk/tests/thread-trace/trace_callbacks.hpp
0.1	-- Installing: /work/grodgers/git/tr-aomp/TheRock/build/profiler/rocprofiler-sdk/stage/share/rocprofiler-sdk/tests/thread-trace/CMakeLists.txt
0.1	-- Installing: /work/grodgers/git/tr-aomp/TheRock/build/profiler/rocprofiler-sdk/stage/share/rocprofiler-sdk/tests/thread-trace/kernel_lds.cpp
0.1	-- Installing: /work/grodgers/git/tr-aomp/TheRock/build/profiler/rocprofiler-sdk/stage/share/rocprofiler-sdk/tests/thread-trace/main.cpp
0.1	-- Installing: /work/grodgers/git/tr-aomp/TheRock/build/profiler/rocprofiler-sdk/stage/share/rocprofiler-sdk/tests/thread-trace/trace_callbacks.cpp
0.1	-- Installing: /work/grodgers/git/tr-aomp/TheRock/build/profiler/rocprofiler-sdk/stage/share/rocprofiler-sdk/tests/thread-trace/agent.cpp
0.1	-- Installing: /work/grodgers/git/tr-aomp/TheRock/build/profiler/rocprofiler-sdk/stage/share/rocprofiler-sdk/tests/thread-trace/single_dispatch.cpp
0.1	-- Installing: /work/grodgers/git/tr-aomp/TheRock/build/profiler/rocprofiler-sdk/stage/share/rocprofiler-sdk/tests/thread-trace/kernel_branch.cpp
0.1	-- Installing: /work/grodgers/git/tr-aomp/TheRock/build/profiler/rocprofiler-sdk/stage/share/rocprofiler-sdk/tests/thread-trace/multi_dispatch.cpp
0.1	-- Installing: /work/grodgers/git/tr-aomp/TheRock/build/profiler/rocprofiler-sdk/stage/share/rocprofiler-sdk/tests/bin
0.1	-- Installing: /work/grodgers/git/tr-aomp/TheRock/build/profiler/rocprofiler-sdk/stage/share/rocprofiler-sdk/tests/bin/CMakeLists.txt
0.1	-- Installing: /work/grodgers/git/tr-aomp/TheRock/build/profiler/rocprofiler-sdk/stage/share/rocprofiler-sdk/tests/bin/pc-sampling
0.1	-- Installing: /work/grodgers/git/tr-aomp/TheRock/build/profiler/rocprofiler-sdk/stage/share/rocprofiler-sdk/tests/bin/pc-sampling/CMakeLists.txt
0.1	-- Installing: /work/grodgers/git/tr-aomp/TheRock/build/profiler/rocprofiler-sdk/stage/share/rocprofiler-sdk/tests/bin/pc-sampling/exec-mask-manipulation
0.1	-- Installing: /work/grodgers/git/tr-aomp/TheRock/build/profiler/rocprofiler-sdk/stage/share/rocprofiler-sdk/tests/bin/pc-sampling/exec-mask-manipulation/CMakeLists.txt
0.1	-- Installing: /work/grodgers/git/tr-aomp/TheRock/build/profiler/rocprofiler-sdk/stage/share/rocprofiler-sdk/tests/bin/pc-sampling/exec-mask-manipulation/exec_mask_manipulation.cpp
0.1	-- Installing: /work/grodgers/git/tr-aomp/TheRock/build/profiler/rocprofiler-sdk/stage/share/rocprofiler-sdk/tests/bin/rocjpeg
0.1	-- Installing: /work/grodgers/git/tr-aomp/TheRock/build/profiler/rocprofiler-sdk/stage/share/rocprofiler-sdk/tests/bin/rocjpeg/CMakeLists.txt
0.1	-- Installing: /work/grodgers/git/tr-aomp/TheRock/build/profiler/rocprofiler-sdk/stage/share/rocprofiler-sdk/tests/bin/rocjpeg/rocjpeg.cpp
0.1	-- Installing: /work/grodgers/git/tr-aomp/TheRock/build/profiler/rocprofiler-sdk/stage/share/rocprofiler-sdk/tests/bin/rocjpeg/rocjpeg_samples_utils.h
0.1	-- Installing: /work/grodgers/git/tr-aomp/TheRock/build/profiler/rocprofiler-sdk/stage/share/rocprofiler-sdk/tests/bin/simple-transpose
0.1	-- Installing: /work/grodgers/git/tr-aomp/TheRock/build/profiler/rocprofiler-sdk/stage/share/rocprofiler-sdk/tests/bin/simple-transpose/CMakeLists.txt
0.1	-- Installing: /work/grodgers/git/tr-aomp/TheRock/build/profiler/rocprofiler-sdk/stage/share/rocprofiler-sdk/tests/bin/simple-transpose/simple-transpose.cpp
0.1	-- Installing: /work/grodgers/git/tr-aomp/TheRock/build/profiler/rocprofiler-sdk/stage/share/rocprofiler-sdk/tests/bin/hip-streams-per-thread
0.1	-- Installing: /work/grodgers/git/tr-aomp/TheRock/build/profiler/rocprofiler-sdk/stage/share/rocprofiler-sdk/tests/bin/hip-streams-per-thread/CMakeLists.txt
0.1	-- Installing: /work/grodgers/git/tr-aomp/TheRock/build/profiler/rocprofiler-sdk/stage/share/rocprofiler-sdk/tests/bin/hip-streams-per-thread/hip-streams-per-thread.cpp
0.1	-- Installing: /work/grodgers/git/tr-aomp/TheRock/build/profiler/rocprofiler-sdk/stage/share/rocprofiler-sdk/tests/bin/rocdecode
0.1	-- Installing: /work/grodgers/git/tr-aomp/TheRock/build/profiler/rocprofiler-sdk/stage/share/rocprofiler-sdk/tests/bin/rocdecode/CMakeLists.txt
0.1	-- Installing: /work/grodgers/git/tr-aomp/TheRock/build/profiler/rocprofiler-sdk/stage/share/rocprofiler-sdk/tests/bin/rocdecode/rocdecode.cpp
0.1	-- Installing: /work/grodgers/git/tr-aomp/TheRock/build/profiler/rocprofiler-sdk/stage/share/rocprofiler-sdk/tests/bin/hip-in-libraries
0.1	-- Installing: /work/grodgers/git/tr-aomp/TheRock/build/profiler/rocprofiler-sdk/stage/share/rocprofiler-sdk/tests/bin/hip-in-libraries/CMakeLists.txt
0.1	-- Installing: /work/grodgers/git/tr-aomp/TheRock/build/profiler/rocprofiler-sdk/stage/share/rocprofiler-sdk/tests/bin/hip-in-libraries/hip-in-libraries.cpp
0.1	-- Installing: /work/grodgers/git/tr-aomp/TheRock/build/profiler/rocprofiler-sdk/stage/share/rocprofiler-sdk/tests/bin/hip-streams
0.1	-- Installing: /work/grodgers/git/tr-aomp/TheRock/build/profiler/rocprofiler-sdk/stage/share/rocprofiler-sdk/tests/bin/hip-streams/CMakeLists.txt
0.1	-- Installing: /work/grodgers/git/tr-aomp/TheRock/build/profiler/rocprofiler-sdk/stage/share/rocprofiler-sdk/tests/bin/hip-streams/compute_comm_overlap.cpp
0.1	-- Installing: /work/grodgers/git/tr-aomp/TheRock/build/profiler/rocprofiler-sdk/stage/share/rocprofiler-sdk/tests/bin/openmp
0.1	-- Installing: /work/grodgers/git/tr-aomp/TheRock/build/profiler/rocprofiler-sdk/stage/share/rocprofiler-sdk/tests/bin/openmp/CMakeLists.txt
0.1	-- Installing: /work/grodgers/git/tr-aomp/TheRock/build/profiler/rocprofiler-sdk/stage/share/rocprofiler-sdk/tests/bin/openmp/target
0.1	-- Installing: /work/grodgers/git/tr-aomp/TheRock/build/profiler/rocprofiler-sdk/stage/share/rocprofiler-sdk/tests/bin/openmp/target/CMakeLists.txt
0.1	-- Installing: /work/grodgers/git/tr-aomp/TheRock/build/profiler/rocprofiler-sdk/stage/share/rocprofiler-sdk/tests/bin/openmp/target/openmp-target.cpp
0.1	-- Installing: /work/grodgers/git/tr-aomp/TheRock/build/profiler/rocprofiler-sdk/stage/share/rocprofiler-sdk/tests/bin/reproducible-dispatch-count
0.1	-- Installing: /work/grodgers/git/tr-aomp/TheRock/build/profiler/rocprofiler-sdk/stage/share/rocprofiler-sdk/tests/bin/reproducible-dispatch-count/CMakeLists.txt
0.1	-- Installing: /work/grodgers/git/tr-aomp/TheRock/build/profiler/rocprofiler-sdk/stage/share/rocprofiler-sdk/tests/bin/reproducible-dispatch-count/reproducible-dispatch-count.cpp
0.1	-- Installing: /work/grodgers/git/tr-aomp/TheRock/build/profiler/rocprofiler-sdk/stage/share/rocprofiler-sdk/tests/bin/hip-graph
0.1	-- Installing: /work/grodgers/git/tr-aomp/TheRock/build/profiler/rocprofiler-sdk/stage/share/rocprofiler-sdk/tests/bin/hip-graph/CMakeLists.txt
0.1	-- Installing: /work/grodgers/git/tr-aomp/TheRock/build/profiler/rocprofiler-sdk/stage/share/rocprofiler-sdk/tests/bin/hip-graph/hip-graph.cpp
0.1	-- Installing: /work/grodgers/git/tr-aomp/TheRock/build/profiler/rocprofiler-sdk/stage/share/rocprofiler-sdk/tests/bin/transpose
0.1	-- Installing: /work/grodgers/git/tr-aomp/TheRock/build/profiler/rocprofiler-sdk/stage/share/rocprofiler-sdk/tests/bin/transpose/CMakeLists.txt
0.1	-- Installing: /work/grodgers/git/tr-aomp/TheRock/build/profiler/rocprofiler-sdk/stage/share/rocprofiler-sdk/tests/bin/transpose/transpose.cpp
0.1	-- Installing: /work/grodgers/git/tr-aomp/TheRock/build/profiler/rocprofiler-sdk/stage/share/rocprofiler-sdk/tests/bin/hsa-memory-allocation
0.1	-- Installing: /work/grodgers/git/tr-aomp/TheRock/build/profiler/rocprofiler-sdk/stage/share/rocprofiler-sdk/tests/bin/hsa-memory-allocation/CMakeLists.txt
0.1	-- Installing: /work/grodgers/git/tr-aomp/TheRock/build/profiler/rocprofiler-sdk/stage/share/rocprofiler-sdk/tests/bin/hsa-memory-allocation/hsa-memory-allocation.cpp
0.1	-- Installing: /work/grodgers/git/tr-aomp/TheRock/build/profiler/rocprofiler-sdk/stage/share/rocprofiler-sdk/tests/bin/hsa-queue-dependency
0.1	-- Installing: /work/grodgers/git/tr-aomp/TheRock/build/profiler/rocprofiler-sdk/stage/share/rocprofiler-sdk/tests/bin/hsa-queue-dependency/multiqueue_app.h
0.1	-- Installing: /work/grodgers/git/tr-aomp/TheRock/build/profiler/rocprofiler-sdk/stage/share/rocprofiler-sdk/tests/bin/hsa-queue-dependency/CMakeLists.txt
0.1	-- Installing: /work/grodgers/git/tr-aomp/TheRock/build/profiler/rocprofiler-sdk/stage/share/rocprofiler-sdk/tests/bin/hsa-queue-dependency/copy.cl
0.1	-- Installing: /work/grodgers/git/tr-aomp/TheRock/build/profiler/rocprofiler-sdk/stage/share/rocprofiler-sdk/tests/bin/hsa-queue-dependency/multiqueue_app.cpp
0.1	-- Installing: /work/grodgers/git/tr-aomp/TheRock/build/profiler/rocprofiler-sdk/stage/share/rocprofiler-sdk/tests/bin/hsa-code-object
0.1	-- Installing: /work/grodgers/git/tr-aomp/TheRock/build/profiler/rocprofiler-sdk/stage/share/rocprofiler-sdk/tests/bin/hsa-code-object/CMakeLists.txt
0.1	-- Installing: /work/grodgers/git/tr-aomp/TheRock/build/profiler/rocprofiler-sdk/stage/share/rocprofiler-sdk/tests/bin/hsa-code-object/copy.cl
0.1	-- Installing: /work/grodgers/git/tr-aomp/TheRock/build/profiler/rocprofiler-sdk/stage/share/rocprofiler-sdk/tests/bin/hsa-code-object/hsa_code_object_app.h
0.1	-- Installing: /work/grodgers/git/tr-aomp/TheRock/build/profiler/rocprofiler-sdk/stage/share/rocprofiler-sdk/tests/bin/hsa-code-object/copy_memory.cl
0.1	-- Installing: /work/grodgers/git/tr-aomp/TheRock/build/profiler/rocprofiler-sdk/stage/share/rocprofiler-sdk/tests/bin/hsa-code-object/hsa_code_object_app.cpp
0.1	-- Installing: /work/grodgers/git/tr-aomp/TheRock/build/profiler/rocprofiler-sdk/stage/share/rocprofiler-sdk/tests/bin/vector-operations
0.1	-- Installing: /work/grodgers/git/tr-aomp/TheRock/build/profiler/rocprofiler-sdk/stage/share/rocprofiler-sdk/tests/bin/vector-operations/CMakeLists.txt
0.1	-- Installing: /work/grodgers/git/tr-aomp/TheRock/build/profiler/rocprofiler-sdk/stage/share/rocprofiler-sdk/tests/bin/vector-operations/vector-ops.cpp
0.1	-- Installing: /work/grodgers/git/tr-aomp/TheRock/build/profiler/rocprofiler-sdk/stage/share/rocprofiler-sdk/tests/bin/scratch-memory
0.1	-- Installing: /work/grodgers/git/tr-aomp/TheRock/build/profiler/rocprofiler-sdk/stage/share/rocprofiler-sdk/tests/bin/scratch-memory/CMakeLists.txt
0.1	-- Installing: /work/grodgers/git/tr-aomp/TheRock/build/profiler/rocprofiler-sdk/stage/share/rocprofiler-sdk/tests/bin/scratch-memory/scratch-memory.cpp
0.1	-- Installing: /work/grodgers/git/tr-aomp/TheRock/build/profiler/rocprofiler-sdk/stage/share/rocprofiler-sdk/tests/bin/multistream
0.1	-- Installing: /work/grodgers/git/tr-aomp/TheRock/build/profiler/rocprofiler-sdk/stage/share/rocprofiler-sdk/tests/bin/multistream/multistream_app.cpp
0.1	-- Installing: /work/grodgers/git/tr-aomp/TheRock/build/profiler/rocprofiler-sdk/stage/share/rocprofiler-sdk/tests/bin/multistream/CMakeLists.txt
0.1	-- Installing: /work/grodgers/git/tr-aomp/TheRock/build/profiler/rocprofiler-sdk/stage/share/rocprofiler-sdk/tests/bin/reproducible-runtime
0.1	-- Installing: /work/grodgers/git/tr-aomp/TheRock/build/profiler/rocprofiler-sdk/stage/share/rocprofiler-sdk/tests/bin/reproducible-runtime/CMakeLists.txt
0.1	-- Installing: /work/grodgers/git/tr-aomp/TheRock/build/profiler/rocprofiler-sdk/stage/share/rocprofiler-sdk/tests/bin/reproducible-runtime/reproducible-runtime.cpp
0.1	-- Installing: /work/grodgers/git/tr-aomp/TheRock/build/profiler/rocprofiler-sdk/stage/share/rocprofiler-sdk/tests/counter-collection
0.1	-- Installing: /work/grodgers/git/tr-aomp/TheRock/build/profiler/rocprofiler-sdk/stage/share/rocprofiler-sdk/tests/counter-collection/CMakeLists.txt
0.1	-- Installing: /work/grodgers/git/tr-aomp/TheRock/build/profiler/rocprofiler-sdk/stage/share/rocprofiler-sdk/tests/counter-collection/validate.py
0.1	-- Installing: /work/grodgers/git/tr-aomp/TheRock/build/profiler/rocprofiler-sdk/stage/share/rocprofiler-sdk/tests/counter-collection/pytest.ini
0.1	-- Installing: /work/grodgers/git/tr-aomp/TheRock/build/profiler/rocprofiler-sdk/stage/share/rocprofiler-sdk/tests/counter-collection/conftest.py
0.1	-- Installing: /work/grodgers/git/tr-aomp/TheRock/build/profiler/rocprofiler-sdk/stage/share/rocprofiler-sdk/tests/common
0.1	-- Installing: /work/grodgers/git/tr-aomp/TheRock/build/profiler/rocprofiler-sdk/stage/share/rocprofiler-sdk/tests/common/defines.hpp
0.1	-- Installing: /work/grodgers/git/tr-aomp/TheRock/build/profiler/rocprofiler-sdk/stage/share/rocprofiler-sdk/tests/common/CMakeLists.txt
0.1	-- Installing: /work/grodgers/git/tr-aomp/TheRock/build/profiler/rocprofiler-sdk/stage/share/rocprofiler-sdk/tests/common/perfetto.hpp
0.1	-- Installing: /work/grodgers/git/tr-aomp/TheRock/build/profiler/rocprofiler-sdk/stage/share/rocprofiler-sdk/tests/common/name_info.hpp
0.1	-- Installing: /work/grodgers/git/tr-aomp/TheRock/build/profiler/rocprofiler-sdk/stage/share/rocprofiler-sdk/tests/common/hash.hpp
0.1	-- Installing: /work/grodgers/git/tr-aomp/TheRock/build/profiler/rocprofiler-sdk/stage/share/rocprofiler-sdk/tests/common/filesystem.hpp
0.1	-- Installing: /work/grodgers/git/tr-aomp/TheRock/build/profiler/rocprofiler-sdk/stage/share/rocprofiler-sdk/tests/common/serialization.hpp
0.1	-- Installing: /work/grodgers/git/tr-aomp/TheRock/build/profiler/rocprofiler-sdk/stage/share/rocprofiler-sdk/tests/python-bindings
0.1	-- Installing: /work/grodgers/git/tr-aomp/TheRock/build/profiler/rocprofiler-sdk/stage/share/rocprofiler-sdk/tests/python-bindings/CMakeLists.txt
0.1	-- Installing: /work/grodgers/git/tr-aomp/TheRock/build/profiler/rocprofiler-sdk/stage/share/rocprofiler-sdk/tests/python-bindings/validate.py
0.1	-- Installing: /work/grodgers/git/tr-aomp/TheRock/build/profiler/rocprofiler-sdk/stage/share/rocprofiler-sdk/tests/python-bindings/pytest.ini
0.1	-- Installing: /work/grodgers/git/tr-aomp/TheRock/build/profiler/rocprofiler-sdk/stage/share/rocprofiler-sdk/tests/python-bindings/marker.py
0.1	-- Installing: /work/grodgers/git/tr-aomp/TheRock/build/profiler/rocprofiler-sdk/stage/share/rocprofiler-sdk/tests/python-bindings/conftest.py
0.1	-- Installing: /work/grodgers/git/tr-aomp/TheRock/build/profiler/rocprofiler-sdk/stage/share/rocprofiler-sdk/tests/pytest-packages
0.1	-- Installing: /work/grodgers/git/tr-aomp/TheRock/build/profiler/rocprofiler-sdk/stage/share/rocprofiler-sdk/tests/pytest-packages/tests
0.1	-- Installing: /work/grodgers/git/tr-aomp/TheRock/build/profiler/rocprofiler-sdk/stage/share/rocprofiler-sdk/tests/pytest-packages/tests/rocprofv3.py
0.1	-- Installing: /work/grodgers/git/tr-aomp/TheRock/build/profiler/rocprofiler-sdk/stage/share/rocprofiler-sdk/tests/pytest-packages/tests/__init__.py
0.1	-- Installing: /work/grodgers/git/tr-aomp/TheRock/build/profiler/rocprofiler-sdk/stage/share/rocprofiler-sdk/tests/pytest-packages/CMakeLists.txt
0.1	-- Installing: /work/grodgers/git/tr-aomp/TheRock/build/profiler/rocprofiler-sdk/stage/share/rocprofiler-sdk/tests/pytest-packages/pc_sampling
0.1	-- Installing: /work/grodgers/git/tr-aomp/TheRock/build/profiler/rocprofiler-sdk/stage/share/rocprofiler-sdk/tests/pytest-packages/pc_sampling/CMakeLists.txt
0.1	-- Installing: /work/grodgers/git/tr-aomp/TheRock/build/profiler/rocprofiler-sdk/stage/share/rocprofiler-sdk/tests/pytest-packages/pc_sampling/transpose_multiple_agents
0.1	-- Installing: /work/grodgers/git/tr-aomp/TheRock/build/profiler/rocprofiler-sdk/stage/share/rocprofiler-sdk/tests/pytest-packages/pc_sampling/transpose_multiple_agents/CMakeLists.txt
0.1	-- Installing: /work/grodgers/git/tr-aomp/TheRock/build/profiler/rocprofiler-sdk/stage/share/rocprofiler-sdk/tests/pytest-packages/pc_sampling/transpose_multiple_agents/csv.py
0.1	-- Installing: /work/grodgers/git/tr-aomp/TheRock/build/profiler/rocprofiler-sdk/stage/share/rocprofiler-sdk/tests/pytest-packages/pc_sampling/transpose_multiple_agents/__init__.py
0.1	-- Installing: /work/grodgers/git/tr-aomp/TheRock/build/profiler/rocprofiler-sdk/stage/share/rocprofiler-sdk/tests/pytest-packages/pc_sampling/exec_mask_manipulation
0.1	-- Installing: /work/grodgers/git/tr-aomp/TheRock/build/profiler/rocprofiler-sdk/stage/share/rocprofiler-sdk/tests/pytest-packages/pc_sampling/exec_mask_manipulation/CMakeLists.txt
0.1	-- Installing: /work/grodgers/git/tr-aomp/TheRock/build/profiler/rocprofiler-sdk/stage/share/rocprofiler-sdk/tests/pytest-packages/pc_sampling/exec_mask_manipulation/json.py
0.1	-- Installing: /work/grodgers/git/tr-aomp/TheRock/build/profiler/rocprofiler-sdk/stage/share/rocprofiler-sdk/tests/pytest-packages/pc_sampling/exec_mask_manipulation/csv.py
0.1	-- Installing: /work/grodgers/git/tr-aomp/TheRock/build/profiler/rocprofiler-sdk/stage/share/rocprofiler-sdk/tests/pytest-packages/pc_sampling/exec_mask_manipulation/__init__.py
0.1	-- Installing: /work/grodgers/git/tr-aomp/TheRock/build/profiler/rocprofiler-sdk/stage/share/rocprofiler-sdk/tests/pytest-packages/pc_sampling/stochastic
0.1	-- Installing: /work/grodgers/git/tr-aomp/TheRock/build/profiler/rocprofiler-sdk/stage/share/rocprofiler-sdk/tests/pytest-packages/pc_sampling/stochastic/CMakeLists.txt
0.1	-- Installing: /work/grodgers/git/tr-aomp/TheRock/build/profiler/rocprofiler-sdk/stage/share/rocprofiler-sdk/tests/pytest-packages/pc_sampling/stochastic/csv
0.1	-- Installing: /work/grodgers/git/tr-aomp/TheRock/build/profiler/rocprofiler-sdk/stage/share/rocprofiler-sdk/tests/pytest-packages/pc_sampling/stochastic/csv/CMakeLists.txt
0.1	-- Installing: /work/grodgers/git/tr-aomp/TheRock/build/profiler/rocprofiler-sdk/stage/share/rocprofiler-sdk/tests/pytest-packages/pc_sampling/stochastic/csv/__init__.py
0.1	-- Installing: /work/grodgers/git/tr-aomp/TheRock/build/profiler/rocprofiler-sdk/stage/share/rocprofiler-sdk/tests/pytest-packages/pc_sampling/stochastic/csv/gfx9
0.1	-- Installing: /work/grodgers/git/tr-aomp/TheRock/build/profiler/rocprofiler-sdk/stage/share/rocprofiler-sdk/tests/pytest-packages/pc_sampling/stochastic/csv/gfx9/CMakeLists.txt
0.1	-- Installing: /work/grodgers/git/tr-aomp/TheRock/build/profiler/rocprofiler-sdk/stage/share/rocprofiler-sdk/tests/pytest-packages/pc_sampling/stochastic/csv/gfx9/s_instructions
0.1	-- Installing: /work/grodgers/git/tr-aomp/TheRock/build/profiler/rocprofiler-sdk/stage/share/rocprofiler-sdk/tests/pytest-packages/pc_sampling/stochastic/csv/gfx9/s_instructions/barrier_instructions.py
0.1	-- Installing: /work/grodgers/git/tr-aomp/TheRock/build/profiler/rocprofiler-sdk/stage/share/rocprofiler-sdk/tests/pytest-packages/pc_sampling/stochastic/csv/gfx9/s_instructions/CMakeLists.txt
0.1	-- Installing: /work/grodgers/git/tr-aomp/TheRock/build/profiler/rocprofiler-sdk/stage/share/rocprofiler-sdk/tests/pytest-packages/pc_sampling/stochastic/csv/gfx9/s_instructions/internal_instructions.py
0.1	-- Installing: /work/grodgers/git/tr-aomp/TheRock/build/profiler/rocprofiler-sdk/stage/share/rocprofiler-sdk/tests/pytest-packages/pc_sampling/stochastic/csv/gfx9/s_instructions/message_instructions.py
0.1	-- Installing: /work/grodgers/git/tr-aomp/TheRock/build/profiler/rocprofiler-sdk/stage/share/rocprofiler-sdk/tests/pytest-packages/pc_sampling/stochastic/csv/gfx9/s_instructions/other_instructions.py
0.1	-- Installing: /work/grodgers/git/tr-aomp/TheRock/build/profiler/rocprofiler-sdk/stage/share/rocprofiler-sdk/tests/pytest-packages/pc_sampling/stochastic/csv/gfx9/s_instructions/scalar_instructions.py
0.1	-- Installing: /work/grodgers/git/tr-aomp/TheRock/build/profiler/rocprofiler-sdk/stage/share/rocprofiler-sdk/tests/pytest-packages/pc_sampling/stochastic/csv/gfx9/s_instructions/waitcnt.py
0.1	-- Installing: /work/grodgers/git/tr-aomp/TheRock/build/profiler/rocprofiler-sdk/stage/share/rocprofiler-sdk/tests/pytest-packages/pc_sampling/stochastic/csv/gfx9/s_instructions/__init__.py
0.1	-- Installing: /work/grodgers/git/tr-aomp/TheRock/build/profiler/rocprofiler-sdk/stage/share/rocprofiler-sdk/tests/pytest-packages/pc_sampling/stochastic/csv/gfx9/s_instructions/branch_instructions.py
0.1	-- Installing: /work/grodgers/git/tr-aomp/TheRock/build/profiler/rocprofiler-sdk/stage/share/rocprofiler-sdk/tests/pytest-packages/pc_sampling/stochastic/csv/gfx9/s_instructions/jump_instructions.py
0.1	-- Installing: /work/grodgers/git/tr-aomp/TheRock/build/profiler/rocprofiler-sdk/stage/share/rocprofiler-sdk/tests/pytest-packages/pc_sampling/stochastic/csv/gfx9/lds_instructions.py
0.1	-- Installing: /work/grodgers/git/tr-aomp/TheRock/build/profiler/rocprofiler-sdk/stage/share/rocprofiler-sdk/tests/pytest-packages/pc_sampling/stochastic/csv/gfx9/texture_instructions.py
0.1	-- Installing: /work/grodgers/git/tr-aomp/TheRock/build/profiler/rocprofiler-sdk/stage/share/rocprofiler-sdk/tests/pytest-packages/pc_sampling/stochastic/csv/gfx9/flat_instructions.py
0.1	-- Installing: /work/grodgers/git/tr-aomp/TheRock/build/profiler/rocprofiler-sdk/stage/share/rocprofiler-sdk/tests/pytest-packages/pc_sampling/stochastic/csv/gfx9/valu_instructions.py
0.1	-- Installing: /work/grodgers/git/tr-aomp/TheRock/build/profiler/rocprofiler-sdk/stage/share/rocprofiler-sdk/tests/pytest-packages/pc_sampling/stochastic/csv/gfx9/__init__.py
0.1	-- Installing: /work/grodgers/git/tr-aomp/TheRock/build/profiler/rocprofiler-sdk/stage/share/rocprofiler-sdk/tests/pytest-packages/pc_sampling/stochastic/csv/gfx9/matrix_instructions.py
0.1	-- Installing: /work/grodgers/git/tr-aomp/TheRock/build/profiler/rocprofiler-sdk/stage/share/rocprofiler-sdk/tests/pytest-packages/pc_sampling/stochastic/__init__.py
0.1	-- Installing: /work/grodgers/git/tr-aomp/TheRock/build/profiler/rocprofiler-sdk/stage/share/rocprofiler-sdk/tests/pytest-packages/pc_sampling/stochastic/json
0.1	-- Installing: /work/grodgers/git/tr-aomp/TheRock/build/profiler/rocprofiler-sdk/stage/share/rocprofiler-sdk/tests/pytest-packages/pc_sampling/stochastic/json/CMakeLists.txt
0.1	-- Installing: /work/grodgers/git/tr-aomp/TheRock/build/profiler/rocprofiler-sdk/stage/share/rocprofiler-sdk/tests/pytest-packages/pc_sampling/stochastic/json/__init__.py
0.1	-- Installing: /work/grodgers/git/tr-aomp/TheRock/build/profiler/rocprofiler-sdk/stage/share/rocprofiler-sdk/tests/pytest-packages/pc_sampling/stochastic/json/gfx9
0.1	-- Installing: /work/grodgers/git/tr-aomp/TheRock/build/profiler/rocprofiler-sdk/stage/share/rocprofiler-sdk/tests/pytest-packages/pc_sampling/stochastic/json/gfx9/CMakeLists.txt
0.1	-- Installing: /work/grodgers/git/tr-aomp/TheRock/build/profiler/rocprofiler-sdk/stage/share/rocprofiler-sdk/tests/pytest-packages/pc_sampling/stochastic/json/gfx9/s_instructions.py
0.1	-- Installing: /work/grodgers/git/tr-aomp/TheRock/build/profiler/rocprofiler-sdk/stage/share/rocprofiler-sdk/tests/pytest-packages/pc_sampling/stochastic/json/gfx9/other_instructions.py
0.1	-- Installing: /work/grodgers/git/tr-aomp/TheRock/build/profiler/rocprofiler-sdk/stage/share/rocprofiler-sdk/tests/pytest-packages/pc_sampling/stochastic/json/gfx9/arbiter_state.py
0.1	-- Installing: /work/grodgers/git/tr-aomp/TheRock/build/profiler/rocprofiler-sdk/stage/share/rocprofiler-sdk/tests/pytest-packages/pc_sampling/stochastic/json/gfx9/__init__.py
0.1	-- Installing: /work/grodgers/git/tr-aomp/TheRock/build/profiler/rocprofiler-sdk/stage/share/rocprofiler-sdk/tests/pytest-packages/pytest_utils
0.1	-- Installing: /work/grodgers/git/tr-aomp/TheRock/build/profiler/rocprofiler-sdk/stage/share/rocprofiler-sdk/tests/pytest-packages/pytest_utils/perfetto_reader.py
0.1	-- Installing: /work/grodgers/git/tr-aomp/TheRock/build/profiler/rocprofiler-sdk/stage/share/rocprofiler-sdk/tests/pytest-packages/pytest_utils/dotdict.py
0.1	-- Installing: /work/grodgers/git/tr-aomp/TheRock/build/profiler/rocprofiler-sdk/stage/share/rocprofiler-sdk/tests/pytest-packages/pytest_utils/rocpd_reader.py
0.1	-- Installing: /work/grodgers/git/tr-aomp/TheRock/build/profiler/rocprofiler-sdk/stage/share/rocprofiler-sdk/tests/pytest-packages/pytest_utils/__init__.py
0.1	-- Installing: /work/grodgers/git/tr-aomp/TheRock/build/profiler/rocprofiler-sdk/stage/share/rocprofiler-sdk/tests/pytest-packages/pytest_utils/otf2_reader.py
0.1	-- Installing: /work/grodgers/git/tr-aomp/TheRock/build/profiler/rocprofiler-sdk/stage/share/rocprofiler-sdk/tests/tools
0.1	-- Installing: /work/grodgers/git/tr-aomp/TheRock/build/profiler/rocprofiler-sdk/stage/share/rocprofiler-sdk/tests/tools/CMakeLists.txt
0.1	-- Installing: /work/grodgers/git/tr-aomp/TheRock/build/profiler/rocprofiler-sdk/stage/share/rocprofiler-sdk/tests/tools/c-tool.c
0.1	-- Installing: /work/grodgers/git/tr-aomp/TheRock/build/profiler/rocprofiler-sdk/stage/share/rocprofiler-sdk/tests/tools/json-tool.cpp
0.1	-- Installing: /work/grodgers/git/tr-aomp/TheRock/build/profiler/rocprofiler-sdk/stage/share/rocprofiler-sdk/tests/hsa-memory-allocation
0.1	-- Installing: /work/grodgers/git/tr-aomp/TheRock/build/profiler/rocprofiler-sdk/stage/share/rocprofiler-sdk/tests/hsa-memory-allocation/CMakeLists.txt
0.1	-- Installing: /work/grodgers/git/tr-aomp/TheRock/build/profiler/rocprofiler-sdk/stage/share/rocprofiler-sdk/tests/hsa-memory-allocation/validate.py
0.1	-- Installing: /work/grodgers/git/tr-aomp/TheRock/build/profiler/rocprofiler-sdk/stage/share/rocprofiler-sdk/tests/hsa-memory-allocation/pytest.ini
0.1	-- Installing: /work/grodgers/git/tr-aomp/TheRock/build/profiler/rocprofiler-sdk/stage/share/rocprofiler-sdk/tests/hsa-memory-allocation/conftest.py
0.1	-- Installing: /work/grodgers/git/tr-aomp/TheRock/build/profiler/rocprofiler-sdk/stage/share/rocprofiler-sdk/tests/kernel-tracing
0.1	-- Installing: /work/grodgers/git/tr-aomp/TheRock/build/profiler/rocprofiler-sdk/stage/share/rocprofiler-sdk/tests/kernel-tracing/CMakeLists.txt
0.1	-- Installing: /work/grodgers/git/tr-aomp/TheRock/build/profiler/rocprofiler-sdk/stage/share/rocprofiler-sdk/tests/kernel-tracing/validate.py
0.1	-- Installing: /work/grodgers/git/tr-aomp/TheRock/build/profiler/rocprofiler-sdk/stage/share/rocprofiler-sdk/tests/kernel-tracing/pytest.ini
0.1	-- Installing: /work/grodgers/git/tr-aomp/TheRock/build/profiler/rocprofiler-sdk/stage/share/rocprofiler-sdk/tests/kernel-tracing/conftest.py
0.1	-- Installing: /work/grodgers/git/tr-aomp/TheRock/build/profiler/rocprofiler-sdk/stage/share/rocprofiler-sdk/tests/hip-graph-tracing
0.1	-- Installing: /work/grodgers/git/tr-aomp/TheRock/build/profiler/rocprofiler-sdk/stage/share/rocprofiler-sdk/tests/hip-graph-tracing/CMakeLists.txt
0.1	-- Installing: /work/grodgers/git/tr-aomp/TheRock/build/profiler/rocprofiler-sdk/stage/share/rocprofiler-sdk/tests/hip-graph-tracing/validate.py
0.1	-- Installing: /work/grodgers/git/tr-aomp/TheRock/build/profiler/rocprofiler-sdk/stage/share/rocprofiler-sdk/tests/hip-graph-tracing/pytest.ini
0.1	-- Installing: /work/grodgers/git/tr-aomp/TheRock/build/profiler/rocprofiler-sdk/stage/share/rocprofiler-sdk/tests/hip-graph-tracing/conftest.py
0.1	-- Installing: /work/grodgers/git/tr-aomp/TheRock/build/profiler/rocprofiler-sdk/stage/share/rocprofiler-sdk/tests/rocprofv3-avail
0.1	-- Installing: /work/grodgers/git/tr-aomp/TheRock/build/profiler/rocprofiler-sdk/stage/share/rocprofiler-sdk/tests/rocprofv3-avail/CMakeLists.txt
0.1	-- Installing: /work/grodgers/git/tr-aomp/TheRock/build/profiler/rocprofiler-sdk/stage/share/rocprofiler-sdk/tests/rocprofv3-avail/validate.py
0.1	-- Installing: /work/grodgers/git/tr-aomp/TheRock/build/profiler/rocprofiler-sdk/stage/share/rocprofiler-sdk/tests/rocprofv3-avail/pytest.ini
0.1	-- Installing: /work/grodgers/git/tr-aomp/TheRock/build/profiler/rocprofiler-sdk/stage/share/rocprofiler-sdk/tests/rocprofv3-avail/conftest.py
0.1	-- Installing: /work/grodgers/git/tr-aomp/TheRock/build/profiler/rocprofiler-sdk/stage/share/rocprofiler-sdk/tests/rocpd
0.1	-- Installing: /work/grodgers/git/tr-aomp/TheRock/build/profiler/rocprofiler-sdk/stage/share/rocprofiler-sdk/tests/rocpd/CMakeLists.txt
0.1	-- Installing: /work/grodgers/git/tr-aomp/TheRock/build/profiler/rocprofiler-sdk/stage/share/rocprofiler-sdk/tests/rocprofv3
0.1	-- Installing: /work/grodgers/git/tr-aomp/TheRock/build/profiler/rocprofiler-sdk/stage/share/rocprofiler-sdk/tests/rocprofv3/tracing
0.1	-- Installing: /work/grodgers/git/tr-aomp/TheRock/build/profiler/rocprofiler-sdk/stage/share/rocprofiler-sdk/tests/rocprofv3/tracing/CMakeLists.txt
0.1	-- Installing: /work/grodgers/git/tr-aomp/TheRock/build/profiler/rocprofiler-sdk/stage/share/rocprofiler-sdk/tests/rocprofv3/tracing/validate.py
0.1	-- Installing: /work/grodgers/git/tr-aomp/TheRock/build/profiler/rocprofiler-sdk/stage/share/rocprofiler-sdk/tests/rocprofv3/tracing/input_systrace.json
0.1	-- Installing: /work/grodgers/git/tr-aomp/TheRock/build/profiler/rocprofiler-sdk/stage/share/rocprofiler-sdk/tests/rocprofv3/tracing/pytest.ini
0.1	-- Installing: /work/grodgers/git/tr-aomp/TheRock/build/profiler/rocprofiler-sdk/stage/share/rocprofiler-sdk/tests/rocprofv3/tracing/input_trace.json
0.1	-- Installing: /work/grodgers/git/tr-aomp/TheRock/build/profiler/rocprofiler-sdk/stage/share/rocprofiler-sdk/tests/rocprofv3/tracing/conftest.py
0.1	-- Installing: /work/grodgers/git/tr-aomp/TheRock/build/profiler/rocprofiler-sdk/stage/share/rocprofiler-sdk/tests/rocprofv3/negate-aggregate-tracing-options
0.1	-- Installing: /work/grodgers/git/tr-aomp/TheRock/build/profiler/rocprofiler-sdk/stage/share/rocprofiler-sdk/tests/rocprofv3/negate-aggregate-tracing-options/CMakeLists.txt
0.1	-- Installing: /work/grodgers/git/tr-aomp/TheRock/build/profiler/rocprofiler-sdk/stage/share/rocprofiler-sdk/tests/rocprofv3/negate-aggregate-tracing-options/input-negate-aggregate-tracing-options.yml
0.1	-- Installing: /work/grodgers/git/tr-aomp/TheRock/build/profiler/rocprofiler-sdk/stage/share/rocprofiler-sdk/tests/rocprofv3/CMakeLists.txt
0.1	-- Installing: /work/grodgers/git/tr-aomp/TheRock/build/profiler/rocprofiler-sdk/stage/share/rocprofiler-sdk/tests/rocprofv3/pc-sampling
0.1	-- Installing: /work/grodgers/git/tr-aomp/TheRock/build/profiler/rocprofiler-sdk/stage/share/rocprofiler-sdk/tests/rocprofv3/pc-sampling/CMakeLists.txt
0.1	-- Installing: /work/grodgers/git/tr-aomp/TheRock/build/profiler/rocprofiler-sdk/stage/share/rocprofiler-sdk/tests/rocprofv3/pc-sampling/host-trap
0.1	-- Installing: /work/grodgers/git/tr-aomp/TheRock/build/profiler/rocprofiler-sdk/stage/share/rocprofiler-sdk/tests/rocprofv3/pc-sampling/host-trap/CMakeLists.txt
0.1	-- Installing: /work/grodgers/git/tr-aomp/TheRock/build/profiler/rocprofiler-sdk/stage/share/rocprofiler-sdk/tests/rocprofv3/pc-sampling/host-trap/transpose-multiple-agents
0.1	-- Installing: /work/grodgers/git/tr-aomp/TheRock/build/profiler/rocprofiler-sdk/stage/share/rocprofiler-sdk/tests/rocprofv3/pc-sampling/host-trap/transpose-multiple-agents/CMakeLists.txt
0.1	-- Installing: /work/grodgers/git/tr-aomp/TheRock/build/profiler/rocprofiler-sdk/stage/share/rocprofiler-sdk/tests/rocprofv3/pc-sampling/host-trap/transpose-multiple-agents/validate.py
0.1	-- Installing: /work/grodgers/git/tr-aomp/TheRock/build/profiler/rocprofiler-sdk/stage/share/rocprofiler-sdk/tests/rocprofv3/pc-sampling/host-trap/transpose-multiple-agents/pytest.ini
0.1	-- Installing: /work/grodgers/git/tr-aomp/TheRock/build/profiler/rocprofiler-sdk/stage/share/rocprofiler-sdk/tests/rocprofv3/pc-sampling/host-trap/transpose-multiple-agents/input.json
0.1	-- Installing: /work/grodgers/git/tr-aomp/TheRock/build/profiler/rocprofiler-sdk/stage/share/rocprofiler-sdk/tests/rocprofv3/pc-sampling/host-trap/transpose-multiple-agents/conftest.py
0.1	-- Installing: /work/grodgers/git/tr-aomp/TheRock/build/profiler/rocprofiler-sdk/stage/share/rocprofiler-sdk/tests/rocprofv3/pc-sampling/host-trap/transpose-multiple-agents/input.yml
0.1	-- Installing: /work/grodgers/git/tr-aomp/TheRock/build/profiler/rocprofiler-sdk/stage/share/rocprofiler-sdk/tests/rocprofv3/pc-sampling/host-trap/exec-mask-manipulation
0.1	-- Installing: /work/grodgers/git/tr-aomp/TheRock/build/profiler/rocprofiler-sdk/stage/share/rocprofiler-sdk/tests/rocprofv3/pc-sampling/host-trap/exec-mask-manipulation/CMakeLists.txt
0.1	-- Installing: /work/grodgers/git/tr-aomp/TheRock/build/profiler/rocprofiler-sdk/stage/share/rocprofiler-sdk/tests/rocprofv3/pc-sampling/host-trap/exec-mask-manipulation/validate.py
0.1	-- Installing: /work/grodgers/git/tr-aomp/TheRock/build/profiler/rocprofiler-sdk/stage/share/rocprofiler-sdk/tests/rocprofv3/pc-sampling/host-trap/exec-mask-manipulation/pytest.ini
0.1	-- Installing: /work/grodgers/git/tr-aomp/TheRock/build/profiler/rocprofiler-sdk/stage/share/rocprofiler-sdk/tests/rocprofv3/pc-sampling/host-trap/exec-mask-manipulation/input.json
0.1	-- Installing: /work/grodgers/git/tr-aomp/TheRock/build/profiler/rocprofiler-sdk/stage/share/rocprofiler-sdk/tests/rocprofv3/pc-sampling/host-trap/exec-mask-manipulation/conftest.py
0.1	-- Installing: /work/grodgers/git/tr-aomp/TheRock/build/profiler/rocprofiler-sdk/stage/share/rocprofiler-sdk/tests/rocprofv3/pc-sampling/host-trap/exec-mask-manipulation/input.yml
0.1	-- Installing: /work/grodgers/git/tr-aomp/TheRock/build/profiler/rocprofiler-sdk/stage/share/rocprofiler-sdk/tests/rocprofv3/pc-sampling/stochastic
0.1	-- Installing: /work/grodgers/git/tr-aomp/TheRock/build/profiler/rocprofiler-sdk/stage/share/rocprofiler-sdk/tests/rocprofv3/pc-sampling/stochastic/CMakeLists.txt
0.1	-- Installing: /work/grodgers/git/tr-aomp/TheRock/build/profiler/rocprofiler-sdk/stage/share/rocprofiler-sdk/tests/rocprofv3/pc-sampling/stochastic/transpose-multiple-agents
0.1	-- Installing: /work/grodgers/git/tr-aomp/TheRock/build/profiler/rocprofiler-sdk/stage/share/rocprofiler-sdk/tests/rocprofv3/pc-sampling/stochastic/transpose-multiple-agents/CMakeLists.txt
0.1	-- Installing: /work/grodgers/git/tr-aomp/TheRock/build/profiler/rocprofiler-sdk/stage/share/rocprofiler-sdk/tests/rocprofv3/pc-sampling/stochastic/transpose-multiple-agents/validate.py
0.1	-- Installing: /work/grodgers/git/tr-aomp/TheRock/build/profiler/rocprofiler-sdk/stage/share/rocprofiler-sdk/tests/rocprofv3/pc-sampling/stochastic/transpose-multiple-agents/pytest.ini
0.1	-- Installing: /work/grodgers/git/tr-aomp/TheRock/build/profiler/rocprofiler-sdk/stage/share/rocprofiler-sdk/tests/rocprofv3/pc-sampling/stochastic/transpose-multiple-agents/input.json
0.1	-- Installing: /work/grodgers/git/tr-aomp/TheRock/build/profiler/rocprofiler-sdk/stage/share/rocprofiler-sdk/tests/rocprofv3/pc-sampling/stochastic/transpose-multiple-agents/conftest.py
0.1	-- Installing: /work/grodgers/git/tr-aomp/TheRock/build/profiler/rocprofiler-sdk/stage/share/rocprofiler-sdk/tests/rocprofv3/pc-sampling/stochastic/transpose-multiple-agents/input.yml
0.1	-- Installing: /work/grodgers/git/tr-aomp/TheRock/build/profiler/rocprofiler-sdk/stage/share/rocprofiler-sdk/tests/rocprofv3/pc-sampling/stochastic/exec-mask-manipulation
0.1	-- Installing: /work/grodgers/git/tr-aomp/TheRock/build/profiler/rocprofiler-sdk/stage/share/rocprofiler-sdk/tests/rocprofv3/pc-sampling/stochastic/exec-mask-manipulation/CMakeLists.txt
0.1	-- Installing: /work/grodgers/git/tr-aomp/TheRock/build/profiler/rocprofiler-sdk/stage/share/rocprofiler-sdk/tests/rocprofv3/pc-sampling/stochastic/exec-mask-manipulation/validate.py
0.1	-- Installing: /work/grodgers/git/tr-aomp/TheRock/build/profiler/rocprofiler-sdk/stage/share/rocprofiler-sdk/tests/rocprofv3/pc-sampling/stochastic/exec-mask-manipulation/pytest.ini
0.1	-- Installing: /work/grodgers/git/tr-aomp/TheRock/build/profiler/rocprofiler-sdk/stage/share/rocprofiler-sdk/tests/rocprofv3/pc-sampling/stochastic/exec-mask-manipulation/input.json
0.1	-- Installing: /work/grodgers/git/tr-aomp/TheRock/build/profiler/rocprofiler-sdk/stage/share/rocprofiler-sdk/tests/rocprofv3/pc-sampling/stochastic/exec-mask-manipulation/conftest.py
0.1	-- Installing: /work/grodgers/git/tr-aomp/TheRock/build/profiler/rocprofiler-sdk/stage/share/rocprofiler-sdk/tests/rocprofv3/pc-sampling/stochastic/exec-mask-manipulation/input.yml
0.1	-- Installing: /work/grodgers/git/tr-aomp/TheRock/build/profiler/rocprofiler-sdk/stage/share/rocprofiler-sdk/tests/rocprofv3/minimum-bytes
0.1	-- Installing: /work/grodgers/git/tr-aomp/TheRock/build/profiler/rocprofiler-sdk/stage/share/rocprofiler-sdk/tests/rocprofv3/minimum-bytes/CMakeLists.txt
0.1	-- Installing: /work/grodgers/git/tr-aomp/TheRock/build/profiler/rocprofiler-sdk/stage/share/rocprofiler-sdk/tests/rocprofv3/minimum-bytes/validate.py
0.1	-- Installing: /work/grodgers/git/tr-aomp/TheRock/build/profiler/rocprofiler-sdk/stage/share/rocprofiler-sdk/tests/rocprofv3/minimum-bytes/pytest.ini
0.1	-- Installing: /work/grodgers/git/tr-aomp/TheRock/build/profiler/rocprofiler-sdk/stage/share/rocprofiler-sdk/tests/rocprofv3/minimum-bytes/input.json
0.1	-- Installing: /work/grodgers/git/tr-aomp/TheRock/build/profiler/rocprofiler-sdk/stage/share/rocprofiler-sdk/tests/rocprofv3/minimum-bytes/conftest.py
0.1	-- Installing: /work/grodgers/git/tr-aomp/TheRock/build/profiler/rocprofiler-sdk/stage/share/rocprofiler-sdk/tests/rocprofv3/tracing-hip-in-libraries
0.1	-- Installing: /work/grodgers/git/tr-aomp/TheRock/build/profiler/rocprofiler-sdk/stage/share/rocprofiler-sdk/tests/rocprofv3/tracing-hip-in-libraries/CMakeLists.txt
0.1	-- Installing: /work/grodgers/git/tr-aomp/TheRock/build/profiler/rocprofiler-sdk/stage/share/rocprofiler-sdk/tests/rocprofv3/tracing-hip-in-libraries/validate.py
0.1	-- Installing: /work/grodgers/git/tr-aomp/TheRock/build/profiler/rocprofiler-sdk/stage/share/rocprofiler-sdk/tests/rocprofv3/tracing-hip-in-libraries/pytest.ini
0.1	-- Installing: /work/grodgers/git/tr-aomp/TheRock/build/profiler/rocprofiler-sdk/stage/share/rocprofiler-sdk/tests/rocprofv3/tracing-hip-in-libraries/conftest.py
0.1	-- Installing: /work/grodgers/git/tr-aomp/TheRock/build/profiler/rocprofiler-sdk/stage/share/rocprofiler-sdk/tests/rocprofv3/hip-streams-per-thread
0.1	-- Installing: /work/grodgers/git/tr-aomp/TheRock/build/profiler/rocprofiler-sdk/stage/share/rocprofiler-sdk/tests/rocprofv3/hip-streams-per-thread/CMakeLists.txt
0.1	-- Installing: /work/grodgers/git/tr-aomp/TheRock/build/profiler/rocprofiler-sdk/stage/share/rocprofiler-sdk/tests/rocprofv3/hip-streams-per-thread/validate.py
0.1	-- Installing: /work/grodgers/git/tr-aomp/TheRock/build/profiler/rocprofiler-sdk/stage/share/rocprofiler-sdk/tests/rocprofv3/hip-streams-per-thread/pytest.ini
0.1	-- Installing: /work/grodgers/git/tr-aomp/TheRock/build/profiler/rocprofiler-sdk/stage/share/rocprofiler-sdk/tests/rocprofv3/hip-streams-per-thread/conftest.py
0.1	-- Installing: /work/grodgers/git/tr-aomp/TheRock/build/profiler/rocprofiler-sdk/stage/share/rocprofiler-sdk/tests/rocprofv3/collection-period
0.1	-- Installing: /work/grodgers/git/tr-aomp/TheRock/build/profiler/rocprofiler-sdk/stage/share/rocprofiler-sdk/tests/rocprofv3/collection-period/CMakeLists.txt
0.1	-- Installing: /work/grodgers/git/tr-aomp/TheRock/build/profiler/rocprofiler-sdk/stage/share/rocprofiler-sdk/tests/rocprofv3/collection-period/validate.py
0.1	-- Installing: /work/grodgers/git/tr-aomp/TheRock/build/profiler/rocprofiler-sdk/stage/share/rocprofiler-sdk/tests/rocprofv3/collection-period/pytest.ini
0.1	-- Installing: /work/grodgers/git/tr-aomp/TheRock/build/profiler/rocprofiler-sdk/stage/share/rocprofiler-sdk/tests/rocprofv3/collection-period/conftest.py
0.1	-- Installing: /work/grodgers/git/tr-aomp/TheRock/build/profiler/rocprofiler-sdk/stage/share/rocprofiler-sdk/tests/rocprofv3/tracing-plus-counter-collection
0.1	-- Installing: /work/grodgers/git/tr-aomp/TheRock/build/profiler/rocprofiler-sdk/stage/share/rocprofiler-sdk/tests/rocprofv3/tracing-plus-counter-collection/CMakeLists.txt
0.1	-- Installing: /work/grodgers/git/tr-aomp/TheRock/build/profiler/rocprofiler-sdk/stage/share/rocprofiler-sdk/tests/rocprofv3/tracing-plus-counter-collection/input.txt
0.1	-- Installing: /work/grodgers/git/tr-aomp/TheRock/build/profiler/rocprofiler-sdk/stage/share/rocprofiler-sdk/tests/rocprofv3/tracing-plus-counter-collection/validate.py
0.1	-- Installing: /work/grodgers/git/tr-aomp/TheRock/build/profiler/rocprofiler-sdk/stage/share/rocprofiler-sdk/tests/rocprofv3/tracing-plus-counter-collection/pytest.ini
0.1	-- Installing: /work/grodgers/git/tr-aomp/TheRock/build/profiler/rocprofiler-sdk/stage/share/rocprofiler-sdk/tests/rocprofv3/tracing-plus-counter-collection/conftest.py
0.1	-- Installing: /work/grodgers/git/tr-aomp/TheRock/build/profiler/rocprofiler-sdk/stage/share/rocprofiler-sdk/tests/rocprofv3/kernel-rename
0.1	-- Installing: /work/grodgers/git/tr-aomp/TheRock/build/profiler/rocprofiler-sdk/stage/share/rocprofiler-sdk/tests/rocprofv3/kernel-rename/CMakeLists.txt
0.1	-- Installing: /work/grodgers/git/tr-aomp/TheRock/build/profiler/rocprofiler-sdk/stage/share/rocprofiler-sdk/tests/rocprofv3/kernel-rename/input-kernel-rename.yml
0.1	-- Installing: /work/grodgers/git/tr-aomp/TheRock/build/profiler/rocprofiler-sdk/stage/share/rocprofiler-sdk/tests/rocprofv3/kernel-rename/validate.py
0.1	-- Installing: /work/grodgers/git/tr-aomp/TheRock/build/profiler/rocprofiler-sdk/stage/share/rocprofiler-sdk/tests/rocprofv3/kernel-rename/pytest.ini
0.1	-- Installing: /work/grodgers/git/tr-aomp/TheRock/build/profiler/rocprofiler-sdk/stage/share/rocprofiler-sdk/tests/rocprofv3/kernel-rename/conftest.py
0.1	-- Installing: /work/grodgers/git/tr-aomp/TheRock/build/profiler/rocprofiler-sdk/stage/share/rocprofiler-sdk/tests/rocprofv3/memory-allocation
0.1	-- Installing: /work/grodgers/git/tr-aomp/TheRock/build/profiler/rocprofiler-sdk/stage/share/rocprofiler-sdk/tests/rocprofv3/memory-allocation/CMakeLists.txt
0.1	-- Installing: /work/grodgers/git/tr-aomp/TheRock/build/profiler/rocprofiler-sdk/stage/share/rocprofiler-sdk/tests/rocprofv3/memory-allocation/validate.py
0.1	-- Installing: /work/grodgers/git/tr-aomp/TheRock/build/profiler/rocprofiler-sdk/stage/share/rocprofiler-sdk/tests/rocprofv3/memory-allocation/pytest.ini
0.1	-- Installing: /work/grodgers/git/tr-aomp/TheRock/build/profiler/rocprofiler-sdk/stage/share/rocprofiler-sdk/tests/rocprofv3/memory-allocation/conftest.py
0.1	-- Installing: /work/grodgers/git/tr-aomp/TheRock/build/profiler/rocprofiler-sdk/stage/share/rocprofiler-sdk/tests/rocprofv3/hip-stream-display
0.1	-- Installing: /work/grodgers/git/tr-aomp/TheRock/build/profiler/rocprofiler-sdk/stage/share/rocprofiler-sdk/tests/rocprofv3/hip-stream-display/CMakeLists.txt
0.1	-- Installing: /work/grodgers/git/tr-aomp/TheRock/build/profiler/rocprofiler-sdk/stage/share/rocprofiler-sdk/tests/rocprofv3/hip-stream-display/validate.py
0.1	-- Installing: /work/grodgers/git/tr-aomp/TheRock/build/profiler/rocprofiler-sdk/stage/share/rocprofiler-sdk/tests/rocprofv3/hip-stream-display/pytest.ini
0.1	-- Installing: /work/grodgers/git/tr-aomp/TheRock/build/profiler/rocprofiler-sdk/stage/share/rocprofiler-sdk/tests/rocprofv3/hip-stream-display/conftest.py
0.1	-- Installing: /work/grodgers/git/tr-aomp/TheRock/build/profiler/rocprofiler-sdk/stage/share/rocprofiler-sdk/tests/rocprofv3/aborted-app
0.1	-- Installing: /work/grodgers/git/tr-aomp/TheRock/build/profiler/rocprofiler-sdk/stage/share/rocprofiler-sdk/tests/rocprofv3/aborted-app/CMakeLists.txt
0.1	-- Installing: /work/grodgers/git/tr-aomp/TheRock/build/profiler/rocprofiler-sdk/stage/share/rocprofiler-sdk/tests/rocprofv3/aborted-app/validate.py
0.1	-- Installing: /work/grodgers/git/tr-aomp/TheRock/build/profiler/rocprofiler-sdk/stage/share/rocprofiler-sdk/tests/rocprofv3/aborted-app/pytest.ini
0.1	-- Installing: /work/grodgers/git/tr-aomp/TheRock/build/profiler/rocprofiler-sdk/stage/share/rocprofiler-sdk/tests/rocprofv3/aborted-app/input.json
0.1	-- Installing: /work/grodgers/git/tr-aomp/TheRock/build/profiler/rocprofiler-sdk/stage/share/rocprofiler-sdk/tests/rocprofv3/aborted-app/conftest.py
0.1	-- Installing: /work/grodgers/git/tr-aomp/TheRock/build/profiler/rocprofiler-sdk/stage/share/rocprofiler-sdk/tests/rocprofv3/summary
0.1	-- Installing: /work/grodgers/git/tr-aomp/TheRock/build/profiler/rocprofiler-sdk/stage/share/rocprofiler-sdk/tests/rocprofv3/summary/CMakeLists.txt
0.1	-- Installing: /work/grodgers/git/tr-aomp/TheRock/build/profiler/rocprofiler-sdk/stage/share/rocprofiler-sdk/tests/rocprofv3/summary/input-summary.yaml
0.1	-- Installing: /work/grodgers/git/tr-aomp/TheRock/build/profiler/rocprofiler-sdk/stage/share/rocprofiler-sdk/tests/rocprofv3/summary/validate.py
0.1	-- Installing: /work/grodgers/git/tr-aomp/TheRock/build/profiler/rocprofiler-sdk/stage/share/rocprofiler-sdk/tests/rocprofv3/summary/pytest.ini
0.1	-- Installing: /work/grodgers/git/tr-aomp/TheRock/build/profiler/rocprofiler-sdk/stage/share/rocprofiler-sdk/tests/rocprofv3/summary/conftest.py
0.1	-- Installing: /work/grodgers/git/tr-aomp/TheRock/build/profiler/rocprofiler-sdk/stage/share/rocprofiler-sdk/tests/rocprofv3/counter-collection
0.1	-- Installing: /work/grodgers/git/tr-aomp/TheRock/build/profiler/rocprofiler-sdk/stage/share/rocprofiler-sdk/tests/rocprofv3/counter-collection/kernel_filtering
0.1	-- Installing: /work/grodgers/git/tr-aomp/TheRock/build/profiler/rocprofiler-sdk/stage/share/rocprofiler-sdk/tests/rocprofv3/counter-collection/kernel_filtering/CMakeLists.txt
0.1	-- Installing: /work/grodgers/git/tr-aomp/TheRock/build/profiler/rocprofiler-sdk/stage/share/rocprofiler-sdk/tests/rocprofv3/counter-collection/kernel_filtering/input.txt
0.1	-- Installing: /work/grodgers/git/tr-aomp/TheRock/build/profiler/rocprofiler-sdk/stage/share/rocprofiler-sdk/tests/rocprofv3/counter-collection/kernel_filtering/validate.py
0.1	-- Installing: /work/grodgers/git/tr-aomp/TheRock/build/profiler/rocprofiler-sdk/stage/share/rocprofiler-sdk/tests/rocprofv3/counter-collection/kernel_filtering/pytest.ini
0.1	-- Installing: /work/grodgers/git/tr-aomp/TheRock/build/profiler/rocprofiler-sdk/stage/share/rocprofiler-sdk/tests/rocprofv3/counter-collection/kernel_filtering/input.json
0.1	-- Installing: /work/grodgers/git/tr-aomp/TheRock/build/profiler/rocprofiler-sdk/stage/share/rocprofiler-sdk/tests/rocprofv3/counter-collection/kernel_filtering/conftest.py
0.1	-- Installing: /work/grodgers/git/tr-aomp/TheRock/build/profiler/rocprofiler-sdk/stage/share/rocprofiler-sdk/tests/rocprofv3/counter-collection/kernel_filtering/input.yml
0.1	-- Installing: /work/grodgers/git/tr-aomp/TheRock/build/profiler/rocprofiler-sdk/stage/share/rocprofiler-sdk/tests/rocprofv3/counter-collection/range_filtering
0.1	-- Installing: /work/grodgers/git/tr-aomp/TheRock/build/profiler/rocprofiler-sdk/stage/share/rocprofiler-sdk/tests/rocprofv3/counter-collection/range_filtering/CMakeLists.txt
0.1	-- Installing: /work/grodgers/git/tr-aomp/TheRock/build/profiler/rocprofiler-sdk/stage/share/rocprofiler-sdk/tests/rocprofv3/counter-collection/range_filtering/input_range.json
0.1	-- Installing: /work/grodgers/git/tr-aomp/TheRock/build/profiler/rocprofiler-sdk/stage/share/rocprofiler-sdk/tests/rocprofv3/counter-collection/range_filtering/validate.py
0.1	-- Installing: /work/grodgers/git/tr-aomp/TheRock/build/profiler/rocprofiler-sdk/stage/share/rocprofiler-sdk/tests/rocprofv3/counter-collection/range_filtering/pytest.ini
0.1	-- Installing: /work/grodgers/git/tr-aomp/TheRock/build/profiler/rocprofiler-sdk/stage/share/rocprofiler-sdk/tests/rocprofv3/counter-collection/range_filtering/conftest.py
0.1	-- Installing: /work/grodgers/git/tr-aomp/TheRock/build/profiler/rocprofiler-sdk/stage/share/rocprofiler-sdk/tests/rocprofv3/counter-collection/CMakeLists.txt
0.1	-- Installing: /work/grodgers/git/tr-aomp/TheRock/build/profiler/rocprofiler-sdk/stage/share/rocprofiler-sdk/tests/rocprofv3/counter-collection/list_metrics
0.1	-- Installing: /work/grodgers/git/tr-aomp/TheRock/build/profiler/rocprofiler-sdk/stage/share/rocprofiler-sdk/tests/rocprofv3/counter-collection/list_metrics/CMakeLists.txt
0.1	-- Installing: /work/grodgers/git/tr-aomp/TheRock/build/profiler/rocprofiler-sdk/stage/share/rocprofiler-sdk/tests/rocprofv3/counter-collection/list_metrics/pytest.ini
0.1	-- Installing: /work/grodgers/git/tr-aomp/TheRock/build/profiler/rocprofiler-sdk/stage/share/rocprofiler-sdk/tests/rocprofv3/counter-collection/list_metrics/input.json
0.1	-- Installing: /work/grodgers/git/tr-aomp/TheRock/build/profiler/rocprofiler-sdk/stage/share/rocprofiler-sdk/tests/rocprofv3/counter-collection/input2
0.1	-- Installing: /work/grodgers/git/tr-aomp/TheRock/build/profiler/rocprofiler-sdk/stage/share/rocprofiler-sdk/tests/rocprofv3/counter-collection/input2/CMakeLists.txt
0.1	-- Installing: /work/grodgers/git/tr-aomp/TheRock/build/profiler/rocprofiler-sdk/stage/share/rocprofiler-sdk/tests/rocprofv3/counter-collection/input2/input.txt
0.1	-- Installing: /work/grodgers/git/tr-aomp/TheRock/build/profiler/rocprofiler-sdk/stage/share/rocprofiler-sdk/tests/rocprofv3/counter-collection/input2/validate.py
0.1	-- Installing: /work/grodgers/git/tr-aomp/TheRock/build/profiler/rocprofiler-sdk/stage/share/rocprofiler-sdk/tests/rocprofv3/counter-collection/input2/pytest.ini
0.1	-- Installing: /work/grodgers/git/tr-aomp/TheRock/build/profiler/rocprofiler-sdk/stage/share/rocprofiler-sdk/tests/rocprofv3/counter-collection/input2/conftest.py
0.1	-- Installing: /work/grodgers/git/tr-aomp/TheRock/build/profiler/rocprofiler-sdk/stage/share/rocprofiler-sdk/tests/rocprofv3/counter-collection/input3
0.1	-- Installing: /work/grodgers/git/tr-aomp/TheRock/build/profiler/rocprofiler-sdk/stage/share/rocprofiler-sdk/tests/rocprofv3/counter-collection/input3/CMakeLists.txt
0.1	-- Installing: /work/grodgers/git/tr-aomp/TheRock/build/profiler/rocprofiler-sdk/stage/share/rocprofiler-sdk/tests/rocprofv3/counter-collection/input3/validate.py
0.1	-- Installing: /work/grodgers/git/tr-aomp/TheRock/build/profiler/rocprofiler-sdk/stage/share/rocprofiler-sdk/tests/rocprofv3/counter-collection/input3/pytest.ini
0.1	-- Installing: /work/grodgers/git/tr-aomp/TheRock/build/profiler/rocprofiler-sdk/stage/share/rocprofiler-sdk/tests/rocprofv3/counter-collection/input3/input.json
0.1	-- Installing: /work/grodgers/git/tr-aomp/TheRock/build/profiler/rocprofiler-sdk/stage/share/rocprofiler-sdk/tests/rocprofv3/counter-collection/input3/conftest.py
0.1	-- Installing: /work/grodgers/git/tr-aomp/TheRock/build/profiler/rocprofiler-sdk/stage/share/rocprofiler-sdk/tests/rocprofv3/counter-collection/input3/input.yml
0.1	-- Installing: /work/grodgers/git/tr-aomp/TheRock/build/profiler/rocprofiler-sdk/stage/share/rocprofiler-sdk/tests/rocprofv3/counter-collection/input1
0.1	-- Installing: /work/grodgers/git/tr-aomp/TheRock/build/profiler/rocprofiler-sdk/stage/share/rocprofiler-sdk/tests/rocprofv3/counter-collection/input1/CMakeLists.txt
0.1	-- Installing: /work/grodgers/git/tr-aomp/TheRock/build/profiler/rocprofiler-sdk/stage/share/rocprofiler-sdk/tests/rocprofv3/counter-collection/input1/input.txt
0.1	-- Installing: /work/grodgers/git/tr-aomp/TheRock/build/profiler/rocprofiler-sdk/stage/share/rocprofiler-sdk/tests/rocprofv3/counter-collection/input1/validate.py
0.1	-- Installing: /work/grodgers/git/tr-aomp/TheRock/build/profiler/rocprofiler-sdk/stage/share/rocprofiler-sdk/tests/rocprofv3/counter-collection/input1/pytest.ini
0.1	-- Installing: /work/grodgers/git/tr-aomp/TheRock/build/profiler/rocprofiler-sdk/stage/share/rocprofiler-sdk/tests/rocprofv3/counter-collection/input1/conftest.py
0.1	-- Installing: /work/grodgers/git/tr-aomp/TheRock/build/profiler/rocprofiler-sdk/stage/share/rocprofiler-sdk/tests/rocprofv3/counter-collection/multiplex
0.1	-- Installing: /work/grodgers/git/tr-aomp/TheRock/build/profiler/rocprofiler-sdk/stage/share/rocprofiler-sdk/tests/rocprofv3/counter-collection/multiplex/CMakeLists.txt
0.1	-- Installing: /work/grodgers/git/tr-aomp/TheRock/build/profiler/rocprofiler-sdk/stage/share/rocprofiler-sdk/tests/rocprofv3/counter-collection/multiplex/validate.py
0.1	-- Installing: /work/grodgers/git/tr-aomp/TheRock/build/profiler/rocprofiler-sdk/stage/share/rocprofiler-sdk/tests/rocprofv3/counter-collection/multiplex/pytest.ini
0.1	-- Installing: /work/grodgers/git/tr-aomp/TheRock/build/profiler/rocprofiler-sdk/stage/share/rocprofiler-sdk/tests/rocprofv3/counter-collection/multiplex/input.json
0.1	-- Installing: /work/grodgers/git/tr-aomp/TheRock/build/profiler/rocprofiler-sdk/stage/share/rocprofiler-sdk/tests/rocprofv3/counter-collection/multiplex/conftest.py
0.1	-- Installing: /work/grodgers/git/tr-aomp/TheRock/build/profiler/rocprofiler-sdk/stage/share/rocprofiler-sdk/tests/rocprofv3/counter-collection/multiplex/input.yml
0.1	-- Installing: /work/grodgers/git/tr-aomp/TheRock/build/profiler/rocprofiler-sdk/stage/share/rocprofiler-sdk/tests/rocprofv3/counter-collection/extra_counters
0.1	-- Installing: /work/grodgers/git/tr-aomp/TheRock/build/profiler/rocprofiler-sdk/stage/share/rocprofiler-sdk/tests/rocprofv3/counter-collection/extra_counters/CMakeLists.txt
0.1	-- Installing: /work/grodgers/git/tr-aomp/TheRock/build/profiler/rocprofiler-sdk/stage/share/rocprofiler-sdk/tests/rocprofv3/counter-collection/extra_counters/input.txt
0.1	-- Installing: /work/grodgers/git/tr-aomp/TheRock/build/profiler/rocprofiler-sdk/stage/share/rocprofiler-sdk/tests/rocprofv3/counter-collection/extra_counters/validate.py
0.1	-- Installing: /work/grodgers/git/tr-aomp/TheRock/build/profiler/rocprofiler-sdk/stage/share/rocprofiler-sdk/tests/rocprofv3/counter-collection/extra_counters/pytest.ini
0.1	-- Installing: /work/grodgers/git/tr-aomp/TheRock/build/profiler/rocprofiler-sdk/stage/share/rocprofiler-sdk/tests/rocprofv3/counter-collection/extra_counters/extra_counters.yaml
0.1	-- Installing: /work/grodgers/git/tr-aomp/TheRock/build/profiler/rocprofiler-sdk/stage/share/rocprofiler-sdk/tests/rocprofv3/counter-collection/extra_counters/conftest.py
0.1	-- Installing: /work/grodgers/git/tr-aomp/TheRock/build/profiler/rocprofiler-sdk/stage/share/rocprofiler-sdk/tests/rocprofv3/python-bindings
0.1	-- Installing: /work/grodgers/git/tr-aomp/TheRock/build/profiler/rocprofiler-sdk/stage/share/rocprofiler-sdk/tests/rocprofv3/python-bindings/CMakeLists.txt
0.1	-- Installing: /work/grodgers/git/tr-aomp/TheRock/build/profiler/rocprofiler-sdk/stage/share/rocprofiler-sdk/tests/rocprofv3/python-bindings/validate.py
0.1	-- Installing: /work/grodgers/git/tr-aomp/TheRock/build/profiler/rocprofiler-sdk/stage/share/rocprofiler-sdk/tests/rocprofv3/python-bindings/pytest.ini
0.1	-- Installing: /work/grodgers/git/tr-aomp/TheRock/build/profiler/rocprofiler-sdk/stage/share/rocprofiler-sdk/tests/rocprofv3/python-bindings/marker.py
0.1	-- Installing: /work/grodgers/git/tr-aomp/TheRock/build/profiler/rocprofiler-sdk/stage/share/rocprofiler-sdk/tests/rocprofv3/python-bindings/conftest.py
0.1	-- Installing: /work/grodgers/git/tr-aomp/TheRock/build/profiler/rocprofiler-sdk/stage/share/rocprofiler-sdk/tests/rocprofv3/hsa-queue-dependency
0.1	-- Installing: /work/grodgers/git/tr-aomp/TheRock/build/profiler/rocprofiler-sdk/stage/share/rocprofiler-sdk/tests/rocprofv3/hsa-queue-dependency/CMakeLists.txt
0.1	-- Installing: /work/grodgers/git/tr-aomp/TheRock/build/profiler/rocprofiler-sdk/stage/share/rocprofiler-sdk/tests/rocprofv3/hsa-queue-dependency/validate.py
0.1	-- Installing: /work/grodgers/git/tr-aomp/TheRock/build/profiler/rocprofiler-sdk/stage/share/rocprofiler-sdk/tests/rocprofv3/hsa-queue-dependency/pytest.ini
0.1	-- Installing: /work/grodgers/git/tr-aomp/TheRock/build/profiler/rocprofiler-sdk/stage/share/rocprofiler-sdk/tests/rocprofv3/hsa-queue-dependency/conftest.py
0.1	-- Installing: /work/grodgers/git/tr-aomp/TheRock/build/profiler/rocprofiler-sdk/stage/share/rocprofiler-sdk/tests/rocprofv3/conversion-script
0.1	-- Installing: /work/grodgers/git/tr-aomp/TheRock/build/profiler/rocprofiler-sdk/stage/share/rocprofiler-sdk/tests/rocprofv3/conversion-script/CMakeLists.txt
0.1	-- Installing: /work/grodgers/git/tr-aomp/TheRock/build/profiler/rocprofiler-sdk/stage/share/rocprofiler-sdk/tests/rocprofv3/conversion-script/input.txt
0.1	-- Installing: /work/grodgers/git/tr-aomp/TheRock/build/profiler/rocprofiler-sdk/stage/share/rocprofiler-sdk/tests/rocprofv3/conversion-script/validate.py
0.1	-- Installing: /work/grodgers/git/tr-aomp/TheRock/build/profiler/rocprofiler-sdk/stage/share/rocprofiler-sdk/tests/rocprofv3/conversion-script/pytest.ini
0.1	-- Installing: /work/grodgers/git/tr-aomp/TheRock/build/profiler/rocprofiler-sdk/stage/share/rocprofiler-sdk/tests/rocprofv3/conversion-script/conftest.py
0.1	-- Installing: /work/grodgers/git/tr-aomp/TheRock/build/profiler/rocprofiler-sdk/stage/share/rocprofiler-sdk/tests/rocprofv3/rocpd
0.1	-- Installing: /work/grodgers/git/tr-aomp/TheRock/build/profiler/rocprofiler-sdk/stage/share/rocprofiler-sdk/tests/rocprofv3/rocpd/CMakeLists.txt
0.1	-- Installing: /work/grodgers/git/tr-aomp/TheRock/build/profiler/rocprofiler-sdk/stage/share/rocprofiler-sdk/tests/rocprofv3/rocpd/validate.py
0.1	-- Installing: /work/grodgers/git/tr-aomp/TheRock/build/profiler/rocprofiler-sdk/stage/share/rocprofiler-sdk/tests/rocprofv3/rocpd/pytest.ini
0.1	-- Installing: /work/grodgers/git/tr-aomp/TheRock/build/profiler/rocprofiler-sdk/stage/share/rocprofiler-sdk/tests/rocprofv3/rocpd/conftest.py
0.1	-- Installing: /work/grodgers/git/tr-aomp/TheRock/build/profiler/rocprofiler-sdk/stage/share/rocprofiler-sdk/tests/rocprofv3/scratch-memory
0.1	-- Installing: /work/grodgers/git/tr-aomp/TheRock/build/profiler/rocprofiler-sdk/stage/share/rocprofiler-sdk/tests/rocprofv3/scratch-memory/CMakeLists.txt
0.1	-- Installing: /work/grodgers/git/tr-aomp/TheRock/build/profiler/rocprofiler-sdk/stage/share/rocprofiler-sdk/tests/rocprofv3/scratch-memory/validate.py
0.1	-- Installing: /work/grodgers/git/tr-aomp/TheRock/build/profiler/rocprofiler-sdk/stage/share/rocprofiler-sdk/tests/rocprofv3/scratch-memory/pytest.ini
0.1	-- Installing: /work/grodgers/git/tr-aomp/TheRock/build/profiler/rocprofiler-sdk/stage/share/rocprofiler-sdk/tests/rocprofv3/scratch-memory/conftest.py
0.1	-- Installing: /work/grodgers/git/tr-aomp/TheRock/build/profiler/rocprofiler-sdk/stage/share/rocprofiler-sdk/tests/rocprofv3/agent-index
0.1	-- Installing: /work/grodgers/git/tr-aomp/TheRock/build/profiler/rocprofiler-sdk/stage/share/rocprofiler-sdk/tests/rocprofv3/agent-index/CMakeLists.txt
0.1	-- Installing: /work/grodgers/git/tr-aomp/TheRock/build/profiler/rocprofiler-sdk/stage/share/rocprofiler-sdk/tests/rocprofv3/agent-index/input_type_relative_agent_index.yaml
0.1	-- Installing: /work/grodgers/git/tr-aomp/TheRock/build/profiler/rocprofiler-sdk/stage/share/rocprofiler-sdk/tests/rocprofv3/agent-index/input_relative_agent_index.yaml
0.1	-- Installing: /work/grodgers/git/tr-aomp/TheRock/build/profiler/rocprofiler-sdk/stage/share/rocprofiler-sdk/tests/rocprofv3/agent-index/validate.py
0.1	-- Installing: /work/grodgers/git/tr-aomp/TheRock/build/profiler/rocprofiler-sdk/stage/share/rocprofiler-sdk/tests/rocprofv3/agent-index/input_absolute_agent_index.yaml
0.1	-- Installing: /work/grodgers/git/tr-aomp/TheRock/build/profiler/rocprofiler-sdk/stage/share/rocprofiler-sdk/tests/rocprofv3/agent-index/pytest.ini
0.1	-- Installing: /work/grodgers/git/tr-aomp/TheRock/build/profiler/rocprofiler-sdk/stage/share/rocprofiler-sdk/tests/rocprofv3/agent-index/conftest.py
0.1	-- Installing: /work/grodgers/git/tr-aomp/TheRock/build/profiler/rocprofiler-sdk/stage/share/rocprofiler-sdk/tests/rocprofv3/rocjpeg-trace
0.1	-- Installing: /work/grodgers/git/tr-aomp/TheRock/build/profiler/rocprofiler-sdk/stage/share/rocprofiler-sdk/tests/rocprofv3/rocjpeg-trace/CMakeLists.txt
0.1	-- Installing: /work/grodgers/git/tr-aomp/TheRock/build/profiler/rocprofiler-sdk/stage/share/rocprofiler-sdk/tests/rocprofv3/rocjpeg-trace/validate.py
0.1	-- Installing: /work/grodgers/git/tr-aomp/TheRock/build/profiler/rocprofiler-sdk/stage/share/rocprofiler-sdk/tests/rocprofv3/rocjpeg-trace/pytest.ini
0.1	-- Installing: /work/grodgers/git/tr-aomp/TheRock/build/profiler/rocprofiler-sdk/stage/share/rocprofiler-sdk/tests/rocprofv3/rocjpeg-trace/conftest.py
0.1	-- Installing: /work/grodgers/git/tr-aomp/TheRock/build/profiler/rocprofiler-sdk/stage/share/rocprofiler-sdk/tests/rocprofv3/rocdecode-trace
0.1	-- Installing: /work/grodgers/git/tr-aomp/TheRock/build/profiler/rocprofiler-sdk/stage/share/rocprofiler-sdk/tests/rocprofv3/rocdecode-trace/CMakeLists.txt
0.1	-- Installing: /work/grodgers/git/tr-aomp/TheRock/build/profiler/rocprofiler-sdk/stage/share/rocprofiler-sdk/tests/rocprofv3/rocdecode-trace/validate.py
0.1	-- Installing: /work/grodgers/git/tr-aomp/TheRock/build/profiler/rocprofiler-sdk/stage/share/rocprofiler-sdk/tests/rocprofv3/rocdecode-trace/pytest.ini
0.1	-- Installing: /work/grodgers/git/tr-aomp/TheRock/build/profiler/rocprofiler-sdk/stage/share/rocprofiler-sdk/tests/rocprofv3/rocdecode-trace/conftest.py
0.1	-- Installing: /work/grodgers/git/tr-aomp/TheRock/build/profiler/rocprofiler-sdk/stage/share/rocprofiler-sdk/tests/rocprofv3/advanced-thread-trace
0.1	-- Installing: /work/grodgers/git/tr-aomp/TheRock/build/profiler/rocprofiler-sdk/stage/share/rocprofiler-sdk/tests/rocprofv3/advanced-thread-trace/CMakeLists.txt
0.1	-- Installing: /work/grodgers/git/tr-aomp/TheRock/build/profiler/rocprofiler-sdk/stage/share/rocprofiler-sdk/tests/rocprofv3/advanced-thread-trace/att_input.yml.in
0.1	-- Installing: /work/grodgers/git/tr-aomp/TheRock/build/profiler/rocprofiler-sdk/stage/share/rocprofiler-sdk/tests/rocprofv3/advanced-thread-trace/att_input_will_fail.yml.in
0.1	-- Installing: /work/grodgers/git/tr-aomp/TheRock/build/profiler/rocprofiler-sdk/stage/share/rocprofiler-sdk/tests/rocprofv3/advanced-thread-trace/validate.py
0.1	-- Installing: /work/grodgers/git/tr-aomp/TheRock/build/profiler/rocprofiler-sdk/stage/share/rocprofiler-sdk/tests/rocprofv3/advanced-thread-trace/pytest.ini
0.1	-- Installing: /work/grodgers/git/tr-aomp/TheRock/build/profiler/rocprofiler-sdk/stage/share/rocprofiler-sdk/tests/rocprofv3/advanced-thread-trace/att_input.json
0.1	-- Installing: /work/grodgers/git/tr-aomp/TheRock/build/profiler/rocprofiler-sdk/stage/share/rocprofiler-sdk/tests/rocprofv3/advanced-thread-trace/conftest.py
0.1	-- Installing: /work/grodgers/git/tr-aomp/TheRock/build/profiler/rocprofiler-sdk/stage/share/rocprofiler-sdk/tests/rocprofv3/roctracer-roctx
0.1	-- Installing: /work/grodgers/git/tr-aomp/TheRock/build/profiler/rocprofiler-sdk/stage/share/rocprofiler-sdk/tests/rocprofv3/roctracer-roctx/CMakeLists.txt
0.1	-- Installing: /work/grodgers/git/tr-aomp/TheRock/build/profiler/rocprofiler-sdk/stage/share/rocprofiler-sdk/tests/rocprofv3/roctracer-roctx/roctracer-roctx-input.yml
0.1	-- Installing: /work/grodgers/git/tr-aomp/TheRock/build/profiler/rocprofiler-sdk/stage/share/rocprofiler-sdk/tests/rocprofv3/roctracer-roctx/validate.py
0.1	-- Installing: /work/grodgers/git/tr-aomp/TheRock/build/profiler/rocprofiler-sdk/stage/share/rocprofiler-sdk/tests/rocprofv3/roctracer-roctx/pytest.ini
0.1	-- Installing: /work/grodgers/git/tr-aomp/TheRock/build/profiler/rocprofiler-sdk/stage/share/rocprofiler-sdk/tests/rocprofv3/roctracer-roctx/conftest.py
0.1	-- Installing: /work/grodgers/git/tr-aomp/TheRock/build/profiler/rocprofiler-sdk/stage/share/rocprofiler-sdk/tests/async-copy-tracing
0.1	-- Installing: /work/grodgers/git/tr-aomp/TheRock/build/profiler/rocprofiler-sdk/stage/share/rocprofiler-sdk/tests/async-copy-tracing/CMakeLists.txt
0.1	-- Installing: /work/grodgers/git/tr-aomp/TheRock/build/profiler/rocprofiler-sdk/stage/share/rocprofiler-sdk/tests/async-copy-tracing/validate.py
0.1	-- Installing: /work/grodgers/git/tr-aomp/TheRock/build/profiler/rocprofiler-sdk/stage/share/rocprofiler-sdk/tests/async-copy-tracing/pytest.ini
0.1	-- Installing: /work/grodgers/git/tr-aomp/TheRock/build/profiler/rocprofiler-sdk/stage/share/rocprofiler-sdk/tests/async-copy-tracing/conftest.py
0.1	-- Installing: /work/grodgers/git/tr-aomp/TheRock/build/profiler/rocprofiler-sdk/stage/share/rocprofiler-sdk/tests/requirements.txt
0.1	-- Installing: /work/grodgers/git/tr-aomp/TheRock/build/profiler/rocprofiler-sdk/stage/lib/cmake/rocprofiler-sdk/rocprofiler-sdk-targets.cmake
0.1	-- Installing: /work/grodgers/git/tr-aomp/TheRock/build/profiler/rocprofiler-sdk/stage/lib/cmake/rocprofiler-sdk/rocprofiler-sdk-targets-release.cmake
0.1	-- Installing: /work/grodgers/git/tr-aomp/TheRock/build/profiler/rocprofiler-sdk/stage/lib/cmake/rocprofiler-sdk/Modules/rocprofiler-sdk-custom-compilation.cmake
0.1	-- Installing: /work/grodgers/git/tr-aomp/TheRock/build/profiler/rocprofiler-sdk/stage/lib/cmake/rocprofiler-sdk/Modules/rocprofiler-sdk-utilities.cmake
0.1	-- Installing: /work/grodgers/git/tr-aomp/TheRock/build/profiler/rocprofiler-sdk/stage/lib/cmake/rocprofiler-sdk/Modules/Findlibdw.cmake
0.1	-- Installing: /work/grodgers/git/tr-aomp/TheRock/build/profiler/rocprofiler-sdk/stage/lib/cmake/rocprofiler-sdk/Modules/FindrocDecode.cmake
0.1	-- Installing: /work/grodgers/git/tr-aomp/TheRock/build/profiler/rocprofiler-sdk/stage/lib/cmake/rocprofiler-sdk/Modules/FindrocJPEG.cmake
0.1	-- Installing: /work/grodgers/git/tr-aomp/TheRock/build/profiler/rocprofiler-sdk/stage/share/rocprofiler-sdk/setup-env.sh
0.1	-- Installing: /work/grodgers/git/tr-aomp/TheRock/build/profiler/rocprofiler-sdk/stage/share/modulefiles/rocprofiler-sdk/1.0.0
0.1	-- Installing: /work/grodgers/git/tr-aomp/TheRock/build/profiler/rocprofiler-sdk/stage/lib/cmake/rocprofiler-sdk/rocprofiler-sdk-config.cmake
0.1	-- Installing: /work/grodgers/git/tr-aomp/TheRock/build/profiler/rocprofiler-sdk/stage/lib/cmake/rocprofiler-sdk/rocprofiler-sdk-config-version.cmake
0.1	-- Installing: /work/grodgers/git/tr-aomp/TheRock/build/profiler/rocprofiler-sdk/stage/lib/cmake/rocprofiler-sdk/rocprofiler-sdk-config-nolink-target.cmake
0.1	-- Installing: /work/grodgers/git/tr-aomp/TheRock/build/profiler/rocprofiler-sdk/stage/lib/cmake/rocprofiler-sdk-roctx/rocprofiler-sdk-roctx-targets.cmake
0.1	-- Installing: /work/grodgers/git/tr-aomp/TheRock/build/profiler/rocprofiler-sdk/stage/lib/cmake/rocprofiler-sdk-roctx/rocprofiler-sdk-roctx-targets-release.cmake
0.1	-- Installing: /work/grodgers/git/tr-aomp/TheRock/build/profiler/rocprofiler-sdk/stage/share/rocprofiler-sdk-roctx/setup-env.sh
0.1	-- Installing: /work/grodgers/git/tr-aomp/TheRock/build/profiler/rocprofiler-sdk/stage/share/modulefiles/rocprofiler-sdk-roctx/1.0.0
0.1	-- Installing: /work/grodgers/git/tr-aomp/TheRock/build/profiler/rocprofiler-sdk/stage/lib/cmake/rocprofiler-sdk-roctx/rocprofiler-sdk-roctx-config.cmake
0.1	-- Installing: /work/grodgers/git/tr-aomp/TheRock/build/profiler/rocprofiler-sdk/stage/lib/cmake/rocprofiler-sdk-roctx/rocprofiler-sdk-roctx-config-version.cmake
0.1	-- Installing: /work/grodgers/git/tr-aomp/TheRock/build/profiler/rocprofiler-sdk/stage/share/doc/rocprofiler-sdk-roctx/LICENSE
0.1	-- Installing: /work/grodgers/git/tr-aomp/TheRock/build/profiler/rocprofiler-sdk/stage/lib/cmake/rocprofiler-sdk-rocpd/rocprofiler-sdk-rocpd-targets.cmake
0.1	-- Installing: /work/grodgers/git/tr-aomp/TheRock/build/profiler/rocprofiler-sdk/stage/lib/cmake/rocprofiler-sdk-rocpd/rocprofiler-sdk-rocpd-targets-release.cmake
0.1	-- Installing: /work/grodgers/git/tr-aomp/TheRock/build/profiler/rocprofiler-sdk/stage/share/rocprofiler-sdk-rocpd/setup-env.sh
0.1	-- Installing: /work/grodgers/git/tr-aomp/TheRock/build/profiler/rocprofiler-sdk/stage/share/modulefiles/rocprofiler-sdk-rocpd/1.0.0
0.1	-- Installing: /work/grodgers/git/tr-aomp/TheRock/build/profiler/rocprofiler-sdk/stage/lib/cmake/rocprofiler-sdk-rocpd/rocprofiler-sdk-rocpd-config.cmake
0.1	-- Installing: /work/grodgers/git/tr-aomp/TheRock/build/profiler/rocprofiler-sdk/stage/lib/cmake/rocprofiler-sdk-rocpd/rocprofiler-sdk-rocpd-config-version.cmake
0.1	-- Installing: /work/grodgers/git/tr-aomp/TheRock/build/profiler/rocprofiler-sdk/stage/share/doc/rocprofiler-sdk-rocpd/LICENSE
END	1757694144.6334467	0.14466023445129395	0
