BEGIN	1757694063.0231276
EXEC	/work1/grodgers/git/tr-aomp/TheRock/build/math-libs/rocThrust/build	/usr/bin/cmake --install /work/grodgers/git/tr-aomp/TheRock/build/math-libs/rocThrust/build
0.0	-- Install configuration: "Release"
0.0	-- Installing: /work/grodgers/git/tr-aomp/TheRock/build/math-libs/rocThrust/stage/share/doc/rocthrust/LICENSE
0.0	-- Installing: /work/grodgers/git/tr-aomp/TheRock/build/math-libs/rocThrust/stage/include/thrust
0.0	-- Installing: /work/grodgers/git/tr-aomp/TheRock/build/math-libs/rocThrust/stage/include/thrust/remove.h
0.0	-- Installing: /work/grodgers/git/tr-aomp/TheRock/build/math-libs/rocThrust/stage/include/thrust/set_operations.h
0.0	-- Installing: /work/grodgers/git/tr-aomp/TheRock/build/math-libs/rocThrust/stage/include/thrust/extrema.h
0.0	-- Installing: /work/grodgers/git/tr-aomp/TheRock/build/math-libs/rocThrust/stage/include/thrust/allocate_unique.h
0.0	-- Installing: /work/grodgers/git/tr-aomp/TheRock/build/math-libs/rocThrust/stage/include/thrust/universal_vector.h
0.0	-- Installing: /work/grodgers/git/tr-aomp/TheRock/build/math-libs/rocThrust/stage/include/thrust/memory.h
0.0	-- Installing: /work/grodgers/git/tr-aomp/TheRock/build/math-libs/rocThrust/stage/include/thrust/partition.h
0.0	-- Installing: /work/grodgers/git/tr-aomp/TheRock/build/math-libs/rocThrust/stage/include/thrust/equal.h
0.0	-- Installing: /work/grodgers/git/tr-aomp/TheRock/build/math-libs/rocThrust/stage/include/thrust/mr
0.0	-- Installing: /work/grodgers/git/tr-aomp/TheRock/build/math-libs/rocThrust/stage/include/thrust/mr/sync_pool.h
0.0	-- Installing: /work/grodgers/git/tr-aomp/TheRock/build/math-libs/rocThrust/stage/include/thrust/mr/memory_resource.h
0.0	-- Installing: /work/grodgers/git/tr-aomp/TheRock/build/math-libs/rocThrust/stage/include/thrust/mr/disjoint_sync_pool.h
0.0	-- Installing: /work/grodgers/git/tr-aomp/TheRock/build/math-libs/rocThrust/stage/include/thrust/mr/tls_pool.h
0.0	-- Installing: /work/grodgers/git/tr-aomp/TheRock/build/math-libs/rocThrust/stage/include/thrust/mr/validator.h
0.0	-- Installing: /work/grodgers/git/tr-aomp/TheRock/build/math-libs/rocThrust/stage/include/thrust/mr/host_memory_resource.h
0.0	-- Installing: /work/grodgers/git/tr-aomp/TheRock/build/math-libs/rocThrust/stage/include/thrust/mr/allocator.h
0.0	-- Installing: /work/grodgers/git/tr-aomp/TheRock/build/math-libs/rocThrust/stage/include/thrust/mr/pool.h
0.0	-- Installing: /work/grodgers/git/tr-aomp/TheRock/build/math-libs/rocThrust/stage/include/thrust/mr/fancy_pointer_resource.h
0.0	-- Installing: /work/grodgers/git/tr-aomp/TheRock/build/math-libs/rocThrust/stage/include/thrust/mr/device_memory_resource.h
0.0	-- Installing: /work/grodgers/git/tr-aomp/TheRock/build/math-libs/rocThrust/stage/include/thrust/mr/disjoint_pool.h
0.0	-- Installing: /work/grodgers/git/tr-aomp/TheRock/build/math-libs/rocThrust/stage/include/thrust/mr/new.h
0.0	-- Installing: /work/grodgers/git/tr-aomp/TheRock/build/math-libs/rocThrust/stage/include/thrust/mr/pool_options.h
0.0	-- Installing: /work/grodgers/git/tr-aomp/TheRock/build/math-libs/rocThrust/stage/include/thrust/mr/universal_memory_resource.h
0.0	-- Installing: /work/grodgers/git/tr-aomp/TheRock/build/math-libs/rocThrust/stage/include/thrust/mr/polymorphic_adaptor.h
0.0	-- Installing: /work/grodgers/git/tr-aomp/TheRock/build/math-libs/rocThrust/stage/include/thrust/mr/disjoint_tls_pool.h
0.0	-- Installing: /work/grodgers/git/tr-aomp/TheRock/build/math-libs/rocThrust/stage/include/thrust/universal_allocator.h
0.0	-- Installing: /work/grodgers/git/tr-aomp/TheRock/build/math-libs/rocThrust/stage/include/thrust/pair.h
0.0	-- Installing: /work/grodgers/git/tr-aomp/TheRock/build/math-libs/rocThrust/stage/include/thrust/scan.h
0.0	-- Installing: /work/grodgers/git/tr-aomp/TheRock/build/math-libs/rocThrust/stage/include/thrust/event.h
0.0	-- Installing: /work/grodgers/git/tr-aomp/TheRock/build/math-libs/rocThrust/stage/include/thrust/fill.h
0.0	-- Installing: /work/grodgers/git/tr-aomp/TheRock/build/math-libs/rocThrust/stage/include/thrust/scatter.h
0.0	-- Installing: /work/grodgers/git/tr-aomp/TheRock/build/math-libs/rocThrust/stage/include/thrust/merge.h
0.0	-- Installing: /work/grodgers/git/tr-aomp/TheRock/build/math-libs/rocThrust/stage/include/thrust/device_allocator.h
0.0	-- Installing: /work/grodgers/git/tr-aomp/TheRock/build/math-libs/rocThrust/stage/include/thrust/sort.h
0.0	-- Installing: /work/grodgers/git/tr-aomp/TheRock/build/math-libs/rocThrust/stage/include/thrust/limits.h
0.0	-- Installing: /work/grodgers/git/tr-aomp/TheRock/build/math-libs/rocThrust/stage/include/thrust/binary_search.h
0.0	-- Installing: /work/grodgers/git/tr-aomp/TheRock/build/math-libs/rocThrust/stage/include/thrust/uninitialized_copy.h
0.0	-- Installing: /work/grodgers/git/tr-aomp/TheRock/build/math-libs/rocThrust/stage/include/thrust/adjacent_difference.h
0.0	-- Installing: /work/grodgers/git/tr-aomp/TheRock/build/math-libs/rocThrust/stage/include/thrust/iterator
0.0	-- Installing: /work/grodgers/git/tr-aomp/TheRock/build/math-libs/rocThrust/stage/include/thrust/iterator/transform_input_output_iterator.h
0.0	-- Installing: /work/grodgers/git/tr-aomp/TheRock/build/math-libs/rocThrust/stage/include/thrust/iterator/transform_iterator.h
0.0	-- Installing: /work/grodgers/git/tr-aomp/TheRock/build/math-libs/rocThrust/stage/include/thrust/iterator/iterator_categories.h
0.0	-- Installing: /work/grodgers/git/tr-aomp/TheRock/build/math-libs/rocThrust/stage/include/thrust/iterator/iterator_adaptor.h
0.0	-- Installing: /work/grodgers/git/tr-aomp/TheRock/build/math-libs/rocThrust/stage/include/thrust/iterator/permutation_iterator.h
0.0	-- Installing: /work/grodgers/git/tr-aomp/TheRock/build/math-libs/rocThrust/stage/include/thrust/iterator/iterator_facade.h
0.0	-- Installing: /work/grodgers/git/tr-aomp/TheRock/build/math-libs/rocThrust/stage/include/thrust/iterator/retag.h
0.0	-- Installing: /work/grodgers/git/tr-aomp/TheRock/build/math-libs/rocThrust/stage/include/thrust/iterator/detail
0.0	-- Installing: /work/grodgers/git/tr-aomp/TheRock/build/math-libs/rocThrust/stage/include/thrust/iterator/detail/host_system_tag.h
0.0	-- Installing: /work/grodgers/git/tr-aomp/TheRock/build/math-libs/rocThrust/stage/include/thrust/iterator/detail/tuple_of_iterator_references.h
0.0	-- Installing: /work/grodgers/git/tr-aomp/TheRock/build/math-libs/rocThrust/stage/include/thrust/iterator/detail/iterator_traits.inl
0.0	-- Installing: /work/grodgers/git/tr-aomp/TheRock/build/math-libs/rocThrust/stage/include/thrust/iterator/detail/normal_iterator.h
0.0	-- Installing: /work/grodgers/git/tr-aomp/TheRock/build/math-libs/rocThrust/stage/include/thrust/iterator/detail/minimum_category.h
0.0	-- Installing: /work/grodgers/git/tr-aomp/TheRock/build/math-libs/rocThrust/stage/include/thrust/iterator/detail/is_iterator_category.h
0.0	-- Installing: /work/grodgers/git/tr-aomp/TheRock/build/math-libs/rocThrust/stage/include/thrust/iterator/detail/zip_iterator.inl
0.0	-- Installing: /work/grodgers/git/tr-aomp/TheRock/build/math-libs/rocThrust/stage/include/thrust/iterator/detail/iterator_category_to_traversal.h
0.0	-- Installing: /work/grodgers/git/tr-aomp/TheRock/build/math-libs/rocThrust/stage/include/thrust/iterator/detail/iterator_facade_category.h
0.0	-- Installing: /work/grodgers/git/tr-aomp/TheRock/build/math-libs/rocThrust/stage/include/thrust/iterator/detail/transform_output_iterator.inl
0.0	-- Installing: /work/grodgers/git/tr-aomp/TheRock/build/math-libs/rocThrust/stage/include/thrust/iterator/detail/minimum_system.h
0.0	-- Installing: /work/grodgers/git/tr-aomp/TheRock/build/math-libs/rocThrust/stage/include/thrust/iterator/detail/universal_categories.h
0.0	-- Installing: /work/grodgers/git/tr-aomp/TheRock/build/math-libs/rocThrust/stage/include/thrust/iterator/detail/counting_iterator.inl
0.0	-- Installing: /work/grodgers/git/tr-aomp/TheRock/build/math-libs/rocThrust/stage/include/thrust/iterator/detail/retag.h
0.0	-- Installing: /work/grodgers/git/tr-aomp/TheRock/build/math-libs/rocThrust/stage/include/thrust/iterator/detail/tagged_iterator.h
0.0	-- Installing: /work/grodgers/git/tr-aomp/TheRock/build/math-libs/rocThrust/stage/include/thrust/iterator/detail/discard_iterator_base.h
0.0	-- Installing: /work/grodgers/git/tr-aomp/TheRock/build/math-libs/rocThrust/stage/include/thrust/iterator/detail/any_assign.h
0.0	-- Installing: /work/grodgers/git/tr-aomp/TheRock/build/math-libs/rocThrust/stage/include/thrust/iterator/detail/transform_input_output_iterator.inl
0.0	-- Installing: /work/grodgers/git/tr-aomp/TheRock/build/math-libs/rocThrust/stage/include/thrust/iterator/detail/zip_iterator_base.h
0.0	-- Installing: /work/grodgers/git/tr-aomp/TheRock/build/math-libs/rocThrust/stage/include/thrust/iterator/detail/constant_iterator_base.h
0.0	-- Installing: /work/grodgers/git/tr-aomp/TheRock/build/math-libs/rocThrust/stage/include/thrust/iterator/detail/device_system_tag.h
0.0	-- Installing: /work/grodgers/git/tr-aomp/TheRock/build/math-libs/rocThrust/stage/include/thrust/iterator/detail/iterator_category_with_system_and_traversal.h
0.0	-- Installing: /work/grodgers/git/tr-aomp/TheRock/build/math-libs/rocThrust/stage/include/thrust/iterator/detail/reverse_iterator_base.h
0.0	-- Installing: /work/grodgers/git/tr-aomp/TheRock/build/math-libs/rocThrust/stage/include/thrust/iterator/detail/iterator_category_to_system.h
0.0	-- Installing: /work/grodgers/git/tr-aomp/TheRock/build/math-libs/rocThrust/stage/include/thrust/iterator/detail/join_iterator.h
0.0	-- Installing: /work/grodgers/git/tr-aomp/TheRock/build/math-libs/rocThrust/stage/include/thrust/iterator/detail/distance_from_result.h
0.0	-- Installing: /work/grodgers/git/tr-aomp/TheRock/build/math-libs/rocThrust/stage/include/thrust/iterator/detail/iterator_traits.h
0.0	-- Installing: /work/grodgers/git/tr-aomp/TheRock/build/math-libs/rocThrust/stage/include/thrust/iterator/detail/permutation_iterator_base.h
0.0	-- Installing: /work/grodgers/git/tr-aomp/TheRock/build/math-libs/rocThrust/stage/include/thrust/iterator/detail/tabulate_output_iterator.inl
0.0	-- Installing: /work/grodgers/git/tr-aomp/TheRock/build/math-libs/rocThrust/stage/include/thrust/iterator/detail/transform_iterator.inl
0.0	-- Installing: /work/grodgers/git/tr-aomp/TheRock/build/math-libs/rocThrust/stage/include/thrust/iterator/detail/any_system_tag.h
0.0	-- Installing: /work/grodgers/git/tr-aomp/TheRock/build/math-libs/rocThrust/stage/include/thrust/iterator/detail/iterator_traversal_tags.h
0.0	-- Installing: /work/grodgers/git/tr-aomp/TheRock/build/math-libs/rocThrust/stage/include/thrust/iterator/detail/reverse_iterator.inl
0.0	-- Installing: /work/grodgers/git/tr-aomp/TheRock/build/math-libs/rocThrust/stage/include/thrust/iterator/detail/iterator_adaptor_base.h
0.0	-- Installing: /work/grodgers/git/tr-aomp/TheRock/build/math-libs/rocThrust/stage/include/thrust/iterator/discard_iterator.h
0.0	-- Installing: /work/grodgers/git/tr-aomp/TheRock/build/math-libs/rocThrust/stage/include/thrust/iterator/counting_iterator.h
0.0	-- Installing: /work/grodgers/git/tr-aomp/TheRock/build/math-libs/rocThrust/stage/include/thrust/iterator/tabulate_output_iterator.h
0.0	-- Installing: /work/grodgers/git/tr-aomp/TheRock/build/math-libs/rocThrust/stage/include/thrust/iterator/zip_iterator.h
0.0	-- Installing: /work/grodgers/git/tr-aomp/TheRock/build/math-libs/rocThrust/stage/include/thrust/iterator/reverse_iterator.h
0.0	-- Installing: /work/grodgers/git/tr-aomp/TheRock/build/math-libs/rocThrust/stage/include/thrust/iterator/transform_output_iterator.h
0.0	-- Installing: /work/grodgers/git/tr-aomp/TheRock/build/math-libs/rocThrust/stage/include/thrust/iterator/iterator_traits.h
0.0	-- Installing: /work/grodgers/git/tr-aomp/TheRock/build/math-libs/rocThrust/stage/include/thrust/iterator/constant_iterator.h
0.0	-- Installing: /work/grodgers/git/tr-aomp/TheRock/build/math-libs/rocThrust/stage/include/thrust/sequence.h
0.0	-- Installing: /work/grodgers/git/tr-aomp/TheRock/build/math-libs/rocThrust/stage/include/thrust/device_malloc_allocator.h
0.0	-- Installing: /work/grodgers/git/tr-aomp/TheRock/build/math-libs/rocThrust/stage/include/thrust/transform_reduce.h
0.0	-- Installing: /work/grodgers/git/tr-aomp/TheRock/build/math-libs/rocThrust/stage/include/thrust/device_new_allocator.h
0.0	-- Installing: /work/grodgers/git/tr-aomp/TheRock/build/math-libs/rocThrust/stage/include/thrust/transform.h
0.0	-- Installing: /work/grodgers/git/tr-aomp/TheRock/build/math-libs/rocThrust/stage/include/thrust/complex.h
0.0	-- Installing: /work/grodgers/git/tr-aomp/TheRock/build/math-libs/rocThrust/stage/include/thrust/for_each.h
0.0	-- Installing: /work/grodgers/git/tr-aomp/TheRock/build/math-libs/rocThrust/stage/include/thrust/unique.h
0.0	-- Installing: /work/grodgers/git/tr-aomp/TheRock/build/math-libs/rocThrust/stage/include/thrust/advance.h
0.0	-- Installing: /work/grodgers/git/tr-aomp/TheRock/build/math-libs/rocThrust/stage/include/thrust/device_reference.h
0.0	-- Installing: /work/grodgers/git/tr-aomp/TheRock/build/math-libs/rocThrust/stage/include/thrust/tabulate.h
0.0	-- Installing: /work/grodgers/git/tr-aomp/TheRock/build/math-libs/rocThrust/stage/include/thrust/zip_function.h
0.0	-- Installing: /work/grodgers/git/tr-aomp/TheRock/build/math-libs/rocThrust/stage/include/thrust/execution_policy.h
0.0	-- Installing: /work/grodgers/git/tr-aomp/TheRock/build/math-libs/rocThrust/stage/include/thrust/host_vector.h
0.0	-- Installing: /work/grodgers/git/tr-aomp/TheRock/build/math-libs/rocThrust/stage/include/thrust/mismatch.h
0.0	-- Installing: /work/grodgers/git/tr-aomp/TheRock/build/math-libs/rocThrust/stage/include/thrust/device_malloc.h
0.0	-- Installing: /work/grodgers/git/tr-aomp/TheRock/build/math-libs/rocThrust/stage/include/thrust/copy.h
0.0	-- Installing: /work/grodgers/git/tr-aomp/TheRock/build/math-libs/rocThrust/stage/include/thrust/detail
0.0	-- Installing: /work/grodgers/git/tr-aomp/TheRock/build/math-libs/rocThrust/stage/include/thrust/detail/reference.h
0.0	-- Installing: /work/grodgers/git/tr-aomp/TheRock/build/math-libs/rocThrust/stage/include/thrust/detail/contiguous_storage.inl
0.0	-- Installing: /work/grodgers/git/tr-aomp/TheRock/build/math-libs/rocThrust/stage/include/thrust/detail/select_system.h
0.0	-- Installing: /work/grodgers/git/tr-aomp/TheRock/build/math-libs/rocThrust/stage/include/thrust/detail/uninitialized_copy.inl
0.0	-- Installing: /work/grodgers/git/tr-aomp/TheRock/build/math-libs/rocThrust/stage/include/thrust/detail/functional
0.0	-- Installing: /work/grodgers/git/tr-aomp/TheRock/build/math-libs/rocThrust/stage/include/thrust/detail/functional/operators.h
0.0	-- Installing: /work/grodgers/git/tr-aomp/TheRock/build/math-libs/rocThrust/stage/include/thrust/detail/functional/actor.h
0.0	-- Installing: /work/grodgers/git/tr-aomp/TheRock/build/math-libs/rocThrust/stage/include/thrust/detail/functional/address_stability.h
0.0	-- Installing: /work/grodgers/git/tr-aomp/TheRock/build/math-libs/rocThrust/stage/include/thrust/detail/set_operations.inl
0.0	-- Installing: /work/grodgers/git/tr-aomp/TheRock/build/math-libs/rocThrust/stage/include/thrust/detail/scan.inl
0.0	-- Installing: /work/grodgers/git/tr-aomp/TheRock/build/math-libs/rocThrust/stage/include/thrust/detail/cpp_version_check.h
0.0	-- Installing: /work/grodgers/git/tr-aomp/TheRock/build/math-libs/rocThrust/stage/include/thrust/detail/transform_reduce.inl
0.0	-- Installing: /work/grodgers/git/tr-aomp/TheRock/build/math-libs/rocThrust/stage/include/thrust/detail/modern_gcc_required.h
0.0	-- Installing: /work/grodgers/git/tr-aomp/TheRock/build/math-libs/rocThrust/stage/include/thrust/detail/reference_forward_declaration.h
0.0	-- Installing: /work/grodgers/git/tr-aomp/TheRock/build/math-libs/rocThrust/stage/include/thrust/detail/pair.inl
0.0	-- Installing: /work/grodgers/git/tr-aomp/TheRock/build/math-libs/rocThrust/stage/include/thrust/detail/raw_reference_cast.h
0.0	-- Installing: /work/grodgers/git/tr-aomp/TheRock/build/math-libs/rocThrust/stage/include/thrust/detail/sequence.inl
0.0	-- Installing: /work/grodgers/git/tr-aomp/TheRock/build/math-libs/rocThrust/stage/include/thrust/detail/copy.inl
0.0	-- Installing: /work/grodgers/git/tr-aomp/TheRock/build/math-libs/rocThrust/stage/include/thrust/detail/type_traits.h
0.0	-- Installing: /work/grodgers/git/tr-aomp/TheRock/build/math-libs/rocThrust/stage/include/thrust/detail/merge.inl
0.0	-- Installing: /work/grodgers/git/tr-aomp/TheRock/build/math-libs/rocThrust/stage/include/thrust/detail/seq.h
0.1	-- Installing: /work/grodgers/git/tr-aomp/TheRock/build/math-libs/rocThrust/stage/include/thrust/detail/raw_pointer_cast.h
0.1	-- Installing: /work/grodgers/git/tr-aomp/TheRock/build/math-libs/rocThrust/stage/include/thrust/detail/execute_with_allocator.h
0.1	-- Installing: /work/grodgers/git/tr-aomp/TheRock/build/math-libs/rocThrust/stage/include/thrust/detail/transform.inl
0.1	-- Installing: /work/grodgers/git/tr-aomp/TheRock/build/math-libs/rocThrust/stage/include/thrust/detail/mismatch.inl
0.1	-- Installing: /work/grodgers/git/tr-aomp/TheRock/build/math-libs/rocThrust/stage/include/thrust/detail/numeric_wrapper.h
0.1	-- Installing: /work/grodgers/git/tr-aomp/TheRock/build/math-libs/rocThrust/stage/include/thrust/detail/temporary_buffer.h
0.1	-- Installing: /work/grodgers/git/tr-aomp/TheRock/build/math-libs/rocThrust/stage/include/thrust/detail/for_each.inl
0.1	-- Installing: /work/grodgers/git/tr-aomp/TheRock/build/math-libs/rocThrust/stage/include/thrust/detail/nv_target.h
0.1	-- Installing: /work/grodgers/git/tr-aomp/TheRock/build/math-libs/rocThrust/stage/include/thrust/detail/allocator
0.1	-- Installing: /work/grodgers/git/tr-aomp/TheRock/build/math-libs/rocThrust/stage/include/thrust/detail/allocator/fill_construct_range.h
0.1	-- Installing: /work/grodgers/git/tr-aomp/TheRock/build/math-libs/rocThrust/stage/include/thrust/detail/allocator/fill_construct_range.inl
0.1	-- Installing: /work/grodgers/git/tr-aomp/TheRock/build/math-libs/rocThrust/stage/include/thrust/detail/allocator/copy_construct_range.inl
0.1	-- Installing: /work/grodgers/git/tr-aomp/TheRock/build/math-libs/rocThrust/stage/include/thrust/detail/allocator/allocator_traits.inl
0.1	-- Installing: /work/grodgers/git/tr-aomp/TheRock/build/math-libs/rocThrust/stage/include/thrust/detail/allocator/temporary_allocator.h
0.1	-- Installing: /work/grodgers/git/tr-aomp/TheRock/build/math-libs/rocThrust/stage/include/thrust/detail/allocator/no_throw_allocator.h
0.1	-- Installing: /work/grodgers/git/tr-aomp/TheRock/build/math-libs/rocThrust/stage/include/thrust/detail/allocator/allocator_traits.h
0.1	-- Installing: /work/grodgers/git/tr-aomp/TheRock/build/math-libs/rocThrust/stage/include/thrust/detail/allocator/tagged_allocator.inl
0.1	-- Installing: /work/grodgers/git/tr-aomp/TheRock/build/math-libs/rocThrust/stage/include/thrust/detail/allocator/temporary_allocator.inl
0.1	-- Installing: /work/grodgers/git/tr-aomp/TheRock/build/math-libs/rocThrust/stage/include/thrust/detail/allocator/value_initialize_range.h
0.1	-- Installing: /work/grodgers/git/tr-aomp/TheRock/build/math-libs/rocThrust/stage/include/thrust/detail/allocator/malloc_allocator.h
0.1	-- Installing: /work/grodgers/git/tr-aomp/TheRock/build/math-libs/rocThrust/stage/include/thrust/detail/allocator/value_initialize_range.inl
0.1	-- Installing: /work/grodgers/git/tr-aomp/TheRock/build/math-libs/rocThrust/stage/include/thrust/detail/allocator/tagged_allocator.h
0.1	-- Installing: /work/grodgers/git/tr-aomp/TheRock/build/math-libs/rocThrust/stage/include/thrust/detail/allocator/destroy_range.inl
0.1	-- Installing: /work/grodgers/git/tr-aomp/TheRock/build/math-libs/rocThrust/stage/include/thrust/detail/allocator/destroy_range.h
0.1	-- Installing: /work/grodgers/git/tr-aomp/TheRock/build/math-libs/rocThrust/stage/include/thrust/detail/allocator/malloc_allocator.inl
0.1	-- Installing: /work/grodgers/git/tr-aomp/TheRock/build/math-libs/rocThrust/stage/include/thrust/detail/allocator/copy_construct_range.h
0.1	-- Installing: /work/grodgers/git/tr-aomp/TheRock/build/math-libs/rocThrust/stage/include/thrust/detail/complex
0.1	-- Installing: /work/grodgers/git/tr-aomp/TheRock/build/math-libs/rocThrust/stage/include/thrust/detail/complex/csqrt.h
0.1	-- Installing: /work/grodgers/git/tr-aomp/TheRock/build/math-libs/rocThrust/stage/include/thrust/detail/complex/catrig.h
0.1	-- Installing: /work/grodgers/git/tr-aomp/TheRock/build/math-libs/rocThrust/stage/include/thrust/detail/complex/ctanhf.h
0.1	-- Installing: /work/grodgers/git/tr-aomp/TheRock/build/math-libs/rocThrust/stage/include/thrust/detail/complex/math_private.h
0.1	-- Installing: /work/grodgers/git/tr-aomp/TheRock/build/math-libs/rocThrust/stage/include/thrust/detail/complex/ctanh.h
0.1	-- Installing: /work/grodgers/git/tr-aomp/TheRock/build/math-libs/rocThrust/stage/include/thrust/detail/complex/csqrtf.h
0.1	-- Installing: /work/grodgers/git/tr-aomp/TheRock/build/math-libs/rocThrust/stage/include/thrust/detail/complex/ccoshf.h
0.1	-- Installing: /work/grodgers/git/tr-aomp/TheRock/build/math-libs/rocThrust/stage/include/thrust/detail/complex/cexp.h
0.1	-- Installing: /work/grodgers/git/tr-aomp/TheRock/build/math-libs/rocThrust/stage/include/thrust/detail/complex/csinhf.h
0.1	-- Installing: /work/grodgers/git/tr-aomp/TheRock/build/math-libs/rocThrust/stage/include/thrust/detail/complex/clog.h
0.1	-- Installing: /work/grodgers/git/tr-aomp/TheRock/build/math-libs/rocThrust/stage/include/thrust/detail/complex/cpow.h
0.1	-- Installing: /work/grodgers/git/tr-aomp/TheRock/build/math-libs/rocThrust/stage/include/thrust/detail/complex/arithmetic.h
0.1	-- Installing: /work/grodgers/git/tr-aomp/TheRock/build/math-libs/rocThrust/stage/include/thrust/detail/complex/catrigf.h
0.1	-- Installing: /work/grodgers/git/tr-aomp/TheRock/build/math-libs/rocThrust/stage/include/thrust/detail/complex/clogf.h
0.1	-- Installing: /work/grodgers/git/tr-aomp/TheRock/build/math-libs/rocThrust/stage/include/thrust/detail/complex/complex.inl
0.1	-- Installing: /work/grodgers/git/tr-aomp/TheRock/build/math-libs/rocThrust/stage/include/thrust/detail/complex/csinh.h
0.1	-- Installing: /work/grodgers/git/tr-aomp/TheRock/build/math-libs/rocThrust/stage/include/thrust/detail/complex/c99math.h
0.1	-- Installing: /work/grodgers/git/tr-aomp/TheRock/build/math-libs/rocThrust/stage/include/thrust/detail/complex/ccosh.h
0.1	-- Installing: /work/grodgers/git/tr-aomp/TheRock/build/math-libs/rocThrust/stage/include/thrust/detail/complex/stream.h
0.1	-- Installing: /work/grodgers/git/tr-aomp/TheRock/build/math-libs/rocThrust/stage/include/thrust/detail/complex/cexpf.h
0.1	-- Installing: /work/grodgers/git/tr-aomp/TheRock/build/math-libs/rocThrust/stage/include/thrust/detail/complex/cproj.h
0.1	-- Installing: /work/grodgers/git/tr-aomp/TheRock/build/math-libs/rocThrust/stage/include/thrust/detail/copy_if.h
0.1	-- Installing: /work/grodgers/git/tr-aomp/TheRock/build/math-libs/rocThrust/stage/include/thrust/detail/alignment.h
0.1	-- Installing: /work/grodgers/git/tr-aomp/TheRock/build/math-libs/rocThrust/stage/include/thrust/detail/device_ptr.inl
0.1	-- Installing: /work/grodgers/git/tr-aomp/TheRock/build/math-libs/rocThrust/stage/include/thrust/detail/event_error.h
0.1	-- Installing: /work/grodgers/git/tr-aomp/TheRock/build/math-libs/rocThrust/stage/include/thrust/detail/transform_scan.inl
0.1	-- Installing: /work/grodgers/git/tr-aomp/TheRock/build/math-libs/rocThrust/stage/include/thrust/detail/tuple.inl
0.1	-- Installing: /work/grodgers/git/tr-aomp/TheRock/build/math-libs/rocThrust/stage/include/thrust/detail/functional.inl
0.1	-- Installing: /work/grodgers/git/tr-aomp/TheRock/build/math-libs/rocThrust/stage/include/thrust/detail/logical.inl
0.1	-- Installing: /work/grodgers/git/tr-aomp/TheRock/build/math-libs/rocThrust/stage/include/thrust/detail/tuple_transform.h
0.1	-- Installing: /work/grodgers/git/tr-aomp/TheRock/build/math-libs/rocThrust/stage/include/thrust/detail/distance.inl
0.1	-- Installing: /work/grodgers/git/tr-aomp/TheRock/build/math-libs/rocThrust/stage/include/thrust/detail/memory_wrapper.h
0.1	-- Installing: /work/grodgers/git/tr-aomp/TheRock/build/math-libs/rocThrust/stage/include/thrust/detail/remove.inl
0.1	-- Installing: /work/grodgers/git/tr-aomp/TheRock/build/math-libs/rocThrust/stage/include/thrust/detail/uninitialized_fill.inl
0.1	-- Installing: /work/grodgers/git/tr-aomp/TheRock/build/math-libs/rocThrust/stage/include/thrust/detail/tabulate.inl
0.1	-- Installing: /work/grodgers/git/tr-aomp/TheRock/build/math-libs/rocThrust/stage/include/thrust/detail/internal_functional.h
0.1	-- Installing: /work/grodgers/git/tr-aomp/TheRock/build/math-libs/rocThrust/stage/include/thrust/detail/execute_with_allocator_fwd.h
0.1	-- Installing: /work/grodgers/git/tr-aomp/TheRock/build/math-libs/rocThrust/stage/include/thrust/detail/memory_algorithms.h
0.1	-- Installing: /work/grodgers/git/tr-aomp/TheRock/build/math-libs/rocThrust/stage/include/thrust/detail/sort.inl
0.1	-- Installing: /work/grodgers/git/tr-aomp/TheRock/build/math-libs/rocThrust/stage/include/thrust/detail/device_new.inl
0.1	-- Installing: /work/grodgers/git/tr-aomp/TheRock/build/math-libs/rocThrust/stage/include/thrust/detail/static_assert.h
0.1	-- Installing: /work/grodgers/git/tr-aomp/TheRock/build/math-libs/rocThrust/stage/include/thrust/detail/static_map.h
0.1	-- Installing: /work/grodgers/git/tr-aomp/TheRock/build/math-libs/rocThrust/stage/include/thrust/detail/temporary_array.h
0.1	-- Installing: /work/grodgers/git/tr-aomp/TheRock/build/math-libs/rocThrust/stage/include/thrust/detail/extrema.inl
0.1	-- Installing: /work/grodgers/git/tr-aomp/TheRock/build/math-libs/rocThrust/stage/include/thrust/detail/malloc_and_free_fwd.h
0.1	-- Installing: /work/grodgers/git/tr-aomp/TheRock/build/math-libs/rocThrust/stage/include/thrust/detail/execution_policy.h
0.1	-- Installing: /work/grodgers/git/tr-aomp/TheRock/build/math-libs/rocThrust/stage/include/thrust/detail/shuffle.inl
0.1	-- Installing: /work/grodgers/git/tr-aomp/TheRock/build/math-libs/rocThrust/stage/include/thrust/detail/range
0.1	-- Installing: /work/grodgers/git/tr-aomp/TheRock/build/math-libs/rocThrust/stage/include/thrust/detail/range/head_flags.h
0.1	-- Installing: /work/grodgers/git/tr-aomp/TheRock/build/math-libs/rocThrust/stage/include/thrust/detail/range/tail_flags.h
0.1	-- Installing: /work/grodgers/git/tr-aomp/TheRock/build/math-libs/rocThrust/stage/include/thrust/detail/unique.inl
0.1	-- Installing: /work/grodgers/git/tr-aomp/TheRock/build/math-libs/rocThrust/stage/include/thrust/detail/util
0.1	-- Installing: /work/grodgers/git/tr-aomp/TheRock/build/math-libs/rocThrust/stage/include/thrust/detail/util/align.h
0.1	-- Installing: /work/grodgers/git/tr-aomp/TheRock/build/math-libs/rocThrust/stage/include/thrust/detail/adjacent_difference.inl
0.1	-- Installing: /work/grodgers/git/tr-aomp/TheRock/build/math-libs/rocThrust/stage/include/thrust/detail/integer_traits.h
0.1	-- Installing: /work/grodgers/git/tr-aomp/TheRock/build/math-libs/rocThrust/stage/include/thrust/detail/trivial_sequence.h
0.1	-- Installing: /work/grodgers/git/tr-aomp/TheRock/build/math-libs/rocThrust/stage/include/thrust/detail/copy.h
0.1	-- Installing: /work/grodgers/git/tr-aomp/TheRock/build/math-libs/rocThrust/stage/include/thrust/detail/temporary_array.inl
0.1	-- Installing: /work/grodgers/git/tr-aomp/TheRock/build/math-libs/rocThrust/stage/include/thrust/detail/partition.inl
0.1	-- Installing: /work/grodgers/git/tr-aomp/TheRock/build/math-libs/rocThrust/stage/include/thrust/detail/tuple_algorithms.h
0.1	-- Installing: /work/grodgers/git/tr-aomp/TheRock/build/math-libs/rocThrust/stage/include/thrust/detail/gather.inl
0.1	-- Installing: /work/grodgers/git/tr-aomp/TheRock/build/math-libs/rocThrust/stage/include/thrust/detail/replace.inl
0.1	-- Installing: /work/grodgers/git/tr-aomp/TheRock/build/math-libs/rocThrust/stage/include/thrust/detail/swap_ranges.inl
0.1	-- Installing: /work/grodgers/git/tr-aomp/TheRock/build/math-libs/rocThrust/stage/include/thrust/detail/contiguous_storage.h
0.1	-- Installing: /work/grodgers/git/tr-aomp/TheRock/build/math-libs/rocThrust/stage/include/thrust/detail/reduce.inl
0.1	-- Installing: /work/grodgers/git/tr-aomp/TheRock/build/math-libs/rocThrust/stage/include/thrust/detail/get_iterator_value.h
0.1	-- Installing: /work/grodgers/git/tr-aomp/TheRock/build/math-libs/rocThrust/stage/include/thrust/detail/inner_product.inl
0.1	-- Installing: /work/grodgers/git/tr-aomp/TheRock/build/math-libs/rocThrust/stage/include/thrust/detail/device_delete.inl
0.1	-- Installing: /work/grodgers/git/tr-aomp/TheRock/build/math-libs/rocThrust/stage/include/thrust/detail/vector_base.h
0.1	-- Installing: /work/grodgers/git/tr-aomp/TheRock/build/math-libs/rocThrust/stage/include/thrust/detail/tuple_meta_transform.h
0.1	-- Installing: /work/grodgers/git/tr-aomp/TheRock/build/math-libs/rocThrust/stage/include/thrust/detail/minmax.h
0.1	-- Installing: /work/grodgers/git/tr-aomp/TheRock/build/math-libs/rocThrust/stage/include/thrust/detail/fill.inl
0.1	-- Installing: /work/grodgers/git/tr-aomp/TheRock/build/math-libs/rocThrust/stage/include/thrust/detail/dependencies_aware_execution_policy.h
0.1	-- Installing: /work/grodgers/git/tr-aomp/TheRock/build/math-libs/rocThrust/stage/include/thrust/detail/copy_if.inl
0.1	-- Installing: /work/grodgers/git/tr-aomp/TheRock/build/math-libs/rocThrust/stage/include/thrust/detail/algorithm_wrapper.h
0.1	-- Installing: /work/grodgers/git/tr-aomp/TheRock/build/math-libs/rocThrust/stage/include/thrust/detail/device_free.inl
0.1	-- Installing: /work/grodgers/git/tr-aomp/TheRock/build/math-libs/rocThrust/stage/include/thrust/detail/integer_math.h
0.1	-- Installing: /work/grodgers/git/tr-aomp/TheRock/build/math-libs/rocThrust/stage/include/thrust/detail/count.h
0.1	-- Installing: /work/grodgers/git/tr-aomp/TheRock/build/math-libs/rocThrust/stage/include/thrust/detail/equal.inl
0.1	-- Installing: /work/grodgers/git/tr-aomp/TheRock/build/math-libs/rocThrust/stage/include/thrust/detail/malloc_and_free.h
0.1	-- Installing: /work/grodgers/git/tr-aomp/TheRock/build/math-libs/rocThrust/stage/include/thrust/detail/reverse.inl
0.1	-- Installing: /work/grodgers/git/tr-aomp/TheRock/build/math-libs/rocThrust/stage/include/thrust/detail/overlapped_copy.h
0.1	-- Installing: /work/grodgers/git/tr-aomp/TheRock/build/math-libs/rocThrust/stage/include/thrust/detail/pointer.inl
0.1	-- Installing: /work/grodgers/git/tr-aomp/TheRock/build/math-libs/rocThrust/stage/include/thrust/detail/advance.inl
0.1	-- Installing: /work/grodgers/git/tr-aomp/TheRock/build/math-libs/rocThrust/stage/include/thrust/detail/pointer.h
0.1	-- Installing: /work/grodgers/git/tr-aomp/TheRock/build/math-libs/rocThrust/stage/include/thrust/detail/generate.inl
0.1	-- Installing: /work/grodgers/git/tr-aomp/TheRock/build/math-libs/rocThrust/stage/include/thrust/detail/caching_allocator.h
0.1	-- Installing: /work/grodgers/git/tr-aomp/TheRock/build/math-libs/rocThrust/stage/include/thrust/detail/count.inl
0.1	-- Installing: /work/grodgers/git/tr-aomp/TheRock/build/math-libs/rocThrust/stage/include/thrust/detail/execute_with_dependencies.h
0.1	-- Installing: /work/grodgers/git/tr-aomp/TheRock/build/math-libs/rocThrust/stage/include/thrust/detail/type_traits
0.1	-- Installing: /work/grodgers/git/tr-aomp/TheRock/build/math-libs/rocThrust/stage/include/thrust/detail/type_traits/has_nested_type.h
0.1	-- Installing: /work/grodgers/git/tr-aomp/TheRock/build/math-libs/rocThrust/stage/include/thrust/detail/type_traits/is_call_possible.h
0.1	-- Installing: /work/grodgers/git/tr-aomp/TheRock/build/math-libs/rocThrust/stage/include/thrust/detail/type_traits/minimum_type.h
0.1	-- Installing: /work/grodgers/git/tr-aomp/TheRock/build/math-libs/rocThrust/stage/include/thrust/detail/type_traits/iterator
0.1	-- Installing: /work/grodgers/git/tr-aomp/TheRock/build/math-libs/rocThrust/stage/include/thrust/detail/type_traits/iterator/is_output_iterator.h
0.1	-- Installing: /work/grodgers/git/tr-aomp/TheRock/build/math-libs/rocThrust/stage/include/thrust/detail/type_traits/iterator/is_discard_iterator.h
0.1	-- Installing: /work/grodgers/git/tr-aomp/TheRock/build/math-libs/rocThrust/stage/include/thrust/detail/type_traits/pointer_traits.h
0.1	-- Installing: /work/grodgers/git/tr-aomp/TheRock/build/math-libs/rocThrust/stage/include/thrust/detail/type_traits/is_commutative.h
0.1	-- Installing: /work/grodgers/git/tr-aomp/TheRock/build/math-libs/rocThrust/stage/include/thrust/detail/type_traits/has_member_function.h
0.1	-- Installing: /work/grodgers/git/tr-aomp/TheRock/build/math-libs/rocThrust/stage/include/thrust/detail/type_traits/is_metafunction_defined.h
0.1	-- Installing: /work/grodgers/git/tr-aomp/TheRock/build/math-libs/rocThrust/stage/include/thrust/detail/numeric_traits.h
0.1	-- Installing: /work/grodgers/git/tr-aomp/TheRock/build/math-libs/rocThrust/stage/include/thrust/detail/function.h
0.1	-- Installing: /work/grodgers/git/tr-aomp/TheRock/build/math-libs/rocThrust/stage/include/thrust/detail/device_malloc.inl
0.1	-- Installing: /work/grodgers/git/tr-aomp/TheRock/build/math-libs/rocThrust/stage/include/thrust/detail/binary_search.inl
0.1	-- Installing: /work/grodgers/git/tr-aomp/TheRock/build/math-libs/rocThrust/stage/include/thrust/detail/find.inl
0.1	-- Installing: /work/grodgers/git/tr-aomp/TheRock/build/math-libs/rocThrust/stage/include/thrust/detail/mpl
0.1	-- Installing: /work/grodgers/git/tr-aomp/TheRock/build/math-libs/rocThrust/stage/include/thrust/detail/mpl/math.h
0.1	-- Installing: /work/grodgers/git/tr-aomp/TheRock/build/math-libs/rocThrust/stage/include/thrust/detail/preprocessor.h
0.1	-- Installing: /work/grodgers/git/tr-aomp/TheRock/build/math-libs/rocThrust/stage/include/thrust/detail/config.h
0.1	-- Installing: /work/grodgers/git/tr-aomp/TheRock/build/math-libs/rocThrust/stage/include/thrust/detail/config
0.1	-- Installing: /work/grodgers/git/tr-aomp/TheRock/build/math-libs/rocThrust/stage/include/thrust/detail/config/simple_defines.h
0.1	-- Installing: /work/grodgers/git/tr-aomp/TheRock/build/math-libs/rocThrust/stage/include/thrust/detail/config/cpp_compatibility.h
0.1	-- Installing: /work/grodgers/git/tr-aomp/TheRock/build/math-libs/rocThrust/stage/include/thrust/detail/config/global_workarounds.h
0.1	-- Installing: /work/grodgers/git/tr-aomp/TheRock/build/math-libs/rocThrust/stage/include/thrust/detail/config/memory_resource.h
0.1	-- Installing: /work/grodgers/git/tr-aomp/TheRock/build/math-libs/rocThrust/stage/include/thrust/detail/config/namespace.h
0.1	-- Installing: /work/grodgers/git/tr-aomp/TheRock/build/math-libs/rocThrust/stage/include/thrust/detail/config/deprecated.h
0.1	-- Installing: /work/grodgers/git/tr-aomp/TheRock/build/math-libs/rocThrust/stage/include/thrust/detail/config/execution_space.h
0.1	-- Installing: /work/grodgers/git/tr-aomp/TheRock/build/math-libs/rocThrust/stage/include/thrust/detail/config/cpp_dialect.h
0.1	-- Installing: /work/grodgers/git/tr-aomp/TheRock/build/math-libs/rocThrust/stage/include/thrust/detail/config/host_system.h
0.1	-- Installing: /work/grodgers/git/tr-aomp/TheRock/build/math-libs/rocThrust/stage/include/thrust/detail/config/libcxx.h
0.1	-- Installing: /work/grodgers/git/tr-aomp/TheRock/build/math-libs/rocThrust/stage/include/thrust/detail/config/compiler_fence.h
0.1	-- Installing: /work/grodgers/git/tr-aomp/TheRock/build/math-libs/rocThrust/stage/include/thrust/detail/config/visibility.h
0.1	-- Installing: /work/grodgers/git/tr-aomp/TheRock/build/math-libs/rocThrust/stage/include/thrust/detail/config/device_system.h
0.1	-- Installing: /work/grodgers/git/tr-aomp/TheRock/build/math-libs/rocThrust/stage/include/thrust/detail/config/rtti.h
0.1	-- Installing: /work/grodgers/git/tr-aomp/TheRock/build/math-libs/rocThrust/stage/include/thrust/detail/config/diagnostic.h
0.1	-- Installing: /work/grodgers/git/tr-aomp/TheRock/build/math-libs/rocThrust/stage/include/thrust/detail/config/config.h
0.1	-- Installing: /work/grodgers/git/tr-aomp/TheRock/build/math-libs/rocThrust/stage/include/thrust/detail/config/compiler.h
0.1	-- Installing: /work/grodgers/git/tr-aomp/TheRock/build/math-libs/rocThrust/stage/include/thrust/detail/use_default.h
0.1	-- Installing: /work/grodgers/git/tr-aomp/TheRock/build/math-libs/rocThrust/stage/include/thrust/detail/allocator_aware_execution_policy.h
0.1	-- Installing: /work/grodgers/git/tr-aomp/TheRock/build/math-libs/rocThrust/stage/include/thrust/detail/type_deduction.h
0.1	-- Installing: /work/grodgers/git/tr-aomp/TheRock/build/math-libs/rocThrust/stage/include/thrust/detail/vector_base.inl
0.1	-- Installing: /work/grodgers/git/tr-aomp/TheRock/build/math-libs/rocThrust/stage/include/thrust/detail/scatter.inl
0.1	-- Installing: /work/grodgers/git/tr-aomp/TheRock/build/math-libs/rocThrust/stage/include/thrust/device_free.h
0.1	-- Installing: /work/grodgers/git/tr-aomp/TheRock/build/math-libs/rocThrust/stage/include/thrust/addressof.h
0.1	-- Installing: /work/grodgers/git/tr-aomp/TheRock/build/math-libs/rocThrust/stage/include/thrust/sequence_access.h
0.1	-- Installing: /work/grodgers/git/tr-aomp/TheRock/build/math-libs/rocThrust/stage/include/thrust/reduce.h
0.1	-- Installing: /work/grodgers/git/tr-aomp/TheRock/build/math-libs/rocThrust/stage/include/thrust/distance.h
0.1	-- Installing: /work/grodgers/git/tr-aomp/TheRock/build/math-libs/rocThrust/stage/include/thrust/swap.h
0.1	-- Installing: /work/grodgers/git/tr-aomp/TheRock/build/math-libs/rocThrust/stage/include/thrust/device_vector.h
0.1	-- Installing: /work/grodgers/git/tr-aomp/TheRock/build/math-libs/rocThrust/stage/include/thrust/uninitialized_fill.h
0.1	-- Installing: /work/grodgers/git/tr-aomp/TheRock/build/math-libs/rocThrust/stage/include/thrust/system_error.h
0.1	-- Installing: /work/grodgers/git/tr-aomp/TheRock/build/math-libs/rocThrust/stage/include/thrust/device_make_unique.h
0.1	-- Installing: /work/grodgers/git/tr-aomp/TheRock/build/math-libs/rocThrust/stage/include/thrust/per_device_resource.h
0.1	-- Installing: /work/grodgers/git/tr-aomp/TheRock/build/math-libs/rocThrust/stage/include/thrust/generate.h
0.1	-- Installing: /work/grodgers/git/tr-aomp/TheRock/build/math-libs/rocThrust/stage/include/thrust/inner_product.h
0.1	-- Installing: /work/grodgers/git/tr-aomp/TheRock/build/math-libs/rocThrust/stage/include/thrust/future.h
0.1	-- Installing: /work/grodgers/git/tr-aomp/TheRock/build/math-libs/rocThrust/stage/include/thrust/count.h
0.1	-- Installing: /work/grodgers/git/tr-aomp/TheRock/build/math-libs/rocThrust/stage/include/thrust/version.h
0.1	-- Installing: /work/grodgers/git/tr-aomp/TheRock/build/math-libs/rocThrust/stage/include/thrust/optional.h
0.1	-- Installing: /work/grodgers/git/tr-aomp/TheRock/build/math-libs/rocThrust/stage/include/thrust/async
0.1	-- Installing: /work/grodgers/git/tr-aomp/TheRock/build/math-libs/rocThrust/stage/include/thrust/async/scan.h
0.1	-- Installing: /work/grodgers/git/tr-aomp/TheRock/build/math-libs/rocThrust/stage/include/thrust/async/sort.h
0.1	-- Installing: /work/grodgers/git/tr-aomp/TheRock/build/math-libs/rocThrust/stage/include/thrust/async/transform.h
0.1	-- Installing: /work/grodgers/git/tr-aomp/TheRock/build/math-libs/rocThrust/stage/include/thrust/async/for_each.h
0.1	-- Installing: /work/grodgers/git/tr-aomp/TheRock/build/math-libs/rocThrust/stage/include/thrust/async/copy.h
0.1	-- Installing: /work/grodgers/git/tr-aomp/TheRock/build/math-libs/rocThrust/stage/include/thrust/async/reduce.h
0.1	-- Installing: /work/grodgers/git/tr-aomp/TheRock/build/math-libs/rocThrust/stage/include/thrust/replace.h
0.1	-- Installing: /work/grodgers/git/tr-aomp/TheRock/build/math-libs/rocThrust/stage/include/thrust/reverse.h
0.1	-- Installing: /work/grodgers/git/tr-aomp/TheRock/build/math-libs/rocThrust/stage/include/thrust/random
0.1	-- Installing: /work/grodgers/git/tr-aomp/TheRock/build/math-libs/rocThrust/stage/include/thrust/random/xor_combine_engine.h
0.1	-- Installing: /work/grodgers/git/tr-aomp/TheRock/build/math-libs/rocThrust/stage/include/thrust/random/normal_distribution.h
0.1	-- Installing: /work/grodgers/git/tr-aomp/TheRock/build/math-libs/rocThrust/stage/include/thrust/random/linear_feedback_shift_engine.h
0.1	-- Installing: /work/grodgers/git/tr-aomp/TheRock/build/math-libs/rocThrust/stage/include/thrust/random/subtract_with_carry_engine.h
0.1	-- Installing: /work/grodgers/git/tr-aomp/TheRock/build/math-libs/rocThrust/stage/include/thrust/random/discard_block_engine.h
0.1	-- Installing: /work/grodgers/git/tr-aomp/TheRock/build/math-libs/rocThrust/stage/include/thrust/random/detail
0.1	-- Installing: /work/grodgers/git/tr-aomp/TheRock/build/math-libs/rocThrust/stage/include/thrust/random/detail/linear_congruential_engine_discard.h
0.1	-- Installing: /work/grodgers/git/tr-aomp/TheRock/build/math-libs/rocThrust/stage/include/thrust/random/detail/mod.h
0.1	-- Installing: /work/grodgers/git/tr-aomp/TheRock/build/math-libs/rocThrust/stage/include/thrust/random/detail/uniform_real_distribution.inl
0.1	-- Installing: /work/grodgers/git/tr-aomp/TheRock/build/math-libs/rocThrust/stage/include/thrust/random/detail/linear_feedback_shift_engine_wordmask.h
0.1	-- Installing: /work/grodgers/git/tr-aomp/TheRock/build/math-libs/rocThrust/stage/include/thrust/random/detail/xor_combine_engine.inl
0.1	-- Installing: /work/grodgers/git/tr-aomp/TheRock/build/math-libs/rocThrust/stage/include/thrust/random/detail/random_core_access.h
0.1	-- Installing: /work/grodgers/git/tr-aomp/TheRock/build/math-libs/rocThrust/stage/include/thrust/random/detail/xor_combine_engine_max.h
0.1	-- Installing: /work/grodgers/git/tr-aomp/TheRock/build/math-libs/rocThrust/stage/include/thrust/random/detail/uniform_int_distribution.inl
0.1	-- Installing: /work/grodgers/git/tr-aomp/TheRock/build/math-libs/rocThrust/stage/include/thrust/random/detail/linear_feedback_shift_engine.inl
0.1	-- Installing: /work/grodgers/git/tr-aomp/TheRock/build/math-libs/rocThrust/stage/include/thrust/random/detail/normal_distribution_base.h
0.1	-- Installing: /work/grodgers/git/tr-aomp/TheRock/build/math-libs/rocThrust/stage/include/thrust/random/detail/normal_distribution.inl
0.1	-- Installing: /work/grodgers/git/tr-aomp/TheRock/build/math-libs/rocThrust/stage/include/thrust/random/detail/erfcinv.h
0.1	-- Installing: /work/grodgers/git/tr-aomp/TheRock/build/math-libs/rocThrust/stage/include/thrust/random/detail/discard_block_engine.inl
0.1	-- Installing: /work/grodgers/git/tr-aomp/TheRock/build/math-libs/rocThrust/stage/include/thrust/random/detail/subtract_with_carry_engine.inl
0.1	-- Installing: /work/grodgers/git/tr-aomp/TheRock/build/math-libs/rocThrust/stage/include/thrust/random/detail/linear_congruential_engine.inl
0.1	-- Installing: /work/grodgers/git/tr-aomp/TheRock/build/math-libs/rocThrust/stage/include/thrust/random/uniform_real_distribution.h
0.1	-- Installing: /work/grodgers/git/tr-aomp/TheRock/build/math-libs/rocThrust/stage/include/thrust/random/uniform_int_distribution.h
0.1	-- Installing: /work/grodgers/git/tr-aomp/TheRock/build/math-libs/rocThrust/stage/include/thrust/random/linear_congruential_engine.h
0.1	-- Installing: /work/grodgers/git/tr-aomp/TheRock/build/math-libs/rocThrust/stage/include/thrust/functional.h
0.1	-- Installing: /work/grodgers/git/tr-aomp/TheRock/build/math-libs/rocThrust/stage/include/thrust/find.h
0.1	-- Installing: /work/grodgers/git/tr-aomp/TheRock/build/math-libs/rocThrust/stage/include/thrust/device_new.h
0.1	-- Installing: /work/grodgers/git/tr-aomp/TheRock/build/math-libs/rocThrust/stage/include/thrust/transform_scan.h
0.1	-- Installing: /work/grodgers/git/tr-aomp/TheRock/build/math-libs/rocThrust/stage/include/thrust/gather.h
0.1	-- Installing: /work/grodgers/git/tr-aomp/TheRock/build/math-libs/rocThrust/stage/include/thrust/universal_ptr.h
0.1	-- Installing: /work/grodgers/git/tr-aomp/TheRock/build/math-libs/rocThrust/stage/include/thrust/type_traits
0.1	-- Installing: /work/grodgers/git/tr-aomp/TheRock/build/math-libs/rocThrust/stage/include/thrust/type_traits/is_execution_policy.h
0.1	-- Installing: /work/grodgers/git/tr-aomp/TheRock/build/math-libs/rocThrust/stage/include/thrust/type_traits/remove_cvref.h
0.1	-- Installing: /work/grodgers/git/tr-aomp/TheRock/build/math-libs/rocThrust/stage/include/thrust/type_traits/is_contiguous_iterator.h
0.1	-- Installing: /work/grodgers/git/tr-aomp/TheRock/build/math-libs/rocThrust/stage/include/thrust/type_traits/is_operator_less_or_greater_function_object.h
0.1	-- Installing: /work/grodgers/git/tr-aomp/TheRock/build/math-libs/rocThrust/stage/include/thrust/type_traits/is_trivially_relocatable.h
0.1	-- Installing: /work/grodgers/git/tr-aomp/TheRock/build/math-libs/rocThrust/stage/include/thrust/type_traits/void_t.h
0.1	-- Installing: /work/grodgers/git/tr-aomp/TheRock/build/math-libs/rocThrust/stage/include/thrust/type_traits/logical_metafunctions.h
0.1	-- Installing: /work/grodgers/git/tr-aomp/TheRock/build/math-libs/rocThrust/stage/include/thrust/type_traits/integer_sequence.h
0.1	-- Installing: /work/grodgers/git/tr-aomp/TheRock/build/math-libs/rocThrust/stage/include/thrust/type_traits/is_operator_plus_function_object.h
0.1	-- Installing: /work/grodgers/git/tr-aomp/TheRock/build/math-libs/rocThrust/stage/include/thrust/tuple.h
0.1	-- Installing: /work/grodgers/git/tr-aomp/TheRock/build/math-libs/rocThrust/stage/include/thrust/device_delete.h
0.1	-- Installing: /work/grodgers/git/tr-aomp/TheRock/build/math-libs/rocThrust/stage/include/thrust/logical.h
0.1	-- Installing: /work/grodgers/git/tr-aomp/TheRock/build/math-libs/rocThrust/stage/include/thrust/random.h
0.1	-- Installing: /work/grodgers/git/tr-aomp/TheRock/build/math-libs/rocThrust/stage/include/thrust/system
0.1	-- Installing: /work/grodgers/git/tr-aomp/TheRock/build/math-libs/rocThrust/stage/include/thrust/system/hip
0.1	-- Installing: /work/grodgers/git/tr-aomp/TheRock/build/math-libs/rocThrust/stage/include/thrust/system/hip/memory.h
0.1	-- Installing: /work/grodgers/git/tr-aomp/TheRock/build/math-libs/rocThrust/stage/include/thrust/system/hip/hipstdpar
0.1	-- Installing: /work/grodgers/git/tr-aomp/TheRock/build/math-libs/rocThrust/stage/include/thrust/system/hip/hipstdpar/hipstdpar_lib.hpp
0.1	-- Installing: /work/grodgers/git/tr-aomp/TheRock/build/math-libs/rocThrust/stage/include/thrust/system/hip/hipstdpar/impl
0.1	-- Installing: /work/grodgers/git/tr-aomp/TheRock/build/math-libs/rocThrust/stage/include/thrust/system/hip/hipstdpar/impl/interpose_allocations_v0.hpp
0.1	-- Installing: /work/grodgers/git/tr-aomp/TheRock/build/math-libs/rocThrust/stage/include/thrust/system/hip/hipstdpar/impl/sorting.hpp
0.1	-- Installing: /work/grodgers/git/tr-aomp/TheRock/build/math-libs/rocThrust/stage/include/thrust/system/hip/hipstdpar/impl/merge.hpp
0.1	-- Installing: /work/grodgers/git/tr-aomp/TheRock/build/math-libs/rocThrust/stage/include/thrust/system/hip/hipstdpar/impl/hipstd.hpp
0.1	-- Installing: /work/grodgers/git/tr-aomp/TheRock/build/math-libs/rocThrust/stage/include/thrust/system/hip/hipstdpar/impl/removing.hpp
0.1	-- Installing: /work/grodgers/git/tr-aomp/TheRock/build/math-libs/rocThrust/stage/include/thrust/system/hip/hipstdpar/impl/partitioning.hpp
0.1	-- Installing: /work/grodgers/git/tr-aomp/TheRock/build/math-libs/rocThrust/stage/include/thrust/system/hip/hipstdpar/impl/lexicographical_comparison.hpp
0.1	-- Installing: /work/grodgers/git/tr-aomp/TheRock/build/math-libs/rocThrust/stage/include/thrust/system/hip/hipstdpar/impl/generation.hpp
0.1	-- Installing: /work/grodgers/git/tr-aomp/TheRock/build/math-libs/rocThrust/stage/include/thrust/system/hip/hipstdpar/impl/copy.hpp
0.1	-- Installing: /work/grodgers/git/tr-aomp/TheRock/build/math-libs/rocThrust/stage/include/thrust/system/hip/hipstdpar/impl/uninitialized.hpp
0.1	-- Installing: /work/grodgers/git/tr-aomp/TheRock/build/math-libs/rocThrust/stage/include/thrust/system/hip/hipstdpar/impl/numeric.hpp
0.1	-- Installing: /work/grodgers/git/tr-aomp/TheRock/build/math-libs/rocThrust/stage/include/thrust/system/hip/hipstdpar/impl/order_changing.hpp
0.1	-- Installing: /work/grodgers/git/tr-aomp/TheRock/build/math-libs/rocThrust/stage/include/thrust/system/hip/hipstdpar/impl/batch.hpp
0.1	-- Installing: /work/grodgers/git/tr-aomp/TheRock/build/math-libs/rocThrust/stage/include/thrust/system/hip/hipstdpar/impl/transformation.hpp
0.1	-- Installing: /work/grodgers/git/tr-aomp/TheRock/build/math-libs/rocThrust/stage/include/thrust/system/hip/hipstdpar/impl/set.hpp
0.1	-- Installing: /work/grodgers/git/tr-aomp/TheRock/build/math-libs/rocThrust/stage/include/thrust/system/hip/hipstdpar/impl/interpose_allocations_v1.hpp
0.1	-- Installing: /work/grodgers/git/tr-aomp/TheRock/build/math-libs/rocThrust/stage/include/thrust/system/hip/hipstdpar/impl/min_max.hpp
0.1	-- Installing: /work/grodgers/git/tr-aomp/TheRock/build/math-libs/rocThrust/stage/include/thrust/system/hip/hipstdpar/impl/math_lib.hpp
0.1	-- Installing: /work/grodgers/git/tr-aomp/TheRock/build/math-libs/rocThrust/stage/include/thrust/system/hip/hipstdpar/impl/swap.hpp
0.1	-- Installing: /work/grodgers/git/tr-aomp/TheRock/build/math-libs/rocThrust/stage/include/thrust/system/hip/hipstdpar/impl/heap.hpp
0.1	-- Installing: /work/grodgers/git/tr-aomp/TheRock/build/math-libs/rocThrust/stage/include/thrust/system/hip/hipstdpar/impl/search.hpp
0.1	-- Installing: /work/grodgers/git/tr-aomp/TheRock/build/math-libs/rocThrust/stage/include/thrust/system/hip/memory_resource.h
0.1	-- Installing: /work/grodgers/git/tr-aomp/TheRock/build/math-libs/rocThrust/stage/include/thrust/system/hip/vector.h
0.1	-- Installing: /work/grodgers/git/tr-aomp/TheRock/build/math-libs/rocThrust/stage/include/thrust/system/hip/execution_policy.h
0.1	-- Installing: /work/grodgers/git/tr-aomp/TheRock/build/math-libs/rocThrust/stage/include/thrust/system/hip/detail
0.1	-- Installing: /work/grodgers/git/tr-aomp/TheRock/build/math-libs/rocThrust/stage/include/thrust/system/hip/detail/remove.h
0.1	-- Installing: /work/grodgers/git/tr-aomp/TheRock/build/math-libs/rocThrust/stage/include/thrust/system/hip/detail/parallel_for.h
0.1	-- Installing: /work/grodgers/git/tr-aomp/TheRock/build/math-libs/rocThrust/stage/include/thrust/system/hip/detail/set_operations.h
0.1	-- Installing: /work/grodgers/git/tr-aomp/TheRock/build/math-libs/rocThrust/stage/include/thrust/system/hip/detail/extrema.h
0.1	-- Installing: /work/grodgers/git/tr-aomp/TheRock/build/math-libs/rocThrust/stage/include/thrust/system/hip/detail/util.h
0.1	-- Installing: /work/grodgers/git/tr-aomp/TheRock/build/math-libs/rocThrust/stage/include/thrust/system/hip/detail/partition.h
0.1	-- Installing: /work/grodgers/git/tr-aomp/TheRock/build/math-libs/rocThrust/stage/include/thrust/system/hip/detail/cross_system.h
0.1	-- Installing: /work/grodgers/git/tr-aomp/TheRock/build/math-libs/rocThrust/stage/include/thrust/system/hip/detail/future.inl
0.1	-- Installing: /work/grodgers/git/tr-aomp/TheRock/build/math-libs/rocThrust/stage/include/thrust/system/hip/detail/get_value.h
0.1	-- Installing: /work/grodgers/git/tr-aomp/TheRock/build/math-libs/rocThrust/stage/include/thrust/system/hip/detail/equal.h
0.1	-- Installing: /work/grodgers/git/tr-aomp/TheRock/build/math-libs/rocThrust/stage/include/thrust/system/hip/detail/par_to_seq.h
0.1	-- Installing: /work/grodgers/git/tr-aomp/TheRock/build/math-libs/rocThrust/stage/include/thrust/system/hip/detail/guarded_driver_types.h
0.1	-- Installing: /work/grodgers/git/tr-aomp/TheRock/build/math-libs/rocThrust/stage/include/thrust/system/hip/detail/scan.h
0.1	-- Installing: /work/grodgers/git/tr-aomp/TheRock/build/math-libs/rocThrust/stage/include/thrust/system/hip/detail/fill.h
0.1	-- Installing: /work/grodgers/git/tr-aomp/TheRock/build/math-libs/rocThrust/stage/include/thrust/system/hip/detail/scatter.h
0.1	-- Installing: /work/grodgers/git/tr-aomp/TheRock/build/math-libs/rocThrust/stage/include/thrust/system/hip/detail/merge.h
0.1	-- Installing: /work/grodgers/git/tr-aomp/TheRock/build/math-libs/rocThrust/stage/include/thrust/system/hip/detail/temporary_buffer.h
0.1	-- Installing: /work/grodgers/git/tr-aomp/TheRock/build/math-libs/rocThrust/stage/include/thrust/system/hip/detail/sort.h
0.1	-- Installing: /work/grodgers/git/tr-aomp/TheRock/build/math-libs/rocThrust/stage/include/thrust/system/hip/detail/scan_by_key.h
0.1	-- Installing: /work/grodgers/git/tr-aomp/TheRock/build/math-libs/rocThrust/stage/include/thrust/system/hip/detail/binary_search.h
0.1	-- Installing: /work/grodgers/git/tr-aomp/TheRock/build/math-libs/rocThrust/stage/include/thrust/system/hip/detail/uninitialized_copy.h
0.1	-- Installing: /work/grodgers/git/tr-aomp/TheRock/build/math-libs/rocThrust/stage/include/thrust/system/hip/detail/adjacent_difference.h
0.1	-- Installing: /work/grodgers/git/tr-aomp/TheRock/build/math-libs/rocThrust/stage/include/thrust/system/hip/detail/copy_if.h
0.1	-- Installing: /work/grodgers/git/tr-aomp/TheRock/build/math-libs/rocThrust/stage/include/thrust/system/hip/detail/sequence.h
0.1	-- Installing: /work/grodgers/git/tr-aomp/TheRock/build/math-libs/rocThrust/stage/include/thrust/system/hip/detail/transform_reduce.h
0.1	-- Installing: /work/grodgers/git/tr-aomp/TheRock/build/math-libs/rocThrust/stage/include/thrust/system/hip/detail/reduce_by_key.h
0.1	-- Installing: /work/grodgers/git/tr-aomp/TheRock/build/math-libs/rocThrust/stage/include/thrust/system/hip/detail/transform.h
0.1	-- Installing: /work/grodgers/git/tr-aomp/TheRock/build/math-libs/rocThrust/stage/include/thrust/system/hip/detail/for_each.h
0.1	-- Installing: /work/grodgers/git/tr-aomp/TheRock/build/math-libs/rocThrust/stage/include/thrust/system/hip/detail/unique.h
0.1	-- Installing: /work/grodgers/git/tr-aomp/TheRock/build/math-libs/rocThrust/stage/include/thrust/system/hip/detail/tabulate.h
0.1	-- Installing: /work/grodgers/git/tr-aomp/TheRock/build/math-libs/rocThrust/stage/include/thrust/system/hip/detail/unique_by_key.h
0.1	-- Installing: /work/grodgers/git/tr-aomp/TheRock/build/math-libs/rocThrust/stage/include/thrust/system/hip/detail/execution_policy.h
0.1	-- Installing: /work/grodgers/git/tr-aomp/TheRock/build/math-libs/rocThrust/stage/include/thrust/system/hip/detail/mismatch.h
0.1	-- Installing: /work/grodgers/git/tr-aomp/TheRock/build/math-libs/rocThrust/stage/include/thrust/system/hip/detail/copy.h
0.1	-- Installing: /work/grodgers/git/tr-aomp/TheRock/build/math-libs/rocThrust/stage/include/thrust/system/hip/detail/internal
0.1	-- Installing: /work/grodgers/git/tr-aomp/TheRock/build/math-libs/rocThrust/stage/include/thrust/system/hip/detail/internal/copy_device_to_device.h
0.1	-- Installing: /work/grodgers/git/tr-aomp/TheRock/build/math-libs/rocThrust/stage/include/thrust/system/hip/detail/internal/copy_cross_system.h
0.1	-- Installing: /work/grodgers/git/tr-aomp/TheRock/build/math-libs/rocThrust/stage/include/thrust/system/hip/detail/swap_ranges.h
0.1	-- Installing: /work/grodgers/git/tr-aomp/TheRock/build/math-libs/rocThrust/stage/include/thrust/system/hip/detail/nv
0.1	-- Installing: /work/grodgers/git/tr-aomp/TheRock/build/math-libs/rocThrust/stage/include/thrust/system/hip/detail/nv/detail
0.1	-- Installing: /work/grodgers/git/tr-aomp/TheRock/build/math-libs/rocThrust/stage/include/thrust/system/hip/detail/nv/detail/__target_macros.h
0.1	-- Installing: /work/grodgers/git/tr-aomp/TheRock/build/math-libs/rocThrust/stage/include/thrust/system/hip/detail/nv/detail/__preprocessor.h
0.1	-- Installing: /work/grodgers/git/tr-aomp/TheRock/build/math-libs/rocThrust/stage/include/thrust/system/hip/detail/nv/target.h
0.1	-- Installing: /work/grodgers/git/tr-aomp/TheRock/build/math-libs/rocThrust/stage/include/thrust/system/hip/detail/reduce.h
0.1	-- Installing: /work/grodgers/git/tr-aomp/TheRock/build/math-libs/rocThrust/stage/include/thrust/system/hip/detail/make_unsigned_special.h
0.1	-- Installing: /work/grodgers/git/tr-aomp/TheRock/build/math-libs/rocThrust/stage/include/thrust/system/hip/detail/uninitialized_fill.h
0.2	-- Installing: /work/grodgers/git/tr-aomp/TheRock/build/math-libs/rocThrust/stage/include/thrust/system/hip/detail/par.h
0.2	-- Installing: /work/grodgers/git/tr-aomp/TheRock/build/math-libs/rocThrust/stage/include/thrust/system/hip/detail/dispatch.h
0.2	-- Installing: /work/grodgers/git/tr-aomp/TheRock/build/math-libs/rocThrust/stage/include/thrust/system/hip/detail/guarded_hip_runtime_api.h
0.2	-- Installing: /work/grodgers/git/tr-aomp/TheRock/build/math-libs/rocThrust/stage/include/thrust/system/hip/detail/iter_swap.h
0.2	-- Installing: /work/grodgers/git/tr-aomp/TheRock/build/math-libs/rocThrust/stage/include/thrust/system/hip/detail/per_device_resource.h
0.2	-- Installing: /work/grodgers/git/tr-aomp/TheRock/build/math-libs/rocThrust/stage/include/thrust/system/hip/detail/generate.h
0.2	-- Installing: /work/grodgers/git/tr-aomp/TheRock/build/math-libs/rocThrust/stage/include/thrust/system/hip/detail/inner_product.h
0.2	-- Installing: /work/grodgers/git/tr-aomp/TheRock/build/math-libs/rocThrust/stage/include/thrust/system/hip/detail/count.h
0.2	-- Installing: /work/grodgers/git/tr-aomp/TheRock/build/math-libs/rocThrust/stage/include/thrust/system/hip/detail/malloc_and_free.h
0.2	-- Installing: /work/grodgers/git/tr-aomp/TheRock/build/math-libs/rocThrust/stage/include/thrust/system/hip/detail/async
0.2	-- Installing: /work/grodgers/git/tr-aomp/TheRock/build/math-libs/rocThrust/stage/include/thrust/system/hip/detail/async/customization.h
0.2	-- Installing: /work/grodgers/git/tr-aomp/TheRock/build/math-libs/rocThrust/stage/include/thrust/system/hip/detail/async/scan.h
0.2	-- Installing: /work/grodgers/git/tr-aomp/TheRock/build/math-libs/rocThrust/stage/include/thrust/system/hip/detail/async/sort.h
0.2	-- Installing: /work/grodgers/git/tr-aomp/TheRock/build/math-libs/rocThrust/stage/include/thrust/system/hip/detail/async/exclusive_scan.h
0.2	-- Installing: /work/grodgers/git/tr-aomp/TheRock/build/math-libs/rocThrust/stage/include/thrust/system/hip/detail/async/transform.h
0.2	-- Installing: /work/grodgers/git/tr-aomp/TheRock/build/math-libs/rocThrust/stage/include/thrust/system/hip/detail/async/for_each.h
0.2	-- Installing: /work/grodgers/git/tr-aomp/TheRock/build/math-libs/rocThrust/stage/include/thrust/system/hip/detail/async/copy.h
0.2	-- Installing: /work/grodgers/git/tr-aomp/TheRock/build/math-libs/rocThrust/stage/include/thrust/system/hip/detail/async/reduce.h
0.2	-- Installing: /work/grodgers/git/tr-aomp/TheRock/build/math-libs/rocThrust/stage/include/thrust/system/hip/detail/async/inclusive_scan.h
0.2	-- Installing: /work/grodgers/git/tr-aomp/TheRock/build/math-libs/rocThrust/stage/include/thrust/system/hip/detail/replace.h
0.2	-- Installing: /work/grodgers/git/tr-aomp/TheRock/build/math-libs/rocThrust/stage/include/thrust/system/hip/detail/error.inl
0.2	-- Installing: /work/grodgers/git/tr-aomp/TheRock/build/math-libs/rocThrust/stage/include/thrust/system/hip/detail/reverse.h
0.2	-- Installing: /work/grodgers/git/tr-aomp/TheRock/build/math-libs/rocThrust/stage/include/thrust/system/hip/detail/memory.inl
0.2	-- Installing: /work/grodgers/git/tr-aomp/TheRock/build/math-libs/rocThrust/stage/include/thrust/system/hip/detail/find.h
0.2	-- Installing: /work/grodgers/git/tr-aomp/TheRock/build/math-libs/rocThrust/stage/include/thrust/system/hip/detail/transform_scan.h
0.2	-- Installing: /work/grodgers/git/tr-aomp/TheRock/build/math-libs/rocThrust/stage/include/thrust/system/hip/detail/gather.h
0.2	-- Installing: /work/grodgers/git/tr-aomp/TheRock/build/math-libs/rocThrust/stage/include/thrust/system/hip/detail/assign_value.h
0.2	-- Installing: /work/grodgers/git/tr-aomp/TheRock/build/math-libs/rocThrust/stage/include/thrust/system/hip/detail/terminate.h
0.2	-- Installing: /work/grodgers/git/tr-aomp/TheRock/build/math-libs/rocThrust/stage/include/thrust/system/hip/detail/logical.h
0.2	-- Installing: /work/grodgers/git/tr-aomp/TheRock/build/math-libs/rocThrust/stage/include/thrust/system/hip/detail/general
0.2	-- Installing: /work/grodgers/git/tr-aomp/TheRock/build/math-libs/rocThrust/stage/include/thrust/system/hip/detail/general/temp_storage.h
0.2	-- Installing: /work/grodgers/git/tr-aomp/TheRock/build/math-libs/rocThrust/stage/include/thrust/system/hip/detail/general/various.h
0.2	-- Installing: /work/grodgers/git/tr-aomp/TheRock/build/math-libs/rocThrust/stage/include/thrust/system/hip/error.h
0.2	-- Installing: /work/grodgers/git/tr-aomp/TheRock/build/math-libs/rocThrust/stage/include/thrust/system/hip/future.h
0.2	-- Installing: /work/grodgers/git/tr-aomp/TheRock/build/math-libs/rocThrust/stage/include/thrust/system/hip/pointer.h
0.2	-- Installing: /work/grodgers/git/tr-aomp/TheRock/build/math-libs/rocThrust/stage/include/thrust/system/hip/config.h
0.2	-- Installing: /work/grodgers/git/tr-aomp/TheRock/build/math-libs/rocThrust/stage/include/thrust/system/cpp
0.2	-- Installing: /work/grodgers/git/tr-aomp/TheRock/build/math-libs/rocThrust/stage/include/thrust/system/cpp/memory.h
0.2	-- Installing: /work/grodgers/git/tr-aomp/TheRock/build/math-libs/rocThrust/stage/include/thrust/system/cpp/memory_resource.h
0.2	-- Installing: /work/grodgers/git/tr-aomp/TheRock/build/math-libs/rocThrust/stage/include/thrust/system/cpp/vector.h
0.2	-- Installing: /work/grodgers/git/tr-aomp/TheRock/build/math-libs/rocThrust/stage/include/thrust/system/cpp/execution_policy.h
0.2	-- Installing: /work/grodgers/git/tr-aomp/TheRock/build/math-libs/rocThrust/stage/include/thrust/system/cpp/detail
0.2	-- Installing: /work/grodgers/git/tr-aomp/TheRock/build/math-libs/rocThrust/stage/include/thrust/system/cpp/detail/remove.h
0.2	-- Installing: /work/grodgers/git/tr-aomp/TheRock/build/math-libs/rocThrust/stage/include/thrust/system/cpp/detail/set_operations.h
0.2	-- Installing: /work/grodgers/git/tr-aomp/TheRock/build/math-libs/rocThrust/stage/include/thrust/system/cpp/detail/extrema.h
0.2	-- Installing: /work/grodgers/git/tr-aomp/TheRock/build/math-libs/rocThrust/stage/include/thrust/system/cpp/detail/vector.inl
0.2	-- Installing: /work/grodgers/git/tr-aomp/TheRock/build/math-libs/rocThrust/stage/include/thrust/system/cpp/detail/partition.h
0.2	-- Installing: /work/grodgers/git/tr-aomp/TheRock/build/math-libs/rocThrust/stage/include/thrust/system/cpp/detail/get_value.h
0.2	-- Installing: /work/grodgers/git/tr-aomp/TheRock/build/math-libs/rocThrust/stage/include/thrust/system/cpp/detail/equal.h
0.2	-- Installing: /work/grodgers/git/tr-aomp/TheRock/build/math-libs/rocThrust/stage/include/thrust/system/cpp/detail/scan.h
0.2	-- Installing: /work/grodgers/git/tr-aomp/TheRock/build/math-libs/rocThrust/stage/include/thrust/system/cpp/detail/fill.h
0.2	-- Installing: /work/grodgers/git/tr-aomp/TheRock/build/math-libs/rocThrust/stage/include/thrust/system/cpp/detail/scatter.h
0.2	-- Installing: /work/grodgers/git/tr-aomp/TheRock/build/math-libs/rocThrust/stage/include/thrust/system/cpp/detail/merge.h
0.2	-- Installing: /work/grodgers/git/tr-aomp/TheRock/build/math-libs/rocThrust/stage/include/thrust/system/cpp/detail/temporary_buffer.h
0.2	-- Installing: /work/grodgers/git/tr-aomp/TheRock/build/math-libs/rocThrust/stage/include/thrust/system/cpp/detail/sort.h
0.2	-- Installing: /work/grodgers/git/tr-aomp/TheRock/build/math-libs/rocThrust/stage/include/thrust/system/cpp/detail/scan_by_key.h
0.2	-- Installing: /work/grodgers/git/tr-aomp/TheRock/build/math-libs/rocThrust/stage/include/thrust/system/cpp/detail/binary_search.h
0.2	-- Installing: /work/grodgers/git/tr-aomp/TheRock/build/math-libs/rocThrust/stage/include/thrust/system/cpp/detail/uninitialized_copy.h
0.2	-- Installing: /work/grodgers/git/tr-aomp/TheRock/build/math-libs/rocThrust/stage/include/thrust/system/cpp/detail/adjacent_difference.h
0.2	-- Installing: /work/grodgers/git/tr-aomp/TheRock/build/math-libs/rocThrust/stage/include/thrust/system/cpp/detail/copy_if.h
0.2	-- Installing: /work/grodgers/git/tr-aomp/TheRock/build/math-libs/rocThrust/stage/include/thrust/system/cpp/detail/sequence.h
0.2	-- Installing: /work/grodgers/git/tr-aomp/TheRock/build/math-libs/rocThrust/stage/include/thrust/system/cpp/detail/transform_reduce.h
0.2	-- Installing: /work/grodgers/git/tr-aomp/TheRock/build/math-libs/rocThrust/stage/include/thrust/system/cpp/detail/reduce_by_key.h
0.2	-- Installing: /work/grodgers/git/tr-aomp/TheRock/build/math-libs/rocThrust/stage/include/thrust/system/cpp/detail/transform.h
0.2	-- Installing: /work/grodgers/git/tr-aomp/TheRock/build/math-libs/rocThrust/stage/include/thrust/system/cpp/detail/for_each.h
0.2	-- Installing: /work/grodgers/git/tr-aomp/TheRock/build/math-libs/rocThrust/stage/include/thrust/system/cpp/detail/unique.h
0.2	-- Installing: /work/grodgers/git/tr-aomp/TheRock/build/math-libs/rocThrust/stage/include/thrust/system/cpp/detail/tabulate.h
0.2	-- Installing: /work/grodgers/git/tr-aomp/TheRock/build/math-libs/rocThrust/stage/include/thrust/system/cpp/detail/unique_by_key.h
0.2	-- Installing: /work/grodgers/git/tr-aomp/TheRock/build/math-libs/rocThrust/stage/include/thrust/system/cpp/detail/execution_policy.h
0.2	-- Installing: /work/grodgers/git/tr-aomp/TheRock/build/math-libs/rocThrust/stage/include/thrust/system/cpp/detail/mismatch.h
0.2	-- Installing: /work/grodgers/git/tr-aomp/TheRock/build/math-libs/rocThrust/stage/include/thrust/system/cpp/detail/copy.h
0.2	-- Installing: /work/grodgers/git/tr-aomp/TheRock/build/math-libs/rocThrust/stage/include/thrust/system/cpp/detail/swap_ranges.h
0.2	-- Installing: /work/grodgers/git/tr-aomp/TheRock/build/math-libs/rocThrust/stage/include/thrust/system/cpp/detail/reduce.h
0.2	-- Installing: /work/grodgers/git/tr-aomp/TheRock/build/math-libs/rocThrust/stage/include/thrust/system/cpp/detail/uninitialized_fill.h
0.2	-- Installing: /work/grodgers/git/tr-aomp/TheRock/build/math-libs/rocThrust/stage/include/thrust/system/cpp/detail/par.h
0.2	-- Installing: /work/grodgers/git/tr-aomp/TheRock/build/math-libs/rocThrust/stage/include/thrust/system/cpp/detail/iter_swap.h
0.2	-- Installing: /work/grodgers/git/tr-aomp/TheRock/build/math-libs/rocThrust/stage/include/thrust/system/cpp/detail/per_device_resource.h
0.2	-- Installing: /work/grodgers/git/tr-aomp/TheRock/build/math-libs/rocThrust/stage/include/thrust/system/cpp/detail/generate.h
0.2	-- Installing: /work/grodgers/git/tr-aomp/TheRock/build/math-libs/rocThrust/stage/include/thrust/system/cpp/detail/inner_product.h
0.2	-- Installing: /work/grodgers/git/tr-aomp/TheRock/build/math-libs/rocThrust/stage/include/thrust/system/cpp/detail/count.h
0.2	-- Installing: /work/grodgers/git/tr-aomp/TheRock/build/math-libs/rocThrust/stage/include/thrust/system/cpp/detail/malloc_and_free.h
0.2	-- Installing: /work/grodgers/git/tr-aomp/TheRock/build/math-libs/rocThrust/stage/include/thrust/system/cpp/detail/replace.h
0.2	-- Installing: /work/grodgers/git/tr-aomp/TheRock/build/math-libs/rocThrust/stage/include/thrust/system/cpp/detail/reverse.h
0.2	-- Installing: /work/grodgers/git/tr-aomp/TheRock/build/math-libs/rocThrust/stage/include/thrust/system/cpp/detail/memory.inl
0.2	-- Installing: /work/grodgers/git/tr-aomp/TheRock/build/math-libs/rocThrust/stage/include/thrust/system/cpp/detail/find.h
0.2	-- Installing: /work/grodgers/git/tr-aomp/TheRock/build/math-libs/rocThrust/stage/include/thrust/system/cpp/detail/transform_scan.h
0.2	-- Installing: /work/grodgers/git/tr-aomp/TheRock/build/math-libs/rocThrust/stage/include/thrust/system/cpp/detail/gather.h
0.2	-- Installing: /work/grodgers/git/tr-aomp/TheRock/build/math-libs/rocThrust/stage/include/thrust/system/cpp/detail/assign_value.h
0.2	-- Installing: /work/grodgers/git/tr-aomp/TheRock/build/math-libs/rocThrust/stage/include/thrust/system/cpp/detail/logical.h
0.2	-- Installing: /work/grodgers/git/tr-aomp/TheRock/build/math-libs/rocThrust/stage/include/thrust/system/cpp/pointer.h
0.2	-- Installing: /work/grodgers/git/tr-aomp/TheRock/build/math-libs/rocThrust/stage/include/thrust/system/omp
0.2	-- Installing: /work/grodgers/git/tr-aomp/TheRock/build/math-libs/rocThrust/stage/include/thrust/system/omp/memory.h
0.2	-- Installing: /work/grodgers/git/tr-aomp/TheRock/build/math-libs/rocThrust/stage/include/thrust/system/omp/memory_resource.h
0.2	-- Installing: /work/grodgers/git/tr-aomp/TheRock/build/math-libs/rocThrust/stage/include/thrust/system/omp/vector.h
0.2	-- Installing: /work/grodgers/git/tr-aomp/TheRock/build/math-libs/rocThrust/stage/include/thrust/system/omp/execution_policy.h
0.2	-- Installing: /work/grodgers/git/tr-aomp/TheRock/build/math-libs/rocThrust/stage/include/thrust/system/omp/detail
0.2	-- Installing: /work/grodgers/git/tr-aomp/TheRock/build/math-libs/rocThrust/stage/include/thrust/system/omp/detail/reduce_intervals.inl
0.2	-- Installing: /work/grodgers/git/tr-aomp/TheRock/build/math-libs/rocThrust/stage/include/thrust/system/omp/detail/remove.h
0.2	-- Installing: /work/grodgers/git/tr-aomp/TheRock/build/math-libs/rocThrust/stage/include/thrust/system/omp/detail/set_operations.h
0.2	-- Installing: /work/grodgers/git/tr-aomp/TheRock/build/math-libs/rocThrust/stage/include/thrust/system/omp/detail/extrema.h
0.2	-- Installing: /work/grodgers/git/tr-aomp/TheRock/build/math-libs/rocThrust/stage/include/thrust/system/omp/detail/reduce_by_key.inl
0.2	-- Installing: /work/grodgers/git/tr-aomp/TheRock/build/math-libs/rocThrust/stage/include/thrust/system/omp/detail/partition.h
0.2	-- Installing: /work/grodgers/git/tr-aomp/TheRock/build/math-libs/rocThrust/stage/include/thrust/system/omp/detail/get_value.h
0.2	-- Installing: /work/grodgers/git/tr-aomp/TheRock/build/math-libs/rocThrust/stage/include/thrust/system/omp/detail/equal.h
0.2	-- Installing: /work/grodgers/git/tr-aomp/TheRock/build/math-libs/rocThrust/stage/include/thrust/system/omp/detail/copy.inl
0.2	-- Installing: /work/grodgers/git/tr-aomp/TheRock/build/math-libs/rocThrust/stage/include/thrust/system/omp/detail/scan.h
0.2	-- Installing: /work/grodgers/git/tr-aomp/TheRock/build/math-libs/rocThrust/stage/include/thrust/system/omp/detail/fill.h
0.2	-- Installing: /work/grodgers/git/tr-aomp/TheRock/build/math-libs/rocThrust/stage/include/thrust/system/omp/detail/scatter.h
0.2	-- Installing: /work/grodgers/git/tr-aomp/TheRock/build/math-libs/rocThrust/stage/include/thrust/system/omp/detail/merge.h
0.2	-- Installing: /work/grodgers/git/tr-aomp/TheRock/build/math-libs/rocThrust/stage/include/thrust/system/omp/detail/temporary_buffer.h
0.2	-- Installing: /work/grodgers/git/tr-aomp/TheRock/build/math-libs/rocThrust/stage/include/thrust/system/omp/detail/sort.h
0.2	-- Installing: /work/grodgers/git/tr-aomp/TheRock/build/math-libs/rocThrust/stage/include/thrust/system/omp/detail/for_each.inl
0.2	-- Installing: /work/grodgers/git/tr-aomp/TheRock/build/math-libs/rocThrust/stage/include/thrust/system/omp/detail/scan_by_key.h
0.2	-- Installing: /work/grodgers/git/tr-aomp/TheRock/build/math-libs/rocThrust/stage/include/thrust/system/omp/detail/binary_search.h
0.2	-- Installing: /work/grodgers/git/tr-aomp/TheRock/build/math-libs/rocThrust/stage/include/thrust/system/omp/detail/uninitialized_copy.h
0.2	-- Installing: /work/grodgers/git/tr-aomp/TheRock/build/math-libs/rocThrust/stage/include/thrust/system/omp/detail/adjacent_difference.h
0.2	-- Installing: /work/grodgers/git/tr-aomp/TheRock/build/math-libs/rocThrust/stage/include/thrust/system/omp/detail/copy_if.h
0.2	-- Installing: /work/grodgers/git/tr-aomp/TheRock/build/math-libs/rocThrust/stage/include/thrust/system/omp/detail/sequence.h
0.2	-- Installing: /work/grodgers/git/tr-aomp/TheRock/build/math-libs/rocThrust/stage/include/thrust/system/omp/detail/remove.inl
0.2	-- Installing: /work/grodgers/git/tr-aomp/TheRock/build/math-libs/rocThrust/stage/include/thrust/system/omp/detail/transform_reduce.h
0.2	-- Installing: /work/grodgers/git/tr-aomp/TheRock/build/math-libs/rocThrust/stage/include/thrust/system/omp/detail/reduce_by_key.h
0.2	-- Installing: /work/grodgers/git/tr-aomp/TheRock/build/math-libs/rocThrust/stage/include/thrust/system/omp/detail/transform.h
0.2	-- Installing: /work/grodgers/git/tr-aomp/TheRock/build/math-libs/rocThrust/stage/include/thrust/system/omp/detail/sort.inl
0.2	-- Installing: /work/grodgers/git/tr-aomp/TheRock/build/math-libs/rocThrust/stage/include/thrust/system/omp/detail/for_each.h
0.2	-- Installing: /work/grodgers/git/tr-aomp/TheRock/build/math-libs/rocThrust/stage/include/thrust/system/omp/detail/unique.h
0.2	-- Installing: /work/grodgers/git/tr-aomp/TheRock/build/math-libs/rocThrust/stage/include/thrust/system/omp/detail/tabulate.h
0.2	-- Installing: /work/grodgers/git/tr-aomp/TheRock/build/math-libs/rocThrust/stage/include/thrust/system/omp/detail/unique_by_key.h
0.2	-- Installing: /work/grodgers/git/tr-aomp/TheRock/build/math-libs/rocThrust/stage/include/thrust/system/omp/detail/execution_policy.h
0.2	-- Installing: /work/grodgers/git/tr-aomp/TheRock/build/math-libs/rocThrust/stage/include/thrust/system/omp/detail/mismatch.h
0.2	-- Installing: /work/grodgers/git/tr-aomp/TheRock/build/math-libs/rocThrust/stage/include/thrust/system/omp/detail/unique.inl
0.2	-- Installing: /work/grodgers/git/tr-aomp/TheRock/build/math-libs/rocThrust/stage/include/thrust/system/omp/detail/pragma_omp.h
0.2	-- Installing: /work/grodgers/git/tr-aomp/TheRock/build/math-libs/rocThrust/stage/include/thrust/system/omp/detail/copy.h
0.2	-- Installing: /work/grodgers/git/tr-aomp/TheRock/build/math-libs/rocThrust/stage/include/thrust/system/omp/detail/partition.inl
0.2	-- Installing: /work/grodgers/git/tr-aomp/TheRock/build/math-libs/rocThrust/stage/include/thrust/system/omp/detail/swap_ranges.h
0.2	-- Installing: /work/grodgers/git/tr-aomp/TheRock/build/math-libs/rocThrust/stage/include/thrust/system/omp/detail/reduce.h
0.2	-- Installing: /work/grodgers/git/tr-aomp/TheRock/build/math-libs/rocThrust/stage/include/thrust/system/omp/detail/reduce.inl
0.2	-- Installing: /work/grodgers/git/tr-aomp/TheRock/build/math-libs/rocThrust/stage/include/thrust/system/omp/detail/uninitialized_fill.h
0.2	-- Installing: /work/grodgers/git/tr-aomp/TheRock/build/math-libs/rocThrust/stage/include/thrust/system/omp/detail/par.h
0.2	-- Installing: /work/grodgers/git/tr-aomp/TheRock/build/math-libs/rocThrust/stage/include/thrust/system/omp/detail/unique_by_key.inl
0.2	-- Installing: /work/grodgers/git/tr-aomp/TheRock/build/math-libs/rocThrust/stage/include/thrust/system/omp/detail/iter_swap.h
0.2	-- Installing: /work/grodgers/git/tr-aomp/TheRock/build/math-libs/rocThrust/stage/include/thrust/system/omp/detail/per_device_resource.h
0.2	-- Installing: /work/grodgers/git/tr-aomp/TheRock/build/math-libs/rocThrust/stage/include/thrust/system/omp/detail/generate.h
0.2	-- Installing: /work/grodgers/git/tr-aomp/TheRock/build/math-libs/rocThrust/stage/include/thrust/system/omp/detail/copy_if.inl
0.2	-- Installing: /work/grodgers/git/tr-aomp/TheRock/build/math-libs/rocThrust/stage/include/thrust/system/omp/detail/inner_product.h
0.2	-- Installing: /work/grodgers/git/tr-aomp/TheRock/build/math-libs/rocThrust/stage/include/thrust/system/omp/detail/count.h
0.2	-- Installing: /work/grodgers/git/tr-aomp/TheRock/build/math-libs/rocThrust/stage/include/thrust/system/omp/detail/malloc_and_free.h
0.2	-- Installing: /work/grodgers/git/tr-aomp/TheRock/build/math-libs/rocThrust/stage/include/thrust/system/omp/detail/replace.h
0.2	-- Installing: /work/grodgers/git/tr-aomp/TheRock/build/math-libs/rocThrust/stage/include/thrust/system/omp/detail/reverse.h
0.2	-- Installing: /work/grodgers/git/tr-aomp/TheRock/build/math-libs/rocThrust/stage/include/thrust/system/omp/detail/memory.inl
0.2	-- Installing: /work/grodgers/git/tr-aomp/TheRock/build/math-libs/rocThrust/stage/include/thrust/system/omp/detail/find.h
0.2	-- Installing: /work/grodgers/git/tr-aomp/TheRock/build/math-libs/rocThrust/stage/include/thrust/system/omp/detail/reduce_intervals.h
0.2	-- Installing: /work/grodgers/git/tr-aomp/TheRock/build/math-libs/rocThrust/stage/include/thrust/system/omp/detail/transform_scan.h
0.2	-- Installing: /work/grodgers/git/tr-aomp/TheRock/build/math-libs/rocThrust/stage/include/thrust/system/omp/detail/gather.h
0.2	-- Installing: /work/grodgers/git/tr-aomp/TheRock/build/math-libs/rocThrust/stage/include/thrust/system/omp/detail/default_decomposition.h
0.2	-- Installing: /work/grodgers/git/tr-aomp/TheRock/build/math-libs/rocThrust/stage/include/thrust/system/omp/detail/assign_value.h
0.2	-- Installing: /work/grodgers/git/tr-aomp/TheRock/build/math-libs/rocThrust/stage/include/thrust/system/omp/detail/logical.h
0.2	-- Installing: /work/grodgers/git/tr-aomp/TheRock/build/math-libs/rocThrust/stage/include/thrust/system/omp/detail/default_decomposition.inl
0.2	-- Installing: /work/grodgers/git/tr-aomp/TheRock/build/math-libs/rocThrust/stage/include/thrust/system/omp/pointer.h
0.2	-- Installing: /work/grodgers/git/tr-aomp/TheRock/build/math-libs/rocThrust/stage/include/thrust/system/detail
0.2	-- Installing: /work/grodgers/git/tr-aomp/TheRock/build/math-libs/rocThrust/stage/include/thrust/system/detail/bad_alloc.h
0.2	-- Installing: /work/grodgers/git/tr-aomp/TheRock/build/math-libs/rocThrust/stage/include/thrust/system/detail/generic
0.2	-- Installing: /work/grodgers/git/tr-aomp/TheRock/build/math-libs/rocThrust/stage/include/thrust/system/detail/generic/remove.h
0.2	-- Installing: /work/grodgers/git/tr-aomp/TheRock/build/math-libs/rocThrust/stage/include/thrust/system/detail/generic/set_operations.h
0.2	-- Installing: /work/grodgers/git/tr-aomp/TheRock/build/math-libs/rocThrust/stage/include/thrust/system/detail/generic/select_system.h
0.2	-- Installing: /work/grodgers/git/tr-aomp/TheRock/build/math-libs/rocThrust/stage/include/thrust/system/detail/generic/uninitialized_copy.inl
0.2	-- Installing: /work/grodgers/git/tr-aomp/TheRock/build/math-libs/rocThrust/stage/include/thrust/system/detail/generic/extrema.h
0.2	-- Installing: /work/grodgers/git/tr-aomp/TheRock/build/math-libs/rocThrust/stage/include/thrust/system/detail/generic/reduce_by_key.inl
0.2	-- Installing: /work/grodgers/git/tr-aomp/TheRock/build/math-libs/rocThrust/stage/include/thrust/system/detail/generic/set_operations.inl
0.2	-- Installing: /work/grodgers/git/tr-aomp/TheRock/build/math-libs/rocThrust/stage/include/thrust/system/detail/generic/memory.h
0.2	-- Installing: /work/grodgers/git/tr-aomp/TheRock/build/math-libs/rocThrust/stage/include/thrust/system/detail/generic/scan.inl
0.2	-- Installing: /work/grodgers/git/tr-aomp/TheRock/build/math-libs/rocThrust/stage/include/thrust/system/detail/generic/partition.h
0.2	-- Installing: /work/grodgers/git/tr-aomp/TheRock/build/math-libs/rocThrust/stage/include/thrust/system/detail/generic/transform_reduce.inl
0.2	-- Installing: /work/grodgers/git/tr-aomp/TheRock/build/math-libs/rocThrust/stage/include/thrust/system/detail/generic/equal.h
0.2	-- Installing: /work/grodgers/git/tr-aomp/TheRock/build/math-libs/rocThrust/stage/include/thrust/system/detail/generic/scan_by_key.inl
0.2	-- Installing: /work/grodgers/git/tr-aomp/TheRock/build/math-libs/rocThrust/stage/include/thrust/system/detail/generic/sequence.inl
0.2	-- Installing: /work/grodgers/git/tr-aomp/TheRock/build/math-libs/rocThrust/stage/include/thrust/system/detail/generic/copy.inl
0.2	-- Installing: /work/grodgers/git/tr-aomp/TheRock/build/math-libs/rocThrust/stage/include/thrust/system/detail/generic/merge.inl
0.2	-- Installing: /work/grodgers/git/tr-aomp/TheRock/build/math-libs/rocThrust/stage/include/thrust/system/detail/generic/scan.h
0.2	-- Installing: /work/grodgers/git/tr-aomp/TheRock/build/math-libs/rocThrust/stage/include/thrust/system/detail/generic/transform.inl
0.2	-- Installing: /work/grodgers/git/tr-aomp/TheRock/build/math-libs/rocThrust/stage/include/thrust/system/detail/generic/mismatch.inl
0.2	-- Installing: /work/grodgers/git/tr-aomp/TheRock/build/math-libs/rocThrust/stage/include/thrust/system/detail/generic/fill.h
0.2	-- Installing: /work/grodgers/git/tr-aomp/TheRock/build/math-libs/rocThrust/stage/include/thrust/system/detail/generic/scatter.h
0.2	-- Installing: /work/grodgers/git/tr-aomp/TheRock/build/math-libs/rocThrust/stage/include/thrust/system/detail/generic/merge.h
0.2	-- Installing: /work/grodgers/git/tr-aomp/TheRock/build/math-libs/rocThrust/stage/include/thrust/system/detail/generic/temporary_buffer.h
0.2	-- Installing: /work/grodgers/git/tr-aomp/TheRock/build/math-libs/rocThrust/stage/include/thrust/system/detail/generic/sort.h
0.2	-- Installing: /work/grodgers/git/tr-aomp/TheRock/build/math-libs/rocThrust/stage/include/thrust/system/detail/generic/scan_by_key.h
0.2	-- Installing: /work/grodgers/git/tr-aomp/TheRock/build/math-libs/rocThrust/stage/include/thrust/system/detail/generic/binary_search.h
0.2	-- Installing: /work/grodgers/git/tr-aomp/TheRock/build/math-libs/rocThrust/stage/include/thrust/system/detail/generic/uninitialized_copy.h
0.2	-- Installing: /work/grodgers/git/tr-aomp/TheRock/build/math-libs/rocThrust/stage/include/thrust/system/detail/generic/adjacent_difference.h
0.2	-- Installing: /work/grodgers/git/tr-aomp/TheRock/build/math-libs/rocThrust/stage/include/thrust/system/detail/generic/copy_if.h
0.2	-- Installing: /work/grodgers/git/tr-aomp/TheRock/build/math-libs/rocThrust/stage/include/thrust/system/detail/generic/transform_scan.inl
0.2	-- Installing: /work/grodgers/git/tr-aomp/TheRock/build/math-libs/rocThrust/stage/include/thrust/system/detail/generic/distance.inl
0.2	-- Installing: /work/grodgers/git/tr-aomp/TheRock/build/math-libs/rocThrust/stage/include/thrust/system/detail/generic/sequence.h
0.2	-- Installing: /work/grodgers/git/tr-aomp/TheRock/build/math-libs/rocThrust/stage/include/thrust/system/detail/generic/remove.inl
0.2	-- Installing: /work/grodgers/git/tr-aomp/TheRock/build/math-libs/rocThrust/stage/include/thrust/system/detail/generic/transform_reduce.h
0.2	-- Installing: /work/grodgers/git/tr-aomp/TheRock/build/math-libs/rocThrust/stage/include/thrust/system/detail/generic/reduce_by_key.h
0.2	-- Installing: /work/grodgers/git/tr-aomp/TheRock/build/math-libs/rocThrust/stage/include/thrust/system/detail/generic/uninitialized_fill.inl
0.2	-- Installing: /work/grodgers/git/tr-aomp/TheRock/build/math-libs/rocThrust/stage/include/thrust/system/detail/generic/transform.h
0.2	-- Installing: /work/grodgers/git/tr-aomp/TheRock/build/math-libs/rocThrust/stage/include/thrust/system/detail/generic/tabulate.inl
0.2	-- Installing: /work/grodgers/git/tr-aomp/TheRock/build/math-libs/rocThrust/stage/include/thrust/system/detail/generic/sort.inl
0.2	-- Installing: /work/grodgers/git/tr-aomp/TheRock/build/math-libs/rocThrust/stage/include/thrust/system/detail/generic/for_each.h
0.2	-- Installing: /work/grodgers/git/tr-aomp/TheRock/build/math-libs/rocThrust/stage/include/thrust/system/detail/generic/unique.h
0.2	-- Installing: /work/grodgers/git/tr-aomp/TheRock/build/math-libs/rocThrust/stage/include/thrust/system/detail/generic/advance.h
0.2	-- Installing: /work/grodgers/git/tr-aomp/TheRock/build/math-libs/rocThrust/stage/include/thrust/system/detail/generic/tabulate.h
0.2	-- Installing: /work/grodgers/git/tr-aomp/TheRock/build/math-libs/rocThrust/stage/include/thrust/system/detail/generic/extrema.inl
0.2	-- Installing: /work/grodgers/git/tr-aomp/TheRock/build/math-libs/rocThrust/stage/include/thrust/system/detail/generic/unique_by_key.h
0.2	-- Installing: /work/grodgers/git/tr-aomp/TheRock/build/math-libs/rocThrust/stage/include/thrust/system/detail/generic/temporary_buffer.inl
0.2	-- Installing: /work/grodgers/git/tr-aomp/TheRock/build/math-libs/rocThrust/stage/include/thrust/system/detail/generic/shuffle.inl
0.2	-- Installing: /work/grodgers/git/tr-aomp/TheRock/build/math-libs/rocThrust/stage/include/thrust/system/detail/generic/tag.h
0.2	-- Installing: /work/grodgers/git/tr-aomp/TheRock/build/math-libs/rocThrust/stage/include/thrust/system/detail/generic/mismatch.h
0.2	-- Installing: /work/grodgers/git/tr-aomp/TheRock/build/math-libs/rocThrust/stage/include/thrust/system/detail/generic/unique.inl
0.2	-- Installing: /work/grodgers/git/tr-aomp/TheRock/build/math-libs/rocThrust/stage/include/thrust/system/detail/generic/adjacent_difference.inl
0.2	-- Installing: /work/grodgers/git/tr-aomp/TheRock/build/math-libs/rocThrust/stage/include/thrust/system/detail/generic/copy.h
0.2	-- Installing: /work/grodgers/git/tr-aomp/TheRock/build/math-libs/rocThrust/stage/include/thrust/system/detail/generic/partition.inl
0.2	-- Installing: /work/grodgers/git/tr-aomp/TheRock/build/math-libs/rocThrust/stage/include/thrust/system/detail/generic/gather.inl
0.2	-- Installing: /work/grodgers/git/tr-aomp/TheRock/build/math-libs/rocThrust/stage/include/thrust/system/detail/generic/replace.inl
0.2	-- Installing: /work/grodgers/git/tr-aomp/TheRock/build/math-libs/rocThrust/stage/include/thrust/system/detail/generic/swap_ranges.h
0.2	-- Installing: /work/grodgers/git/tr-aomp/TheRock/build/math-libs/rocThrust/stage/include/thrust/system/detail/generic/swap_ranges.inl
0.2	-- Installing: /work/grodgers/git/tr-aomp/TheRock/build/math-libs/rocThrust/stage/include/thrust/system/detail/generic/reduce.h
0.2	-- Installing: /work/grodgers/git/tr-aomp/TheRock/build/math-libs/rocThrust/stage/include/thrust/system/detail/generic/reduce.inl
0.2	-- Installing: /work/grodgers/git/tr-aomp/TheRock/build/math-libs/rocThrust/stage/include/thrust/system/detail/generic/distance.h
0.2	-- Installing: /work/grodgers/git/tr-aomp/TheRock/build/math-libs/rocThrust/stage/include/thrust/system/detail/generic/uninitialized_fill.h
0.2	-- Installing: /work/grodgers/git/tr-aomp/TheRock/build/math-libs/rocThrust/stage/include/thrust/system/detail/generic/inner_product.inl
0.2	-- Installing: /work/grodgers/git/tr-aomp/TheRock/build/math-libs/rocThrust/stage/include/thrust/system/detail/generic/unique_by_key.inl
0.2	-- Installing: /work/grodgers/git/tr-aomp/TheRock/build/math-libs/rocThrust/stage/include/thrust/system/detail/generic/per_device_resource.h
0.2	-- Installing: /work/grodgers/git/tr-aomp/TheRock/build/math-libs/rocThrust/stage/include/thrust/system/detail/generic/generate.h
0.2	-- Installing: /work/grodgers/git/tr-aomp/TheRock/build/math-libs/rocThrust/stage/include/thrust/system/detail/generic/copy_if.inl
0.2	-- Installing: /work/grodgers/git/tr-aomp/TheRock/build/math-libs/rocThrust/stage/include/thrust/system/detail/generic/inner_product.h
0.2	-- Installing: /work/grodgers/git/tr-aomp/TheRock/build/math-libs/rocThrust/stage/include/thrust/system/detail/generic/count.h
0.2	-- Installing: /work/grodgers/git/tr-aomp/TheRock/build/math-libs/rocThrust/stage/include/thrust/system/detail/generic/equal.inl
0.2	-- Installing: /work/grodgers/git/tr-aomp/TheRock/build/math-libs/rocThrust/stage/include/thrust/system/detail/generic/replace.h
0.2	-- Installing: /work/grodgers/git/tr-aomp/TheRock/build/math-libs/rocThrust/stage/include/thrust/system/detail/generic/reverse.inl
0.2	-- Installing: /work/grodgers/git/tr-aomp/TheRock/build/math-libs/rocThrust/stage/include/thrust/system/detail/generic/reverse.h
0.2	-- Installing: /work/grodgers/git/tr-aomp/TheRock/build/math-libs/rocThrust/stage/include/thrust/system/detail/generic/memory.inl
0.2	-- Installing: /work/grodgers/git/tr-aomp/TheRock/build/math-libs/rocThrust/stage/include/thrust/system/detail/generic/advance.inl
0.2	-- Installing: /work/grodgers/git/tr-aomp/TheRock/build/math-libs/rocThrust/stage/include/thrust/system/detail/generic/find.h
0.2	-- Installing: /work/grodgers/git/tr-aomp/TheRock/build/math-libs/rocThrust/stage/include/thrust/system/detail/generic/transform_scan.h
0.2	-- Installing: /work/grodgers/git/tr-aomp/TheRock/build/math-libs/rocThrust/stage/include/thrust/system/detail/generic/gather.h
0.2	-- Installing: /work/grodgers/git/tr-aomp/TheRock/build/math-libs/rocThrust/stage/include/thrust/system/detail/generic/select_system_exists.h
0.2	-- Installing: /work/grodgers/git/tr-aomp/TheRock/build/math-libs/rocThrust/stage/include/thrust/system/detail/generic/generate.inl
0.2	-- Installing: /work/grodgers/git/tr-aomp/TheRock/build/math-libs/rocThrust/stage/include/thrust/system/detail/generic/count.inl
0.2	-- Installing: /work/grodgers/git/tr-aomp/TheRock/build/math-libs/rocThrust/stage/include/thrust/system/detail/generic/binary_search.inl
0.2	-- Installing: /work/grodgers/git/tr-aomp/TheRock/build/math-libs/rocThrust/stage/include/thrust/system/detail/generic/select_system.inl
0.2	-- Installing: /work/grodgers/git/tr-aomp/TheRock/build/math-libs/rocThrust/stage/include/thrust/system/detail/generic/find.inl
0.2	-- Installing: /work/grodgers/git/tr-aomp/TheRock/build/math-libs/rocThrust/stage/include/thrust/system/detail/generic/logical.h
0.2	-- Installing: /work/grodgers/git/tr-aomp/TheRock/build/math-libs/rocThrust/stage/include/thrust/system/detail/generic/scalar
0.2	-- Installing: /work/grodgers/git/tr-aomp/TheRock/build/math-libs/rocThrust/stage/include/thrust/system/detail/generic/scalar/binary_search.h
0.2	-- Installing: /work/grodgers/git/tr-aomp/TheRock/build/math-libs/rocThrust/stage/include/thrust/system/detail/generic/scalar/binary_search.inl
0.2	-- Installing: /work/grodgers/git/tr-aomp/TheRock/build/math-libs/rocThrust/stage/include/thrust/system/detail/generic/scatter.inl
0.2	-- Installing: /work/grodgers/git/tr-aomp/TheRock/build/math-libs/rocThrust/stage/include/thrust/system/detail/generic/shuffle.h
0.2	-- Installing: /work/grodgers/git/tr-aomp/TheRock/build/math-libs/rocThrust/stage/include/thrust/system/detail/error_code.inl
0.2	-- Installing: /work/grodgers/git/tr-aomp/TheRock/build/math-libs/rocThrust/stage/include/thrust/system/detail/internal
0.2	-- Installing: /work/grodgers/git/tr-aomp/TheRock/build/math-libs/rocThrust/stage/include/thrust/system/detail/internal/decompose.h
0.2	-- Installing: /work/grodgers/git/tr-aomp/TheRock/build/math-libs/rocThrust/stage/include/thrust/system/detail/sequential
0.2	-- Installing: /work/grodgers/git/tr-aomp/TheRock/build/math-libs/rocThrust/stage/include/thrust/system/detail/sequential/remove.h
0.2	-- Installing: /work/grodgers/git/tr-aomp/TheRock/build/math-libs/rocThrust/stage/include/thrust/system/detail/sequential/set_operations.h
0.2	-- Installing: /work/grodgers/git/tr-aomp/TheRock/build/math-libs/rocThrust/stage/include/thrust/system/detail/sequential/stable_radix_sort.h
0.2	-- Installing: /work/grodgers/git/tr-aomp/TheRock/build/math-libs/rocThrust/stage/include/thrust/system/detail/sequential/extrema.h
0.2	-- Installing: /work/grodgers/git/tr-aomp/TheRock/build/math-libs/rocThrust/stage/include/thrust/system/detail/sequential/trivial_copy.h
0.2	-- Installing: /work/grodgers/git/tr-aomp/TheRock/build/math-libs/rocThrust/stage/include/thrust/system/detail/sequential/partition.h
0.2	-- Installing: /work/grodgers/git/tr-aomp/TheRock/build/math-libs/rocThrust/stage/include/thrust/system/detail/sequential/get_value.h
0.2	-- Installing: /work/grodgers/git/tr-aomp/TheRock/build/math-libs/rocThrust/stage/include/thrust/system/detail/sequential/equal.h
0.2	-- Installing: /work/grodgers/git/tr-aomp/TheRock/build/math-libs/rocThrust/stage/include/thrust/system/detail/sequential/copy.inl
0.2	-- Installing: /work/grodgers/git/tr-aomp/TheRock/build/math-libs/rocThrust/stage/include/thrust/system/detail/sequential/insertion_sort.h
0.2	-- Installing: /work/grodgers/git/tr-aomp/TheRock/build/math-libs/rocThrust/stage/include/thrust/system/detail/sequential/merge.inl
0.2	-- Installing: /work/grodgers/git/tr-aomp/TheRock/build/math-libs/rocThrust/stage/include/thrust/system/detail/sequential/stable_primitive_sort.h
0.2	-- Installing: /work/grodgers/git/tr-aomp/TheRock/build/math-libs/rocThrust/stage/include/thrust/system/detail/sequential/scan.h
0.2	-- Installing: /work/grodgers/git/tr-aomp/TheRock/build/math-libs/rocThrust/stage/include/thrust/system/detail/sequential/fill.h
0.2	-- Installing: /work/grodgers/git/tr-aomp/TheRock/build/math-libs/rocThrust/stage/include/thrust/system/detail/sequential/scatter.h
0.2	-- Installing: /work/grodgers/git/tr-aomp/TheRock/build/math-libs/rocThrust/stage/include/thrust/system/detail/sequential/merge.h
0.2	-- Installing: /work/grodgers/git/tr-aomp/TheRock/build/math-libs/rocThrust/stage/include/thrust/system/detail/sequential/temporary_buffer.h
0.2	-- Installing: /work/grodgers/git/tr-aomp/TheRock/build/math-libs/rocThrust/stage/include/thrust/system/detail/sequential/sort.h
0.2	-- Installing: /work/grodgers/git/tr-aomp/TheRock/build/math-libs/rocThrust/stage/include/thrust/system/detail/sequential/scan_by_key.h
0.2	-- Installing: /work/grodgers/git/tr-aomp/TheRock/build/math-libs/rocThrust/stage/include/thrust/system/detail/sequential/binary_search.h
0.2	-- Installing: /work/grodgers/git/tr-aomp/TheRock/build/math-libs/rocThrust/stage/include/thrust/system/detail/sequential/uninitialized_copy.h
0.2	-- Installing: /work/grodgers/git/tr-aomp/TheRock/build/math-libs/rocThrust/stage/include/thrust/system/detail/sequential/adjacent_difference.h
0.2	-- Installing: /work/grodgers/git/tr-aomp/TheRock/build/math-libs/rocThrust/stage/include/thrust/system/detail/sequential/stable_merge_sort.inl
0.2	-- Installing: /work/grodgers/git/tr-aomp/TheRock/build/math-libs/rocThrust/stage/include/thrust/system/detail/sequential/copy_if.h
0.2	-- Installing: /work/grodgers/git/tr-aomp/TheRock/build/math-libs/rocThrust/stage/include/thrust/system/detail/sequential/sequence.h
0.2	-- Installing: /work/grodgers/git/tr-aomp/TheRock/build/math-libs/rocThrust/stage/include/thrust/system/detail/sequential/transform_reduce.h
0.2	-- Installing: /work/grodgers/git/tr-aomp/TheRock/build/math-libs/rocThrust/stage/include/thrust/system/detail/sequential/reduce_by_key.h
0.2	-- Installing: /work/grodgers/git/tr-aomp/TheRock/build/math-libs/rocThrust/stage/include/thrust/system/detail/sequential/transform.h
0.2	-- Installing: /work/grodgers/git/tr-aomp/TheRock/build/math-libs/rocThrust/stage/include/thrust/system/detail/sequential/sort.inl
0.2	-- Installing: /work/grodgers/git/tr-aomp/TheRock/build/math-libs/rocThrust/stage/include/thrust/system/detail/sequential/for_each.h
0.2	-- Installing: /work/grodgers/git/tr-aomp/TheRock/build/math-libs/rocThrust/stage/include/thrust/system/detail/sequential/unique.h
0.2	-- Installing: /work/grodgers/git/tr-aomp/TheRock/build/math-libs/rocThrust/stage/include/thrust/system/detail/sequential/tabulate.h
0.2	-- Installing: /work/grodgers/git/tr-aomp/TheRock/build/math-libs/rocThrust/stage/include/thrust/system/detail/sequential/unique_by_key.h
0.2	-- Installing: /work/grodgers/git/tr-aomp/TheRock/build/math-libs/rocThrust/stage/include/thrust/system/detail/sequential/execution_policy.h
0.2	-- Installing: /work/grodgers/git/tr-aomp/TheRock/build/math-libs/rocThrust/stage/include/thrust/system/detail/sequential/mismatch.h
0.2	-- Installing: /work/grodgers/git/tr-aomp/TheRock/build/math-libs/rocThrust/stage/include/thrust/system/detail/sequential/copy.h
0.2	-- Installing: /work/grodgers/git/tr-aomp/TheRock/build/math-libs/rocThrust/stage/include/thrust/system/detail/sequential/stable_merge_sort.h
0.2	-- Installing: /work/grodgers/git/tr-aomp/TheRock/build/math-libs/rocThrust/stage/include/thrust/system/detail/sequential/stable_primitive_sort.inl
0.2	-- Installing: /work/grodgers/git/tr-aomp/TheRock/build/math-libs/rocThrust/stage/include/thrust/system/detail/sequential/swap_ranges.h
0.2	-- Installing: /work/grodgers/git/tr-aomp/TheRock/build/math-libs/rocThrust/stage/include/thrust/system/detail/sequential/reduce.h
0.2	-- Installing: /work/grodgers/git/tr-aomp/TheRock/build/math-libs/rocThrust/stage/include/thrust/system/detail/sequential/uninitialized_fill.h
0.2	-- Installing: /work/grodgers/git/tr-aomp/TheRock/build/math-libs/rocThrust/stage/include/thrust/system/detail/sequential/stable_radix_sort.inl
0.2	-- Installing: /work/grodgers/git/tr-aomp/TheRock/build/math-libs/rocThrust/stage/include/thrust/system/detail/sequential/iter_swap.h
0.2	-- Installing: /work/grodgers/git/tr-aomp/TheRock/build/math-libs/rocThrust/stage/include/thrust/system/detail/sequential/per_device_resource.h
0.2	-- Installing: /work/grodgers/git/tr-aomp/TheRock/build/math-libs/rocThrust/stage/include/thrust/system/detail/sequential/generate.h
0.2	-- Installing: /work/grodgers/git/tr-aomp/TheRock/build/math-libs/rocThrust/stage/include/thrust/system/detail/sequential/inner_product.h
0.2	-- Installing: /work/grodgers/git/tr-aomp/TheRock/build/math-libs/rocThrust/stage/include/thrust/system/detail/sequential/count.h
0.2	-- Installing: /work/grodgers/git/tr-aomp/TheRock/build/math-libs/rocThrust/stage/include/thrust/system/detail/sequential/malloc_and_free.h
0.2	-- Installing: /work/grodgers/git/tr-aomp/TheRock/build/math-libs/rocThrust/stage/include/thrust/system/detail/sequential/replace.h
0.2	-- Installing: /work/grodgers/git/tr-aomp/TheRock/build/math-libs/rocThrust/stage/include/thrust/system/detail/sequential/reverse.h
0.2	-- Installing: /work/grodgers/git/tr-aomp/TheRock/build/math-libs/rocThrust/stage/include/thrust/system/detail/sequential/find.h
0.2	-- Installing: /work/grodgers/git/tr-aomp/TheRock/build/math-libs/rocThrust/stage/include/thrust/system/detail/sequential/transform_scan.h
0.2	-- Installing: /work/grodgers/git/tr-aomp/TheRock/build/math-libs/rocThrust/stage/include/thrust/system/detail/sequential/gather.h
0.2	-- Installing: /work/grodgers/git/tr-aomp/TheRock/build/math-libs/rocThrust/stage/include/thrust/system/detail/sequential/copy_backward.h
0.2	-- Installing: /work/grodgers/git/tr-aomp/TheRock/build/math-libs/rocThrust/stage/include/thrust/system/detail/sequential/assign_value.h
0.2	-- Installing: /work/grodgers/git/tr-aomp/TheRock/build/math-libs/rocThrust/stage/include/thrust/system/detail/sequential/general_copy.h
0.2	-- Installing: /work/grodgers/git/tr-aomp/TheRock/build/math-libs/rocThrust/stage/include/thrust/system/detail/sequential/logical.h
0.2	-- Installing: /work/grodgers/git/tr-aomp/TheRock/build/math-libs/rocThrust/stage/include/thrust/system/detail/errno.h
0.2	-- Installing: /work/grodgers/git/tr-aomp/TheRock/build/math-libs/rocThrust/stage/include/thrust/system/detail/adl
0.2	-- Installing: /work/grodgers/git/tr-aomp/TheRock/build/math-libs/rocThrust/stage/include/thrust/system/detail/adl/remove.h
0.2	-- Installing: /work/grodgers/git/tr-aomp/TheRock/build/math-libs/rocThrust/stage/include/thrust/system/detail/adl/set_operations.h
0.2	-- Installing: /work/grodgers/git/tr-aomp/TheRock/build/math-libs/rocThrust/stage/include/thrust/system/detail/adl/extrema.h
0.2	-- Installing: /work/grodgers/git/tr-aomp/TheRock/build/math-libs/rocThrust/stage/include/thrust/system/detail/adl/partition.h
0.2	-- Installing: /work/grodgers/git/tr-aomp/TheRock/build/math-libs/rocThrust/stage/include/thrust/system/detail/adl/get_value.h
0.2	-- Installing: /work/grodgers/git/tr-aomp/TheRock/build/math-libs/rocThrust/stage/include/thrust/system/detail/adl/equal.h
0.2	-- Installing: /work/grodgers/git/tr-aomp/TheRock/build/math-libs/rocThrust/stage/include/thrust/system/detail/adl/scan.h
0.2	-- Installing: /work/grodgers/git/tr-aomp/TheRock/build/math-libs/rocThrust/stage/include/thrust/system/detail/adl/fill.h
0.2	-- Installing: /work/grodgers/git/tr-aomp/TheRock/build/math-libs/rocThrust/stage/include/thrust/system/detail/adl/scatter.h
0.2	-- Installing: /work/grodgers/git/tr-aomp/TheRock/build/math-libs/rocThrust/stage/include/thrust/system/detail/adl/merge.h
0.2	-- Installing: /work/grodgers/git/tr-aomp/TheRock/build/math-libs/rocThrust/stage/include/thrust/system/detail/adl/temporary_buffer.h
0.2	-- Installing: /work/grodgers/git/tr-aomp/TheRock/build/math-libs/rocThrust/stage/include/thrust/system/detail/adl/sort.h
0.2	-- Installing: /work/grodgers/git/tr-aomp/TheRock/build/math-libs/rocThrust/stage/include/thrust/system/detail/adl/scan_by_key.h
0.2	-- Installing: /work/grodgers/git/tr-aomp/TheRock/build/math-libs/rocThrust/stage/include/thrust/system/detail/adl/binary_search.h
0.2	-- Installing: /work/grodgers/git/tr-aomp/TheRock/build/math-libs/rocThrust/stage/include/thrust/system/detail/adl/uninitialized_copy.h
0.2	-- Installing: /work/grodgers/git/tr-aomp/TheRock/build/math-libs/rocThrust/stage/include/thrust/system/detail/adl/adjacent_difference.h
0.2	-- Installing: /work/grodgers/git/tr-aomp/TheRock/build/math-libs/rocThrust/stage/include/thrust/system/detail/adl/copy_if.h
0.2	-- Installing: /work/grodgers/git/tr-aomp/TheRock/build/math-libs/rocThrust/stage/include/thrust/system/detail/adl/sequence.h
0.2	-- Installing: /work/grodgers/git/tr-aomp/TheRock/build/math-libs/rocThrust/stage/include/thrust/system/detail/adl/transform_reduce.h
0.2	-- Installing: /work/grodgers/git/tr-aomp/TheRock/build/math-libs/rocThrust/stage/include/thrust/system/detail/adl/reduce_by_key.h
0.2	-- Installing: /work/grodgers/git/tr-aomp/TheRock/build/math-libs/rocThrust/stage/include/thrust/system/detail/adl/transform.h
0.2	-- Installing: /work/grodgers/git/tr-aomp/TheRock/build/math-libs/rocThrust/stage/include/thrust/system/detail/adl/for_each.h
0.2	-- Installing: /work/grodgers/git/tr-aomp/TheRock/build/math-libs/rocThrust/stage/include/thrust/system/detail/adl/unique.h
0.2	-- Installing: /work/grodgers/git/tr-aomp/TheRock/build/math-libs/rocThrust/stage/include/thrust/system/detail/adl/tabulate.h
0.2	-- Installing: /work/grodgers/git/tr-aomp/TheRock/build/math-libs/rocThrust/stage/include/thrust/system/detail/adl/unique_by_key.h
0.2	-- Installing: /work/grodgers/git/tr-aomp/TheRock/build/math-libs/rocThrust/stage/include/thrust/system/detail/adl/mismatch.h
0.2	-- Installing: /work/grodgers/git/tr-aomp/TheRock/build/math-libs/rocThrust/stage/include/thrust/system/detail/adl/copy.h
0.2	-- Installing: /work/grodgers/git/tr-aomp/TheRock/build/math-libs/rocThrust/stage/include/thrust/system/detail/adl/swap_ranges.h
0.2	-- Installing: /work/grodgers/git/tr-aomp/TheRock/build/math-libs/rocThrust/stage/include/thrust/system/detail/adl/reduce.h
0.2	-- Installing: /work/grodgers/git/tr-aomp/TheRock/build/math-libs/rocThrust/stage/include/thrust/system/detail/adl/uninitialized_fill.h
0.2	-- Installing: /work/grodgers/git/tr-aomp/TheRock/build/math-libs/rocThrust/stage/include/thrust/system/detail/adl/iter_swap.h
0.2	-- Installing: /work/grodgers/git/tr-aomp/TheRock/build/math-libs/rocThrust/stage/include/thrust/system/detail/adl/per_device_resource.h
0.2	-- Installing: /work/grodgers/git/tr-aomp/TheRock/build/math-libs/rocThrust/stage/include/thrust/system/detail/adl/generate.h
0.2	-- Installing: /work/grodgers/git/tr-aomp/TheRock/build/math-libs/rocThrust/stage/include/thrust/system/detail/adl/inner_product.h
0.2	-- Installing: /work/grodgers/git/tr-aomp/TheRock/build/math-libs/rocThrust/stage/include/thrust/system/detail/adl/count.h
0.2	-- Installing: /work/grodgers/git/tr-aomp/TheRock/build/math-libs/rocThrust/stage/include/thrust/system/detail/adl/malloc_and_free.h
0.2	-- Installing: /work/grodgers/git/tr-aomp/TheRock/build/math-libs/rocThrust/stage/include/thrust/system/detail/adl/async
0.2	-- Installing: /work/grodgers/git/tr-aomp/TheRock/build/math-libs/rocThrust/stage/include/thrust/system/detail/adl/async/scan.h
0.2	-- Installing: /work/grodgers/git/tr-aomp/TheRock/build/math-libs/rocThrust/stage/include/thrust/system/detail/adl/async/sort.h
0.2	-- Installing: /work/grodgers/git/tr-aomp/TheRock/build/math-libs/rocThrust/stage/include/thrust/system/detail/adl/async/transform.h
0.2	-- Installing: /work/grodgers/git/tr-aomp/TheRock/build/math-libs/rocThrust/stage/include/thrust/system/detail/adl/async/for_each.h
0.2	-- Installing: /work/grodgers/git/tr-aomp/TheRock/build/math-libs/rocThrust/stage/include/thrust/system/detail/adl/async/copy.h
0.2	-- Installing: /work/grodgers/git/tr-aomp/TheRock/build/math-libs/rocThrust/stage/include/thrust/system/detail/adl/async/reduce.h
0.2	-- Installing: /work/grodgers/git/tr-aomp/TheRock/build/math-libs/rocThrust/stage/include/thrust/system/detail/adl/replace.h
0.2	-- Installing: /work/grodgers/git/tr-aomp/TheRock/build/math-libs/rocThrust/stage/include/thrust/system/detail/adl/reverse.h
0.2	-- Installing: /work/grodgers/git/tr-aomp/TheRock/build/math-libs/rocThrust/stage/include/thrust/system/detail/adl/find.h
0.2	-- Installing: /work/grodgers/git/tr-aomp/TheRock/build/math-libs/rocThrust/stage/include/thrust/system/detail/adl/transform_scan.h
0.2	-- Installing: /work/grodgers/git/tr-aomp/TheRock/build/math-libs/rocThrust/stage/include/thrust/system/detail/adl/gather.h
0.2	-- Installing: /work/grodgers/git/tr-aomp/TheRock/build/math-libs/rocThrust/stage/include/thrust/system/detail/adl/assign_value.h
0.2	-- Installing: /work/grodgers/git/tr-aomp/TheRock/build/math-libs/rocThrust/stage/include/thrust/system/detail/adl/logical.h
0.2	-- Installing: /work/grodgers/git/tr-aomp/TheRock/build/math-libs/rocThrust/stage/include/thrust/system/detail/system_error.inl
0.2	-- Installing: /work/grodgers/git/tr-aomp/TheRock/build/math-libs/rocThrust/stage/include/thrust/system/detail/error_category.inl
0.2	-- Installing: /work/grodgers/git/tr-aomp/TheRock/build/math-libs/rocThrust/stage/include/thrust/system/detail/error_condition.inl
0.2	-- Installing: /work/grodgers/git/tr-aomp/TheRock/build/math-libs/rocThrust/stage/include/thrust/system/error_code.h
0.2	-- Installing: /work/grodgers/git/tr-aomp/TheRock/build/math-libs/rocThrust/stage/include/thrust/system/system_error.h
0.2	-- Installing: /work/grodgers/git/tr-aomp/TheRock/build/math-libs/rocThrust/stage/include/thrust/system/tbb
0.2	-- Installing: /work/grodgers/git/tr-aomp/TheRock/build/math-libs/rocThrust/stage/include/thrust/system/tbb/memory.h
0.2	-- Installing: /work/grodgers/git/tr-aomp/TheRock/build/math-libs/rocThrust/stage/include/thrust/system/tbb/memory_resource.h
0.2	-- Installing: /work/grodgers/git/tr-aomp/TheRock/build/math-libs/rocThrust/stage/include/thrust/system/tbb/vector.h
0.2	-- Installing: /work/grodgers/git/tr-aomp/TheRock/build/math-libs/rocThrust/stage/include/thrust/system/tbb/execution_policy.h
0.2	-- Installing: /work/grodgers/git/tr-aomp/TheRock/build/math-libs/rocThrust/stage/include/thrust/system/tbb/detail
0.2	-- Installing: /work/grodgers/git/tr-aomp/TheRock/build/math-libs/rocThrust/stage/include/thrust/system/tbb/detail/remove.h
0.2	-- Installing: /work/grodgers/git/tr-aomp/TheRock/build/math-libs/rocThrust/stage/include/thrust/system/tbb/detail/set_operations.h
0.2	-- Installing: /work/grodgers/git/tr-aomp/TheRock/build/math-libs/rocThrust/stage/include/thrust/system/tbb/detail/extrema.h
0.2	-- Installing: /work/grodgers/git/tr-aomp/TheRock/build/math-libs/rocThrust/stage/include/thrust/system/tbb/detail/reduce_by_key.inl
0.2	-- Installing: /work/grodgers/git/tr-aomp/TheRock/build/math-libs/rocThrust/stage/include/thrust/system/tbb/detail/scan.inl
0.2	-- Installing: /work/grodgers/git/tr-aomp/TheRock/build/math-libs/rocThrust/stage/include/thrust/system/tbb/detail/partition.h
0.2	-- Installing: /work/grodgers/git/tr-aomp/TheRock/build/math-libs/rocThrust/stage/include/thrust/system/tbb/detail/get_value.h
0.2	-- Installing: /work/grodgers/git/tr-aomp/TheRock/build/math-libs/rocThrust/stage/include/thrust/system/tbb/detail/equal.h
0.2	-- Installing: /work/grodgers/git/tr-aomp/TheRock/build/math-libs/rocThrust/stage/include/thrust/system/tbb/detail/copy.inl
0.2	-- Installing: /work/grodgers/git/tr-aomp/TheRock/build/math-libs/rocThrust/stage/include/thrust/system/tbb/detail/merge.inl
0.2	-- Installing: /work/grodgers/git/tr-aomp/TheRock/build/math-libs/rocThrust/stage/include/thrust/system/tbb/detail/scan.h
0.2	-- Installing: /work/grodgers/git/tr-aomp/TheRock/build/math-libs/rocThrust/stage/include/thrust/system/tbb/detail/fill.h
0.2	-- Installing: /work/grodgers/git/tr-aomp/TheRock/build/math-libs/rocThrust/stage/include/thrust/system/tbb/detail/scatter.h
0.2	-- Installing: /work/grodgers/git/tr-aomp/TheRock/build/math-libs/rocThrust/stage/include/thrust/system/tbb/detail/merge.h
0.2	-- Installing: /work/grodgers/git/tr-aomp/TheRock/build/math-libs/rocThrust/stage/include/thrust/system/tbb/detail/temporary_buffer.h
0.2	-- Installing: /work/grodgers/git/tr-aomp/TheRock/build/math-libs/rocThrust/stage/include/thrust/system/tbb/detail/sort.h
0.2	-- Installing: /work/grodgers/git/tr-aomp/TheRock/build/math-libs/rocThrust/stage/include/thrust/system/tbb/detail/for_each.inl
0.2	-- Installing: /work/grodgers/git/tr-aomp/TheRock/build/math-libs/rocThrust/stage/include/thrust/system/tbb/detail/scan_by_key.h
0.2	-- Installing: /work/grodgers/git/tr-aomp/TheRock/build/math-libs/rocThrust/stage/include/thrust/system/tbb/detail/binary_search.h
0.2	-- Installing: /work/grodgers/git/tr-aomp/TheRock/build/math-libs/rocThrust/stage/include/thrust/system/tbb/detail/uninitialized_copy.h
0.2	-- Installing: /work/grodgers/git/tr-aomp/TheRock/build/math-libs/rocThrust/stage/include/thrust/system/tbb/detail/adjacent_difference.h
0.2	-- Installing: /work/grodgers/git/tr-aomp/TheRock/build/math-libs/rocThrust/stage/include/thrust/system/tbb/detail/copy_if.h
0.2	-- Installing: /work/grodgers/git/tr-aomp/TheRock/build/math-libs/rocThrust/stage/include/thrust/system/tbb/detail/sequence.h
0.2	-- Installing: /work/grodgers/git/tr-aomp/TheRock/build/math-libs/rocThrust/stage/include/thrust/system/tbb/detail/remove.inl
0.2	-- Installing: /work/grodgers/git/tr-aomp/TheRock/build/math-libs/rocThrust/stage/include/thrust/system/tbb/detail/transform_reduce.h
0.2	-- Installing: /work/grodgers/git/tr-aomp/TheRock/build/math-libs/rocThrust/stage/include/thrust/system/tbb/detail/reduce_by_key.h
0.2	-- Installing: /work/grodgers/git/tr-aomp/TheRock/build/math-libs/rocThrust/stage/include/thrust/system/tbb/detail/transform.h
0.2	-- Installing: /work/grodgers/git/tr-aomp/TheRock/build/math-libs/rocThrust/stage/include/thrust/system/tbb/detail/sort.inl
0.2	-- Installing: /work/grodgers/git/tr-aomp/TheRock/build/math-libs/rocThrust/stage/include/thrust/system/tbb/detail/for_each.h
0.2	-- Installing: /work/grodgers/git/tr-aomp/TheRock/build/math-libs/rocThrust/stage/include/thrust/system/tbb/detail/unique.h
0.2	-- Installing: /work/grodgers/git/tr-aomp/TheRock/build/math-libs/rocThrust/stage/include/thrust/system/tbb/detail/tabulate.h
0.2	-- Installing: /work/grodgers/git/tr-aomp/TheRock/build/math-libs/rocThrust/stage/include/thrust/system/tbb/detail/unique_by_key.h
0.2	-- Installing: /work/grodgers/git/tr-aomp/TheRock/build/math-libs/rocThrust/stage/include/thrust/system/tbb/detail/execution_policy.h
0.2	-- Installing: /work/grodgers/git/tr-aomp/TheRock/build/math-libs/rocThrust/stage/include/thrust/system/tbb/detail/mismatch.h
0.2	-- Installing: /work/grodgers/git/tr-aomp/TheRock/build/math-libs/rocThrust/stage/include/thrust/system/tbb/detail/unique.inl
0.2	-- Installing: /work/grodgers/git/tr-aomp/TheRock/build/math-libs/rocThrust/stage/include/thrust/system/tbb/detail/copy.h
0.2	-- Installing: /work/grodgers/git/tr-aomp/TheRock/build/math-libs/rocThrust/stage/include/thrust/system/tbb/detail/partition.inl
0.2	-- Installing: /work/grodgers/git/tr-aomp/TheRock/build/math-libs/rocThrust/stage/include/thrust/system/tbb/detail/swap_ranges.h
0.2	-- Installing: /work/grodgers/git/tr-aomp/TheRock/build/math-libs/rocThrust/stage/include/thrust/system/tbb/detail/reduce.h
0.2	-- Installing: /work/grodgers/git/tr-aomp/TheRock/build/math-libs/rocThrust/stage/include/thrust/system/tbb/detail/reduce.inl
0.2	-- Installing: /work/grodgers/git/tr-aomp/TheRock/build/math-libs/rocThrust/stage/include/thrust/system/tbb/detail/uninitialized_fill.h
0.2	-- Installing: /work/grodgers/git/tr-aomp/TheRock/build/math-libs/rocThrust/stage/include/thrust/system/tbb/detail/par.h
0.2	-- Installing: /work/grodgers/git/tr-aomp/TheRock/build/math-libs/rocThrust/stage/include/thrust/system/tbb/detail/unique_by_key.inl
0.2	-- Installing: /work/grodgers/git/tr-aomp/TheRock/build/math-libs/rocThrust/stage/include/thrust/system/tbb/detail/iter_swap.h
0.2	-- Installing: /work/grodgers/git/tr-aomp/TheRock/build/math-libs/rocThrust/stage/include/thrust/system/tbb/detail/per_device_resource.h
0.2	-- Installing: /work/grodgers/git/tr-aomp/TheRock/build/math-libs/rocThrust/stage/include/thrust/system/tbb/detail/generate.h
0.2	-- Installing: /work/grodgers/git/tr-aomp/TheRock/build/math-libs/rocThrust/stage/include/thrust/system/tbb/detail/copy_if.inl
0.2	-- Installing: /work/grodgers/git/tr-aomp/TheRock/build/math-libs/rocThrust/stage/include/thrust/system/tbb/detail/inner_product.h
0.2	-- Installing: /work/grodgers/git/tr-aomp/TheRock/build/math-libs/rocThrust/stage/include/thrust/system/tbb/detail/count.h
0.2	-- Installing: /work/grodgers/git/tr-aomp/TheRock/build/math-libs/rocThrust/stage/include/thrust/system/tbb/detail/malloc_and_free.h
0.2	-- Installing: /work/grodgers/git/tr-aomp/TheRock/build/math-libs/rocThrust/stage/include/thrust/system/tbb/detail/replace.h
0.2	-- Installing: /work/grodgers/git/tr-aomp/TheRock/build/math-libs/rocThrust/stage/include/thrust/system/tbb/detail/reverse.h
0.2	-- Installing: /work/grodgers/git/tr-aomp/TheRock/build/math-libs/rocThrust/stage/include/thrust/system/tbb/detail/memory.inl
0.2	-- Installing: /work/grodgers/git/tr-aomp/TheRock/build/math-libs/rocThrust/stage/include/thrust/system/tbb/detail/find.h
0.2	-- Installing: /work/grodgers/git/tr-aomp/TheRock/build/math-libs/rocThrust/stage/include/thrust/system/tbb/detail/reduce_intervals.h
0.2	-- Installing: /work/grodgers/git/tr-aomp/TheRock/build/math-libs/rocThrust/stage/include/thrust/system/tbb/detail/transform_scan.h
0.2	-- Installing: /work/grodgers/git/tr-aomp/TheRock/build/math-libs/rocThrust/stage/include/thrust/system/tbb/detail/gather.h
0.2	-- Installing: /work/grodgers/git/tr-aomp/TheRock/build/math-libs/rocThrust/stage/include/thrust/system/tbb/detail/assign_value.h
0.2	-- Installing: /work/grodgers/git/tr-aomp/TheRock/build/math-libs/rocThrust/stage/include/thrust/system/tbb/detail/logical.h
0.2	-- Installing: /work/grodgers/git/tr-aomp/TheRock/build/math-libs/rocThrust/stage/include/thrust/system/tbb/pointer.h
0.2	-- Installing: /work/grodgers/git/tr-aomp/TheRock/build/math-libs/rocThrust/stage/include/thrust/system/cuda
0.2	-- Installing: /work/grodgers/git/tr-aomp/TheRock/build/math-libs/rocThrust/stage/include/thrust/system/cuda/memory.h
0.2	-- Installing: /work/grodgers/git/tr-aomp/TheRock/build/math-libs/rocThrust/stage/include/thrust/system/cuda/memory_resource.h
0.2	-- Installing: /work/grodgers/git/tr-aomp/TheRock/build/math-libs/rocThrust/stage/include/thrust/system/cuda/vector.h
0.2	-- Installing: /work/grodgers/git/tr-aomp/TheRock/build/math-libs/rocThrust/stage/include/thrust/system/cuda/execution_policy.h
0.2	-- Installing: /work/grodgers/git/tr-aomp/TheRock/build/math-libs/rocThrust/stage/include/thrust/system/cuda/detail
0.2	-- Installing: /work/grodgers/git/tr-aomp/TheRock/build/math-libs/rocThrust/stage/include/thrust/system/cuda/detail/remove.h
0.2	-- Installing: /work/grodgers/git/tr-aomp/TheRock/build/math-libs/rocThrust/stage/include/thrust/system/cuda/detail/parallel_for.h
0.2	-- Installing: /work/grodgers/git/tr-aomp/TheRock/build/math-libs/rocThrust/stage/include/thrust/system/cuda/detail/set_operations.h
0.2	-- Installing: /work/grodgers/git/tr-aomp/TheRock/build/math-libs/rocThrust/stage/include/thrust/system/cuda/detail/extrema.h
0.2	-- Installing: /work/grodgers/git/tr-aomp/TheRock/build/math-libs/rocThrust/stage/include/thrust/system/cuda/detail/util.h
0.2	-- Installing: /work/grodgers/git/tr-aomp/TheRock/build/math-libs/rocThrust/stage/include/thrust/system/cuda/detail/partition.h
0.2	-- Installing: /work/grodgers/git/tr-aomp/TheRock/build/math-libs/rocThrust/stage/include/thrust/system/cuda/detail/cross_system.h
0.2	-- Installing: /work/grodgers/git/tr-aomp/TheRock/build/math-libs/rocThrust/stage/include/thrust/system/cuda/detail/future.inl
0.2	-- Installing: /work/grodgers/git/tr-aomp/TheRock/build/math-libs/rocThrust/stage/include/thrust/system/cuda/detail/get_value.h
0.2	-- Installing: /work/grodgers/git/tr-aomp/TheRock/build/math-libs/rocThrust/stage/include/thrust/system/cuda/detail/equal.h
0.2	-- Installing: /work/grodgers/git/tr-aomp/TheRock/build/math-libs/rocThrust/stage/include/thrust/system/cuda/detail/par_to_seq.h
0.2	-- Installing: /work/grodgers/git/tr-aomp/TheRock/build/math-libs/rocThrust/stage/include/thrust/system/cuda/detail/core
0.2	-- Installing: /work/grodgers/git/tr-aomp/TheRock/build/math-libs/rocThrust/stage/include/thrust/system/cuda/detail/core/util.h
0.2	-- Installing: /work/grodgers/git/tr-aomp/TheRock/build/math-libs/rocThrust/stage/include/thrust/system/cuda/detail/core/agent_launcher.h
0.2	-- Installing: /work/grodgers/git/tr-aomp/TheRock/build/math-libs/rocThrust/stage/include/thrust/system/cuda/detail/core/triple_chevron_launch.h
0.2	-- Installing: /work/grodgers/git/tr-aomp/TheRock/build/math-libs/rocThrust/stage/include/thrust/system/cuda/detail/scan.h
0.2	-- Installing: /work/grodgers/git/tr-aomp/TheRock/build/math-libs/rocThrust/stage/include/thrust/system/cuda/detail/fill.h
0.2	-- Installing: /work/grodgers/git/tr-aomp/TheRock/build/math-libs/rocThrust/stage/include/thrust/system/cuda/detail/scatter.h
0.2	-- Installing: /work/grodgers/git/tr-aomp/TheRock/build/math-libs/rocThrust/stage/include/thrust/system/cuda/detail/merge.h
0.2	-- Installing: /work/grodgers/git/tr-aomp/TheRock/build/math-libs/rocThrust/stage/include/thrust/system/cuda/detail/temporary_buffer.h
0.2	-- Installing: /work/grodgers/git/tr-aomp/TheRock/build/math-libs/rocThrust/stage/include/thrust/system/cuda/detail/sort.h
0.2	-- Installing: /work/grodgers/git/tr-aomp/TheRock/build/math-libs/rocThrust/stage/include/thrust/system/cuda/detail/scan_by_key.h
0.2	-- Installing: /work/grodgers/git/tr-aomp/TheRock/build/math-libs/rocThrust/stage/include/thrust/system/cuda/detail/binary_search.h
0.3	-- Installing: /work/grodgers/git/tr-aomp/TheRock/build/math-libs/rocThrust/stage/include/thrust/system/cuda/detail/uninitialized_copy.h
0.3	-- Installing: /work/grodgers/git/tr-aomp/TheRock/build/math-libs/rocThrust/stage/include/thrust/system/cuda/detail/adjacent_difference.h
0.3	-- Installing: /work/grodgers/git/tr-aomp/TheRock/build/math-libs/rocThrust/stage/include/thrust/system/cuda/detail/copy_if.h
0.3	-- Installing: /work/grodgers/git/tr-aomp/TheRock/build/math-libs/rocThrust/stage/include/thrust/system/cuda/detail/sequence.h
0.3	-- Installing: /work/grodgers/git/tr-aomp/TheRock/build/math-libs/rocThrust/stage/include/thrust/system/cuda/detail/transform_reduce.h
0.3	-- Installing: /work/grodgers/git/tr-aomp/TheRock/build/math-libs/rocThrust/stage/include/thrust/system/cuda/detail/reduce_by_key.h
0.3	-- Installing: /work/grodgers/git/tr-aomp/TheRock/build/math-libs/rocThrust/stage/include/thrust/system/cuda/detail/transform.h
0.3	-- Installing: /work/grodgers/git/tr-aomp/TheRock/build/math-libs/rocThrust/stage/include/thrust/system/cuda/detail/for_each.h
0.3	-- Installing: /work/grodgers/git/tr-aomp/TheRock/build/math-libs/rocThrust/stage/include/thrust/system/cuda/detail/unique.h
0.3	-- Installing: /work/grodgers/git/tr-aomp/TheRock/build/math-libs/rocThrust/stage/include/thrust/system/cuda/detail/tabulate.h
0.3	-- Installing: /work/grodgers/git/tr-aomp/TheRock/build/math-libs/rocThrust/stage/include/thrust/system/cuda/detail/unique_by_key.h
0.3	-- Installing: /work/grodgers/git/tr-aomp/TheRock/build/math-libs/rocThrust/stage/include/thrust/system/cuda/detail/execution_policy.h
0.3	-- Installing: /work/grodgers/git/tr-aomp/TheRock/build/math-libs/rocThrust/stage/include/thrust/system/cuda/detail/mismatch.h
0.3	-- Installing: /work/grodgers/git/tr-aomp/TheRock/build/math-libs/rocThrust/stage/include/thrust/system/cuda/detail/copy.h
0.3	-- Installing: /work/grodgers/git/tr-aomp/TheRock/build/math-libs/rocThrust/stage/include/thrust/system/cuda/detail/internal
0.3	-- Installing: /work/grodgers/git/tr-aomp/TheRock/build/math-libs/rocThrust/stage/include/thrust/system/cuda/detail/internal/copy_device_to_device.h
0.3	-- Installing: /work/grodgers/git/tr-aomp/TheRock/build/math-libs/rocThrust/stage/include/thrust/system/cuda/detail/internal/copy_cross_system.h
0.3	-- Installing: /work/grodgers/git/tr-aomp/TheRock/build/math-libs/rocThrust/stage/include/thrust/system/cuda/detail/swap_ranges.h
0.3	-- Installing: /work/grodgers/git/tr-aomp/TheRock/build/math-libs/rocThrust/stage/include/thrust/system/cuda/detail/reduce.h
0.3	-- Installing: /work/grodgers/git/tr-aomp/TheRock/build/math-libs/rocThrust/stage/include/thrust/system/cuda/detail/make_unsigned_special.h
0.3	-- Installing: /work/grodgers/git/tr-aomp/TheRock/build/math-libs/rocThrust/stage/include/thrust/system/cuda/detail/uninitialized_fill.h
0.3	-- Installing: /work/grodgers/git/tr-aomp/TheRock/build/math-libs/rocThrust/stage/include/thrust/system/cuda/detail/par.h
0.3	-- Installing: /work/grodgers/git/tr-aomp/TheRock/build/math-libs/rocThrust/stage/include/thrust/system/cuda/detail/dispatch.h
0.3	-- Installing: /work/grodgers/git/tr-aomp/TheRock/build/math-libs/rocThrust/stage/include/thrust/system/cuda/detail/iter_swap.h
0.3	-- Installing: /work/grodgers/git/tr-aomp/TheRock/build/math-libs/rocThrust/stage/include/thrust/system/cuda/detail/per_device_resource.h
0.3	-- Installing: /work/grodgers/git/tr-aomp/TheRock/build/math-libs/rocThrust/stage/include/thrust/system/cuda/detail/generate.h
0.3	-- Installing: /work/grodgers/git/tr-aomp/TheRock/build/math-libs/rocThrust/stage/include/thrust/system/cuda/detail/cdp_dispatch.h
0.3	-- Installing: /work/grodgers/git/tr-aomp/TheRock/build/math-libs/rocThrust/stage/include/thrust/system/cuda/detail/inner_product.h
0.3	-- Installing: /work/grodgers/git/tr-aomp/TheRock/build/math-libs/rocThrust/stage/include/thrust/system/cuda/detail/count.h
0.3	-- Installing: /work/grodgers/git/tr-aomp/TheRock/build/math-libs/rocThrust/stage/include/thrust/system/cuda/detail/malloc_and_free.h
0.3	-- Installing: /work/grodgers/git/tr-aomp/TheRock/build/math-libs/rocThrust/stage/include/thrust/system/cuda/detail/async
0.3	-- Installing: /work/grodgers/git/tr-aomp/TheRock/build/math-libs/rocThrust/stage/include/thrust/system/cuda/detail/async/customization.h
0.3	-- Installing: /work/grodgers/git/tr-aomp/TheRock/build/math-libs/rocThrust/stage/include/thrust/system/cuda/detail/async/scan.h
0.3	-- Installing: /work/grodgers/git/tr-aomp/TheRock/build/math-libs/rocThrust/stage/include/thrust/system/cuda/detail/async/sort.h
0.3	-- Installing: /work/grodgers/git/tr-aomp/TheRock/build/math-libs/rocThrust/stage/include/thrust/system/cuda/detail/async/exclusive_scan.h
0.3	-- Installing: /work/grodgers/git/tr-aomp/TheRock/build/math-libs/rocThrust/stage/include/thrust/system/cuda/detail/async/transform.h
0.3	-- Installing: /work/grodgers/git/tr-aomp/TheRock/build/math-libs/rocThrust/stage/include/thrust/system/cuda/detail/async/for_each.h
0.3	-- Installing: /work/grodgers/git/tr-aomp/TheRock/build/math-libs/rocThrust/stage/include/thrust/system/cuda/detail/async/copy.h
0.3	-- Installing: /work/grodgers/git/tr-aomp/TheRock/build/math-libs/rocThrust/stage/include/thrust/system/cuda/detail/async/reduce.h
0.3	-- Installing: /work/grodgers/git/tr-aomp/TheRock/build/math-libs/rocThrust/stage/include/thrust/system/cuda/detail/async/inclusive_scan.h
0.3	-- Installing: /work/grodgers/git/tr-aomp/TheRock/build/math-libs/rocThrust/stage/include/thrust/system/cuda/detail/replace.h
0.3	-- Installing: /work/grodgers/git/tr-aomp/TheRock/build/math-libs/rocThrust/stage/include/thrust/system/cuda/detail/error.inl
0.3	-- Installing: /work/grodgers/git/tr-aomp/TheRock/build/math-libs/rocThrust/stage/include/thrust/system/cuda/detail/reverse.h
0.3	-- Installing: /work/grodgers/git/tr-aomp/TheRock/build/math-libs/rocThrust/stage/include/thrust/system/cuda/detail/memory.inl
0.3	-- Installing: /work/grodgers/git/tr-aomp/TheRock/build/math-libs/rocThrust/stage/include/thrust/system/cuda/detail/find.h
0.3	-- Installing: /work/grodgers/git/tr-aomp/TheRock/build/math-libs/rocThrust/stage/include/thrust/system/cuda/detail/transform_scan.h
0.3	-- Installing: /work/grodgers/git/tr-aomp/TheRock/build/math-libs/rocThrust/stage/include/thrust/system/cuda/detail/gather.h
0.3	-- Installing: /work/grodgers/git/tr-aomp/TheRock/build/math-libs/rocThrust/stage/include/thrust/system/cuda/detail/assign_value.h
0.3	-- Installing: /work/grodgers/git/tr-aomp/TheRock/build/math-libs/rocThrust/stage/include/thrust/system/cuda/detail/terminate.h
0.3	-- Installing: /work/grodgers/git/tr-aomp/TheRock/build/math-libs/rocThrust/stage/include/thrust/system/cuda/detail/logical.h
0.3	-- Installing: /work/grodgers/git/tr-aomp/TheRock/build/math-libs/rocThrust/stage/include/thrust/system/cuda/error.h
0.3	-- Installing: /work/grodgers/git/tr-aomp/TheRock/build/math-libs/rocThrust/stage/include/thrust/system/cuda/future.h
0.3	-- Installing: /work/grodgers/git/tr-aomp/TheRock/build/math-libs/rocThrust/stage/include/thrust/system/cuda/pointer.h
0.3	-- Installing: /work/grodgers/git/tr-aomp/TheRock/build/math-libs/rocThrust/stage/include/thrust/system/cuda/config.h
0.3	-- Installing: /work/grodgers/git/tr-aomp/TheRock/build/math-libs/rocThrust/stage/include/thrust/device_ptr.h
0.3	-- Installing: /work/grodgers/git/tr-aomp/TheRock/build/math-libs/rocThrust/stage/include/thrust/shuffle.h
0.3	-- Up-to-date: /work/grodgers/git/tr-aomp/TheRock/build/math-libs/rocThrust/stage/include/thrust
0.3	-- Installing: /work/grodgers/git/tr-aomp/TheRock/build/math-libs/rocThrust/stage/include/thrust/rocthrust_version.hpp
0.3	-- Installing: /work/grodgers/git/tr-aomp/TheRock/build/math-libs/rocThrust/stage/lib/cmake/rocthrust/rocthrust-targets.cmake
0.3	-- Installing: /work/grodgers/git/tr-aomp/TheRock/build/math-libs/rocThrust/stage/lib/cmake/rocthrust/rocthrust-config.cmake
0.3	-- Installing: /work/grodgers/git/tr-aomp/TheRock/build/math-libs/rocThrust/stage/lib/cmake/rocthrust/rocthrust-config-version.cmake
END	1757694063.2900364	0.2669088840484619	0
