BEGIN	1757693405.9433212
EXEC	/work1/grodgers/git/tr-aomp/TheRock/build/third-party/msgpack-cxx/build	/usr/bin/cmake --install /work/grodgers/git/tr-aomp/TheRock/build/third-party/msgpack-cxx/build
0.0	-- Install configuration: "Release"
0.0	-- Installing: /work/grodgers/git/tr-aomp/TheRock/build/third-party/msgpack-cxx/stage/include
0.0	-- Installing: /work/grodgers/git/tr-aomp/TheRock/build/third-party/msgpack-cxx/stage/include/msgpack.hpp
0.0	-- Installing: /work/grodgers/git/tr-aomp/TheRock/build/third-party/msgpack-cxx/stage/include/msgpack
0.0	-- Installing: /work/grodgers/git/tr-aomp/TheRock/build/third-party/msgpack-cxx/stage/include/msgpack/pack_decl.hpp
0.0	-- Installing: /work/grodgers/git/tr-aomp/TheRock/build/third-party/msgpack-cxx/stage/include/msgpack/gcc_atomic.hpp
0.0	-- Installing: /work/grodgers/git/tr-aomp/TheRock/build/third-party/msgpack-cxx/stage/include/msgpack/adaptor
0.0	-- Installing: /work/grodgers/git/tr-aomp/TheRock/build/third-party/msgpack-cxx/stage/include/msgpack/adaptor/cpp11
0.0	-- Installing: /work/grodgers/git/tr-aomp/TheRock/build/third-party/msgpack-cxx/stage/include/msgpack/adaptor/cpp11/unique_ptr.hpp
0.0	-- Installing: /work/grodgers/git/tr-aomp/TheRock/build/third-party/msgpack-cxx/stage/include/msgpack/adaptor/cpp11/unordered_set.hpp
0.0	-- Installing: /work/grodgers/git/tr-aomp/TheRock/build/third-party/msgpack-cxx/stage/include/msgpack/adaptor/cpp11/reference_wrapper.hpp
0.0	-- Installing: /work/grodgers/git/tr-aomp/TheRock/build/third-party/msgpack-cxx/stage/include/msgpack/adaptor/cpp11/chrono.hpp
0.0	-- Installing: /work/grodgers/git/tr-aomp/TheRock/build/third-party/msgpack-cxx/stage/include/msgpack/adaptor/cpp11/forward_list.hpp
0.0	-- Installing: /work/grodgers/git/tr-aomp/TheRock/build/third-party/msgpack-cxx/stage/include/msgpack/adaptor/cpp11/unordered_map.hpp
0.0	-- Installing: /work/grodgers/git/tr-aomp/TheRock/build/third-party/msgpack-cxx/stage/include/msgpack/adaptor/cpp11/array_char.hpp
0.0	-- Installing: /work/grodgers/git/tr-aomp/TheRock/build/third-party/msgpack-cxx/stage/include/msgpack/adaptor/cpp11/array.hpp
0.0	-- Installing: /work/grodgers/git/tr-aomp/TheRock/build/third-party/msgpack-cxx/stage/include/msgpack/adaptor/cpp11/timespec.hpp
0.0	-- Installing: /work/grodgers/git/tr-aomp/TheRock/build/third-party/msgpack-cxx/stage/include/msgpack/adaptor/cpp11/tuple.hpp
0.0	-- Installing: /work/grodgers/git/tr-aomp/TheRock/build/third-party/msgpack-cxx/stage/include/msgpack/adaptor/cpp11/shared_ptr.hpp
0.0	-- Installing: /work/grodgers/git/tr-aomp/TheRock/build/third-party/msgpack-cxx/stage/include/msgpack/adaptor/cpp11/array_unsigned_char.hpp
0.0	-- Installing: /work/grodgers/git/tr-aomp/TheRock/build/third-party/msgpack-cxx/stage/include/msgpack/adaptor/ext.hpp
0.0	-- Installing: /work/grodgers/git/tr-aomp/TheRock/build/third-party/msgpack-cxx/stage/include/msgpack/adaptor/int_decl.hpp
0.0	-- Installing: /work/grodgers/git/tr-aomp/TheRock/build/third-party/msgpack-cxx/stage/include/msgpack/adaptor/check_container_size_decl.hpp
0.0	-- Installing: /work/grodgers/git/tr-aomp/TheRock/build/third-party/msgpack-cxx/stage/include/msgpack/adaptor/check_container_size.hpp
0.0	-- Installing: /work/grodgers/git/tr-aomp/TheRock/build/third-party/msgpack-cxx/stage/include/msgpack/adaptor/string.hpp
0.0	-- Installing: /work/grodgers/git/tr-aomp/TheRock/build/third-party/msgpack-cxx/stage/include/msgpack/adaptor/boost
0.0	-- Installing: /work/grodgers/git/tr-aomp/TheRock/build/third-party/msgpack-cxx/stage/include/msgpack/adaptor/boost/string_view.hpp
0.0	-- Installing: /work/grodgers/git/tr-aomp/TheRock/build/third-party/msgpack-cxx/stage/include/msgpack/adaptor/boost/msgpack_variant.hpp
0.0	-- Installing: /work/grodgers/git/tr-aomp/TheRock/build/third-party/msgpack-cxx/stage/include/msgpack/adaptor/boost/optional.hpp
0.0	-- Installing: /work/grodgers/git/tr-aomp/TheRock/build/third-party/msgpack-cxx/stage/include/msgpack/adaptor/boost/msgpack_variant_decl.hpp
0.0	-- Installing: /work/grodgers/git/tr-aomp/TheRock/build/third-party/msgpack-cxx/stage/include/msgpack/adaptor/boost/fusion.hpp
0.0	-- Installing: /work/grodgers/git/tr-aomp/TheRock/build/third-party/msgpack-cxx/stage/include/msgpack/adaptor/boost/string_ref.hpp
0.0	-- Installing: /work/grodgers/git/tr-aomp/TheRock/build/third-party/msgpack-cxx/stage/include/msgpack/adaptor/define_decl.hpp
0.0	-- Installing: /work/grodgers/git/tr-aomp/TheRock/build/third-party/msgpack-cxx/stage/include/msgpack/adaptor/define.hpp
0.0	-- Installing: /work/grodgers/git/tr-aomp/TheRock/build/third-party/msgpack-cxx/stage/include/msgpack/adaptor/vector_char.hpp
0.0	-- Installing: /work/grodgers/git/tr-aomp/TheRock/build/third-party/msgpack-cxx/stage/include/msgpack/adaptor/deque.hpp
0.0	-- Installing: /work/grodgers/git/tr-aomp/TheRock/build/third-party/msgpack-cxx/stage/include/msgpack/adaptor/array_ref_decl.hpp
0.0	-- Installing: /work/grodgers/git/tr-aomp/TheRock/build/third-party/msgpack-cxx/stage/include/msgpack/adaptor/fixint.hpp
0.0	-- Installing: /work/grodgers/git/tr-aomp/TheRock/build/third-party/msgpack-cxx/stage/include/msgpack/adaptor/v4raw_decl.hpp
0.0	-- Installing: /work/grodgers/git/tr-aomp/TheRock/build/third-party/msgpack-cxx/stage/include/msgpack/adaptor/adaptor_base_decl.hpp
0.0	-- Installing: /work/grodgers/git/tr-aomp/TheRock/build/third-party/msgpack-cxx/stage/include/msgpack/adaptor/fixint_decl.hpp
0.0	-- Installing: /work/grodgers/git/tr-aomp/TheRock/build/third-party/msgpack-cxx/stage/include/msgpack/adaptor/raw.hpp
0.0	-- Installing: /work/grodgers/git/tr-aomp/TheRock/build/third-party/msgpack-cxx/stage/include/msgpack/adaptor/int.hpp
0.0	-- Installing: /work/grodgers/git/tr-aomp/TheRock/build/third-party/msgpack-cxx/stage/include/msgpack/adaptor/cpp17
0.0	-- Installing: /work/grodgers/git/tr-aomp/TheRock/build/third-party/msgpack-cxx/stage/include/msgpack/adaptor/cpp17/variant.hpp
0.0	-- Installing: /work/grodgers/git/tr-aomp/TheRock/build/third-party/msgpack-cxx/stage/include/msgpack/adaptor/cpp17/string_view.hpp
0.0	-- Installing: /work/grodgers/git/tr-aomp/TheRock/build/third-party/msgpack-cxx/stage/include/msgpack/adaptor/cpp17/byte.hpp
0.0	-- Installing: /work/grodgers/git/tr-aomp/TheRock/build/third-party/msgpack-cxx/stage/include/msgpack/adaptor/cpp17/optional.hpp
0.0	-- Installing: /work/grodgers/git/tr-aomp/TheRock/build/third-party/msgpack-cxx/stage/include/msgpack/adaptor/cpp17/vector_byte.hpp
0.0	-- Installing: /work/grodgers/git/tr-aomp/TheRock/build/third-party/msgpack-cxx/stage/include/msgpack/adaptor/cpp17/carray_byte.hpp
0.0	-- Installing: /work/grodgers/git/tr-aomp/TheRock/build/third-party/msgpack-cxx/stage/include/msgpack/adaptor/cpp17/array_byte.hpp
0.0	-- Installing: /work/grodgers/git/tr-aomp/TheRock/build/third-party/msgpack-cxx/stage/include/msgpack/adaptor/raw_decl.hpp
0.0	-- Installing: /work/grodgers/git/tr-aomp/TheRock/build/third-party/msgpack-cxx/stage/include/msgpack/adaptor/nil.hpp
0.0	-- Installing: /work/grodgers/git/tr-aomp/TheRock/build/third-party/msgpack-cxx/stage/include/msgpack/adaptor/ext_decl.hpp
0.0	-- Installing: /work/grodgers/git/tr-aomp/TheRock/build/third-party/msgpack-cxx/stage/include/msgpack/adaptor/bool.hpp
0.0	-- Installing: /work/grodgers/git/tr-aomp/TheRock/build/third-party/msgpack-cxx/stage/include/msgpack/adaptor/wstring.hpp
0.0	-- Installing: /work/grodgers/git/tr-aomp/TheRock/build/third-party/msgpack-cxx/stage/include/msgpack/adaptor/cpp20
0.0	-- Installing: /work/grodgers/git/tr-aomp/TheRock/build/third-party/msgpack-cxx/stage/include/msgpack/adaptor/cpp20/span.hpp
0.0	-- Installing: /work/grodgers/git/tr-aomp/TheRock/build/third-party/msgpack-cxx/stage/include/msgpack/adaptor/pair.hpp
0.0	-- Installing: /work/grodgers/git/tr-aomp/TheRock/build/third-party/msgpack-cxx/stage/include/msgpack/adaptor/vector.hpp
0.0	-- Installing: /work/grodgers/git/tr-aomp/TheRock/build/third-party/msgpack-cxx/stage/include/msgpack/adaptor/char_ptr.hpp
0.0	-- Installing: /work/grodgers/git/tr-aomp/TheRock/build/third-party/msgpack-cxx/stage/include/msgpack/adaptor/set.hpp
0.0	-- Installing: /work/grodgers/git/tr-aomp/TheRock/build/third-party/msgpack-cxx/stage/include/msgpack/adaptor/vector_bool.hpp
0.0	-- Installing: /work/grodgers/git/tr-aomp/TheRock/build/third-party/msgpack-cxx/stage/include/msgpack/adaptor/tr1
0.0	-- Installing: /work/grodgers/git/tr-aomp/TheRock/build/third-party/msgpack-cxx/stage/include/msgpack/adaptor/tr1/unordered_set.hpp
0.0	-- Installing: /work/grodgers/git/tr-aomp/TheRock/build/third-party/msgpack-cxx/stage/include/msgpack/adaptor/tr1/unordered_map.hpp
0.0	-- Installing: /work/grodgers/git/tr-aomp/TheRock/build/third-party/msgpack-cxx/stage/include/msgpack/adaptor/map_decl.hpp
0.0	-- Installing: /work/grodgers/git/tr-aomp/TheRock/build/third-party/msgpack-cxx/stage/include/msgpack/adaptor/nil_decl.hpp
0.0	-- Installing: /work/grodgers/git/tr-aomp/TheRock/build/third-party/msgpack-cxx/stage/include/msgpack/adaptor/msgpack_tuple.hpp
0.0	-- Installing: /work/grodgers/git/tr-aomp/TheRock/build/third-party/msgpack-cxx/stage/include/msgpack/adaptor/float.hpp
0.0	-- Installing: /work/grodgers/git/tr-aomp/TheRock/build/third-party/msgpack-cxx/stage/include/msgpack/adaptor/complex.hpp
0.0	-- Installing: /work/grodgers/git/tr-aomp/TheRock/build/third-party/msgpack-cxx/stage/include/msgpack/adaptor/vector_unsigned_char.hpp
0.0	-- Installing: /work/grodgers/git/tr-aomp/TheRock/build/third-party/msgpack-cxx/stage/include/msgpack/adaptor/carray.hpp
0.0	-- Installing: /work/grodgers/git/tr-aomp/TheRock/build/third-party/msgpack-cxx/stage/include/msgpack/adaptor/adaptor_base.hpp
0.0	-- Installing: /work/grodgers/git/tr-aomp/TheRock/build/third-party/msgpack-cxx/stage/include/msgpack/adaptor/array_ref.hpp
0.0	-- Installing: /work/grodgers/git/tr-aomp/TheRock/build/third-party/msgpack-cxx/stage/include/msgpack/adaptor/list.hpp
0.0	-- Installing: /work/grodgers/git/tr-aomp/TheRock/build/third-party/msgpack-cxx/stage/include/msgpack/adaptor/map.hpp
0.0	-- Installing: /work/grodgers/git/tr-aomp/TheRock/build/third-party/msgpack-cxx/stage/include/msgpack/adaptor/size_equal_only_decl.hpp
0.0	-- Installing: /work/grodgers/git/tr-aomp/TheRock/build/third-party/msgpack-cxx/stage/include/msgpack/adaptor/size_equal_only.hpp
0.0	-- Installing: /work/grodgers/git/tr-aomp/TheRock/build/third-party/msgpack-cxx/stage/include/msgpack/adaptor/v4raw.hpp
0.0	-- Installing: /work/grodgers/git/tr-aomp/TheRock/build/third-party/msgpack-cxx/stage/include/msgpack/adaptor/msgpack_tuple_decl.hpp
0.0	-- Installing: /work/grodgers/git/tr-aomp/TheRock/build/third-party/msgpack-cxx/stage/include/msgpack/zone_decl.hpp
0.0	-- Installing: /work/grodgers/git/tr-aomp/TheRock/build/third-party/msgpack-cxx/stage/include/msgpack/unpack.hpp
0.0	-- Installing: /work/grodgers/git/tr-aomp/TheRock/build/third-party/msgpack-cxx/stage/include/msgpack/unpack_define.hpp
0.0	-- Installing: /work/grodgers/git/tr-aomp/TheRock/build/third-party/msgpack-cxx/stage/include/msgpack/unpack_decl.hpp
0.0	-- Installing: /work/grodgers/git/tr-aomp/TheRock/build/third-party/msgpack-cxx/stage/include/msgpack/predef
0.0	-- Installing: /work/grodgers/git/tr-aomp/TheRock/build/third-party/msgpack-cxx/stage/include/msgpack/predef/make.h
0.0	-- Installing: /work/grodgers/git/tr-aomp/TheRock/build/third-party/msgpack-cxx/stage/include/msgpack/predef/language.h
0.0	-- Installing: /work/grodgers/git/tr-aomp/TheRock/build/third-party/msgpack-cxx/stage/include/msgpack/predef/os.h
0.0	-- Installing: /work/grodgers/git/tr-aomp/TheRock/build/third-party/msgpack-cxx/stage/include/msgpack/predef/hardware
0.0	-- Installing: /work/grodgers/git/tr-aomp/TheRock/build/third-party/msgpack-cxx/stage/include/msgpack/predef/hardware/simd.h
0.0	-- Installing: /work/grodgers/git/tr-aomp/TheRock/build/third-party/msgpack-cxx/stage/include/msgpack/predef/hardware/simd
0.0	-- Installing: /work/grodgers/git/tr-aomp/TheRock/build/third-party/msgpack-cxx/stage/include/msgpack/predef/hardware/simd/arm.h
0.0	-- Installing: /work/grodgers/git/tr-aomp/TheRock/build/third-party/msgpack-cxx/stage/include/msgpack/predef/hardware/simd/ppc
0.0	-- Installing: /work/grodgers/git/tr-aomp/TheRock/build/third-party/msgpack-cxx/stage/include/msgpack/predef/hardware/simd/ppc/versions.h
0.0	-- Installing: /work/grodgers/git/tr-aomp/TheRock/build/third-party/msgpack-cxx/stage/include/msgpack/predef/hardware/simd/arm
0.0	-- Installing: /work/grodgers/git/tr-aomp/TheRock/build/third-party/msgpack-cxx/stage/include/msgpack/predef/hardware/simd/arm/versions.h
0.0	-- Installing: /work/grodgers/git/tr-aomp/TheRock/build/third-party/msgpack-cxx/stage/include/msgpack/predef/hardware/simd/x86_amd
0.0	-- Installing: /work/grodgers/git/tr-aomp/TheRock/build/third-party/msgpack-cxx/stage/include/msgpack/predef/hardware/simd/x86_amd/versions.h
0.0	-- Installing: /work/grodgers/git/tr-aomp/TheRock/build/third-party/msgpack-cxx/stage/include/msgpack/predef/hardware/simd/x86.h
0.0	-- Installing: /work/grodgers/git/tr-aomp/TheRock/build/third-party/msgpack-cxx/stage/include/msgpack/predef/hardware/simd/x86
0.0	-- Installing: /work/grodgers/git/tr-aomp/TheRock/build/third-party/msgpack-cxx/stage/include/msgpack/predef/hardware/simd/x86/versions.h
0.0	-- Installing: /work/grodgers/git/tr-aomp/TheRock/build/third-party/msgpack-cxx/stage/include/msgpack/predef/hardware/simd/x86_amd.h
0.0	-- Installing: /work/grodgers/git/tr-aomp/TheRock/build/third-party/msgpack-cxx/stage/include/msgpack/predef/hardware/simd/ppc.h
0.0	-- Installing: /work/grodgers/git/tr-aomp/TheRock/build/third-party/msgpack-cxx/stage/include/msgpack/predef/other.h
0.0	-- Installing: /work/grodgers/git/tr-aomp/TheRock/build/third-party/msgpack-cxx/stage/include/msgpack/predef/other
0.0	-- Installing: /work/grodgers/git/tr-aomp/TheRock/build/third-party/msgpack-cxx/stage/include/msgpack/predef/other/endian.h
0.0	-- Installing: /work/grodgers/git/tr-aomp/TheRock/build/third-party/msgpack-cxx/stage/include/msgpack/predef/other/workaround.h
0.0	-- Installing: /work/grodgers/git/tr-aomp/TheRock/build/third-party/msgpack-cxx/stage/include/msgpack/predef/hardware.h
0.0	-- Installing: /work/grodgers/git/tr-aomp/TheRock/build/third-party/msgpack-cxx/stage/include/msgpack/predef/os
0.0	-- Installing: /work/grodgers/git/tr-aomp/TheRock/build/third-party/msgpack-cxx/stage/include/msgpack/predef/os/vms.h
0.0	-- Installing: /work/grodgers/git/tr-aomp/TheRock/build/third-party/msgpack-cxx/stage/include/msgpack/predef/os/hpux.h
0.0	-- Installing: /work/grodgers/git/tr-aomp/TheRock/build/third-party/msgpack-cxx/stage/include/msgpack/predef/os/amigaos.h
0.0	-- Installing: /work/grodgers/git/tr-aomp/TheRock/build/third-party/msgpack-cxx/stage/include/msgpack/predef/os/os400.h
0.0	-- Installing: /work/grodgers/git/tr-aomp/TheRock/build/third-party/msgpack-cxx/stage/include/msgpack/predef/os/macos.h
0.0	-- Installing: /work/grodgers/git/tr-aomp/TheRock/build/third-party/msgpack-cxx/stage/include/msgpack/predef/os/irix.h
0.0	-- Installing: /work/grodgers/git/tr-aomp/TheRock/build/third-party/msgpack-cxx/stage/include/msgpack/predef/os/haiku.h
0.0	-- Installing: /work/grodgers/git/tr-aomp/TheRock/build/third-party/msgpack-cxx/stage/include/msgpack/predef/os/unix.h
0.0	-- Installing: /work/grodgers/git/tr-aomp/TheRock/build/third-party/msgpack-cxx/stage/include/msgpack/predef/os/qnxnto.h
0.0	-- Installing: /work/grodgers/git/tr-aomp/TheRock/build/third-party/msgpack-cxx/stage/include/msgpack/predef/os/bsd
0.0	-- Installing: /work/grodgers/git/tr-aomp/TheRock/build/third-party/msgpack-cxx/stage/include/msgpack/predef/os/bsd/dragonfly.h
0.0	-- Installing: /work/grodgers/git/tr-aomp/TheRock/build/third-party/msgpack-cxx/stage/include/msgpack/predef/os/bsd/net.h
0.0	-- Installing: /work/grodgers/git/tr-aomp/TheRock/build/third-party/msgpack-cxx/stage/include/msgpack/predef/os/bsd/free.h
0.0	-- Installing: /work/grodgers/git/tr-aomp/TheRock/build/third-party/msgpack-cxx/stage/include/msgpack/predef/os/bsd/open.h
0.0	-- Installing: /work/grodgers/git/tr-aomp/TheRock/build/third-party/msgpack-cxx/stage/include/msgpack/predef/os/bsd/bsdi.h
0.0	-- Installing: /work/grodgers/git/tr-aomp/TheRock/build/third-party/msgpack-cxx/stage/include/msgpack/predef/os/aix.h
0.0	-- Installing: /work/grodgers/git/tr-aomp/TheRock/build/third-party/msgpack-cxx/stage/include/msgpack/predef/os/cygwin.h
0.0	-- Installing: /work/grodgers/git/tr-aomp/TheRock/build/third-party/msgpack-cxx/stage/include/msgpack/predef/os/bsd.h
0.0	-- Installing: /work/grodgers/git/tr-aomp/TheRock/build/third-party/msgpack-cxx/stage/include/msgpack/predef/os/beos.h
0.0	-- Installing: /work/grodgers/git/tr-aomp/TheRock/build/third-party/msgpack-cxx/stage/include/msgpack/predef/os/android.h
0.0	-- Installing: /work/grodgers/git/tr-aomp/TheRock/build/third-party/msgpack-cxx/stage/include/msgpack/predef/os/linux.h
0.0	-- Installing: /work/grodgers/git/tr-aomp/TheRock/build/third-party/msgpack-cxx/stage/include/msgpack/predef/os/ios.h
0.0	-- Installing: /work/grodgers/git/tr-aomp/TheRock/build/third-party/msgpack-cxx/stage/include/msgpack/predef/os/windows.h
0.0	-- Installing: /work/grodgers/git/tr-aomp/TheRock/build/third-party/msgpack-cxx/stage/include/msgpack/predef/os/solaris.h
0.0	-- Installing: /work/grodgers/git/tr-aomp/TheRock/build/third-party/msgpack-cxx/stage/include/msgpack/predef/architecture
0.0	-- Installing: /work/grodgers/git/tr-aomp/TheRock/build/third-party/msgpack-cxx/stage/include/msgpack/predef/architecture/ia64.h
0.0	-- Installing: /work/grodgers/git/tr-aomp/TheRock/build/third-party/msgpack-cxx/stage/include/msgpack/predef/architecture/rs6k.h
0.0	-- Installing: /work/grodgers/git/tr-aomp/TheRock/build/third-party/msgpack-cxx/stage/include/msgpack/predef/architecture/convex.h
0.0	-- Installing: /work/grodgers/git/tr-aomp/TheRock/build/third-party/msgpack-cxx/stage/include/msgpack/predef/architecture/z.h
0.0	-- Installing: /work/grodgers/git/tr-aomp/TheRock/build/third-party/msgpack-cxx/stage/include/msgpack/predef/architecture/sys370.h
0.0	-- Installing: /work/grodgers/git/tr-aomp/TheRock/build/third-party/msgpack-cxx/stage/include/msgpack/predef/architecture/arm.h
0.0	-- Installing: /work/grodgers/git/tr-aomp/TheRock/build/third-party/msgpack-cxx/stage/include/msgpack/predef/architecture/parisc.h
0.0	-- Installing: /work/grodgers/git/tr-aomp/TheRock/build/third-party/msgpack-cxx/stage/include/msgpack/predef/architecture/blackfin.h
0.0	-- Installing: /work/grodgers/git/tr-aomp/TheRock/build/third-party/msgpack-cxx/stage/include/msgpack/predef/architecture/mips.h
0.0	-- Installing: /work/grodgers/git/tr-aomp/TheRock/build/third-party/msgpack-cxx/stage/include/msgpack/predef/architecture/alpha.h
0.0	-- Installing: /work/grodgers/git/tr-aomp/TheRock/build/third-party/msgpack-cxx/stage/include/msgpack/predef/architecture/sparc.h
0.0	-- Installing: /work/grodgers/git/tr-aomp/TheRock/build/third-party/msgpack-cxx/stage/include/msgpack/predef/architecture/x86.h
0.0	-- Installing: /work/grodgers/git/tr-aomp/TheRock/build/third-party/msgpack-cxx/stage/include/msgpack/predef/architecture/sys390.h
0.0	-- Installing: /work/grodgers/git/tr-aomp/TheRock/build/third-party/msgpack-cxx/stage/include/msgpack/predef/architecture/superh.h
0.0	-- Installing: /work/grodgers/git/tr-aomp/TheRock/build/third-party/msgpack-cxx/stage/include/msgpack/predef/architecture/x86
0.0	-- Installing: /work/grodgers/git/tr-aomp/TheRock/build/third-party/msgpack-cxx/stage/include/msgpack/predef/architecture/x86/64.h
0.0	-- Installing: /work/grodgers/git/tr-aomp/TheRock/build/third-party/msgpack-cxx/stage/include/msgpack/predef/architecture/x86/32.h
0.0	-- Installing: /work/grodgers/git/tr-aomp/TheRock/build/third-party/msgpack-cxx/stage/include/msgpack/predef/architecture/pyramid.h
0.0	-- Installing: /work/grodgers/git/tr-aomp/TheRock/build/third-party/msgpack-cxx/stage/include/msgpack/predef/architecture/ptx.h
0.0	-- Installing: /work/grodgers/git/tr-aomp/TheRock/build/third-party/msgpack-cxx/stage/include/msgpack/predef/architecture/ppc.h
0.0	-- Installing: /work/grodgers/git/tr-aomp/TheRock/build/third-party/msgpack-cxx/stage/include/msgpack/predef/architecture/m68k.h
0.0	-- Installing: /work/grodgers/git/tr-aomp/TheRock/build/third-party/msgpack-cxx/stage/include/msgpack/predef/library
0.0	-- Installing: /work/grodgers/git/tr-aomp/TheRock/build/third-party/msgpack-cxx/stage/include/msgpack/predef/library/c.h
0.0	-- Installing: /work/grodgers/git/tr-aomp/TheRock/build/third-party/msgpack-cxx/stage/include/msgpack/predef/library/std
0.0	-- Installing: /work/grodgers/git/tr-aomp/TheRock/build/third-party/msgpack-cxx/stage/include/msgpack/predef/library/std/cxx.h
0.0	-- Installing: /work/grodgers/git/tr-aomp/TheRock/build/third-party/msgpack-cxx/stage/include/msgpack/predef/library/std/vacpp.h
0.0	-- Installing: /work/grodgers/git/tr-aomp/TheRock/build/third-party/msgpack-cxx/stage/include/msgpack/predef/library/std/sgi.h
0.0	-- Installing: /work/grodgers/git/tr-aomp/TheRock/build/third-party/msgpack-cxx/stage/include/msgpack/predef/library/std/stlport.h
0.0	-- Installing: /work/grodgers/git/tr-aomp/TheRock/build/third-party/msgpack-cxx/stage/include/msgpack/predef/library/std/stdcpp3.h
0.0	-- Installing: /work/grodgers/git/tr-aomp/TheRock/build/third-party/msgpack-cxx/stage/include/msgpack/predef/library/std/roguewave.h
0.0	-- Installing: /work/grodgers/git/tr-aomp/TheRock/build/third-party/msgpack-cxx/stage/include/msgpack/predef/library/std/_prefix.h
0.0	-- Installing: /work/grodgers/git/tr-aomp/TheRock/build/third-party/msgpack-cxx/stage/include/msgpack/predef/library/std/modena.h
0.0	-- Installing: /work/grodgers/git/tr-aomp/TheRock/build/third-party/msgpack-cxx/stage/include/msgpack/predef/library/std/libcomo.h
0.0	-- Installing: /work/grodgers/git/tr-aomp/TheRock/build/third-party/msgpack-cxx/stage/include/msgpack/predef/library/std/msl.h
0.0	-- Installing: /work/grodgers/git/tr-aomp/TheRock/build/third-party/msgpack-cxx/stage/include/msgpack/predef/library/std/dinkumware.h
0.0	-- Installing: /work/grodgers/git/tr-aomp/TheRock/build/third-party/msgpack-cxx/stage/include/msgpack/predef/library/std.h
0.0	-- Installing: /work/grodgers/git/tr-aomp/TheRock/build/third-party/msgpack-cxx/stage/include/msgpack/predef/library/c
0.0	-- Installing: /work/grodgers/git/tr-aomp/TheRock/build/third-party/msgpack-cxx/stage/include/msgpack/predef/library/c/vms.h
0.0	-- Installing: /work/grodgers/git/tr-aomp/TheRock/build/third-party/msgpack-cxx/stage/include/msgpack/predef/library/c/gnu.h
0.0	-- Installing: /work/grodgers/git/tr-aomp/TheRock/build/third-party/msgpack-cxx/stage/include/msgpack/predef/library/c/zos.h
0.0	-- Installing: /work/grodgers/git/tr-aomp/TheRock/build/third-party/msgpack-cxx/stage/include/msgpack/predef/library/c/_prefix.h
0.0	-- Installing: /work/grodgers/git/tr-aomp/TheRock/build/third-party/msgpack-cxx/stage/include/msgpack/predef/library/c/uc.h
0.0	-- Installing: /work/grodgers/git/tr-aomp/TheRock/build/third-party/msgpack-cxx/stage/include/msgpack/predef/library/c/cloudabi.h
0.0	-- Installing: /work/grodgers/git/tr-aomp/TheRock/build/third-party/msgpack-cxx/stage/include/msgpack/predef/detail
0.0	-- Installing: /work/grodgers/git/tr-aomp/TheRock/build/third-party/msgpack-cxx/stage/include/msgpack/predef/detail/comp_detected.h
0.0	-- Installing: /work/grodgers/git/tr-aomp/TheRock/build/third-party/msgpack-cxx/stage/include/msgpack/predef/detail/_exception.h
0.0	-- Installing: /work/grodgers/git/tr-aomp/TheRock/build/third-party/msgpack-cxx/stage/include/msgpack/predef/detail/platform_detected.h
0.0	-- Installing: /work/grodgers/git/tr-aomp/TheRock/build/third-party/msgpack-cxx/stage/include/msgpack/predef/detail/_cassert.h
0.0	-- Installing: /work/grodgers/git/tr-aomp/TheRock/build/third-party/msgpack-cxx/stage/include/msgpack/predef/detail/test.h
0.0	-- Installing: /work/grodgers/git/tr-aomp/TheRock/build/third-party/msgpack-cxx/stage/include/msgpack/predef/detail/test_def.h
0.0	-- Installing: /work/grodgers/git/tr-aomp/TheRock/build/third-party/msgpack-cxx/stage/include/msgpack/predef/detail/os_detected.h
0.0	-- Installing: /work/grodgers/git/tr-aomp/TheRock/build/third-party/msgpack-cxx/stage/include/msgpack/predef/detail/endian_compat.h
0.0	-- Installing: /work/grodgers/git/tr-aomp/TheRock/build/third-party/msgpack-cxx/stage/include/msgpack/predef/platform
0.0	-- Installing: /work/grodgers/git/tr-aomp/TheRock/build/third-party/msgpack-cxx/stage/include/msgpack/predef/platform/mingw64.h
0.0	-- Installing: /work/grodgers/git/tr-aomp/TheRock/build/third-party/msgpack-cxx/stage/include/msgpack/predef/platform/windows_uwp.h
0.0	-- Installing: /work/grodgers/git/tr-aomp/TheRock/build/third-party/msgpack-cxx/stage/include/msgpack/predef/platform/windows_runtime.h
0.0	-- Installing: /work/grodgers/git/tr-aomp/TheRock/build/third-party/msgpack-cxx/stage/include/msgpack/predef/platform/windows_system.h
0.0	-- Installing: /work/grodgers/git/tr-aomp/TheRock/build/third-party/msgpack-cxx/stage/include/msgpack/predef/platform/windows_store.h
0.0	-- Installing: /work/grodgers/git/tr-aomp/TheRock/build/third-party/msgpack-cxx/stage/include/msgpack/predef/platform/mingw.h
0.0	-- Installing: /work/grodgers/git/tr-aomp/TheRock/build/third-party/msgpack-cxx/stage/include/msgpack/predef/platform/mingw32.h
0.0	-- Installing: /work/grodgers/git/tr-aomp/TheRock/build/third-party/msgpack-cxx/stage/include/msgpack/predef/platform/windows_phone.h
0.0	-- Installing: /work/grodgers/git/tr-aomp/TheRock/build/third-party/msgpack-cxx/stage/include/msgpack/predef/platform/windows_server.h
0.0	-- Installing: /work/grodgers/git/tr-aomp/TheRock/build/third-party/msgpack-cxx/stage/include/msgpack/predef/platform/cloudabi.h
0.0	-- Installing: /work/grodgers/git/tr-aomp/TheRock/build/third-party/msgpack-cxx/stage/include/msgpack/predef/platform/ios.h
0.0	-- Installing: /work/grodgers/git/tr-aomp/TheRock/build/third-party/msgpack-cxx/stage/include/msgpack/predef/platform/windows_desktop.h
0.0	-- Installing: /work/grodgers/git/tr-aomp/TheRock/build/third-party/msgpack-cxx/stage/include/msgpack/predef/architecture.h
0.0	-- Installing: /work/grodgers/git/tr-aomp/TheRock/build/third-party/msgpack-cxx/stage/include/msgpack/predef/language
0.0	-- Installing: /work/grodgers/git/tr-aomp/TheRock/build/third-party/msgpack-cxx/stage/include/msgpack/predef/language/stdcpp.h
0.0	-- Installing: /work/grodgers/git/tr-aomp/TheRock/build/third-party/msgpack-cxx/stage/include/msgpack/predef/language/objc.h
0.0	-- Installing: /work/grodgers/git/tr-aomp/TheRock/build/third-party/msgpack-cxx/stage/include/msgpack/predef/language/stdc.h
0.0	-- Installing: /work/grodgers/git/tr-aomp/TheRock/build/third-party/msgpack-cxx/stage/include/msgpack/predef/language/cuda.h
0.0	-- Installing: /work/grodgers/git/tr-aomp/TheRock/build/third-party/msgpack-cxx/stage/include/msgpack/predef/platform.h
0.0	-- Installing: /work/grodgers/git/tr-aomp/TheRock/build/third-party/msgpack-cxx/stage/include/msgpack/predef/version.h
0.0	-- Installing: /work/grodgers/git/tr-aomp/TheRock/build/third-party/msgpack-cxx/stage/include/msgpack/predef/version_number.h
0.0	-- Installing: /work/grodgers/git/tr-aomp/TheRock/build/third-party/msgpack-cxx/stage/include/msgpack/predef/library.h
0.0	-- Installing: /work/grodgers/git/tr-aomp/TheRock/build/third-party/msgpack-cxx/stage/include/msgpack/predef/compiler
0.0	-- Installing: /work/grodgers/git/tr-aomp/TheRock/build/third-party/msgpack-cxx/stage/include/msgpack/predef/compiler/visualc.h
0.0	-- Installing: /work/grodgers/git/tr-aomp/TheRock/build/third-party/msgpack-cxx/stage/include/msgpack/predef/compiler/pgi.h
0.0	-- Installing: /work/grodgers/git/tr-aomp/TheRock/build/third-party/msgpack-cxx/stage/include/msgpack/predef/compiler/microtec.h
0.0	-- Installing: /work/grodgers/git/tr-aomp/TheRock/build/third-party/msgpack-cxx/stage/include/msgpack/predef/compiler/edg.h
0.0	-- Installing: /work/grodgers/git/tr-aomp/TheRock/build/third-party/msgpack-cxx/stage/include/msgpack/predef/compiler/metrowerks.h
0.0	-- Installing: /work/grodgers/git/tr-aomp/TheRock/build/third-party/msgpack-cxx/stage/include/msgpack/predef/compiler/tendra.h
0.0	-- Installing: /work/grodgers/git/tr-aomp/TheRock/build/third-party/msgpack-cxx/stage/include/msgpack/predef/compiler/gcc_xml.h
0.0	-- Installing: /work/grodgers/git/tr-aomp/TheRock/build/third-party/msgpack-cxx/stage/include/msgpack/predef/compiler/palm.h
0.0	-- Installing: /work/grodgers/git/tr-aomp/TheRock/build/third-party/msgpack-cxx/stage/include/msgpack/predef/compiler/intel.h
0.0	-- Installing: /work/grodgers/git/tr-aomp/TheRock/build/third-party/msgpack-cxx/stage/include/msgpack/predef/compiler/ibm.h
0.0	-- Installing: /work/grodgers/git/tr-aomp/TheRock/build/third-party/msgpack-cxx/stage/include/msgpack/predef/compiler/sgi_mipspro.h
0.0	-- Installing: /work/grodgers/git/tr-aomp/TheRock/build/third-party/msgpack-cxx/stage/include/msgpack/predef/compiler/hp_acc.h
0.0	-- Installing: /work/grodgers/git/tr-aomp/TheRock/build/third-party/msgpack-cxx/stage/include/msgpack/predef/compiler/diab.h
0.0	-- Installing: /work/grodgers/git/tr-aomp/TheRock/build/third-party/msgpack-cxx/stage/include/msgpack/predef/compiler/digitalmars.h
0.0	-- Installing: /work/grodgers/git/tr-aomp/TheRock/build/third-party/msgpack-cxx/stage/include/msgpack/predef/compiler/clang.h
0.0	-- Installing: /work/grodgers/git/tr-aomp/TheRock/build/third-party/msgpack-cxx/stage/include/msgpack/predef/compiler/ekopath.h
0.0	-- Installing: /work/grodgers/git/tr-aomp/TheRock/build/third-party/msgpack-cxx/stage/include/msgpack/predef/compiler/compaq.h
0.0	-- Installing: /work/grodgers/git/tr-aomp/TheRock/build/third-party/msgpack-cxx/stage/include/msgpack/predef/compiler/sunpro.h
0.0	-- Installing: /work/grodgers/git/tr-aomp/TheRock/build/third-party/msgpack-cxx/stage/include/msgpack/predef/compiler/kai.h
0.0	-- Installing: /work/grodgers/git/tr-aomp/TheRock/build/third-party/msgpack-cxx/stage/include/msgpack/predef/compiler/metaware.h
0.0	-- Installing: /work/grodgers/git/tr-aomp/TheRock/build/third-party/msgpack-cxx/stage/include/msgpack/predef/compiler/borland.h
0.0	-- Installing: /work/grodgers/git/tr-aomp/TheRock/build/third-party/msgpack-cxx/stage/include/msgpack/predef/compiler/watcom.h
0.0	-- Installing: /work/grodgers/git/tr-aomp/TheRock/build/third-party/msgpack-cxx/stage/include/msgpack/predef/compiler/mpw.h
0.0	-- Installing: /work/grodgers/git/tr-aomp/TheRock/build/third-party/msgpack-cxx/stage/include/msgpack/predef/compiler/gcc.h
0.0	-- Installing: /work/grodgers/git/tr-aomp/TheRock/build/third-party/msgpack-cxx/stage/include/msgpack/predef/compiler/dignus.h
0.0	-- Installing: /work/grodgers/git/tr-aomp/TheRock/build/third-party/msgpack-cxx/stage/include/msgpack/predef/compiler/nvcc.h
0.0	-- Installing: /work/grodgers/git/tr-aomp/TheRock/build/third-party/msgpack-cxx/stage/include/msgpack/predef/compiler/llvm.h
0.0	-- Installing: /work/grodgers/git/tr-aomp/TheRock/build/third-party/msgpack-cxx/stage/include/msgpack/predef/compiler/iar.h
0.0	-- Installing: /work/grodgers/git/tr-aomp/TheRock/build/third-party/msgpack-cxx/stage/include/msgpack/predef/compiler/comeau.h
0.0	-- Installing: /work/grodgers/git/tr-aomp/TheRock/build/third-party/msgpack-cxx/stage/include/msgpack/predef/compiler/greenhills.h
0.0	-- Installing: /work/grodgers/git/tr-aomp/TheRock/build/third-party/msgpack-cxx/stage/include/msgpack/predef/compiler.h
0.0	-- Installing: /work/grodgers/git/tr-aomp/TheRock/build/third-party/msgpack-cxx/stage/include/msgpack/cpp_config.hpp
0.0	-- Installing: /work/grodgers/git/tr-aomp/TheRock/build/third-party/msgpack-cxx/stage/include/msgpack/null_visitor.hpp
0.0	-- Installing: /work/grodgers/git/tr-aomp/TheRock/build/third-party/msgpack-cxx/stage/include/msgpack/fbuffer.hpp
0.0	-- Installing: /work/grodgers/git/tr-aomp/TheRock/build/third-party/msgpack-cxx/stage/include/msgpack/preprocessor.hpp
0.0	-- Installing: /work/grodgers/git/tr-aomp/TheRock/build/third-party/msgpack-cxx/stage/include/msgpack/x3_parse.hpp
0.0	-- Installing: /work/grodgers/git/tr-aomp/TheRock/build/third-party/msgpack-cxx/stage/include/msgpack/null_visitor_decl.hpp
0.0	-- Installing: /work/grodgers/git/tr-aomp/TheRock/build/third-party/msgpack-cxx/stage/include/msgpack/sbuffer.hpp
0.0	-- Installing: /work/grodgers/git/tr-aomp/TheRock/build/third-party/msgpack-cxx/stage/include/msgpack/iterator_decl.hpp
0.0	-- Installing: /work/grodgers/git/tr-aomp/TheRock/build/third-party/msgpack-cxx/stage/include/msgpack/object.hpp
0.0	-- Installing: /work/grodgers/git/tr-aomp/TheRock/build/third-party/msgpack-cxx/stage/include/msgpack/sysdep.hpp
0.0	-- Installing: /work/grodgers/git/tr-aomp/TheRock/build/third-party/msgpack-cxx/stage/include/msgpack/x3_unpack_decl.hpp
0.0	-- Installing: /work/grodgers/git/tr-aomp/TheRock/build/third-party/msgpack-cxx/stage/include/msgpack/object_fwd.hpp
0.0	-- Installing: /work/grodgers/git/tr-aomp/TheRock/build/third-party/msgpack-cxx/stage/include/msgpack/x3_unpack.hpp
0.0	-- Installing: /work/grodgers/git/tr-aomp/TheRock/build/third-party/msgpack-cxx/stage/include/msgpack/pack.hpp
0.0	-- Installing: /work/grodgers/git/tr-aomp/TheRock/build/third-party/msgpack-cxx/stage/include/msgpack/parse.hpp
0.0	-- Installing: /work/grodgers/git/tr-aomp/TheRock/build/third-party/msgpack-cxx/stage/include/msgpack/create_object_visitor.hpp
0.0	-- Installing: /work/grodgers/git/tr-aomp/TheRock/build/third-party/msgpack-cxx/stage/include/msgpack/version.hpp
0.0	-- Installing: /work/grodgers/git/tr-aomp/TheRock/build/third-party/msgpack-cxx/stage/include/msgpack/x3_parse_decl.hpp
0.0	-- Installing: /work/grodgers/git/tr-aomp/TheRock/build/third-party/msgpack-cxx/stage/include/msgpack/vrefbuffer_decl.hpp
0.0	-- Installing: /work/grodgers/git/tr-aomp/TheRock/build/third-party/msgpack-cxx/stage/include/msgpack/predef.h
0.0	-- Installing: /work/grodgers/git/tr-aomp/TheRock/build/third-party/msgpack-cxx/stage/include/msgpack/v3
0.0	-- Installing: /work/grodgers/git/tr-aomp/TheRock/build/third-party/msgpack-cxx/stage/include/msgpack/v3/pack_decl.hpp
0.0	-- Installing: /work/grodgers/git/tr-aomp/TheRock/build/third-party/msgpack-cxx/stage/include/msgpack/v3/adaptor
0.0	-- Installing: /work/grodgers/git/tr-aomp/TheRock/build/third-party/msgpack-cxx/stage/include/msgpack/v3/adaptor/int_decl.hpp
0.0	-- Installing: /work/grodgers/git/tr-aomp/TheRock/build/third-party/msgpack-cxx/stage/include/msgpack/v3/adaptor/check_container_size_decl.hpp
0.0	-- Installing: /work/grodgers/git/tr-aomp/TheRock/build/third-party/msgpack-cxx/stage/include/msgpack/v3/adaptor/boost
0.0	-- Installing: /work/grodgers/git/tr-aomp/TheRock/build/third-party/msgpack-cxx/stage/include/msgpack/v3/adaptor/boost/msgpack_variant_decl.hpp
0.0	-- Installing: /work/grodgers/git/tr-aomp/TheRock/build/third-party/msgpack-cxx/stage/include/msgpack/v3/adaptor/define_decl.hpp
0.0	-- Installing: /work/grodgers/git/tr-aomp/TheRock/build/third-party/msgpack-cxx/stage/include/msgpack/v3/adaptor/array_ref_decl.hpp
0.0	-- Installing: /work/grodgers/git/tr-aomp/TheRock/build/third-party/msgpack-cxx/stage/include/msgpack/v3/adaptor/v4raw_decl.hpp
0.0	-- Installing: /work/grodgers/git/tr-aomp/TheRock/build/third-party/msgpack-cxx/stage/include/msgpack/v3/adaptor/adaptor_base_decl.hpp
0.0	-- Installing: /work/grodgers/git/tr-aomp/TheRock/build/third-party/msgpack-cxx/stage/include/msgpack/v3/adaptor/fixint_decl.hpp
0.0	-- Installing: /work/grodgers/git/tr-aomp/TheRock/build/third-party/msgpack-cxx/stage/include/msgpack/v3/adaptor/detail
0.0	-- Installing: /work/grodgers/git/tr-aomp/TheRock/build/third-party/msgpack-cxx/stage/include/msgpack/v3/adaptor/detail/cpp11_define_map_decl.hpp
0.0	-- Installing: /work/grodgers/git/tr-aomp/TheRock/build/third-party/msgpack-cxx/stage/include/msgpack/v3/adaptor/detail/cpp11_msgpack_tuple_decl.hpp
0.0	-- Installing: /work/grodgers/git/tr-aomp/TheRock/build/third-party/msgpack-cxx/stage/include/msgpack/v3/adaptor/detail/cpp11_define_array_decl.hpp
0.0	-- Installing: /work/grodgers/git/tr-aomp/TheRock/build/third-party/msgpack-cxx/stage/include/msgpack/v3/adaptor/detail/cpp03_define_array_decl.hpp
0.0	-- Installing: /work/grodgers/git/tr-aomp/TheRock/build/third-party/msgpack-cxx/stage/include/msgpack/v3/adaptor/detail/cpp03_msgpack_tuple_decl.hpp
0.0	-- Installing: /work/grodgers/git/tr-aomp/TheRock/build/third-party/msgpack-cxx/stage/include/msgpack/v3/adaptor/detail/cpp03_define_map_decl.hpp
0.0	-- Installing: /work/grodgers/git/tr-aomp/TheRock/build/third-party/msgpack-cxx/stage/include/msgpack/v3/adaptor/raw_decl.hpp
0.0	-- Installing: /work/grodgers/git/tr-aomp/TheRock/build/third-party/msgpack-cxx/stage/include/msgpack/v3/adaptor/ext_decl.hpp
0.0	-- Installing: /work/grodgers/git/tr-aomp/TheRock/build/third-party/msgpack-cxx/stage/include/msgpack/v3/adaptor/map_decl.hpp
0.0	-- Installing: /work/grodgers/git/tr-aomp/TheRock/build/third-party/msgpack-cxx/stage/include/msgpack/v3/adaptor/nil_decl.hpp
0.0	-- Installing: /work/grodgers/git/tr-aomp/TheRock/build/third-party/msgpack-cxx/stage/include/msgpack/v3/adaptor/adaptor_base.hpp
0.0	-- Installing: /work/grodgers/git/tr-aomp/TheRock/build/third-party/msgpack-cxx/stage/include/msgpack/v3/adaptor/size_equal_only_decl.hpp
0.0	-- Installing: /work/grodgers/git/tr-aomp/TheRock/build/third-party/msgpack-cxx/stage/include/msgpack/v3/adaptor/msgpack_tuple_decl.hpp
0.0	-- Installing: /work/grodgers/git/tr-aomp/TheRock/build/third-party/msgpack-cxx/stage/include/msgpack/v3/zone_decl.hpp
0.0	-- Installing: /work/grodgers/git/tr-aomp/TheRock/build/third-party/msgpack-cxx/stage/include/msgpack/v3/unpack.hpp
0.0	-- Installing: /work/grodgers/git/tr-aomp/TheRock/build/third-party/msgpack-cxx/stage/include/msgpack/v3/unpack_decl.hpp
0.0	-- Installing: /work/grodgers/git/tr-aomp/TheRock/build/third-party/msgpack-cxx/stage/include/msgpack/v3/null_visitor_decl.hpp
0.0	-- Installing: /work/grodgers/git/tr-aomp/TheRock/build/third-party/msgpack-cxx/stage/include/msgpack/v3/iterator_decl.hpp
0.0	-- Installing: /work/grodgers/git/tr-aomp/TheRock/build/third-party/msgpack-cxx/stage/include/msgpack/v3/x3_unpack_decl.hpp
0.0	-- Installing: /work/grodgers/git/tr-aomp/TheRock/build/third-party/msgpack-cxx/stage/include/msgpack/v3/object_fwd.hpp
0.0	-- Installing: /work/grodgers/git/tr-aomp/TheRock/build/third-party/msgpack-cxx/stage/include/msgpack/v3/x3_unpack.hpp
0.0	-- Installing: /work/grodgers/git/tr-aomp/TheRock/build/third-party/msgpack-cxx/stage/include/msgpack/v3/parse.hpp
0.0	-- Installing: /work/grodgers/git/tr-aomp/TheRock/build/third-party/msgpack-cxx/stage/include/msgpack/v3/detail
0.0	-- Installing: /work/grodgers/git/tr-aomp/TheRock/build/third-party/msgpack-cxx/stage/include/msgpack/v3/detail/cpp03_zone_decl.hpp
0.0	-- Installing: /work/grodgers/git/tr-aomp/TheRock/build/third-party/msgpack-cxx/stage/include/msgpack/v3/detail/cpp11_zone_decl.hpp
0.0	-- Installing: /work/grodgers/git/tr-aomp/TheRock/build/third-party/msgpack-cxx/stage/include/msgpack/v3/x3_parse_decl.hpp
0.0	-- Installing: /work/grodgers/git/tr-aomp/TheRock/build/third-party/msgpack-cxx/stage/include/msgpack/v3/vrefbuffer_decl.hpp
0.0	-- Installing: /work/grodgers/git/tr-aomp/TheRock/build/third-party/msgpack-cxx/stage/include/msgpack/v3/parse_decl.hpp
0.0	-- Installing: /work/grodgers/git/tr-aomp/TheRock/build/third-party/msgpack-cxx/stage/include/msgpack/v3/nan_util.hpp~
0.0	-- Installing: /work/grodgers/git/tr-aomp/TheRock/build/third-party/msgpack-cxx/stage/include/msgpack/v3/parse_return.hpp
0.0	-- Installing: /work/grodgers/git/tr-aomp/TheRock/build/third-party/msgpack-cxx/stage/include/msgpack/v3/sbuffer_decl.hpp
0.0	-- Installing: /work/grodgers/git/tr-aomp/TheRock/build/third-party/msgpack-cxx/stage/include/msgpack/v3/object_decl.hpp
0.0	-- Installing: /work/grodgers/git/tr-aomp/TheRock/build/third-party/msgpack-cxx/stage/include/msgpack/v3/fbuffer_decl.hpp
0.0	-- Installing: /work/grodgers/git/tr-aomp/TheRock/build/third-party/msgpack-cxx/stage/include/msgpack/v3/object_fwd_decl.hpp
0.0	-- Installing: /work/grodgers/git/tr-aomp/TheRock/build/third-party/msgpack-cxx/stage/include/msgpack/v3/create_object_visitor_decl.hpp
0.0	-- Installing: /work/grodgers/git/tr-aomp/TheRock/build/third-party/msgpack-cxx/stage/include/msgpack/v3/cpp_config_decl.hpp
0.0	-- Installing: /work/grodgers/git/tr-aomp/TheRock/build/third-party/msgpack-cxx/stage/include/msgpack/v3/zbuffer_decl.hpp
0.0	-- Installing: /work/grodgers/git/tr-aomp/TheRock/build/third-party/msgpack-cxx/stage/include/msgpack/v3/meta_decl.hpp
0.0	-- Installing: /work/grodgers/git/tr-aomp/TheRock/build/third-party/msgpack-cxx/stage/include/msgpack/parse_decl.hpp
0.0	-- Installing: /work/grodgers/git/tr-aomp/TheRock/build/third-party/msgpack-cxx/stage/include/msgpack/preprocessor
0.0	-- Installing: /work/grodgers/git/tr-aomp/TheRock/build/third-party/msgpack-cxx/stage/include/msgpack/preprocessor/enum_shifted_params.hpp
0.0	-- Installing: /work/grodgers/git/tr-aomp/TheRock/build/third-party/msgpack-cxx/stage/include/msgpack/preprocessor/facilities.hpp
0.0	-- Installing: /work/grodgers/git/tr-aomp/TheRock/build/third-party/msgpack-cxx/stage/include/msgpack/preprocessor/repeat.hpp
0.0	-- Installing: /work/grodgers/git/tr-aomp/TheRock/build/third-party/msgpack-cxx/stage/include/msgpack/preprocessor/punctuation
0.0	-- Installing: /work/grodgers/git/tr-aomp/TheRock/build/third-party/msgpack-cxx/stage/include/msgpack/preprocessor/punctuation/paren.hpp
0.0	-- Installing: /work/grodgers/git/tr-aomp/TheRock/build/third-party/msgpack-cxx/stage/include/msgpack/preprocessor/punctuation/is_begin_parens.hpp
0.0	-- Installing: /work/grodgers/git/tr-aomp/TheRock/build/third-party/msgpack-cxx/stage/include/msgpack/preprocessor/punctuation/comma.hpp
0.0	-- Installing: /work/grodgers/git/tr-aomp/TheRock/build/third-party/msgpack-cxx/stage/include/msgpack/preprocessor/punctuation/remove_parens.hpp
0.0	-- Installing: /work/grodgers/git/tr-aomp/TheRock/build/third-party/msgpack-cxx/stage/include/msgpack/preprocessor/punctuation/detail
0.0	-- Installing: /work/grodgers/git/tr-aomp/TheRock/build/third-party/msgpack-cxx/stage/include/msgpack/preprocessor/punctuation/detail/is_begin_parens.hpp
0.0	-- Installing: /work/grodgers/git/tr-aomp/TheRock/build/third-party/msgpack-cxx/stage/include/msgpack/preprocessor/punctuation/comma_if.hpp
0.0	-- Installing: /work/grodgers/git/tr-aomp/TheRock/build/third-party/msgpack-cxx/stage/include/msgpack/preprocessor/punctuation/paren_if.hpp
0.0	-- Installing: /work/grodgers/git/tr-aomp/TheRock/build/third-party/msgpack-cxx/stage/include/msgpack/preprocessor/dec.hpp
0.0	-- Installing: /work/grodgers/git/tr-aomp/TheRock/build/third-party/msgpack-cxx/stage/include/msgpack/preprocessor/iterate.hpp
0.0	-- Installing: /work/grodgers/git/tr-aomp/TheRock/build/third-party/msgpack-cxx/stage/include/msgpack/preprocessor/limits.hpp
0.0	-- Installing: /work/grodgers/git/tr-aomp/TheRock/build/third-party/msgpack-cxx/stage/include/msgpack/preprocessor/debug
0.0	-- Installing: /work/grodgers/git/tr-aomp/TheRock/build/third-party/msgpack-cxx/stage/include/msgpack/preprocessor/debug/error.hpp
0.0	-- Installing: /work/grodgers/git/tr-aomp/TheRock/build/third-party/msgpack-cxx/stage/include/msgpack/preprocessor/debug/line.hpp
0.0	-- Installing: /work/grodgers/git/tr-aomp/TheRock/build/third-party/msgpack-cxx/stage/include/msgpack/preprocessor/debug/assert.hpp
0.0	-- Installing: /work/grodgers/git/tr-aomp/TheRock/build/third-party/msgpack-cxx/stage/include/msgpack/preprocessor/inc.hpp
0.0	-- Installing: /work/grodgers/git/tr-aomp/TheRock/build/third-party/msgpack-cxx/stage/include/msgpack/preprocessor/repeat_3rd.hpp
0.0	-- Installing: /work/grodgers/git/tr-aomp/TheRock/build/third-party/msgpack-cxx/stage/include/msgpack/preprocessor/repeat_from_to_3rd.hpp
0.0	-- Installing: /work/grodgers/git/tr-aomp/TheRock/build/third-party/msgpack-cxx/stage/include/msgpack/preprocessor/library.hpp
0.0	-- Installing: /work/grodgers/git/tr-aomp/TheRock/build/third-party/msgpack-cxx/stage/include/msgpack/preprocessor/seq.hpp
0.0	-- Installing: /work/grodgers/git/tr-aomp/TheRock/build/third-party/msgpack-cxx/stage/include/msgpack/preprocessor/selection.hpp
0.0	-- Installing: /work/grodgers/git/tr-aomp/TheRock/build/third-party/msgpack-cxx/stage/include/msgpack/preprocessor/max.hpp
0.0	-- Installing: /work/grodgers/git/tr-aomp/TheRock/build/third-party/msgpack-cxx/stage/include/msgpack/preprocessor/min.hpp
0.0	-- Installing: /work/grodgers/git/tr-aomp/TheRock/build/third-party/msgpack-cxx/stage/include/msgpack/preprocessor/enum.hpp
0.0	-- Installing: /work/grodgers/git/tr-aomp/TheRock/build/third-party/msgpack-cxx/stage/include/msgpack/preprocessor/punctuation.hpp
0.0	-- Installing: /work/grodgers/git/tr-aomp/TheRock/build/third-party/msgpack-cxx/stage/include/msgpack/preprocessor/iteration
0.0	-- Installing: /work/grodgers/git/tr-aomp/TheRock/build/third-party/msgpack-cxx/stage/include/msgpack/preprocessor/iteration/iterate.hpp
0.0	-- Installing: /work/grodgers/git/tr-aomp/TheRock/build/third-party/msgpack-cxx/stage/include/msgpack/preprocessor/iteration/local.hpp
0.0	-- Installing: /work/grodgers/git/tr-aomp/TheRock/build/third-party/msgpack-cxx/stage/include/msgpack/preprocessor/iteration/detail
0.0	-- Installing: /work/grodgers/git/tr-aomp/TheRock/build/third-party/msgpack-cxx/stage/include/msgpack/preprocessor/iteration/detail/start.hpp
0.0	-- Installing: /work/grodgers/git/tr-aomp/TheRock/build/third-party/msgpack-cxx/stage/include/msgpack/preprocessor/iteration/detail/finish.hpp
0.0	-- Installing: /work/grodgers/git/tr-aomp/TheRock/build/third-party/msgpack-cxx/stage/include/msgpack/preprocessor/iteration/detail/local.hpp
0.0	-- Installing: /work/grodgers/git/tr-aomp/TheRock/build/third-party/msgpack-cxx/stage/include/msgpack/preprocessor/iteration/detail/iter
0.0	-- Installing: /work/grodgers/git/tr-aomp/TheRock/build/third-party/msgpack-cxx/stage/include/msgpack/preprocessor/iteration/detail/iter/reverse4.hpp
0.0	-- Installing: /work/grodgers/git/tr-aomp/TheRock/build/third-party/msgpack-cxx/stage/include/msgpack/preprocessor/iteration/detail/iter/forward4.hpp
0.0	-- Installing: /work/grodgers/git/tr-aomp/TheRock/build/third-party/msgpack-cxx/stage/include/msgpack/preprocessor/iteration/detail/iter/forward1.hpp
0.0	-- Installing: /work/grodgers/git/tr-aomp/TheRock/build/third-party/msgpack-cxx/stage/include/msgpack/preprocessor/iteration/detail/iter/reverse2.hpp
0.0	-- Installing: /work/grodgers/git/tr-aomp/TheRock/build/third-party/msgpack-cxx/stage/include/msgpack/preprocessor/iteration/detail/iter/forward2.hpp
0.0	-- Installing: /work/grodgers/git/tr-aomp/TheRock/build/third-party/msgpack-cxx/stage/include/msgpack/preprocessor/iteration/detail/iter/forward3.hpp
0.0	-- Installing: /work/grodgers/git/tr-aomp/TheRock/build/third-party/msgpack-cxx/stage/include/msgpack/preprocessor/iteration/detail/iter/reverse1.hpp
0.1	-- Installing: /work/grodgers/git/tr-aomp/TheRock/build/third-party/msgpack-cxx/stage/include/msgpack/preprocessor/iteration/detail/iter/reverse3.hpp
0.1	-- Installing: /work/grodgers/git/tr-aomp/TheRock/build/third-party/msgpack-cxx/stage/include/msgpack/preprocessor/iteration/detail/iter/reverse5.hpp
0.1	-- Installing: /work/grodgers/git/tr-aomp/TheRock/build/third-party/msgpack-cxx/stage/include/msgpack/preprocessor/iteration/detail/iter/forward5.hpp
0.1	-- Installing: /work/grodgers/git/tr-aomp/TheRock/build/third-party/msgpack-cxx/stage/include/msgpack/preprocessor/iteration/detail/bounds
0.1	-- Installing: /work/grodgers/git/tr-aomp/TheRock/build/third-party/msgpack-cxx/stage/include/msgpack/preprocessor/iteration/detail/bounds/lower3.hpp
0.1	-- Installing: /work/grodgers/git/tr-aomp/TheRock/build/third-party/msgpack-cxx/stage/include/msgpack/preprocessor/iteration/detail/bounds/upper1.hpp
0.1	-- Installing: /work/grodgers/git/tr-aomp/TheRock/build/third-party/msgpack-cxx/stage/include/msgpack/preprocessor/iteration/detail/bounds/lower2.hpp
0.1	-- Installing: /work/grodgers/git/tr-aomp/TheRock/build/third-party/msgpack-cxx/stage/include/msgpack/preprocessor/iteration/detail/bounds/upper2.hpp
0.1	-- Installing: /work/grodgers/git/tr-aomp/TheRock/build/third-party/msgpack-cxx/stage/include/msgpack/preprocessor/iteration/detail/bounds/upper3.hpp
0.1	-- Installing: /work/grodgers/git/tr-aomp/TheRock/build/third-party/msgpack-cxx/stage/include/msgpack/preprocessor/iteration/detail/bounds/upper4.hpp
0.1	-- Installing: /work/grodgers/git/tr-aomp/TheRock/build/third-party/msgpack-cxx/stage/include/msgpack/preprocessor/iteration/detail/bounds/lower5.hpp
0.1	-- Installing: /work/grodgers/git/tr-aomp/TheRock/build/third-party/msgpack-cxx/stage/include/msgpack/preprocessor/iteration/detail/bounds/lower4.hpp
0.1	-- Installing: /work/grodgers/git/tr-aomp/TheRock/build/third-party/msgpack-cxx/stage/include/msgpack/preprocessor/iteration/detail/bounds/upper5.hpp
0.1	-- Installing: /work/grodgers/git/tr-aomp/TheRock/build/third-party/msgpack-cxx/stage/include/msgpack/preprocessor/iteration/detail/bounds/lower1.hpp
0.1	-- Installing: /work/grodgers/git/tr-aomp/TheRock/build/third-party/msgpack-cxx/stage/include/msgpack/preprocessor/iteration/detail/self.hpp
0.1	-- Installing: /work/grodgers/git/tr-aomp/TheRock/build/third-party/msgpack-cxx/stage/include/msgpack/preprocessor/iteration/detail/rlocal.hpp
0.1	-- Installing: /work/grodgers/git/tr-aomp/TheRock/build/third-party/msgpack-cxx/stage/include/msgpack/preprocessor/iteration/self.hpp
0.1	-- Installing: /work/grodgers/git/tr-aomp/TheRock/build/third-party/msgpack-cxx/stage/include/msgpack/preprocessor/control
0.1	-- Installing: /work/grodgers/git/tr-aomp/TheRock/build/third-party/msgpack-cxx/stage/include/msgpack/preprocessor/control/iif.hpp
0.1	-- Installing: /work/grodgers/git/tr-aomp/TheRock/build/third-party/msgpack-cxx/stage/include/msgpack/preprocessor/control/deduce_d.hpp
0.1	-- Installing: /work/grodgers/git/tr-aomp/TheRock/build/third-party/msgpack-cxx/stage/include/msgpack/preprocessor/control/detail
0.1	-- Installing: /work/grodgers/git/tr-aomp/TheRock/build/third-party/msgpack-cxx/stage/include/msgpack/preprocessor/control/detail/msvc
0.1	-- Installing: /work/grodgers/git/tr-aomp/TheRock/build/third-party/msgpack-cxx/stage/include/msgpack/preprocessor/control/detail/msvc/while.hpp
0.1	-- Installing: /work/grodgers/git/tr-aomp/TheRock/build/third-party/msgpack-cxx/stage/include/msgpack/preprocessor/control/detail/edg
0.1	-- Installing: /work/grodgers/git/tr-aomp/TheRock/build/third-party/msgpack-cxx/stage/include/msgpack/preprocessor/control/detail/edg/while.hpp
0.1	-- Installing: /work/grodgers/git/tr-aomp/TheRock/build/third-party/msgpack-cxx/stage/include/msgpack/preprocessor/control/detail/dmc
0.1	-- Installing: /work/grodgers/git/tr-aomp/TheRock/build/third-party/msgpack-cxx/stage/include/msgpack/preprocessor/control/detail/dmc/while.hpp
0.1	-- Installing: /work/grodgers/git/tr-aomp/TheRock/build/third-party/msgpack-cxx/stage/include/msgpack/preprocessor/control/detail/while.hpp
0.1	-- Installing: /work/grodgers/git/tr-aomp/TheRock/build/third-party/msgpack-cxx/stage/include/msgpack/preprocessor/control/expr_if.hpp
0.1	-- Installing: /work/grodgers/git/tr-aomp/TheRock/build/third-party/msgpack-cxx/stage/include/msgpack/preprocessor/control/if.hpp
0.1	-- Installing: /work/grodgers/git/tr-aomp/TheRock/build/third-party/msgpack-cxx/stage/include/msgpack/preprocessor/control/expr_iif.hpp
0.1	-- Installing: /work/grodgers/git/tr-aomp/TheRock/build/third-party/msgpack-cxx/stage/include/msgpack/preprocessor/control/while.hpp
0.1	-- Installing: /work/grodgers/git/tr-aomp/TheRock/build/third-party/msgpack-cxx/stage/include/msgpack/preprocessor/repeat_from_to.hpp
0.1	-- Installing: /work/grodgers/git/tr-aomp/TheRock/build/third-party/msgpack-cxx/stage/include/msgpack/preprocessor/enum_params_with_a_default.hpp
0.1	-- Installing: /work/grodgers/git/tr-aomp/TheRock/build/third-party/msgpack-cxx/stage/include/msgpack/preprocessor/repeat_2nd.hpp
0.1	-- Installing: /work/grodgers/git/tr-aomp/TheRock/build/third-party/msgpack-cxx/stage/include/msgpack/preprocessor/enum_params.hpp
0.1	-- Installing: /work/grodgers/git/tr-aomp/TheRock/build/third-party/msgpack-cxx/stage/include/msgpack/preprocessor/control.hpp
0.1	-- Installing: /work/grodgers/git/tr-aomp/TheRock/build/third-party/msgpack-cxx/stage/include/msgpack/preprocessor/empty.hpp
0.1	-- Installing: /work/grodgers/git/tr-aomp/TheRock/build/third-party/msgpack-cxx/stage/include/msgpack/preprocessor/assert_msg.hpp
0.1	-- Installing: /work/grodgers/git/tr-aomp/TheRock/build/third-party/msgpack-cxx/stage/include/msgpack/preprocessor/repetition.hpp
0.1	-- Installing: /work/grodgers/git/tr-aomp/TheRock/build/third-party/msgpack-cxx/stage/include/msgpack/preprocessor/enum_params_with_defaults.hpp
0.1	-- Installing: /work/grodgers/git/tr-aomp/TheRock/build/third-party/msgpack-cxx/stage/include/msgpack/preprocessor/comma.hpp
0.1	-- Installing: /work/grodgers/git/tr-aomp/TheRock/build/third-party/msgpack-cxx/stage/include/msgpack/preprocessor/facilities
0.1	-- Installing: /work/grodgers/git/tr-aomp/TheRock/build/third-party/msgpack-cxx/stage/include/msgpack/preprocessor/facilities/overload.hpp
0.1	-- Installing: /work/grodgers/git/tr-aomp/TheRock/build/third-party/msgpack-cxx/stage/include/msgpack/preprocessor/facilities/is_empty.hpp
0.1	-- Installing: /work/grodgers/git/tr-aomp/TheRock/build/third-party/msgpack-cxx/stage/include/msgpack/preprocessor/facilities/empty.hpp
0.1	-- Installing: /work/grodgers/git/tr-aomp/TheRock/build/third-party/msgpack-cxx/stage/include/msgpack/preprocessor/facilities/intercept.hpp
0.1	-- Installing: /work/grodgers/git/tr-aomp/TheRock/build/third-party/msgpack-cxx/stage/include/msgpack/preprocessor/facilities/is_empty_or_1.hpp
0.1	-- Installing: /work/grodgers/git/tr-aomp/TheRock/build/third-party/msgpack-cxx/stage/include/msgpack/preprocessor/facilities/expand.hpp
0.1	-- Installing: /work/grodgers/git/tr-aomp/TheRock/build/third-party/msgpack-cxx/stage/include/msgpack/preprocessor/facilities/detail
0.1	-- Installing: /work/grodgers/git/tr-aomp/TheRock/build/third-party/msgpack-cxx/stage/include/msgpack/preprocessor/facilities/detail/is_empty.hpp
0.1	-- Installing: /work/grodgers/git/tr-aomp/TheRock/build/third-party/msgpack-cxx/stage/include/msgpack/preprocessor/facilities/is_1.hpp
0.1	-- Installing: /work/grodgers/git/tr-aomp/TheRock/build/third-party/msgpack-cxx/stage/include/msgpack/preprocessor/facilities/identity.hpp
0.1	-- Installing: /work/grodgers/git/tr-aomp/TheRock/build/third-party/msgpack-cxx/stage/include/msgpack/preprocessor/facilities/apply.hpp
0.1	-- Installing: /work/grodgers/git/tr-aomp/TheRock/build/third-party/msgpack-cxx/stage/include/msgpack/preprocessor/facilities/is_empty_variadic.hpp
0.1	-- Installing: /work/grodgers/git/tr-aomp/TheRock/build/third-party/msgpack-cxx/stage/include/msgpack/preprocessor/array
0.1	-- Installing: /work/grodgers/git/tr-aomp/TheRock/build/third-party/msgpack-cxx/stage/include/msgpack/preprocessor/array/elem.hpp
0.1	-- Installing: /work/grodgers/git/tr-aomp/TheRock/build/third-party/msgpack-cxx/stage/include/msgpack/preprocessor/array/remove.hpp
0.1	-- Installing: /work/grodgers/git/tr-aomp/TheRock/build/third-party/msgpack-cxx/stage/include/msgpack/preprocessor/array/pop_back.hpp
0.1	-- Installing: /work/grodgers/git/tr-aomp/TheRock/build/third-party/msgpack-cxx/stage/include/msgpack/preprocessor/array/push_front.hpp
0.1	-- Installing: /work/grodgers/git/tr-aomp/TheRock/build/third-party/msgpack-cxx/stage/include/msgpack/preprocessor/array/pop_front.hpp
0.1	-- Installing: /work/grodgers/git/tr-aomp/TheRock/build/third-party/msgpack-cxx/stage/include/msgpack/preprocessor/array/insert.hpp
0.1	-- Installing: /work/grodgers/git/tr-aomp/TheRock/build/third-party/msgpack-cxx/stage/include/msgpack/preprocessor/array/replace.hpp
0.1	-- Installing: /work/grodgers/git/tr-aomp/TheRock/build/third-party/msgpack-cxx/stage/include/msgpack/preprocessor/array/enum.hpp
0.1	-- Installing: /work/grodgers/git/tr-aomp/TheRock/build/third-party/msgpack-cxx/stage/include/msgpack/preprocessor/array/to_seq.hpp
0.1	-- Installing: /work/grodgers/git/tr-aomp/TheRock/build/third-party/msgpack-cxx/stage/include/msgpack/preprocessor/array/data.hpp
0.1	-- Installing: /work/grodgers/git/tr-aomp/TheRock/build/third-party/msgpack-cxx/stage/include/msgpack/preprocessor/array/size.hpp
0.1	-- Installing: /work/grodgers/git/tr-aomp/TheRock/build/third-party/msgpack-cxx/stage/include/msgpack/preprocessor/array/detail
0.1	-- Installing: /work/grodgers/git/tr-aomp/TheRock/build/third-party/msgpack-cxx/stage/include/msgpack/preprocessor/array/detail/get_data.hpp
0.1	-- Installing: /work/grodgers/git/tr-aomp/TheRock/build/third-party/msgpack-cxx/stage/include/msgpack/preprocessor/array/to_tuple.hpp
0.1	-- Installing: /work/grodgers/git/tr-aomp/TheRock/build/third-party/msgpack-cxx/stage/include/msgpack/preprocessor/array/to_list.hpp
0.1	-- Installing: /work/grodgers/git/tr-aomp/TheRock/build/third-party/msgpack-cxx/stage/include/msgpack/preprocessor/array/push_back.hpp
0.1	-- Installing: /work/grodgers/git/tr-aomp/TheRock/build/third-party/msgpack-cxx/stage/include/msgpack/preprocessor/array/reverse.hpp
0.1	-- Installing: /work/grodgers/git/tr-aomp/TheRock/build/third-party/msgpack-cxx/stage/include/msgpack/preprocessor/enum_shifted.hpp
0.1	-- Installing: /work/grodgers/git/tr-aomp/TheRock/build/third-party/msgpack-cxx/stage/include/msgpack/preprocessor/repetition
0.1	-- Installing: /work/grodgers/git/tr-aomp/TheRock/build/third-party/msgpack-cxx/stage/include/msgpack/preprocessor/repetition/enum_shifted_params.hpp
0.1	-- Installing: /work/grodgers/git/tr-aomp/TheRock/build/third-party/msgpack-cxx/stage/include/msgpack/preprocessor/repetition/repeat.hpp
0.1	-- Installing: /work/grodgers/git/tr-aomp/TheRock/build/third-party/msgpack-cxx/stage/include/msgpack/preprocessor/repetition/deduce_r.hpp
0.1	-- Installing: /work/grodgers/git/tr-aomp/TheRock/build/third-party/msgpack-cxx/stage/include/msgpack/preprocessor/repetition/enum_shifted_binary_params.hpp
0.1	-- Installing: /work/grodgers/git/tr-aomp/TheRock/build/third-party/msgpack-cxx/stage/include/msgpack/preprocessor/repetition/enum.hpp
0.1	-- Installing: /work/grodgers/git/tr-aomp/TheRock/build/third-party/msgpack-cxx/stage/include/msgpack/preprocessor/repetition/repeat_from_to.hpp
0.1	-- Installing: /work/grodgers/git/tr-aomp/TheRock/build/third-party/msgpack-cxx/stage/include/msgpack/preprocessor/repetition/enum_params_with_a_default.hpp
0.1	-- Installing: /work/grodgers/git/tr-aomp/TheRock/build/third-party/msgpack-cxx/stage/include/msgpack/preprocessor/repetition/enum_params.hpp
0.1	-- Installing: /work/grodgers/git/tr-aomp/TheRock/build/third-party/msgpack-cxx/stage/include/msgpack/preprocessor/repetition/deduce_z.hpp
0.1	-- Installing: /work/grodgers/git/tr-aomp/TheRock/build/third-party/msgpack-cxx/stage/include/msgpack/preprocessor/repetition/enum_params_with_defaults.hpp
0.1	-- Installing: /work/grodgers/git/tr-aomp/TheRock/build/third-party/msgpack-cxx/stage/include/msgpack/preprocessor/repetition/enum_trailing_params.hpp
0.1	-- Installing: /work/grodgers/git/tr-aomp/TheRock/build/third-party/msgpack-cxx/stage/include/msgpack/preprocessor/repetition/enum_shifted.hpp
0.1	-- Installing: /work/grodgers/git/tr-aomp/TheRock/build/third-party/msgpack-cxx/stage/include/msgpack/preprocessor/repetition/enum_binary_params.hpp
0.1	-- Installing: /work/grodgers/git/tr-aomp/TheRock/build/third-party/msgpack-cxx/stage/include/msgpack/preprocessor/repetition/detail
0.1	-- Installing: /work/grodgers/git/tr-aomp/TheRock/build/third-party/msgpack-cxx/stage/include/msgpack/preprocessor/repetition/detail/msvc
0.1	-- Installing: /work/grodgers/git/tr-aomp/TheRock/build/third-party/msgpack-cxx/stage/include/msgpack/preprocessor/repetition/detail/msvc/for.hpp
0.1	-- Installing: /work/grodgers/git/tr-aomp/TheRock/build/third-party/msgpack-cxx/stage/include/msgpack/preprocessor/repetition/detail/edg
0.1	-- Installing: /work/grodgers/git/tr-aomp/TheRock/build/third-party/msgpack-cxx/stage/include/msgpack/preprocessor/repetition/detail/edg/for.hpp
0.1	-- Installing: /work/grodgers/git/tr-aomp/TheRock/build/third-party/msgpack-cxx/stage/include/msgpack/preprocessor/repetition/detail/dmc
0.1	-- Installing: /work/grodgers/git/tr-aomp/TheRock/build/third-party/msgpack-cxx/stage/include/msgpack/preprocessor/repetition/detail/dmc/for.hpp
0.1	-- Installing: /work/grodgers/git/tr-aomp/TheRock/build/third-party/msgpack-cxx/stage/include/msgpack/preprocessor/repetition/detail/for.hpp
0.1	-- Installing: /work/grodgers/git/tr-aomp/TheRock/build/third-party/msgpack-cxx/stage/include/msgpack/preprocessor/repetition/enum_trailing_binary_params.hpp
0.1	-- Installing: /work/grodgers/git/tr-aomp/TheRock/build/third-party/msgpack-cxx/stage/include/msgpack/preprocessor/repetition/for.hpp
0.1	-- Installing: /work/grodgers/git/tr-aomp/TheRock/build/third-party/msgpack-cxx/stage/include/msgpack/preprocessor/repetition/enum_trailing.hpp
0.1	-- Installing: /work/grodgers/git/tr-aomp/TheRock/build/third-party/msgpack-cxx/stage/include/msgpack/preprocessor/variadic
0.1	-- Installing: /work/grodgers/git/tr-aomp/TheRock/build/third-party/msgpack-cxx/stage/include/msgpack/preprocessor/variadic/elem.hpp
0.1	-- Installing: /work/grodgers/git/tr-aomp/TheRock/build/third-party/msgpack-cxx/stage/include/msgpack/preprocessor/variadic/to_seq.hpp
0.1	-- Installing: /work/grodgers/git/tr-aomp/TheRock/build/third-party/msgpack-cxx/stage/include/msgpack/preprocessor/variadic/size.hpp
0.1	-- Installing: /work/grodgers/git/tr-aomp/TheRock/build/third-party/msgpack-cxx/stage/include/msgpack/preprocessor/variadic/detail
0.1	-- Installing: /work/grodgers/git/tr-aomp/TheRock/build/third-party/msgpack-cxx/stage/include/msgpack/preprocessor/variadic/detail/is_single_return.hpp
0.1	-- Installing: /work/grodgers/git/tr-aomp/TheRock/build/third-party/msgpack-cxx/stage/include/msgpack/preprocessor/variadic/to_array.hpp
0.1	-- Installing: /work/grodgers/git/tr-aomp/TheRock/build/third-party/msgpack-cxx/stage/include/msgpack/preprocessor/variadic/to_tuple.hpp
0.1	-- Installing: /work/grodgers/git/tr-aomp/TheRock/build/third-party/msgpack-cxx/stage/include/msgpack/preprocessor/variadic/to_list.hpp
0.1	-- Installing: /work/grodgers/git/tr-aomp/TheRock/build/third-party/msgpack-cxx/stage/include/msgpack/preprocessor/wstringize.hpp
0.1	-- Installing: /work/grodgers/git/tr-aomp/TheRock/build/third-party/msgpack-cxx/stage/include/msgpack/preprocessor/expand.hpp
0.1	-- Installing: /work/grodgers/git/tr-aomp/TheRock/build/third-party/msgpack-cxx/stage/include/msgpack/preprocessor/repeat_from_to_2nd.hpp
0.1	-- Installing: /work/grodgers/git/tr-aomp/TheRock/build/third-party/msgpack-cxx/stage/include/msgpack/preprocessor/stringize.hpp
0.1	-- Installing: /work/grodgers/git/tr-aomp/TheRock/build/third-party/msgpack-cxx/stage/include/msgpack/preprocessor/detail
0.1	-- Installing: /work/grodgers/git/tr-aomp/TheRock/build/third-party/msgpack-cxx/stage/include/msgpack/preprocessor/detail/is_nullary.hpp
0.1	-- Installing: /work/grodgers/git/tr-aomp/TheRock/build/third-party/msgpack-cxx/stage/include/msgpack/preprocessor/detail/auto_rec.hpp
0.1	-- Installing: /work/grodgers/git/tr-aomp/TheRock/build/third-party/msgpack-cxx/stage/include/msgpack/preprocessor/detail/null.hpp
0.1	-- Installing: /work/grodgers/git/tr-aomp/TheRock/build/third-party/msgpack-cxx/stage/include/msgpack/preprocessor/detail/dmc
0.1	-- Installing: /work/grodgers/git/tr-aomp/TheRock/build/third-party/msgpack-cxx/stage/include/msgpack/preprocessor/detail/dmc/auto_rec.hpp
0.1	-- Installing: /work/grodgers/git/tr-aomp/TheRock/build/third-party/msgpack-cxx/stage/include/msgpack/preprocessor/detail/is_binary.hpp
0.1	-- Installing: /work/grodgers/git/tr-aomp/TheRock/build/third-party/msgpack-cxx/stage/include/msgpack/preprocessor/detail/is_unary.hpp
0.1	-- Installing: /work/grodgers/git/tr-aomp/TheRock/build/third-party/msgpack-cxx/stage/include/msgpack/preprocessor/detail/check.hpp
0.1	-- Installing: /work/grodgers/git/tr-aomp/TheRock/build/third-party/msgpack-cxx/stage/include/msgpack/preprocessor/detail/split.hpp
0.1	-- Installing: /work/grodgers/git/tr-aomp/TheRock/build/third-party/msgpack-cxx/stage/include/msgpack/preprocessor/expr_if.hpp
0.1	-- Installing: /work/grodgers/git/tr-aomp/TheRock/build/third-party/msgpack-cxx/stage/include/msgpack/preprocessor/if.hpp
0.1	-- Installing: /work/grodgers/git/tr-aomp/TheRock/build/third-party/msgpack-cxx/stage/include/msgpack/preprocessor/comma_if.hpp
0.1	-- Installing: /work/grodgers/git/tr-aomp/TheRock/build/third-party/msgpack-cxx/stage/include/msgpack/preprocessor/debug.hpp
0.1	-- Installing: /work/grodgers/git/tr-aomp/TheRock/build/third-party/msgpack-cxx/stage/include/msgpack/preprocessor/list
0.1	-- Installing: /work/grodgers/git/tr-aomp/TheRock/build/third-party/msgpack-cxx/stage/include/msgpack/preprocessor/list/fold_right.hpp
0.1	-- Installing: /work/grodgers/git/tr-aomp/TheRock/build/third-party/msgpack-cxx/stage/include/msgpack/preprocessor/list/filter.hpp
0.1	-- Installing: /work/grodgers/git/tr-aomp/TheRock/build/third-party/msgpack-cxx/stage/include/msgpack/preprocessor/list/transform.hpp
0.1	-- Installing: /work/grodgers/git/tr-aomp/TheRock/build/third-party/msgpack-cxx/stage/include/msgpack/preprocessor/list/first_n.hpp
0.1	-- Installing: /work/grodgers/git/tr-aomp/TheRock/build/third-party/msgpack-cxx/stage/include/msgpack/preprocessor/list/for_each.hpp
0.1	-- Installing: /work/grodgers/git/tr-aomp/TheRock/build/third-party/msgpack-cxx/stage/include/msgpack/preprocessor/list/enum.hpp
0.1	-- Installing: /work/grodgers/git/tr-aomp/TheRock/build/third-party/msgpack-cxx/stage/include/msgpack/preprocessor/list/to_seq.hpp
0.1	-- Installing: /work/grodgers/git/tr-aomp/TheRock/build/third-party/msgpack-cxx/stage/include/msgpack/preprocessor/list/fold_left.hpp
0.1	-- Installing: /work/grodgers/git/tr-aomp/TheRock/build/third-party/msgpack-cxx/stage/include/msgpack/preprocessor/list/for_each_i.hpp
0.1	-- Installing: /work/grodgers/git/tr-aomp/TheRock/build/third-party/msgpack-cxx/stage/include/msgpack/preprocessor/list/rest_n.hpp
0.1	-- Installing: /work/grodgers/git/tr-aomp/TheRock/build/third-party/msgpack-cxx/stage/include/msgpack/preprocessor/list/append.hpp
0.1	-- Installing: /work/grodgers/git/tr-aomp/TheRock/build/third-party/msgpack-cxx/stage/include/msgpack/preprocessor/list/at.hpp
0.1	-- Installing: /work/grodgers/git/tr-aomp/TheRock/build/third-party/msgpack-cxx/stage/include/msgpack/preprocessor/list/size.hpp
0.1	-- Installing: /work/grodgers/git/tr-aomp/TheRock/build/third-party/msgpack-cxx/stage/include/msgpack/preprocessor/list/detail
0.1	-- Installing: /work/grodgers/git/tr-aomp/TheRock/build/third-party/msgpack-cxx/stage/include/msgpack/preprocessor/list/detail/fold_right.hpp
0.1	-- Installing: /work/grodgers/git/tr-aomp/TheRock/build/third-party/msgpack-cxx/stage/include/msgpack/preprocessor/list/detail/edg
0.1	-- Installing: /work/grodgers/git/tr-aomp/TheRock/build/third-party/msgpack-cxx/stage/include/msgpack/preprocessor/list/detail/edg/fold_right.hpp
0.1	-- Installing: /work/grodgers/git/tr-aomp/TheRock/build/third-party/msgpack-cxx/stage/include/msgpack/preprocessor/list/detail/edg/fold_left.hpp
0.1	-- Installing: /work/grodgers/git/tr-aomp/TheRock/build/third-party/msgpack-cxx/stage/include/msgpack/preprocessor/list/detail/fold_left.hpp
0.1	-- Installing: /work/grodgers/git/tr-aomp/TheRock/build/third-party/msgpack-cxx/stage/include/msgpack/preprocessor/list/detail/dmc
0.1	-- Installing: /work/grodgers/git/tr-aomp/TheRock/build/third-party/msgpack-cxx/stage/include/msgpack/preprocessor/list/detail/dmc/fold_left.hpp
0.1	-- Installing: /work/grodgers/git/tr-aomp/TheRock/build/third-party/msgpack-cxx/stage/include/msgpack/preprocessor/list/for_each_product.hpp
0.1	-- Installing: /work/grodgers/git/tr-aomp/TheRock/build/third-party/msgpack-cxx/stage/include/msgpack/preprocessor/list/to_array.hpp
0.1	-- Installing: /work/grodgers/git/tr-aomp/TheRock/build/third-party/msgpack-cxx/stage/include/msgpack/preprocessor/list/adt.hpp
0.1	-- Installing: /work/grodgers/git/tr-aomp/TheRock/build/third-party/msgpack-cxx/stage/include/msgpack/preprocessor/list/to_tuple.hpp
0.1	-- Installing: /work/grodgers/git/tr-aomp/TheRock/build/third-party/msgpack-cxx/stage/include/msgpack/preprocessor/list/reverse.hpp
0.1	-- Installing: /work/grodgers/git/tr-aomp/TheRock/build/third-party/msgpack-cxx/stage/include/msgpack/preprocessor/list/cat.hpp
0.1	-- Installing: /work/grodgers/git/tr-aomp/TheRock/build/third-party/msgpack-cxx/stage/include/msgpack/preprocessor/slot
0.1	-- Installing: /work/grodgers/git/tr-aomp/TheRock/build/third-party/msgpack-cxx/stage/include/msgpack/preprocessor/slot/detail
0.1	-- Installing: /work/grodgers/git/tr-aomp/TheRock/build/third-party/msgpack-cxx/stage/include/msgpack/preprocessor/slot/detail/def.hpp
0.1	-- Installing: /work/grodgers/git/tr-aomp/TheRock/build/third-party/msgpack-cxx/stage/include/msgpack/preprocessor/slot/detail/slot3.hpp
0.1	-- Installing: /work/grodgers/git/tr-aomp/TheRock/build/third-party/msgpack-cxx/stage/include/msgpack/preprocessor/slot/detail/slot5.hpp
0.1	-- Installing: /work/grodgers/git/tr-aomp/TheRock/build/third-party/msgpack-cxx/stage/include/msgpack/preprocessor/slot/detail/slot4.hpp
0.1	-- Installing: /work/grodgers/git/tr-aomp/TheRock/build/third-party/msgpack-cxx/stage/include/msgpack/preprocessor/slot/detail/slot1.hpp
0.1	-- Installing: /work/grodgers/git/tr-aomp/TheRock/build/third-party/msgpack-cxx/stage/include/msgpack/preprocessor/slot/detail/counter.hpp
0.1	-- Installing: /work/grodgers/git/tr-aomp/TheRock/build/third-party/msgpack-cxx/stage/include/msgpack/preprocessor/slot/detail/slot2.hpp
0.1	-- Installing: /work/grodgers/git/tr-aomp/TheRock/build/third-party/msgpack-cxx/stage/include/msgpack/preprocessor/slot/detail/shared.hpp
0.1	-- Installing: /work/grodgers/git/tr-aomp/TheRock/build/third-party/msgpack-cxx/stage/include/msgpack/preprocessor/slot/counter.hpp
0.1	-- Installing: /work/grodgers/git/tr-aomp/TheRock/build/third-party/msgpack-cxx/stage/include/msgpack/preprocessor/slot/slot.hpp
0.1	-- Installing: /work/grodgers/git/tr-aomp/TheRock/build/third-party/msgpack-cxx/stage/include/msgpack/preprocessor/logical.hpp
0.1	-- Installing: /work/grodgers/git/tr-aomp/TheRock/build/third-party/msgpack-cxx/stage/include/msgpack/preprocessor/arithmetic.hpp
0.1	-- Installing: /work/grodgers/git/tr-aomp/TheRock/build/third-party/msgpack-cxx/stage/include/msgpack/preprocessor/logical
0.1	-- Installing: /work/grodgers/git/tr-aomp/TheRock/build/third-party/msgpack-cxx/stage/include/msgpack/preprocessor/logical/bitnor.hpp
0.1	-- Installing: /work/grodgers/git/tr-aomp/TheRock/build/third-party/msgpack-cxx/stage/include/msgpack/preprocessor/logical/nor.hpp
0.1	-- Installing: /work/grodgers/git/tr-aomp/TheRock/build/third-party/msgpack-cxx/stage/include/msgpack/preprocessor/logical/or.hpp
0.1	-- Installing: /work/grodgers/git/tr-aomp/TheRock/build/third-party/msgpack-cxx/stage/include/msgpack/preprocessor/logical/not.hpp
0.1	-- Installing: /work/grodgers/git/tr-aomp/TheRock/build/third-party/msgpack-cxx/stage/include/msgpack/preprocessor/logical/bitand.hpp
0.1	-- Installing: /work/grodgers/git/tr-aomp/TheRock/build/third-party/msgpack-cxx/stage/include/msgpack/preprocessor/logical/bitxor.hpp
0.1	-- Installing: /work/grodgers/git/tr-aomp/TheRock/build/third-party/msgpack-cxx/stage/include/msgpack/preprocessor/logical/and.hpp
0.1	-- Installing: /work/grodgers/git/tr-aomp/TheRock/build/third-party/msgpack-cxx/stage/include/msgpack/preprocessor/logical/bool.hpp
0.1	-- Installing: /work/grodgers/git/tr-aomp/TheRock/build/third-party/msgpack-cxx/stage/include/msgpack/preprocessor/logical/bitor.hpp
0.1	-- Installing: /work/grodgers/git/tr-aomp/TheRock/build/third-party/msgpack-cxx/stage/include/msgpack/preprocessor/logical/xor.hpp
0.1	-- Installing: /work/grodgers/git/tr-aomp/TheRock/build/third-party/msgpack-cxx/stage/include/msgpack/preprocessor/logical/compl.hpp
0.1	-- Installing: /work/grodgers/git/tr-aomp/TheRock/build/third-party/msgpack-cxx/stage/include/msgpack/preprocessor/identity.hpp
0.1	-- Installing: /work/grodgers/git/tr-aomp/TheRock/build/third-party/msgpack-cxx/stage/include/msgpack/preprocessor/array.hpp
0.1	-- Installing: /work/grodgers/git/tr-aomp/TheRock/build/third-party/msgpack-cxx/stage/include/msgpack/preprocessor/selection
0.1	-- Installing: /work/grodgers/git/tr-aomp/TheRock/build/third-party/msgpack-cxx/stage/include/msgpack/preprocessor/selection/max.hpp
0.1	-- Installing: /work/grodgers/git/tr-aomp/TheRock/build/third-party/msgpack-cxx/stage/include/msgpack/preprocessor/selection/min.hpp
0.1	-- Installing: /work/grodgers/git/tr-aomp/TheRock/build/third-party/msgpack-cxx/stage/include/msgpack/preprocessor/seq
0.1	-- Installing: /work/grodgers/git/tr-aomp/TheRock/build/third-party/msgpack-cxx/stage/include/msgpack/preprocessor/seq/elem.hpp
0.1	-- Installing: /work/grodgers/git/tr-aomp/TheRock/build/third-party/msgpack-cxx/stage/include/msgpack/preprocessor/seq/variadic_seq_to_seq.hpp
0.1	-- Installing: /work/grodgers/git/tr-aomp/TheRock/build/third-party/msgpack-cxx/stage/include/msgpack/preprocessor/seq/remove.hpp
0.1	-- Installing: /work/grodgers/git/tr-aomp/TheRock/build/third-party/msgpack-cxx/stage/include/msgpack/preprocessor/seq/fold_right.hpp
0.1	-- Installing: /work/grodgers/git/tr-aomp/TheRock/build/third-party/msgpack-cxx/stage/include/msgpack/preprocessor/seq/pop_back.hpp
0.1	-- Installing: /work/grodgers/git/tr-aomp/TheRock/build/third-party/msgpack-cxx/stage/include/msgpack/preprocessor/seq/filter.hpp
0.1	-- Installing: /work/grodgers/git/tr-aomp/TheRock/build/third-party/msgpack-cxx/stage/include/msgpack/preprocessor/seq/push_front.hpp
0.1	-- Installing: /work/grodgers/git/tr-aomp/TheRock/build/third-party/msgpack-cxx/stage/include/msgpack/preprocessor/seq/transform.hpp
0.1	-- Installing: /work/grodgers/git/tr-aomp/TheRock/build/third-party/msgpack-cxx/stage/include/msgpack/preprocessor/seq/pop_front.hpp
0.1	-- Installing: /work/grodgers/git/tr-aomp/TheRock/build/third-party/msgpack-cxx/stage/include/msgpack/preprocessor/seq/insert.hpp
0.1	-- Installing: /work/grodgers/git/tr-aomp/TheRock/build/third-party/msgpack-cxx/stage/include/msgpack/preprocessor/seq/first_n.hpp
0.1	-- Installing: /work/grodgers/git/tr-aomp/TheRock/build/third-party/msgpack-cxx/stage/include/msgpack/preprocessor/seq/replace.hpp
0.1	-- Installing: /work/grodgers/git/tr-aomp/TheRock/build/third-party/msgpack-cxx/stage/include/msgpack/preprocessor/seq/seq.hpp
0.1	-- Installing: /work/grodgers/git/tr-aomp/TheRock/build/third-party/msgpack-cxx/stage/include/msgpack/preprocessor/seq/for_each.hpp
0.1	-- Installing: /work/grodgers/git/tr-aomp/TheRock/build/third-party/msgpack-cxx/stage/include/msgpack/preprocessor/seq/enum.hpp
0.1	-- Installing: /work/grodgers/git/tr-aomp/TheRock/build/third-party/msgpack-cxx/stage/include/msgpack/preprocessor/seq/fold_left.hpp
0.1	-- Installing: /work/grodgers/git/tr-aomp/TheRock/build/third-party/msgpack-cxx/stage/include/msgpack/preprocessor/seq/for_each_i.hpp
0.1	-- Installing: /work/grodgers/git/tr-aomp/TheRock/build/third-party/msgpack-cxx/stage/include/msgpack/preprocessor/seq/rest_n.hpp
0.1	-- Installing: /work/grodgers/git/tr-aomp/TheRock/build/third-party/msgpack-cxx/stage/include/msgpack/preprocessor/seq/size.hpp
0.1	-- Installing: /work/grodgers/git/tr-aomp/TheRock/build/third-party/msgpack-cxx/stage/include/msgpack/preprocessor/seq/detail
0.1	-- Installing: /work/grodgers/git/tr-aomp/TheRock/build/third-party/msgpack-cxx/stage/include/msgpack/preprocessor/seq/detail/to_list_msvc.hpp
0.1	-- Installing: /work/grodgers/git/tr-aomp/TheRock/build/third-party/msgpack-cxx/stage/include/msgpack/preprocessor/seq/detail/is_empty.hpp
0.1	-- Installing: /work/grodgers/git/tr-aomp/TheRock/build/third-party/msgpack-cxx/stage/include/msgpack/preprocessor/seq/detail/binary_transform.hpp
0.1	-- Installing: /work/grodgers/git/tr-aomp/TheRock/build/third-party/msgpack-cxx/stage/include/msgpack/preprocessor/seq/detail/split.hpp
0.1	-- Installing: /work/grodgers/git/tr-aomp/TheRock/build/third-party/msgpack-cxx/stage/include/msgpack/preprocessor/seq/for_each_product.hpp
0.1	-- Installing: /work/grodgers/git/tr-aomp/TheRock/build/third-party/msgpack-cxx/stage/include/msgpack/preprocessor/seq/subseq.hpp
0.1	-- Installing: /work/grodgers/git/tr-aomp/TheRock/build/third-party/msgpack-cxx/stage/include/msgpack/preprocessor/seq/to_array.hpp
0.1	-- Installing: /work/grodgers/git/tr-aomp/TheRock/build/third-party/msgpack-cxx/stage/include/msgpack/preprocessor/seq/to_tuple.hpp
0.1	-- Installing: /work/grodgers/git/tr-aomp/TheRock/build/third-party/msgpack-cxx/stage/include/msgpack/preprocessor/seq/to_list.hpp
0.1	-- Installing: /work/grodgers/git/tr-aomp/TheRock/build/third-party/msgpack-cxx/stage/include/msgpack/preprocessor/seq/push_back.hpp
0.1	-- Installing: /work/grodgers/git/tr-aomp/TheRock/build/third-party/msgpack-cxx/stage/include/msgpack/preprocessor/seq/reverse.hpp
0.1	-- Installing: /work/grodgers/git/tr-aomp/TheRock/build/third-party/msgpack-cxx/stage/include/msgpack/preprocessor/seq/cat.hpp
0.1	-- Installing: /work/grodgers/git/tr-aomp/TheRock/build/third-party/msgpack-cxx/stage/include/msgpack/preprocessor/variadic.hpp
0.1	-- Installing: /work/grodgers/git/tr-aomp/TheRock/build/third-party/msgpack-cxx/stage/include/msgpack/preprocessor/tuple.hpp
0.1	-- Installing: /work/grodgers/git/tr-aomp/TheRock/build/third-party/msgpack-cxx/stage/include/msgpack/preprocessor/arithmetic
0.1	-- Installing: /work/grodgers/git/tr-aomp/TheRock/build/third-party/msgpack-cxx/stage/include/msgpack/preprocessor/arithmetic/dec.hpp
0.1	-- Installing: /work/grodgers/git/tr-aomp/TheRock/build/third-party/msgpack-cxx/stage/include/msgpack/preprocessor/arithmetic/inc.hpp
0.1	-- Installing: /work/grodgers/git/tr-aomp/TheRock/build/third-party/msgpack-cxx/stage/include/msgpack/preprocessor/arithmetic/mod.hpp
0.1	-- Installing: /work/grodgers/git/tr-aomp/TheRock/build/third-party/msgpack-cxx/stage/include/msgpack/preprocessor/arithmetic/div.hpp
0.1	-- Installing: /work/grodgers/git/tr-aomp/TheRock/build/third-party/msgpack-cxx/stage/include/msgpack/preprocessor/arithmetic/mul.hpp
0.1	-- Installing: /work/grodgers/git/tr-aomp/TheRock/build/third-party/msgpack-cxx/stage/include/msgpack/preprocessor/arithmetic/detail
0.1	-- Installing: /work/grodgers/git/tr-aomp/TheRock/build/third-party/msgpack-cxx/stage/include/msgpack/preprocessor/arithmetic/detail/div_base.hpp
0.1	-- Installing: /work/grodgers/git/tr-aomp/TheRock/build/third-party/msgpack-cxx/stage/include/msgpack/preprocessor/arithmetic/sub.hpp
0.1	-- Installing: /work/grodgers/git/tr-aomp/TheRock/build/third-party/msgpack-cxx/stage/include/msgpack/preprocessor/arithmetic/add.hpp
0.1	-- Installing: /work/grodgers/git/tr-aomp/TheRock/build/third-party/msgpack-cxx/stage/include/msgpack/preprocessor/for.hpp
0.1	-- Installing: /work/grodgers/git/tr-aomp/TheRock/build/third-party/msgpack-cxx/stage/include/msgpack/preprocessor/while.hpp
0.1	-- Installing: /work/grodgers/git/tr-aomp/TheRock/build/third-party/msgpack-cxx/stage/include/msgpack/preprocessor/comparison.hpp
0.1	-- Installing: /work/grodgers/git/tr-aomp/TheRock/build/third-party/msgpack-cxx/stage/include/msgpack/preprocessor/comparison
0.1	-- Installing: /work/grodgers/git/tr-aomp/TheRock/build/third-party/msgpack-cxx/stage/include/msgpack/preprocessor/comparison/greater_equal.hpp
0.1	-- Installing: /work/grodgers/git/tr-aomp/TheRock/build/third-party/msgpack-cxx/stage/include/msgpack/preprocessor/comparison/not_equal.hpp
0.1	-- Installing: /work/grodgers/git/tr-aomp/TheRock/build/third-party/msgpack-cxx/stage/include/msgpack/preprocessor/comparison/greater.hpp
0.1	-- Installing: /work/grodgers/git/tr-aomp/TheRock/build/third-party/msgpack-cxx/stage/include/msgpack/preprocessor/comparison/less.hpp
0.1	-- Installing: /work/grodgers/git/tr-aomp/TheRock/build/third-party/msgpack-cxx/stage/include/msgpack/preprocessor/comparison/equal.hpp
0.1	-- Installing: /work/grodgers/git/tr-aomp/TheRock/build/third-party/msgpack-cxx/stage/include/msgpack/preprocessor/comparison/less_equal.hpp
0.1	-- Installing: /work/grodgers/git/tr-aomp/TheRock/build/third-party/msgpack-cxx/stage/include/msgpack/preprocessor/iteration.hpp
0.1	-- Installing: /work/grodgers/git/tr-aomp/TheRock/build/third-party/msgpack-cxx/stage/include/msgpack/preprocessor/tuple
0.1	-- Installing: /work/grodgers/git/tr-aomp/TheRock/build/third-party/msgpack-cxx/stage/include/msgpack/preprocessor/tuple/elem.hpp
0.1	-- Installing: /work/grodgers/git/tr-aomp/TheRock/build/third-party/msgpack-cxx/stage/include/msgpack/preprocessor/tuple/remove.hpp
0.1	-- Installing: /work/grodgers/git/tr-aomp/TheRock/build/third-party/msgpack-cxx/stage/include/msgpack/preprocessor/tuple/pop_back.hpp
0.1	-- Installing: /work/grodgers/git/tr-aomp/TheRock/build/third-party/msgpack-cxx/stage/include/msgpack/preprocessor/tuple/push_front.hpp
0.1	-- Installing: /work/grodgers/git/tr-aomp/TheRock/build/third-party/msgpack-cxx/stage/include/msgpack/preprocessor/tuple/pop_front.hpp
0.1	-- Installing: /work/grodgers/git/tr-aomp/TheRock/build/third-party/msgpack-cxx/stage/include/msgpack/preprocessor/tuple/insert.hpp
0.1	-- Installing: /work/grodgers/git/tr-aomp/TheRock/build/third-party/msgpack-cxx/stage/include/msgpack/preprocessor/tuple/replace.hpp
0.1	-- Installing: /work/grodgers/git/tr-aomp/TheRock/build/third-party/msgpack-cxx/stage/include/msgpack/preprocessor/tuple/enum.hpp
0.1	-- Installing: /work/grodgers/git/tr-aomp/TheRock/build/third-party/msgpack-cxx/stage/include/msgpack/preprocessor/tuple/to_seq.hpp
0.1	-- Installing: /work/grodgers/git/tr-aomp/TheRock/build/third-party/msgpack-cxx/stage/include/msgpack/preprocessor/tuple/eat.hpp
0.1	-- Installing: /work/grodgers/git/tr-aomp/TheRock/build/third-party/msgpack-cxx/stage/include/msgpack/preprocessor/tuple/size.hpp
0.1	-- Installing: /work/grodgers/git/tr-aomp/TheRock/build/third-party/msgpack-cxx/stage/include/msgpack/preprocessor/tuple/rem.hpp
0.1	-- Installing: /work/grodgers/git/tr-aomp/TheRock/build/third-party/msgpack-cxx/stage/include/msgpack/preprocessor/tuple/detail
0.1	-- Installing: /work/grodgers/git/tr-aomp/TheRock/build/third-party/msgpack-cxx/stage/include/msgpack/preprocessor/tuple/detail/is_single_return.hpp
0.1	-- Installing: /work/grodgers/git/tr-aomp/TheRock/build/third-party/msgpack-cxx/stage/include/msgpack/preprocessor/tuple/to_array.hpp
0.1	-- Installing: /work/grodgers/git/tr-aomp/TheRock/build/third-party/msgpack-cxx/stage/include/msgpack/preprocessor/tuple/to_list.hpp
0.1	-- Installing: /work/grodgers/git/tr-aomp/TheRock/build/third-party/msgpack-cxx/stage/include/msgpack/preprocessor/tuple/push_back.hpp
0.1	-- Installing: /work/grodgers/git/tr-aomp/TheRock/build/third-party/msgpack-cxx/stage/include/msgpack/preprocessor/tuple/reverse.hpp
0.1	-- Installing: /work/grodgers/git/tr-aomp/TheRock/build/third-party/msgpack-cxx/stage/include/msgpack/preprocessor/list.hpp
0.1	-- Installing: /work/grodgers/git/tr-aomp/TheRock/build/third-party/msgpack-cxx/stage/include/msgpack/preprocessor/config
0.1	-- Installing: /work/grodgers/git/tr-aomp/TheRock/build/third-party/msgpack-cxx/stage/include/msgpack/preprocessor/config/limits.hpp
0.1	-- Installing: /work/grodgers/git/tr-aomp/TheRock/build/third-party/msgpack-cxx/stage/include/msgpack/preprocessor/config/config.hpp
0.1	-- Installing: /work/grodgers/git/tr-aomp/TheRock/build/third-party/msgpack-cxx/stage/include/msgpack/preprocessor/slot.hpp
0.1	-- Installing: /work/grodgers/git/tr-aomp/TheRock/build/third-party/msgpack-cxx/stage/include/msgpack/preprocessor/cat.hpp
0.1	-- Installing: /work/grodgers/git/tr-aomp/TheRock/build/third-party/msgpack-cxx/stage/include/msgpack/nan_util.hpp~
0.1	-- Installing: /work/grodgers/git/tr-aomp/TheRock/build/third-party/msgpack-cxx/stage/include/msgpack/parse_return.hpp
0.1	-- Installing: /work/grodgers/git/tr-aomp/TheRock/build/third-party/msgpack-cxx/stage/include/msgpack/sbuffer_decl.hpp
0.1	-- Installing: /work/grodgers/git/tr-aomp/TheRock/build/third-party/msgpack-cxx/stage/include/msgpack/zone.hpp
0.1	-- Installing: /work/grodgers/git/tr-aomp/TheRock/build/third-party/msgpack-cxx/stage/include/msgpack/object_decl.hpp
0.1	-- Installing: /work/grodgers/git/tr-aomp/TheRock/build/third-party/msgpack-cxx/stage/include/msgpack/v2
0.1	-- Installing: /work/grodgers/git/tr-aomp/TheRock/build/third-party/msgpack-cxx/stage/include/msgpack/v2/pack_decl.hpp
0.1	-- Installing: /work/grodgers/git/tr-aomp/TheRock/build/third-party/msgpack-cxx/stage/include/msgpack/v2/adaptor
0.1	-- Installing: /work/grodgers/git/tr-aomp/TheRock/build/third-party/msgpack-cxx/stage/include/msgpack/v2/adaptor/int_decl.hpp
0.1	-- Installing: /work/grodgers/git/tr-aomp/TheRock/build/third-party/msgpack-cxx/stage/include/msgpack/v2/adaptor/check_container_size_decl.hpp
0.1	-- Installing: /work/grodgers/git/tr-aomp/TheRock/build/third-party/msgpack-cxx/stage/include/msgpack/v2/adaptor/boost
0.1	-- Installing: /work/grodgers/git/tr-aomp/TheRock/build/third-party/msgpack-cxx/stage/include/msgpack/v2/adaptor/boost/msgpack_variant_decl.hpp
0.1	-- Installing: /work/grodgers/git/tr-aomp/TheRock/build/third-party/msgpack-cxx/stage/include/msgpack/v2/adaptor/define_decl.hpp
0.1	-- Installing: /work/grodgers/git/tr-aomp/TheRock/build/third-party/msgpack-cxx/stage/include/msgpack/v2/adaptor/array_ref_decl.hpp
0.1	-- Installing: /work/grodgers/git/tr-aomp/TheRock/build/third-party/msgpack-cxx/stage/include/msgpack/v2/adaptor/v4raw_decl.hpp
0.1	-- Installing: /work/grodgers/git/tr-aomp/TheRock/build/third-party/msgpack-cxx/stage/include/msgpack/v2/adaptor/adaptor_base_decl.hpp
0.1	-- Installing: /work/grodgers/git/tr-aomp/TheRock/build/third-party/msgpack-cxx/stage/include/msgpack/v2/adaptor/fixint_decl.hpp
0.1	-- Installing: /work/grodgers/git/tr-aomp/TheRock/build/third-party/msgpack-cxx/stage/include/msgpack/v2/adaptor/detail
0.1	-- Installing: /work/grodgers/git/tr-aomp/TheRock/build/third-party/msgpack-cxx/stage/include/msgpack/v2/adaptor/detail/cpp11_define_map_decl.hpp
0.1	-- Installing: /work/grodgers/git/tr-aomp/TheRock/build/third-party/msgpack-cxx/stage/include/msgpack/v2/adaptor/detail/cpp11_msgpack_tuple_decl.hpp
0.1	-- Installing: /work/grodgers/git/tr-aomp/TheRock/build/third-party/msgpack-cxx/stage/include/msgpack/v2/adaptor/detail/cpp11_define_array_decl.hpp
0.1	-- Installing: /work/grodgers/git/tr-aomp/TheRock/build/third-party/msgpack-cxx/stage/include/msgpack/v2/adaptor/detail/cpp03_define_array_decl.hpp
0.1	-- Installing: /work/grodgers/git/tr-aomp/TheRock/build/third-party/msgpack-cxx/stage/include/msgpack/v2/adaptor/detail/cpp03_msgpack_tuple_decl.hpp
0.1	-- Installing: /work/grodgers/git/tr-aomp/TheRock/build/third-party/msgpack-cxx/stage/include/msgpack/v2/adaptor/detail/cpp03_define_map_decl.hpp
0.1	-- Installing: /work/grodgers/git/tr-aomp/TheRock/build/third-party/msgpack-cxx/stage/include/msgpack/v2/adaptor/raw_decl.hpp
0.1	-- Installing: /work/grodgers/git/tr-aomp/TheRock/build/third-party/msgpack-cxx/stage/include/msgpack/v2/adaptor/ext_decl.hpp
0.1	-- Installing: /work/grodgers/git/tr-aomp/TheRock/build/third-party/msgpack-cxx/stage/include/msgpack/v2/adaptor/map_decl.hpp
0.1	-- Installing: /work/grodgers/git/tr-aomp/TheRock/build/third-party/msgpack-cxx/stage/include/msgpack/v2/adaptor/nil_decl.hpp
0.1	-- Installing: /work/grodgers/git/tr-aomp/TheRock/build/third-party/msgpack-cxx/stage/include/msgpack/v2/adaptor/adaptor_base.hpp
0.1	-- Installing: /work/grodgers/git/tr-aomp/TheRock/build/third-party/msgpack-cxx/stage/include/msgpack/v2/adaptor/size_equal_only_decl.hpp
0.1	-- Installing: /work/grodgers/git/tr-aomp/TheRock/build/third-party/msgpack-cxx/stage/include/msgpack/v2/adaptor/msgpack_tuple_decl.hpp
0.1	-- Installing: /work/grodgers/git/tr-aomp/TheRock/build/third-party/msgpack-cxx/stage/include/msgpack/v2/zone_decl.hpp
0.1	-- Installing: /work/grodgers/git/tr-aomp/TheRock/build/third-party/msgpack-cxx/stage/include/msgpack/v2/unpack.hpp
0.1	-- Installing: /work/grodgers/git/tr-aomp/TheRock/build/third-party/msgpack-cxx/stage/include/msgpack/v2/unpack_decl.hpp
0.1	-- Installing: /work/grodgers/git/tr-aomp/TheRock/build/third-party/msgpack-cxx/stage/include/msgpack/v2/null_visitor.hpp
0.1	-- Installing: /work/grodgers/git/tr-aomp/TheRock/build/third-party/msgpack-cxx/stage/include/msgpack/v2/x3_parse.hpp
0.1	-- Installing: /work/grodgers/git/tr-aomp/TheRock/build/third-party/msgpack-cxx/stage/include/msgpack/v2/null_visitor_decl.hpp
0.1	-- Installing: /work/grodgers/git/tr-aomp/TheRock/build/third-party/msgpack-cxx/stage/include/msgpack/v2/iterator_decl.hpp
0.1	-- Installing: /work/grodgers/git/tr-aomp/TheRock/build/third-party/msgpack-cxx/stage/include/msgpack/v2/object.hpp
0.1	-- Installing: /work/grodgers/git/tr-aomp/TheRock/build/third-party/msgpack-cxx/stage/include/msgpack/v2/x3_unpack_decl.hpp
0.1	-- Installing: /work/grodgers/git/tr-aomp/TheRock/build/third-party/msgpack-cxx/stage/include/msgpack/v2/object_fwd.hpp
0.1	-- Installing: /work/grodgers/git/tr-aomp/TheRock/build/third-party/msgpack-cxx/stage/include/msgpack/v2/x3_unpack.hpp
0.1	-- Installing: /work/grodgers/git/tr-aomp/TheRock/build/third-party/msgpack-cxx/stage/include/msgpack/v2/parse.hpp
0.1	-- Installing: /work/grodgers/git/tr-aomp/TheRock/build/third-party/msgpack-cxx/stage/include/msgpack/v2/create_object_visitor.hpp
0.1	-- Installing: /work/grodgers/git/tr-aomp/TheRock/build/third-party/msgpack-cxx/stage/include/msgpack/v2/detail
0.1	-- Installing: /work/grodgers/git/tr-aomp/TheRock/build/third-party/msgpack-cxx/stage/include/msgpack/v2/detail/cpp03_zone_decl.hpp
0.1	-- Installing: /work/grodgers/git/tr-aomp/TheRock/build/third-party/msgpack-cxx/stage/include/msgpack/v2/detail/cpp11_zone_decl.hpp
0.1	-- Installing: /work/grodgers/git/tr-aomp/TheRock/build/third-party/msgpack-cxx/stage/include/msgpack/v2/x3_parse_decl.hpp
0.1	-- Installing: /work/grodgers/git/tr-aomp/TheRock/build/third-party/msgpack-cxx/stage/include/msgpack/v2/vrefbuffer_decl.hpp
0.1	-- Installing: /work/grodgers/git/tr-aomp/TheRock/build/third-party/msgpack-cxx/stage/include/msgpack/v2/parse_decl.hpp
0.1	-- Installing: /work/grodgers/git/tr-aomp/TheRock/build/third-party/msgpack-cxx/stage/include/msgpack/v2/nan_util.hpp~
0.1	-- Installing: /work/grodgers/git/tr-aomp/TheRock/build/third-party/msgpack-cxx/stage/include/msgpack/v2/parse_return.hpp
0.1	-- Installing: /work/grodgers/git/tr-aomp/TheRock/build/third-party/msgpack-cxx/stage/include/msgpack/v2/sbuffer_decl.hpp
0.1	-- Installing: /work/grodgers/git/tr-aomp/TheRock/build/third-party/msgpack-cxx/stage/include/msgpack/v2/object_decl.hpp
0.1	-- Installing: /work/grodgers/git/tr-aomp/TheRock/build/third-party/msgpack-cxx/stage/include/msgpack/v2/fbuffer_decl.hpp
0.1	-- Installing: /work/grodgers/git/tr-aomp/TheRock/build/third-party/msgpack-cxx/stage/include/msgpack/v2/object_fwd_decl.hpp
0.1	-- Installing: /work/grodgers/git/tr-aomp/TheRock/build/third-party/msgpack-cxx/stage/include/msgpack/v2/create_object_visitor_decl.hpp
0.1	-- Installing: /work/grodgers/git/tr-aomp/TheRock/build/third-party/msgpack-cxx/stage/include/msgpack/v2/cpp_config_decl.hpp
0.1	-- Installing: /work/grodgers/git/tr-aomp/TheRock/build/third-party/msgpack-cxx/stage/include/msgpack/v2/zbuffer_decl.hpp
0.1	-- Installing: /work/grodgers/git/tr-aomp/TheRock/build/third-party/msgpack-cxx/stage/include/msgpack/v2/meta_decl.hpp
0.1	-- Installing: /work/grodgers/git/tr-aomp/TheRock/build/third-party/msgpack-cxx/stage/include/msgpack/version_master.hpp
0.1	-- Installing: /work/grodgers/git/tr-aomp/TheRock/build/third-party/msgpack-cxx/stage/include/msgpack/cpp_version.hpp
0.1	-- Installing: /work/grodgers/git/tr-aomp/TheRock/build/third-party/msgpack-cxx/stage/include/msgpack/fbuffer_decl.hpp
0.1	-- Installing: /work/grodgers/git/tr-aomp/TheRock/build/third-party/msgpack-cxx/stage/include/msgpack/object_fwd_decl.hpp
0.1	-- Installing: /work/grodgers/git/tr-aomp/TheRock/build/third-party/msgpack-cxx/stage/include/msgpack/create_object_visitor_decl.hpp
0.1	-- Installing: /work/grodgers/git/tr-aomp/TheRock/build/third-party/msgpack-cxx/stage/include/msgpack/meta.hpp
0.1	-- Installing: /work/grodgers/git/tr-aomp/TheRock/build/third-party/msgpack-cxx/stage/include/msgpack/versioning.hpp
0.1	-- Installing: /work/grodgers/git/tr-aomp/TheRock/build/third-party/msgpack-cxx/stage/include/msgpack/cpp_config_decl.hpp
0.1	-- Installing: /work/grodgers/git/tr-aomp/TheRock/build/third-party/msgpack-cxx/stage/include/msgpack/zbuffer_decl.hpp
0.1	-- Installing: /work/grodgers/git/tr-aomp/TheRock/build/third-party/msgpack-cxx/stage/include/msgpack/assert.hpp
0.1	-- Installing: /work/grodgers/git/tr-aomp/TheRock/build/third-party/msgpack-cxx/stage/include/msgpack/v1
0.1	-- Installing: /work/grodgers/git/tr-aomp/TheRock/build/third-party/msgpack-cxx/stage/include/msgpack/v1/pack_decl.hpp
0.1	-- Installing: /work/grodgers/git/tr-aomp/TheRock/build/third-party/msgpack-cxx/stage/include/msgpack/v1/adaptor
0.1	-- Installing: /work/grodgers/git/tr-aomp/TheRock/build/third-party/msgpack-cxx/stage/include/msgpack/v1/adaptor/cpp11
0.1	-- Installing: /work/grodgers/git/tr-aomp/TheRock/build/third-party/msgpack-cxx/stage/include/msgpack/v1/adaptor/cpp11/unique_ptr.hpp
0.1	-- Installing: /work/grodgers/git/tr-aomp/TheRock/build/third-party/msgpack-cxx/stage/include/msgpack/v1/adaptor/cpp11/unordered_set.hpp
0.1	-- Installing: /work/grodgers/git/tr-aomp/TheRock/build/third-party/msgpack-cxx/stage/include/msgpack/v1/adaptor/cpp11/reference_wrapper.hpp
0.1	-- Installing: /work/grodgers/git/tr-aomp/TheRock/build/third-party/msgpack-cxx/stage/include/msgpack/v1/adaptor/cpp11/chrono.hpp
0.1	-- Installing: /work/grodgers/git/tr-aomp/TheRock/build/third-party/msgpack-cxx/stage/include/msgpack/v1/adaptor/cpp11/forward_list.hpp
0.1	-- Installing: /work/grodgers/git/tr-aomp/TheRock/build/third-party/msgpack-cxx/stage/include/msgpack/v1/adaptor/cpp11/unordered_map.hpp
0.1	-- Installing: /work/grodgers/git/tr-aomp/TheRock/build/third-party/msgpack-cxx/stage/include/msgpack/v1/adaptor/cpp11/array_char.hpp
0.1	-- Installing: /work/grodgers/git/tr-aomp/TheRock/build/third-party/msgpack-cxx/stage/include/msgpack/v1/adaptor/cpp11/array.hpp
0.1	-- Installing: /work/grodgers/git/tr-aomp/TheRock/build/third-party/msgpack-cxx/stage/include/msgpack/v1/adaptor/cpp11/timespec.hpp
0.1	-- Installing: /work/grodgers/git/tr-aomp/TheRock/build/third-party/msgpack-cxx/stage/include/msgpack/v1/adaptor/cpp11/tuple.hpp
0.1	-- Installing: /work/grodgers/git/tr-aomp/TheRock/build/third-party/msgpack-cxx/stage/include/msgpack/v1/adaptor/cpp11/shared_ptr.hpp
0.1	-- Installing: /work/grodgers/git/tr-aomp/TheRock/build/third-party/msgpack-cxx/stage/include/msgpack/v1/adaptor/cpp11/array_unsigned_char.hpp
0.1	-- Installing: /work/grodgers/git/tr-aomp/TheRock/build/third-party/msgpack-cxx/stage/include/msgpack/v1/adaptor/ext.hpp
0.1	-- Installing: /work/grodgers/git/tr-aomp/TheRock/build/third-party/msgpack-cxx/stage/include/msgpack/v1/adaptor/int_decl.hpp
0.1	-- Installing: /work/grodgers/git/tr-aomp/TheRock/build/third-party/msgpack-cxx/stage/include/msgpack/v1/adaptor/check_container_size_decl.hpp
0.1	-- Installing: /work/grodgers/git/tr-aomp/TheRock/build/third-party/msgpack-cxx/stage/include/msgpack/v1/adaptor/check_container_size.hpp
0.1	-- Installing: /work/grodgers/git/tr-aomp/TheRock/build/third-party/msgpack-cxx/stage/include/msgpack/v1/adaptor/string.hpp
0.1	-- Installing: /work/grodgers/git/tr-aomp/TheRock/build/third-party/msgpack-cxx/stage/include/msgpack/v1/adaptor/boost
0.1	-- Installing: /work/grodgers/git/tr-aomp/TheRock/build/third-party/msgpack-cxx/stage/include/msgpack/v1/adaptor/boost/string_view.hpp
0.1	-- Installing: /work/grodgers/git/tr-aomp/TheRock/build/third-party/msgpack-cxx/stage/include/msgpack/v1/adaptor/boost/msgpack_variant.hpp
0.1	-- Installing: /work/grodgers/git/tr-aomp/TheRock/build/third-party/msgpack-cxx/stage/include/msgpack/v1/adaptor/boost/optional.hpp
0.1	-- Installing: /work/grodgers/git/tr-aomp/TheRock/build/third-party/msgpack-cxx/stage/include/msgpack/v1/adaptor/boost/msgpack_variant_decl.hpp
0.1	-- Installing: /work/grodgers/git/tr-aomp/TheRock/build/third-party/msgpack-cxx/stage/include/msgpack/v1/adaptor/boost/fusion.hpp
0.1	-- Installing: /work/grodgers/git/tr-aomp/TheRock/build/third-party/msgpack-cxx/stage/include/msgpack/v1/adaptor/boost/string_ref.hpp
0.1	-- Installing: /work/grodgers/git/tr-aomp/TheRock/build/third-party/msgpack-cxx/stage/include/msgpack/v1/adaptor/define_decl.hpp
0.1	-- Installing: /work/grodgers/git/tr-aomp/TheRock/build/third-party/msgpack-cxx/stage/include/msgpack/v1/adaptor/define.hpp
0.1	-- Installing: /work/grodgers/git/tr-aomp/TheRock/build/third-party/msgpack-cxx/stage/include/msgpack/v1/adaptor/vector_char.hpp
0.1	-- Installing: /work/grodgers/git/tr-aomp/TheRock/build/third-party/msgpack-cxx/stage/include/msgpack/v1/adaptor/deque.hpp
0.1	-- Installing: /work/grodgers/git/tr-aomp/TheRock/build/third-party/msgpack-cxx/stage/include/msgpack/v1/adaptor/array_ref_decl.hpp
0.1	-- Installing: /work/grodgers/git/tr-aomp/TheRock/build/third-party/msgpack-cxx/stage/include/msgpack/v1/adaptor/fixint.hpp
0.1	-- Installing: /work/grodgers/git/tr-aomp/TheRock/build/third-party/msgpack-cxx/stage/include/msgpack/v1/adaptor/v4raw_decl.hpp
0.1	-- Installing: /work/grodgers/git/tr-aomp/TheRock/build/third-party/msgpack-cxx/stage/include/msgpack/v1/adaptor/adaptor_base_decl.hpp
0.1	-- Installing: /work/grodgers/git/tr-aomp/TheRock/build/third-party/msgpack-cxx/stage/include/msgpack/v1/adaptor/fixint_decl.hpp
0.1	-- Installing: /work/grodgers/git/tr-aomp/TheRock/build/third-party/msgpack-cxx/stage/include/msgpack/v1/adaptor/raw.hpp
0.1	-- Installing: /work/grodgers/git/tr-aomp/TheRock/build/third-party/msgpack-cxx/stage/include/msgpack/v1/adaptor/int.hpp
0.1	-- Installing: /work/grodgers/git/tr-aomp/TheRock/build/third-party/msgpack-cxx/stage/include/msgpack/v1/adaptor/detail
0.1	-- Installing: /work/grodgers/git/tr-aomp/TheRock/build/third-party/msgpack-cxx/stage/include/msgpack/v1/adaptor/detail/cpp11_define_map.hpp
0.1	-- Installing: /work/grodgers/git/tr-aomp/TheRock/build/third-party/msgpack-cxx/stage/include/msgpack/v1/adaptor/detail/cpp11_convert_helper.hpp
0.1	-- Installing: /work/grodgers/git/tr-aomp/TheRock/build/third-party/msgpack-cxx/stage/include/msgpack/v1/adaptor/detail/cpp11_define_map_decl.hpp
0.1	-- Installing: /work/grodgers/git/tr-aomp/TheRock/build/third-party/msgpack-cxx/stage/include/msgpack/v1/adaptor/detail/cpp11_msgpack_tuple_decl.hpp
0.1	-- Installing: /work/grodgers/git/tr-aomp/TheRock/build/third-party/msgpack-cxx/stage/include/msgpack/v1/adaptor/detail/cpp11_define_array.hpp
0.1	-- Installing: /work/grodgers/git/tr-aomp/TheRock/build/third-party/msgpack-cxx/stage/include/msgpack/v1/adaptor/detail/cpp11_define_array_decl.hpp
0.1	-- Installing: /work/grodgers/git/tr-aomp/TheRock/build/third-party/msgpack-cxx/stage/include/msgpack/v1/adaptor/detail/cpp03_define_array_decl.hpp
0.1	-- Installing: /work/grodgers/git/tr-aomp/TheRock/build/third-party/msgpack-cxx/stage/include/msgpack/v1/adaptor/detail/cpp03_msgpack_tuple_decl.hpp
0.1	-- Installing: /work/grodgers/git/tr-aomp/TheRock/build/third-party/msgpack-cxx/stage/include/msgpack/v1/adaptor/detail/cpp11_msgpack_tuple.hpp
0.1	-- Installing: /work/grodgers/git/tr-aomp/TheRock/build/third-party/msgpack-cxx/stage/include/msgpack/v1/adaptor/detail/cpp03_define_array.hpp
0.1	-- Installing: /work/grodgers/git/tr-aomp/TheRock/build/third-party/msgpack-cxx/stage/include/msgpack/v1/adaptor/detail/cpp03_define_map.hpp
0.1	-- Installing: /work/grodgers/git/tr-aomp/TheRock/build/third-party/msgpack-cxx/stage/include/msgpack/v1/adaptor/detail/cpp03_msgpack_tuple.hpp
0.1	-- Installing: /work/grodgers/git/tr-aomp/TheRock/build/third-party/msgpack-cxx/stage/include/msgpack/v1/adaptor/detail/cpp03_define_map_decl.hpp
0.1	-- Installing: /work/grodgers/git/tr-aomp/TheRock/build/third-party/msgpack-cxx/stage/include/msgpack/v1/adaptor/cpp17
0.1	-- Installing: /work/grodgers/git/tr-aomp/TheRock/build/third-party/msgpack-cxx/stage/include/msgpack/v1/adaptor/cpp17/variant.hpp
0.1	-- Installing: /work/grodgers/git/tr-aomp/TheRock/build/third-party/msgpack-cxx/stage/include/msgpack/v1/adaptor/cpp17/string_view.hpp
0.1	-- Installing: /work/grodgers/git/tr-aomp/TheRock/build/third-party/msgpack-cxx/stage/include/msgpack/v1/adaptor/cpp17/byte.hpp
0.1	-- Installing: /work/grodgers/git/tr-aomp/TheRock/build/third-party/msgpack-cxx/stage/include/msgpack/v1/adaptor/cpp17/optional.hpp
0.1	-- Installing: /work/grodgers/git/tr-aomp/TheRock/build/third-party/msgpack-cxx/stage/include/msgpack/v1/adaptor/cpp17/vector_byte.hpp
0.1	-- Installing: /work/grodgers/git/tr-aomp/TheRock/build/third-party/msgpack-cxx/stage/include/msgpack/v1/adaptor/cpp17/carray_byte.hpp
0.1	-- Installing: /work/grodgers/git/tr-aomp/TheRock/build/third-party/msgpack-cxx/stage/include/msgpack/v1/adaptor/cpp17/array_byte.hpp
0.1	-- Installing: /work/grodgers/git/tr-aomp/TheRock/build/third-party/msgpack-cxx/stage/include/msgpack/v1/adaptor/raw_decl.hpp
0.1	-- Installing: /work/grodgers/git/tr-aomp/TheRock/build/third-party/msgpack-cxx/stage/include/msgpack/v1/adaptor/nil.hpp
0.1	-- Installing: /work/grodgers/git/tr-aomp/TheRock/build/third-party/msgpack-cxx/stage/include/msgpack/v1/adaptor/ext_decl.hpp
0.1	-- Installing: /work/grodgers/git/tr-aomp/TheRock/build/third-party/msgpack-cxx/stage/include/msgpack/v1/adaptor/bool.hpp
0.1	-- Installing: /work/grodgers/git/tr-aomp/TheRock/build/third-party/msgpack-cxx/stage/include/msgpack/v1/adaptor/wstring.hpp
0.1	-- Installing: /work/grodgers/git/tr-aomp/TheRock/build/third-party/msgpack-cxx/stage/include/msgpack/v1/adaptor/cpp20
0.1	-- Installing: /work/grodgers/git/tr-aomp/TheRock/build/third-party/msgpack-cxx/stage/include/msgpack/v1/adaptor/cpp20/span.hpp
0.1	-- Installing: /work/grodgers/git/tr-aomp/TheRock/build/third-party/msgpack-cxx/stage/include/msgpack/v1/adaptor/pair.hpp
0.1	-- Installing: /work/grodgers/git/tr-aomp/TheRock/build/third-party/msgpack-cxx/stage/include/msgpack/v1/adaptor/vector.hpp
0.1	-- Installing: /work/grodgers/git/tr-aomp/TheRock/build/third-party/msgpack-cxx/stage/include/msgpack/v1/adaptor/char_ptr.hpp
0.1	-- Installing: /work/grodgers/git/tr-aomp/TheRock/build/third-party/msgpack-cxx/stage/include/msgpack/v1/adaptor/set.hpp
0.1	-- Installing: /work/grodgers/git/tr-aomp/TheRock/build/third-party/msgpack-cxx/stage/include/msgpack/v1/adaptor/vector_bool.hpp
0.1	-- Installing: /work/grodgers/git/tr-aomp/TheRock/build/third-party/msgpack-cxx/stage/include/msgpack/v1/adaptor/tr1
0.1	-- Installing: /work/grodgers/git/tr-aomp/TheRock/build/third-party/msgpack-cxx/stage/include/msgpack/v1/adaptor/tr1/unordered_set.hpp
0.1	-- Installing: /work/grodgers/git/tr-aomp/TheRock/build/third-party/msgpack-cxx/stage/include/msgpack/v1/adaptor/tr1/unordered_map.hpp
0.1	-- Installing: /work/grodgers/git/tr-aomp/TheRock/build/third-party/msgpack-cxx/stage/include/msgpack/v1/adaptor/map_decl.hpp
0.1	-- Installing: /work/grodgers/git/tr-aomp/TheRock/build/third-party/msgpack-cxx/stage/include/msgpack/v1/adaptor/nil_decl.hpp
0.1	-- Installing: /work/grodgers/git/tr-aomp/TheRock/build/third-party/msgpack-cxx/stage/include/msgpack/v1/adaptor/msgpack_tuple.hpp
0.1	-- Installing: /work/grodgers/git/tr-aomp/TheRock/build/third-party/msgpack-cxx/stage/include/msgpack/v1/adaptor/float.hpp
0.1	-- Installing: /work/grodgers/git/tr-aomp/TheRock/build/third-party/msgpack-cxx/stage/include/msgpack/v1/adaptor/complex.hpp
0.1	-- Installing: /work/grodgers/git/tr-aomp/TheRock/build/third-party/msgpack-cxx/stage/include/msgpack/v1/adaptor/vector_unsigned_char.hpp
0.1	-- Installing: /work/grodgers/git/tr-aomp/TheRock/build/third-party/msgpack-cxx/stage/include/msgpack/v1/adaptor/carray.hpp
0.1	-- Installing: /work/grodgers/git/tr-aomp/TheRock/build/third-party/msgpack-cxx/stage/include/msgpack/v1/adaptor/adaptor_base.hpp
0.1	-- Installing: /work/grodgers/git/tr-aomp/TheRock/build/third-party/msgpack-cxx/stage/include/msgpack/v1/adaptor/array_ref.hpp
0.1	-- Installing: /work/grodgers/git/tr-aomp/TheRock/build/third-party/msgpack-cxx/stage/include/msgpack/v1/adaptor/list.hpp
0.1	-- Installing: /work/grodgers/git/tr-aomp/TheRock/build/third-party/msgpack-cxx/stage/include/msgpack/v1/adaptor/map.hpp
0.1	-- Installing: /work/grodgers/git/tr-aomp/TheRock/build/third-party/msgpack-cxx/stage/include/msgpack/v1/adaptor/size_equal_only_decl.hpp
0.1	-- Installing: /work/grodgers/git/tr-aomp/TheRock/build/third-party/msgpack-cxx/stage/include/msgpack/v1/adaptor/size_equal_only.hpp
0.1	-- Installing: /work/grodgers/git/tr-aomp/TheRock/build/third-party/msgpack-cxx/stage/include/msgpack/v1/adaptor/v4raw.hpp
0.1	-- Installing: /work/grodgers/git/tr-aomp/TheRock/build/third-party/msgpack-cxx/stage/include/msgpack/v1/adaptor/msgpack_tuple_decl.hpp
0.1	-- Installing: /work/grodgers/git/tr-aomp/TheRock/build/third-party/msgpack-cxx/stage/include/msgpack/v1/zone_decl.hpp
0.1	-- Installing: /work/grodgers/git/tr-aomp/TheRock/build/third-party/msgpack-cxx/stage/include/msgpack/v1/unpack.hpp
0.1	-- Installing: /work/grodgers/git/tr-aomp/TheRock/build/third-party/msgpack-cxx/stage/include/msgpack/v1/unpack_decl.hpp
0.1	-- Installing: /work/grodgers/git/tr-aomp/TheRock/build/third-party/msgpack-cxx/stage/include/msgpack/v1/cpp_config.hpp
0.1	-- Installing: /work/grodgers/git/tr-aomp/TheRock/build/third-party/msgpack-cxx/stage/include/msgpack/v1/fbuffer.hpp
0.1	-- Installing: /work/grodgers/git/tr-aomp/TheRock/build/third-party/msgpack-cxx/stage/include/msgpack/v1/sbuffer.hpp
0.1	-- Installing: /work/grodgers/git/tr-aomp/TheRock/build/third-party/msgpack-cxx/stage/include/msgpack/v1/iterator_decl.hpp
0.1	-- Installing: /work/grodgers/git/tr-aomp/TheRock/build/third-party/msgpack-cxx/stage/include/msgpack/v1/object.hpp
0.1	-- Installing: /work/grodgers/git/tr-aomp/TheRock/build/third-party/msgpack-cxx/stage/include/msgpack/v1/object_fwd.hpp
0.1	-- Installing: /work/grodgers/git/tr-aomp/TheRock/build/third-party/msgpack-cxx/stage/include/msgpack/v1/pack.hpp
0.1	-- Installing: /work/grodgers/git/tr-aomp/TheRock/build/third-party/msgpack-cxx/stage/include/msgpack/v1/version.hpp
0.1	-- Installing: /work/grodgers/git/tr-aomp/TheRock/build/third-party/msgpack-cxx/stage/include/msgpack/v1/detail
0.1	-- Installing: /work/grodgers/git/tr-aomp/TheRock/build/third-party/msgpack-cxx/stage/include/msgpack/v1/detail/cpp03_zone.hpp
0.1	-- Installing: /work/grodgers/git/tr-aomp/TheRock/build/third-party/msgpack-cxx/stage/include/msgpack/v1/detail/cpp03_zone_decl.hpp
0.1	-- Installing: /work/grodgers/git/tr-aomp/TheRock/build/third-party/msgpack-cxx/stage/include/msgpack/v1/detail/cpp11_zone_decl.hpp
0.1	-- Installing: /work/grodgers/git/tr-aomp/TheRock/build/third-party/msgpack-cxx/stage/include/msgpack/v1/detail/cpp11_zone.hpp
0.1	-- Installing: /work/grodgers/git/tr-aomp/TheRock/build/third-party/msgpack-cxx/stage/include/msgpack/v1/detail/#cpp11_zone.hpp#
0.1	-- Installing: /work/grodgers/git/tr-aomp/TheRock/build/third-party/msgpack-cxx/stage/include/msgpack/v1/vrefbuffer_decl.hpp
0.1	-- Installing: /work/grodgers/git/tr-aomp/TheRock/build/third-party/msgpack-cxx/stage/include/msgpack/v1/nan_util.hpp~
0.1	-- Installing: /work/grodgers/git/tr-aomp/TheRock/build/third-party/msgpack-cxx/stage/include/msgpack/v1/parse_return.hpp
0.1	-- Installing: /work/grodgers/git/tr-aomp/TheRock/build/third-party/msgpack-cxx/stage/include/msgpack/v1/sbuffer_decl.hpp
0.1	-- Installing: /work/grodgers/git/tr-aomp/TheRock/build/third-party/msgpack-cxx/stage/include/msgpack/v1/zone.hpp
0.1	-- Installing: /work/grodgers/git/tr-aomp/TheRock/build/third-party/msgpack-cxx/stage/include/msgpack/v1/object_decl.hpp
0.1	-- Installing: /work/grodgers/git/tr-aomp/TheRock/build/third-party/msgpack-cxx/stage/include/msgpack/v1/fbuffer_decl.hpp
0.1	-- Installing: /work/grodgers/git/tr-aomp/TheRock/build/third-party/msgpack-cxx/stage/include/msgpack/v1/object_fwd_decl.hpp
0.1	-- Installing: /work/grodgers/git/tr-aomp/TheRock/build/third-party/msgpack-cxx/stage/include/msgpack/v1/meta.hpp
0.1	-- Installing: /work/grodgers/git/tr-aomp/TheRock/build/third-party/msgpack-cxx/stage/include/msgpack/v1/versioning.hpp
0.1	-- Installing: /work/grodgers/git/tr-aomp/TheRock/build/third-party/msgpack-cxx/stage/include/msgpack/v1/cpp_config_decl.hpp
0.1	-- Installing: /work/grodgers/git/tr-aomp/TheRock/build/third-party/msgpack-cxx/stage/include/msgpack/v1/zbuffer_decl.hpp
0.1	-- Installing: /work/grodgers/git/tr-aomp/TheRock/build/third-party/msgpack-cxx/stage/include/msgpack/v1/zbuffer.hpp
0.1	-- Installing: /work/grodgers/git/tr-aomp/TheRock/build/third-party/msgpack-cxx/stage/include/msgpack/v1/meta_decl.hpp
0.1	-- Installing: /work/grodgers/git/tr-aomp/TheRock/build/third-party/msgpack-cxx/stage/include/msgpack/v1/unpack_exception.hpp
0.1	-- Installing: /work/grodgers/git/tr-aomp/TheRock/build/third-party/msgpack-cxx/stage/include/msgpack/v1/vrefbuffer.hpp
0.1	-- Installing: /work/grodgers/git/tr-aomp/TheRock/build/third-party/msgpack-cxx/stage/include/msgpack/v1/iterator.hpp
0.1	-- Installing: /work/grodgers/git/tr-aomp/TheRock/build/third-party/msgpack-cxx/stage/include/msgpack/type.hpp
0.1	-- Installing: /work/grodgers/git/tr-aomp/TheRock/build/third-party/msgpack-cxx/stage/include/msgpack/zbuffer.hpp
0.1	-- Installing: /work/grodgers/git/tr-aomp/TheRock/build/third-party/msgpack-cxx/stage/include/msgpack/meta_decl.hpp
0.1	-- Installing: /work/grodgers/git/tr-aomp/TheRock/build/third-party/msgpack-cxx/stage/include/msgpack/unpack_exception.hpp
0.1	-- Installing: /work/grodgers/git/tr-aomp/TheRock/build/third-party/msgpack-cxx/stage/include/msgpack/vrefbuffer.hpp
0.1	-- Installing: /work/grodgers/git/tr-aomp/TheRock/build/third-party/msgpack-cxx/stage/include/msgpack/iterator.hpp
0.1	-- Installing: /work/grodgers/git/tr-aomp/TheRock/build/third-party/msgpack-cxx/stage/lib/cmake/msgpack-cxx/msgpack-cxx-config.cmake
0.1	-- Installing: /work/grodgers/git/tr-aomp/TheRock/build/third-party/msgpack-cxx/stage/lib/cmake/msgpack-cxx/msgpack-cxx-config-version.cmake
0.1	-- Installing: /work/grodgers/git/tr-aomp/TheRock/build/third-party/msgpack-cxx/stage/lib/cmake/msgpack-cxx/msgpack-cxx-targets.cmake
END	1757693406.0569746	0.11365342140197754	0
