BEGIN	1757693407.6167257
EXEC	/work1/grodgers/git/tr-aomp/TheRock/build/third-party/host-blas/build	/usr/bin/cmake -E env --unset=ROCM_PATH --unset=ROCM_DIR --unset=HIP_PATH --unset=HIP_DIR -- /usr/bin/cmake -GNinja -B/work/grodgers/git/tr-aomp/TheRock/build/third-party/host-blas/./build -S/work/grodgers/git/tr-aomp/TheRock/third-party/host-blas/. -DCMAKE_BUILD_TYPE=Release -DCMAKE_INSTALL_PREFIX=/work/grodgers/git/tr-aomp/TheRock/build/third-party/host-blas/./stage -DTHEROCK_STAGE_INSTALL_ROOT=/work/grodgers/git/tr-aomp/TheRock/build/third-party/host-blas/./stage -DCMAKE_TOOLCHAIN_FILE=/work/grodgers/git/tr-aomp/TheRock/build/third-party/host-blas/./_toolchain.cmake -DCMAKE_PROJECT_TOP_LEVEL_INCLUDES=/work/grodgers/git/tr-aomp/TheRock/build/third-party/host-blas/./_init.cmake -DSOURCE_DIR=/work/grodgers/git/tr-aomp/TheRock/build/third-party/host-blas/source -DBUILD_SHARED_LIBS=ON -DDYNAMIC_ARCH=OFF -DC_LAPACK=ON -DBUILD_TESTING=OFF
0.1	-- The C compiler identification is GNU 13.3.0
0.1	-- The CXX compiler identification is GNU 13.3.0
0.2	-- Detecting C compiler ABI info
0.2	-- Detecting C compiler ABI info - done
0.2	-- Check for working C compiler: /usr/bin/cc - skipped
0.2	-- Detecting C compile features
0.2	-- Detecting C compile features - done
0.3	-- Detecting CXX compiler ABI info
0.3	-- Detecting CXX compiler ABI info - done
0.3	-- Check for working CXX compiler: /usr/bin/c++ - skipped
0.3	-- Detecting CXX compile features
0.3	-- Detecting CXX compile features - done
0.3	-- The ASM compiler identification is GNU
0.3	-- Found assembler: /usr/bin/cc
0.4	CMake Warning at /work/grodgers/git/tr-aomp/TheRock/build/third-party/host-blas/source/CMakeLists.txt:104 (message):
0.4	  CMake support is experimental.  It does not yet support all build options
0.4	  and may not produce the same Makefiles that OpenBLAS ships with.
0.4	
0.4	
0.5	-- Looking for stdatomic.h
0.6	-- Looking for stdatomic.h - found
0.6	-- GEMM multithread threshold set to 4.
0.6	-- Multi-threading enabled with 256 threads.
0.6	-- Looking for a Fortran compiler
0.9	-- Looking for a Fortran compiler - /usr/bin/f95
0.9	-- The Fortran compiler identification is GNU 13.3.0
1.0	-- Detecting Fortran compiler ABI info
1.1	-- Detecting Fortran compiler ABI info - done
1.1	-- Check for working Fortran compiler: /usr/bin/f95 - skipped
1.2	-- Running getarch
1.2	-- GETARCH results:
1.2	CORE=COOPERLAKE
1.2	LIBCORE=cooperlake
1.2	NUM_CORES=256
1.2	HAVE_MMX=1
1.2	HAVE_SSE=1
1.2	HAVE_SSE2=1
1.2	HAVE_SSE3=1
1.2	HAVE_SSSE3=1
1.2	HAVE_SSE4_1=1
1.2	HAVE_SSE4_2=1
1.2	HAVE_SSE4A=1
1.2	HAVE_AVX=1
1.2	HAVE_AVX2=1
1.2	HAVE_AVX512VL=1
1.2	HAVE_AVX512BF16=1
1.2	HAVE_FMA3=1
1.2	MAKEFLAGS += -j 256
1.2	
1.3	-- Compiling a 64-bit binary.
1.3	-- Building Single Precision
1.3	-- Building Double Precision
1.3	-- Building Complex Precision
1.3	-- Building Double Complex Precision
1.3	-- /work/grodgers/git/tr-aomp/TheRock/build/third-party/host-blas/build/build-openblas/interface/CMakeFiles/scopy.c
1.3	-- /work/grodgers/git/tr-aomp/TheRock/build/third-party/host-blas/build/build-openblas/interface/CMakeFiles/snrm2.c
1.3	-- /work/grodgers/git/tr-aomp/TheRock/build/third-party/host-blas/build/build-openblas/interface/CMakeFiles/dcopy.c
1.3	-- /work/grodgers/git/tr-aomp/TheRock/build/third-party/host-blas/build/build-openblas/interface/CMakeFiles/dnrm2.c
1.3	-- /work/grodgers/git/tr-aomp/TheRock/build/third-party/host-blas/build/build-openblas/interface/CMakeFiles/ccopy.c
1.3	-- /work/grodgers/git/tr-aomp/TheRock/build/third-party/host-blas/build/build-openblas/interface/CMakeFiles/cnrm2.c
1.3	-- /work/grodgers/git/tr-aomp/TheRock/build/third-party/host-blas/build/build-openblas/interface/CMakeFiles/zcopy.c
1.3	-- /work/grodgers/git/tr-aomp/TheRock/build/third-party/host-blas/build/build-openblas/interface/CMakeFiles/znrm2.c
1.3	-- /work/grodgers/git/tr-aomp/TheRock/build/third-party/host-blas/build/build-openblas/interface/CMakeFiles/srotm.c
1.3	-- /work/grodgers/git/tr-aomp/TheRock/build/third-party/host-blas/build/build-openblas/interface/CMakeFiles/srotmg.c
1.3	-- /work/grodgers/git/tr-aomp/TheRock/build/third-party/host-blas/build/build-openblas/interface/CMakeFiles/srot.c
1.3	-- /work/grodgers/git/tr-aomp/TheRock/build/third-party/host-blas/build/build-openblas/interface/CMakeFiles/sasum.c
1.3	-- /work/grodgers/git/tr-aomp/TheRock/build/third-party/host-blas/build/build-openblas/interface/CMakeFiles/ssum.c
1.3	-- /work/grodgers/git/tr-aomp/TheRock/build/third-party/host-blas/build/build-openblas/interface/CMakeFiles/drotm.c
1.3	-- /work/grodgers/git/tr-aomp/TheRock/build/third-party/host-blas/build/build-openblas/interface/CMakeFiles/drotmg.c
1.3	-- /work/grodgers/git/tr-aomp/TheRock/build/third-party/host-blas/build/build-openblas/interface/CMakeFiles/drot.c
1.3	-- /work/grodgers/git/tr-aomp/TheRock/build/third-party/host-blas/build/build-openblas/interface/CMakeFiles/dasum.c
1.3	-- /work/grodgers/git/tr-aomp/TheRock/build/third-party/host-blas/build/build-openblas/interface/CMakeFiles/dsum.c
1.3	-- /work/grodgers/git/tr-aomp/TheRock/build/third-party/host-blas/build/build-openblas/interface/CMakeFiles/saxpy.c
1.3	-- /work/grodgers/git/tr-aomp/TheRock/build/third-party/host-blas/build/build-openblas/interface/CMakeFiles/sswap.c
1.3	-- /work/grodgers/git/tr-aomp/TheRock/build/third-party/host-blas/build/build-openblas/interface/CMakeFiles/sscal.c
1.3	-- /work/grodgers/git/tr-aomp/TheRock/build/third-party/host-blas/build/build-openblas/interface/CMakeFiles/sdot.c
1.3	-- /work/grodgers/git/tr-aomp/TheRock/build/third-party/host-blas/build/build-openblas/interface/CMakeFiles/srotg.c
1.3	-- /work/grodgers/git/tr-aomp/TheRock/build/third-party/host-blas/build/build-openblas/interface/CMakeFiles/saxpby.c
1.3	-- /work/grodgers/git/tr-aomp/TheRock/build/third-party/host-blas/build/build-openblas/interface/CMakeFiles/daxpy.c
1.3	-- /work/grodgers/git/tr-aomp/TheRock/build/third-party/host-blas/build/build-openblas/interface/CMakeFiles/dswap.c
1.3	-- /work/grodgers/git/tr-aomp/TheRock/build/third-party/host-blas/build/build-openblas/interface/CMakeFiles/dscal.c
1.3	-- /work/grodgers/git/tr-aomp/TheRock/build/third-party/host-blas/build/build-openblas/interface/CMakeFiles/ddot.c
1.3	-- /work/grodgers/git/tr-aomp/TheRock/build/third-party/host-blas/build/build-openblas/interface/CMakeFiles/drotg.c
1.3	-- /work/grodgers/git/tr-aomp/TheRock/build/third-party/host-blas/build/build-openblas/interface/CMakeFiles/daxpby.c
1.3	-- /work/grodgers/git/tr-aomp/TheRock/build/third-party/host-blas/build/build-openblas/interface/CMakeFiles/caxpy.c
1.3	-- /work/grodgers/git/tr-aomp/TheRock/build/third-party/host-blas/build/build-openblas/interface/CMakeFiles/cswap.c
1.3	-- /work/grodgers/git/tr-aomp/TheRock/build/third-party/host-blas/build/build-openblas/interface/CMakeFiles/cscal.c
1.3	-- /work/grodgers/git/tr-aomp/TheRock/build/third-party/host-blas/build/build-openblas/interface/CMakeFiles/cdot.c
1.3	-- /work/grodgers/git/tr-aomp/TheRock/build/third-party/host-blas/build/build-openblas/interface/CMakeFiles/crotg.c
1.3	-- /work/grodgers/git/tr-aomp/TheRock/build/third-party/host-blas/build/build-openblas/interface/CMakeFiles/caxpby.c
1.3	-- /work/grodgers/git/tr-aomp/TheRock/build/third-party/host-blas/build/build-openblas/interface/CMakeFiles/zaxpy.c
1.3	-- /work/grodgers/git/tr-aomp/TheRock/build/third-party/host-blas/build/build-openblas/interface/CMakeFiles/zswap.c
1.3	-- /work/grodgers/git/tr-aomp/TheRock/build/third-party/host-blas/build/build-openblas/interface/CMakeFiles/zscal.c
1.3	-- /work/grodgers/git/tr-aomp/TheRock/build/third-party/host-blas/build/build-openblas/interface/CMakeFiles/zdot.c
1.3	-- /work/grodgers/git/tr-aomp/TheRock/build/third-party/host-blas/build/build-openblas/interface/CMakeFiles/zrotg.c
1.3	-- /work/grodgers/git/tr-aomp/TheRock/build/third-party/host-blas/build/build-openblas/interface/CMakeFiles/zaxpby.c
1.3	-- /work/grodgers/git/tr-aomp/TheRock/build/third-party/host-blas/build/build-openblas/interface/CMakeFiles/sgemv.c
1.3	-- /work/grodgers/git/tr-aomp/TheRock/build/third-party/host-blas/build/build-openblas/interface/CMakeFiles/sger.c
1.3	-- /work/grodgers/git/tr-aomp/TheRock/build/third-party/host-blas/build/build-openblas/interface/CMakeFiles/strsv.c
1.3	-- /work/grodgers/git/tr-aomp/TheRock/build/third-party/host-blas/build/build-openblas/interface/CMakeFiles/strmv.c
1.3	-- /work/grodgers/git/tr-aomp/TheRock/build/third-party/host-blas/build/build-openblas/interface/CMakeFiles/ssyr2.c
1.3	-- /work/grodgers/git/tr-aomp/TheRock/build/third-party/host-blas/build/build-openblas/interface/CMakeFiles/sgbmv.c
1.3	-- /work/grodgers/git/tr-aomp/TheRock/build/third-party/host-blas/build/build-openblas/interface/CMakeFiles/ssbmv.c
1.3	-- /work/grodgers/git/tr-aomp/TheRock/build/third-party/host-blas/build/build-openblas/interface/CMakeFiles/sspr2.c
1.3	-- /work/grodgers/git/tr-aomp/TheRock/build/third-party/host-blas/build/build-openblas/interface/CMakeFiles/stbsv.c
1.3	-- /work/grodgers/git/tr-aomp/TheRock/build/third-party/host-blas/build/build-openblas/interface/CMakeFiles/stbmv.c
1.3	-- /work/grodgers/git/tr-aomp/TheRock/build/third-party/host-blas/build/build-openblas/interface/CMakeFiles/stpsv.c
1.3	-- /work/grodgers/git/tr-aomp/TheRock/build/third-party/host-blas/build/build-openblas/interface/CMakeFiles/stpmv.c
1.3	-- /work/grodgers/git/tr-aomp/TheRock/build/third-party/host-blas/build/build-openblas/interface/CMakeFiles/dgemv.c
1.3	-- /work/grodgers/git/tr-aomp/TheRock/build/third-party/host-blas/build/build-openblas/interface/CMakeFiles/dger.c
1.3	-- /work/grodgers/git/tr-aomp/TheRock/build/third-party/host-blas/build/build-openblas/interface/CMakeFiles/dtrsv.c
1.3	-- /work/grodgers/git/tr-aomp/TheRock/build/third-party/host-blas/build/build-openblas/interface/CMakeFiles/dtrmv.c
1.3	-- /work/grodgers/git/tr-aomp/TheRock/build/third-party/host-blas/build/build-openblas/interface/CMakeFiles/dsyr2.c
1.3	-- /work/grodgers/git/tr-aomp/TheRock/build/third-party/host-blas/build/build-openblas/interface/CMakeFiles/dgbmv.c
1.3	-- /work/grodgers/git/tr-aomp/TheRock/build/third-party/host-blas/build/build-openblas/interface/CMakeFiles/dsbmv.c
1.3	-- /work/grodgers/git/tr-aomp/TheRock/build/third-party/host-blas/build/build-openblas/interface/CMakeFiles/dspr2.c
1.3	-- /work/grodgers/git/tr-aomp/TheRock/build/third-party/host-blas/build/build-openblas/interface/CMakeFiles/dtbsv.c
1.3	-- /work/grodgers/git/tr-aomp/TheRock/build/third-party/host-blas/build/build-openblas/interface/CMakeFiles/dtbmv.c
1.3	-- /work/grodgers/git/tr-aomp/TheRock/build/third-party/host-blas/build/build-openblas/interface/CMakeFiles/dtpsv.c
1.3	-- /work/grodgers/git/tr-aomp/TheRock/build/third-party/host-blas/build/build-openblas/interface/CMakeFiles/dtpmv.c
1.3	-- /work/grodgers/git/tr-aomp/TheRock/build/third-party/host-blas/build/build-openblas/interface/CMakeFiles/cgemv.c
1.3	-- /work/grodgers/git/tr-aomp/TheRock/build/third-party/host-blas/build/build-openblas/interface/CMakeFiles/cger.c
1.3	-- /work/grodgers/git/tr-aomp/TheRock/build/third-party/host-blas/build/build-openblas/interface/CMakeFiles/ctrsv.c
1.3	-- /work/grodgers/git/tr-aomp/TheRock/build/third-party/host-blas/build/build-openblas/interface/CMakeFiles/ctrmv.c
1.3	-- /work/grodgers/git/tr-aomp/TheRock/build/third-party/host-blas/build/build-openblas/interface/CMakeFiles/csyr2.c
1.3	-- /work/grodgers/git/tr-aomp/TheRock/build/third-party/host-blas/build/build-openblas/interface/CMakeFiles/cgbmv.c
1.3	-- /work/grodgers/git/tr-aomp/TheRock/build/third-party/host-blas/build/build-openblas/interface/CMakeFiles/csbmv.c
1.3	-- /work/grodgers/git/tr-aomp/TheRock/build/third-party/host-blas/build/build-openblas/interface/CMakeFiles/cspr2.c
1.3	-- /work/grodgers/git/tr-aomp/TheRock/build/third-party/host-blas/build/build-openblas/interface/CMakeFiles/ctbsv.c
1.3	-- /work/grodgers/git/tr-aomp/TheRock/build/third-party/host-blas/build/build-openblas/interface/CMakeFiles/ctbmv.c
1.3	-- /work/grodgers/git/tr-aomp/TheRock/build/third-party/host-blas/build/build-openblas/interface/CMakeFiles/ctpsv.c
1.3	-- /work/grodgers/git/tr-aomp/TheRock/build/third-party/host-blas/build/build-openblas/interface/CMakeFiles/ctpmv.c
1.3	-- /work/grodgers/git/tr-aomp/TheRock/build/third-party/host-blas/build/build-openblas/interface/CMakeFiles/zgemv.c
1.3	-- /work/grodgers/git/tr-aomp/TheRock/build/third-party/host-blas/build/build-openblas/interface/CMakeFiles/zger.c
1.3	-- /work/grodgers/git/tr-aomp/TheRock/build/third-party/host-blas/build/build-openblas/interface/CMakeFiles/ztrsv.c
1.3	-- /work/grodgers/git/tr-aomp/TheRock/build/third-party/host-blas/build/build-openblas/interface/CMakeFiles/ztrmv.c
1.3	-- /work/grodgers/git/tr-aomp/TheRock/build/third-party/host-blas/build/build-openblas/interface/CMakeFiles/zsyr2.c
1.3	-- /work/grodgers/git/tr-aomp/TheRock/build/third-party/host-blas/build/build-openblas/interface/CMakeFiles/zgbmv.c
1.3	-- /work/grodgers/git/tr-aomp/TheRock/build/third-party/host-blas/build/build-openblas/interface/CMakeFiles/zsbmv.c
1.3	-- /work/grodgers/git/tr-aomp/TheRock/build/third-party/host-blas/build/build-openblas/interface/CMakeFiles/zspr2.c
1.3	-- /work/grodgers/git/tr-aomp/TheRock/build/third-party/host-blas/build/build-openblas/interface/CMakeFiles/ztbsv.c
1.3	-- /work/grodgers/git/tr-aomp/TheRock/build/third-party/host-blas/build/build-openblas/interface/CMakeFiles/ztbmv.c
1.3	-- /work/grodgers/git/tr-aomp/TheRock/build/third-party/host-blas/build/build-openblas/interface/CMakeFiles/ztpsv.c
1.3	-- /work/grodgers/git/tr-aomp/TheRock/build/third-party/host-blas/build/build-openblas/interface/CMakeFiles/ztpmv.c
1.3	-- /work/grodgers/git/tr-aomp/TheRock/build/third-party/host-blas/build/build-openblas/interface/CMakeFiles/ssymv.c
1.3	-- /work/grodgers/git/tr-aomp/TheRock/build/third-party/host-blas/build/build-openblas/interface/CMakeFiles/ssyr.c
1.3	-- /work/grodgers/git/tr-aomp/TheRock/build/third-party/host-blas/build/build-openblas/interface/CMakeFiles/sspmv.c
1.3	-- /work/grodgers/git/tr-aomp/TheRock/build/third-party/host-blas/build/build-openblas/interface/CMakeFiles/sspr.c
1.3	-- /work/grodgers/git/tr-aomp/TheRock/build/third-party/host-blas/build/build-openblas/interface/CMakeFiles/dsymv.c
1.3	-- /work/grodgers/git/tr-aomp/TheRock/build/third-party/host-blas/build/build-openblas/interface/CMakeFiles/dsyr.c
1.3	-- /work/grodgers/git/tr-aomp/TheRock/build/third-party/host-blas/build/build-openblas/interface/CMakeFiles/dspmv.c
1.3	-- /work/grodgers/git/tr-aomp/TheRock/build/third-party/host-blas/build/build-openblas/interface/CMakeFiles/dspr.c
1.3	-- /work/grodgers/git/tr-aomp/TheRock/build/third-party/host-blas/build/build-openblas/interface/CMakeFiles/ssymv.c
1.3	-- /work/grodgers/git/tr-aomp/TheRock/build/third-party/host-blas/build/build-openblas/interface/CMakeFiles/ssyr.c
1.3	-- /work/grodgers/git/tr-aomp/TheRock/build/third-party/host-blas/build/build-openblas/interface/CMakeFiles/sspmv.c
1.3	-- /work/grodgers/git/tr-aomp/TheRock/build/third-party/host-blas/build/build-openblas/interface/CMakeFiles/sspr.c
1.3	-- /work/grodgers/git/tr-aomp/TheRock/build/third-party/host-blas/build/build-openblas/interface/CMakeFiles/dsymv.c
1.3	-- /work/grodgers/git/tr-aomp/TheRock/build/third-party/host-blas/build/build-openblas/interface/CMakeFiles/dsyr.c
1.3	-- /work/grodgers/git/tr-aomp/TheRock/build/third-party/host-blas/build/build-openblas/interface/CMakeFiles/dspmv.c
1.3	-- /work/grodgers/git/tr-aomp/TheRock/build/third-party/host-blas/build/build-openblas/interface/CMakeFiles/dspr.c
1.3	-- /work/grodgers/git/tr-aomp/TheRock/build/third-party/host-blas/build/build-openblas/interface/CMakeFiles/csymv.c
1.3	-- /work/grodgers/git/tr-aomp/TheRock/build/third-party/host-blas/build/build-openblas/interface/CMakeFiles/csyr.c
1.3	-- /work/grodgers/git/tr-aomp/TheRock/build/third-party/host-blas/build/build-openblas/interface/CMakeFiles/cspmv.c
1.3	-- /work/grodgers/git/tr-aomp/TheRock/build/third-party/host-blas/build/build-openblas/interface/CMakeFiles/cspr.c
1.3	-- /work/grodgers/git/tr-aomp/TheRock/build/third-party/host-blas/build/build-openblas/interface/CMakeFiles/zsymv.c
1.3	-- /work/grodgers/git/tr-aomp/TheRock/build/third-party/host-blas/build/build-openblas/interface/CMakeFiles/zsyr.c
1.3	-- /work/grodgers/git/tr-aomp/TheRock/build/third-party/host-blas/build/build-openblas/interface/CMakeFiles/zspmv.c
1.3	-- /work/grodgers/git/tr-aomp/TheRock/build/third-party/host-blas/build/build-openblas/interface/CMakeFiles/zspr.c
1.3	-- /work/grodgers/git/tr-aomp/TheRock/build/third-party/host-blas/build/build-openblas/interface/CMakeFiles/chemv.c
1.3	-- /work/grodgers/git/tr-aomp/TheRock/build/third-party/host-blas/build/build-openblas/interface/CMakeFiles/chbmv.c
1.3	-- /work/grodgers/git/tr-aomp/TheRock/build/third-party/host-blas/build/build-openblas/interface/CMakeFiles/cher.c
1.3	-- /work/grodgers/git/tr-aomp/TheRock/build/third-party/host-blas/build/build-openblas/interface/CMakeFiles/cher2.c
1.3	-- /work/grodgers/git/tr-aomp/TheRock/build/third-party/host-blas/build/build-openblas/interface/CMakeFiles/chpmv.c
1.3	-- /work/grodgers/git/tr-aomp/TheRock/build/third-party/host-blas/build/build-openblas/interface/CMakeFiles/chpr.c
1.3	-- /work/grodgers/git/tr-aomp/TheRock/build/third-party/host-blas/build/build-openblas/interface/CMakeFiles/chpr2.c
1.3	-- /work/grodgers/git/tr-aomp/TheRock/build/third-party/host-blas/build/build-openblas/interface/CMakeFiles/zhemv.c
1.3	-- /work/grodgers/git/tr-aomp/TheRock/build/third-party/host-blas/build/build-openblas/interface/CMakeFiles/zhbmv.c
1.3	-- /work/grodgers/git/tr-aomp/TheRock/build/third-party/host-blas/build/build-openblas/interface/CMakeFiles/zher.c
1.3	-- /work/grodgers/git/tr-aomp/TheRock/build/third-party/host-blas/build/build-openblas/interface/CMakeFiles/zher2.c
1.3	-- /work/grodgers/git/tr-aomp/TheRock/build/third-party/host-blas/build/build-openblas/interface/CMakeFiles/zhpmv.c
1.3	-- /work/grodgers/git/tr-aomp/TheRock/build/third-party/host-blas/build/build-openblas/interface/CMakeFiles/zhpr.c
1.3	-- /work/grodgers/git/tr-aomp/TheRock/build/third-party/host-blas/build/build-openblas/interface/CMakeFiles/zhpr2.c
1.3	-- /work/grodgers/git/tr-aomp/TheRock/build/third-party/host-blas/build/build-openblas/interface/CMakeFiles/sgemm.c
1.3	-- /work/grodgers/git/tr-aomp/TheRock/build/third-party/host-blas/build/build-openblas/interface/CMakeFiles/ssymm.c
1.3	-- /work/grodgers/git/tr-aomp/TheRock/build/third-party/host-blas/build/build-openblas/interface/CMakeFiles/strsm.c
1.3	-- /work/grodgers/git/tr-aomp/TheRock/build/third-party/host-blas/build/build-openblas/interface/CMakeFiles/ssyrk.c
1.3	-- /work/grodgers/git/tr-aomp/TheRock/build/third-party/host-blas/build/build-openblas/interface/CMakeFiles/ssyr2k.c
1.3	-- /work/grodgers/git/tr-aomp/TheRock/build/third-party/host-blas/build/build-openblas/interface/CMakeFiles/sgemmt.c
1.3	-- /work/grodgers/git/tr-aomp/TheRock/build/third-party/host-blas/build/build-openblas/interface/CMakeFiles/dgemm.c
1.3	-- /work/grodgers/git/tr-aomp/TheRock/build/third-party/host-blas/build/build-openblas/interface/CMakeFiles/dsymm.c
1.3	-- /work/grodgers/git/tr-aomp/TheRock/build/third-party/host-blas/build/build-openblas/interface/CMakeFiles/dtrsm.c
1.3	-- /work/grodgers/git/tr-aomp/TheRock/build/third-party/host-blas/build/build-openblas/interface/CMakeFiles/dsyrk.c
1.3	-- /work/grodgers/git/tr-aomp/TheRock/build/third-party/host-blas/build/build-openblas/interface/CMakeFiles/dsyr2k.c
1.3	-- /work/grodgers/git/tr-aomp/TheRock/build/third-party/host-blas/build/build-openblas/interface/CMakeFiles/dgemmt.c
1.3	-- /work/grodgers/git/tr-aomp/TheRock/build/third-party/host-blas/build/build-openblas/interface/CMakeFiles/cgemm.c
1.3	-- /work/grodgers/git/tr-aomp/TheRock/build/third-party/host-blas/build/build-openblas/interface/CMakeFiles/csymm.c
1.3	-- /work/grodgers/git/tr-aomp/TheRock/build/third-party/host-blas/build/build-openblas/interface/CMakeFiles/ctrsm.c
1.3	-- /work/grodgers/git/tr-aomp/TheRock/build/third-party/host-blas/build/build-openblas/interface/CMakeFiles/csyrk.c
1.3	-- /work/grodgers/git/tr-aomp/TheRock/build/third-party/host-blas/build/build-openblas/interface/CMakeFiles/csyr2k.c
1.3	-- /work/grodgers/git/tr-aomp/TheRock/build/third-party/host-blas/build/build-openblas/interface/CMakeFiles/cgemmt.c
1.3	-- /work/grodgers/git/tr-aomp/TheRock/build/third-party/host-blas/build/build-openblas/interface/CMakeFiles/zgemm.c
1.3	-- /work/grodgers/git/tr-aomp/TheRock/build/third-party/host-blas/build/build-openblas/interface/CMakeFiles/zsymm.c
1.3	-- /work/grodgers/git/tr-aomp/TheRock/build/third-party/host-blas/build/build-openblas/interface/CMakeFiles/ztrsm.c
1.3	-- /work/grodgers/git/tr-aomp/TheRock/build/third-party/host-blas/build/build-openblas/interface/CMakeFiles/zsyrk.c
1.3	-- /work/grodgers/git/tr-aomp/TheRock/build/third-party/host-blas/build/build-openblas/interface/CMakeFiles/zsyr2k.c
1.3	-- /work/grodgers/git/tr-aomp/TheRock/build/third-party/host-blas/build/build-openblas/interface/CMakeFiles/zgemmt.c
1.3	-- /work/grodgers/git/tr-aomp/TheRock/build/third-party/host-blas/build/build-openblas/interface/CMakeFiles/somatcopy.c
1.3	-- /work/grodgers/git/tr-aomp/TheRock/build/third-party/host-blas/build/build-openblas/interface/CMakeFiles/simatcopy.c
1.3	-- /work/grodgers/git/tr-aomp/TheRock/build/third-party/host-blas/build/build-openblas/interface/CMakeFiles/sgeadd.c
1.3	-- /work/grodgers/git/tr-aomp/TheRock/build/third-party/host-blas/build/build-openblas/interface/CMakeFiles/domatcopy.c
1.3	-- /work/grodgers/git/tr-aomp/TheRock/build/third-party/host-blas/build/build-openblas/interface/CMakeFiles/dimatcopy.c
1.3	-- /work/grodgers/git/tr-aomp/TheRock/build/third-party/host-blas/build/build-openblas/interface/CMakeFiles/dgeadd.c
1.3	-- /work/grodgers/git/tr-aomp/TheRock/build/third-party/host-blas/build/build-openblas/interface/CMakeFiles/comatcopy.c
1.3	-- /work/grodgers/git/tr-aomp/TheRock/build/third-party/host-blas/build/build-openblas/interface/CMakeFiles/cimatcopy.c
1.3	-- /work/grodgers/git/tr-aomp/TheRock/build/third-party/host-blas/build/build-openblas/interface/CMakeFiles/cgeadd.c
1.3	-- /work/grodgers/git/tr-aomp/TheRock/build/third-party/host-blas/build/build-openblas/interface/CMakeFiles/zomatcopy.c
1.3	-- /work/grodgers/git/tr-aomp/TheRock/build/third-party/host-blas/build/build-openblas/interface/CMakeFiles/zimatcopy.c
1.3	-- /work/grodgers/git/tr-aomp/TheRock/build/third-party/host-blas/build/build-openblas/interface/CMakeFiles/zgeadd.c
1.3	-- /work/grodgers/git/tr-aomp/TheRock/build/third-party/host-blas/build/build-openblas/interface/CMakeFiles/xerbla.c
1.3	-- /work/grodgers/git/tr-aomp/TheRock/build/third-party/host-blas/build/build-openblas/interface/CMakeFiles/sdsdot.c
1.3	-- /work/grodgers/git/tr-aomp/TheRock/build/third-party/host-blas/build/build-openblas/interface/CMakeFiles/dsdot.c
1.3	-- /work/grodgers/git/tr-aomp/TheRock/build/third-party/host-blas/build/build-openblas/interface/CMakeFiles/strmm.c
1.3	-- /work/grodgers/git/tr-aomp/TheRock/build/third-party/host-blas/build/build-openblas/interface/CMakeFiles/dtrmm.c
1.3	-- /work/grodgers/git/tr-aomp/TheRock/build/third-party/host-blas/build/build-openblas/interface/CMakeFiles/ctrmm.c
1.3	-- /work/grodgers/git/tr-aomp/TheRock/build/third-party/host-blas/build/build-openblas/interface/CMakeFiles/ztrmm.c
1.3	-- /work/grodgers/git/tr-aomp/TheRock/build/third-party/host-blas/build/build-openblas/interface/CMakeFiles/sgemmtr.c
1.3	-- /work/grodgers/git/tr-aomp/TheRock/build/third-party/host-blas/build/build-openblas/interface/CMakeFiles/dgemmtr.c
1.3	-- /work/grodgers/git/tr-aomp/TheRock/build/third-party/host-blas/build/build-openblas/interface/CMakeFiles/cgemmtr.c
1.3	-- /work/grodgers/git/tr-aomp/TheRock/build/third-party/host-blas/build/build-openblas/interface/CMakeFiles/zgemmtr.c
1.4	-- /work/grodgers/git/tr-aomp/TheRock/build/third-party/host-blas/build/build-openblas/interface/CMakeFiles/smax.c
1.4	-- /work/grodgers/git/tr-aomp/TheRock/build/third-party/host-blas/build/build-openblas/interface/CMakeFiles/dmax.c
1.4	-- /work/grodgers/git/tr-aomp/TheRock/build/third-party/host-blas/build/build-openblas/interface/CMakeFiles/cmax.c
1.4	-- /work/grodgers/git/tr-aomp/TheRock/build/third-party/host-blas/build/build-openblas/interface/CMakeFiles/zmax.c
1.4	-- /work/grodgers/git/tr-aomp/TheRock/build/third-party/host-blas/build/build-openblas/interface/CMakeFiles/samax.c
1.4	-- /work/grodgers/git/tr-aomp/TheRock/build/third-party/host-blas/build/build-openblas/interface/CMakeFiles/damax.c
1.4	-- /work/grodgers/git/tr-aomp/TheRock/build/third-party/host-blas/build/build-openblas/interface/CMakeFiles/camax.c
1.4	-- /work/grodgers/git/tr-aomp/TheRock/build/third-party/host-blas/build/build-openblas/interface/CMakeFiles/zamax.c
1.4	-- /work/grodgers/git/tr-aomp/TheRock/build/third-party/host-blas/build/build-openblas/interface/CMakeFiles/samin.c
1.4	-- /work/grodgers/git/tr-aomp/TheRock/build/third-party/host-blas/build/build-openblas/interface/CMakeFiles/damin.c
1.4	-- /work/grodgers/git/tr-aomp/TheRock/build/third-party/host-blas/build/build-openblas/interface/CMakeFiles/camin.c
1.4	-- /work/grodgers/git/tr-aomp/TheRock/build/third-party/host-blas/build/build-openblas/interface/CMakeFiles/zamin.c
1.4	-- /work/grodgers/git/tr-aomp/TheRock/build/third-party/host-blas/build/build-openblas/interface/CMakeFiles/smin.c
1.4	-- /work/grodgers/git/tr-aomp/TheRock/build/third-party/host-blas/build/build-openblas/interface/CMakeFiles/dmin.c
1.4	-- /work/grodgers/git/tr-aomp/TheRock/build/third-party/host-blas/build/build-openblas/interface/CMakeFiles/cmin.c
1.4	-- /work/grodgers/git/tr-aomp/TheRock/build/third-party/host-blas/build/build-openblas/interface/CMakeFiles/zmin.c
1.4	-- /work/grodgers/git/tr-aomp/TheRock/build/third-party/host-blas/build/build-openblas/interface/CMakeFiles/ismax.c
1.4	-- /work/grodgers/git/tr-aomp/TheRock/build/third-party/host-blas/build/build-openblas/interface/CMakeFiles/idmax.c
1.4	-- /work/grodgers/git/tr-aomp/TheRock/build/third-party/host-blas/build/build-openblas/interface/CMakeFiles/icmax.c
1.4	-- /work/grodgers/git/tr-aomp/TheRock/build/third-party/host-blas/build/build-openblas/interface/CMakeFiles/izmax.c
1.4	-- /work/grodgers/git/tr-aomp/TheRock/build/third-party/host-blas/build/build-openblas/interface/CMakeFiles/isamax.c
1.4	-- /work/grodgers/git/tr-aomp/TheRock/build/third-party/host-blas/build/build-openblas/interface/CMakeFiles/idamax.c
1.4	-- /work/grodgers/git/tr-aomp/TheRock/build/third-party/host-blas/build/build-openblas/interface/CMakeFiles/icamax.c
1.4	-- /work/grodgers/git/tr-aomp/TheRock/build/third-party/host-blas/build/build-openblas/interface/CMakeFiles/izamax.c
1.4	-- /work/grodgers/git/tr-aomp/TheRock/build/third-party/host-blas/build/build-openblas/interface/CMakeFiles/isamin.c
1.4	-- /work/grodgers/git/tr-aomp/TheRock/build/third-party/host-blas/build/build-openblas/interface/CMakeFiles/idamin.c
1.4	-- /work/grodgers/git/tr-aomp/TheRock/build/third-party/host-blas/build/build-openblas/interface/CMakeFiles/icamin.c
1.4	-- /work/grodgers/git/tr-aomp/TheRock/build/third-party/host-blas/build/build-openblas/interface/CMakeFiles/izamin.c
1.4	-- /work/grodgers/git/tr-aomp/TheRock/build/third-party/host-blas/build/build-openblas/interface/CMakeFiles/ismin.c
1.4	-- /work/grodgers/git/tr-aomp/TheRock/build/third-party/host-blas/build/build-openblas/interface/CMakeFiles/idmin.c
1.4	-- /work/grodgers/git/tr-aomp/TheRock/build/third-party/host-blas/build/build-openblas/interface/CMakeFiles/icmin.c
1.4	-- /work/grodgers/git/tr-aomp/TheRock/build/third-party/host-blas/build/build-openblas/interface/CMakeFiles/izmin.c
1.4	-- /work/grodgers/git/tr-aomp/TheRock/build/third-party/host-blas/build/build-openblas/interface/CMakeFiles/caxpyc.c
1.4	-- /work/grodgers/git/tr-aomp/TheRock/build/third-party/host-blas/build/build-openblas/interface/CMakeFiles/cgeru.c
1.4	-- /work/grodgers/git/tr-aomp/TheRock/build/third-party/host-blas/build/build-openblas/interface/CMakeFiles/cgerc.c
1.4	-- /work/grodgers/git/tr-aomp/TheRock/build/third-party/host-blas/build/build-openblas/interface/CMakeFiles/cdotc.c
1.4	-- /work/grodgers/git/tr-aomp/TheRock/build/third-party/host-blas/build/build-openblas/interface/CMakeFiles/cdotu.c
1.4	-- /work/grodgers/git/tr-aomp/TheRock/build/third-party/host-blas/build/build-openblas/interface/CMakeFiles/chemm.c
1.4	-- /work/grodgers/git/tr-aomp/TheRock/build/third-party/host-blas/build/build-openblas/interface/CMakeFiles/cherk.c
1.4	-- /work/grodgers/git/tr-aomp/TheRock/build/third-party/host-blas/build/build-openblas/interface/CMakeFiles/cher2k.c
1.4	-- /work/grodgers/git/tr-aomp/TheRock/build/third-party/host-blas/build/build-openblas/interface/CMakeFiles/cgemm3m.c
1.4	-- /work/grodgers/git/tr-aomp/TheRock/build/third-party/host-blas/build/build-openblas/interface/CMakeFiles/csscal.c
1.4	-- /work/grodgers/git/tr-aomp/TheRock/build/third-party/host-blas/build/build-openblas/interface/CMakeFiles/scnrm2.c
1.4	-- /work/grodgers/git/tr-aomp/TheRock/build/third-party/host-blas/build/build-openblas/interface/CMakeFiles/csrot.c
1.4	-- /work/grodgers/git/tr-aomp/TheRock/build/third-party/host-blas/build/build-openblas/interface/CMakeFiles/scamin.c
1.4	-- /work/grodgers/git/tr-aomp/TheRock/build/third-party/host-blas/build/build-openblas/interface/CMakeFiles/scamax.c
1.4	-- /work/grodgers/git/tr-aomp/TheRock/build/third-party/host-blas/build/build-openblas/interface/CMakeFiles/scasum.c
1.4	-- /work/grodgers/git/tr-aomp/TheRock/build/third-party/host-blas/build/build-openblas/interface/CMakeFiles/scsum.c
1.4	-- /work/grodgers/git/tr-aomp/TheRock/build/third-party/host-blas/build/build-openblas/interface/CMakeFiles/zaxpyc.c
1.4	-- /work/grodgers/git/tr-aomp/TheRock/build/third-party/host-blas/build/build-openblas/interface/CMakeFiles/zgeru.c
1.4	-- /work/grodgers/git/tr-aomp/TheRock/build/third-party/host-blas/build/build-openblas/interface/CMakeFiles/zgerc.c
1.4	-- /work/grodgers/git/tr-aomp/TheRock/build/third-party/host-blas/build/build-openblas/interface/CMakeFiles/zdotc.c
1.4	-- /work/grodgers/git/tr-aomp/TheRock/build/third-party/host-blas/build/build-openblas/interface/CMakeFiles/zdotu.c
1.4	-- /work/grodgers/git/tr-aomp/TheRock/build/third-party/host-blas/build/build-openblas/interface/CMakeFiles/zhemm.c
1.4	-- /work/grodgers/git/tr-aomp/TheRock/build/third-party/host-blas/build/build-openblas/interface/CMakeFiles/zherk.c
1.4	-- /work/grodgers/git/tr-aomp/TheRock/build/third-party/host-blas/build/build-openblas/interface/CMakeFiles/zher2k.c
1.4	-- /work/grodgers/git/tr-aomp/TheRock/build/third-party/host-blas/build/build-openblas/interface/CMakeFiles/zgemm3m.c
1.4	-- /work/grodgers/git/tr-aomp/TheRock/build/third-party/host-blas/build/build-openblas/interface/CMakeFiles/zdscal.c
1.4	-- /work/grodgers/git/tr-aomp/TheRock/build/third-party/host-blas/build/build-openblas/interface/CMakeFiles/dznrm2.c
1.4	-- /work/grodgers/git/tr-aomp/TheRock/build/third-party/host-blas/build/build-openblas/interface/CMakeFiles/zdrot.c
1.4	-- /work/grodgers/git/tr-aomp/TheRock/build/third-party/host-blas/build/build-openblas/interface/CMakeFiles/dzamin.c
1.4	-- /work/grodgers/git/tr-aomp/TheRock/build/third-party/host-blas/build/build-openblas/interface/CMakeFiles/dzamax.c
1.4	-- /work/grodgers/git/tr-aomp/TheRock/build/third-party/host-blas/build/build-openblas/interface/CMakeFiles/dzasum.c
1.4	-- /work/grodgers/git/tr-aomp/TheRock/build/third-party/host-blas/build/build-openblas/interface/CMakeFiles/dzsum.c
1.4	-- /work/grodgers/git/tr-aomp/TheRock/build/third-party/host-blas/build/build-openblas/interface/CMakeFiles/cblas_scopy.c
1.4	-- /work/grodgers/git/tr-aomp/TheRock/build/third-party/host-blas/build/build-openblas/interface/CMakeFiles/cblas_snrm2.c
1.4	-- /work/grodgers/git/tr-aomp/TheRock/build/third-party/host-blas/build/build-openblas/interface/CMakeFiles/cblas_dcopy.c
1.4	-- /work/grodgers/git/tr-aomp/TheRock/build/third-party/host-blas/build/build-openblas/interface/CMakeFiles/cblas_dnrm2.c
1.4	-- /work/grodgers/git/tr-aomp/TheRock/build/third-party/host-blas/build/build-openblas/interface/CMakeFiles/cblas_ccopy.c
1.4	-- /work/grodgers/git/tr-aomp/TheRock/build/third-party/host-blas/build/build-openblas/interface/CMakeFiles/cblas_cnrm2.c
1.4	-- /work/grodgers/git/tr-aomp/TheRock/build/third-party/host-blas/build/build-openblas/interface/CMakeFiles/cblas_zcopy.c
1.4	-- /work/grodgers/git/tr-aomp/TheRock/build/third-party/host-blas/build/build-openblas/interface/CMakeFiles/cblas_znrm2.c
1.4	-- /work/grodgers/git/tr-aomp/TheRock/build/third-party/host-blas/build/build-openblas/interface/CMakeFiles/cblas_srotm.c
1.4	-- /work/grodgers/git/tr-aomp/TheRock/build/third-party/host-blas/build/build-openblas/interface/CMakeFiles/cblas_srotmg.c
1.4	-- /work/grodgers/git/tr-aomp/TheRock/build/third-party/host-blas/build/build-openblas/interface/CMakeFiles/cblas_srot.c
1.4	-- /work/grodgers/git/tr-aomp/TheRock/build/third-party/host-blas/build/build-openblas/interface/CMakeFiles/cblas_sasum.c
1.4	-- /work/grodgers/git/tr-aomp/TheRock/build/third-party/host-blas/build/build-openblas/interface/CMakeFiles/cblas_ssum.c
1.4	-- /work/grodgers/git/tr-aomp/TheRock/build/third-party/host-blas/build/build-openblas/interface/CMakeFiles/cblas_drotm.c
1.4	-- /work/grodgers/git/tr-aomp/TheRock/build/third-party/host-blas/build/build-openblas/interface/CMakeFiles/cblas_drotmg.c
1.4	-- /work/grodgers/git/tr-aomp/TheRock/build/third-party/host-blas/build/build-openblas/interface/CMakeFiles/cblas_drot.c
1.4	-- /work/grodgers/git/tr-aomp/TheRock/build/third-party/host-blas/build/build-openblas/interface/CMakeFiles/cblas_dasum.c
1.4	-- /work/grodgers/git/tr-aomp/TheRock/build/third-party/host-blas/build/build-openblas/interface/CMakeFiles/cblas_dsum.c
1.4	-- /work/grodgers/git/tr-aomp/TheRock/build/third-party/host-blas/build/build-openblas/interface/CMakeFiles/cblas_saxpy.c
1.4	-- /work/grodgers/git/tr-aomp/TheRock/build/third-party/host-blas/build/build-openblas/interface/CMakeFiles/cblas_sswap.c
1.4	-- /work/grodgers/git/tr-aomp/TheRock/build/third-party/host-blas/build/build-openblas/interface/CMakeFiles/cblas_sscal.c
1.4	-- /work/grodgers/git/tr-aomp/TheRock/build/third-party/host-blas/build/build-openblas/interface/CMakeFiles/cblas_sdot.c
1.4	-- /work/grodgers/git/tr-aomp/TheRock/build/third-party/host-blas/build/build-openblas/interface/CMakeFiles/cblas_srotg.c
1.4	-- /work/grodgers/git/tr-aomp/TheRock/build/third-party/host-blas/build/build-openblas/interface/CMakeFiles/cblas_saxpby.c
1.4	-- /work/grodgers/git/tr-aomp/TheRock/build/third-party/host-blas/build/build-openblas/interface/CMakeFiles/cblas_daxpy.c
1.4	-- /work/grodgers/git/tr-aomp/TheRock/build/third-party/host-blas/build/build-openblas/interface/CMakeFiles/cblas_dswap.c
1.4	-- /work/grodgers/git/tr-aomp/TheRock/build/third-party/host-blas/build/build-openblas/interface/CMakeFiles/cblas_dscal.c
1.4	-- /work/grodgers/git/tr-aomp/TheRock/build/third-party/host-blas/build/build-openblas/interface/CMakeFiles/cblas_ddot.c
1.4	-- /work/grodgers/git/tr-aomp/TheRock/build/third-party/host-blas/build/build-openblas/interface/CMakeFiles/cblas_drotg.c
1.4	-- /work/grodgers/git/tr-aomp/TheRock/build/third-party/host-blas/build/build-openblas/interface/CMakeFiles/cblas_daxpby.c
1.4	-- /work/grodgers/git/tr-aomp/TheRock/build/third-party/host-blas/build/build-openblas/interface/CMakeFiles/cblas_caxpy.c
1.4	-- /work/grodgers/git/tr-aomp/TheRock/build/third-party/host-blas/build/build-openblas/interface/CMakeFiles/cblas_cswap.c
1.4	-- /work/grodgers/git/tr-aomp/TheRock/build/third-party/host-blas/build/build-openblas/interface/CMakeFiles/cblas_cscal.c
1.4	-- /work/grodgers/git/tr-aomp/TheRock/build/third-party/host-blas/build/build-openblas/interface/CMakeFiles/cblas_cdot.c
1.4	-- /work/grodgers/git/tr-aomp/TheRock/build/third-party/host-blas/build/build-openblas/interface/CMakeFiles/cblas_crotg.c
1.4	-- /work/grodgers/git/tr-aomp/TheRock/build/third-party/host-blas/build/build-openblas/interface/CMakeFiles/cblas_caxpby.c
1.4	-- /work/grodgers/git/tr-aomp/TheRock/build/third-party/host-blas/build/build-openblas/interface/CMakeFiles/cblas_zaxpy.c
1.4	-- /work/grodgers/git/tr-aomp/TheRock/build/third-party/host-blas/build/build-openblas/interface/CMakeFiles/cblas_zswap.c
1.4	-- /work/grodgers/git/tr-aomp/TheRock/build/third-party/host-blas/build/build-openblas/interface/CMakeFiles/cblas_zscal.c
1.4	-- /work/grodgers/git/tr-aomp/TheRock/build/third-party/host-blas/build/build-openblas/interface/CMakeFiles/cblas_zdot.c
1.4	-- /work/grodgers/git/tr-aomp/TheRock/build/third-party/host-blas/build/build-openblas/interface/CMakeFiles/cblas_zrotg.c
1.4	-- /work/grodgers/git/tr-aomp/TheRock/build/third-party/host-blas/build/build-openblas/interface/CMakeFiles/cblas_zaxpby.c
1.4	-- /work/grodgers/git/tr-aomp/TheRock/build/third-party/host-blas/build/build-openblas/interface/CMakeFiles/cblas_sgemv.c
1.4	-- /work/grodgers/git/tr-aomp/TheRock/build/third-party/host-blas/build/build-openblas/interface/CMakeFiles/cblas_sger.c
1.4	-- /work/grodgers/git/tr-aomp/TheRock/build/third-party/host-blas/build/build-openblas/interface/CMakeFiles/cblas_strsv.c
1.4	-- /work/grodgers/git/tr-aomp/TheRock/build/third-party/host-blas/build/build-openblas/interface/CMakeFiles/cblas_strmv.c
1.4	-- /work/grodgers/git/tr-aomp/TheRock/build/third-party/host-blas/build/build-openblas/interface/CMakeFiles/cblas_ssyr2.c
1.4	-- /work/grodgers/git/tr-aomp/TheRock/build/third-party/host-blas/build/build-openblas/interface/CMakeFiles/cblas_sgbmv.c
1.4	-- /work/grodgers/git/tr-aomp/TheRock/build/third-party/host-blas/build/build-openblas/interface/CMakeFiles/cblas_ssbmv.c
1.4	-- /work/grodgers/git/tr-aomp/TheRock/build/third-party/host-blas/build/build-openblas/interface/CMakeFiles/cblas_sspr2.c
1.4	-- /work/grodgers/git/tr-aomp/TheRock/build/third-party/host-blas/build/build-openblas/interface/CMakeFiles/cblas_stbsv.c
1.4	-- /work/grodgers/git/tr-aomp/TheRock/build/third-party/host-blas/build/build-openblas/interface/CMakeFiles/cblas_stbmv.c
1.4	-- /work/grodgers/git/tr-aomp/TheRock/build/third-party/host-blas/build/build-openblas/interface/CMakeFiles/cblas_stpsv.c
1.4	-- /work/grodgers/git/tr-aomp/TheRock/build/third-party/host-blas/build/build-openblas/interface/CMakeFiles/cblas_stpmv.c
1.4	-- /work/grodgers/git/tr-aomp/TheRock/build/third-party/host-blas/build/build-openblas/interface/CMakeFiles/cblas_dgemv.c
1.4	-- /work/grodgers/git/tr-aomp/TheRock/build/third-party/host-blas/build/build-openblas/interface/CMakeFiles/cblas_dger.c
1.4	-- /work/grodgers/git/tr-aomp/TheRock/build/third-party/host-blas/build/build-openblas/interface/CMakeFiles/cblas_dtrsv.c
1.4	-- /work/grodgers/git/tr-aomp/TheRock/build/third-party/host-blas/build/build-openblas/interface/CMakeFiles/cblas_dtrmv.c
1.4	-- /work/grodgers/git/tr-aomp/TheRock/build/third-party/host-blas/build/build-openblas/interface/CMakeFiles/cblas_dsyr2.c
1.4	-- /work/grodgers/git/tr-aomp/TheRock/build/third-party/host-blas/build/build-openblas/interface/CMakeFiles/cblas_dgbmv.c
1.4	-- /work/grodgers/git/tr-aomp/TheRock/build/third-party/host-blas/build/build-openblas/interface/CMakeFiles/cblas_dsbmv.c
1.4	-- /work/grodgers/git/tr-aomp/TheRock/build/third-party/host-blas/build/build-openblas/interface/CMakeFiles/cblas_dspr2.c
1.4	-- /work/grodgers/git/tr-aomp/TheRock/build/third-party/host-blas/build/build-openblas/interface/CMakeFiles/cblas_dtbsv.c
1.4	-- /work/grodgers/git/tr-aomp/TheRock/build/third-party/host-blas/build/build-openblas/interface/CMakeFiles/cblas_dtbmv.c
1.4	-- /work/grodgers/git/tr-aomp/TheRock/build/third-party/host-blas/build/build-openblas/interface/CMakeFiles/cblas_dtpsv.c
1.4	-- /work/grodgers/git/tr-aomp/TheRock/build/third-party/host-blas/build/build-openblas/interface/CMakeFiles/cblas_dtpmv.c
1.4	-- /work/grodgers/git/tr-aomp/TheRock/build/third-party/host-blas/build/build-openblas/interface/CMakeFiles/cblas_cgemv.c
1.4	-- /work/grodgers/git/tr-aomp/TheRock/build/third-party/host-blas/build/build-openblas/interface/CMakeFiles/cblas_cger.c
1.4	-- /work/grodgers/git/tr-aomp/TheRock/build/third-party/host-blas/build/build-openblas/interface/CMakeFiles/cblas_ctrsv.c
1.4	-- /work/grodgers/git/tr-aomp/TheRock/build/third-party/host-blas/build/build-openblas/interface/CMakeFiles/cblas_ctrmv.c
1.4	-- /work/grodgers/git/tr-aomp/TheRock/build/third-party/host-blas/build/build-openblas/interface/CMakeFiles/cblas_csyr2.c
1.4	-- /work/grodgers/git/tr-aomp/TheRock/build/third-party/host-blas/build/build-openblas/interface/CMakeFiles/cblas_cgbmv.c
1.4	-- /work/grodgers/git/tr-aomp/TheRock/build/third-party/host-blas/build/build-openblas/interface/CMakeFiles/cblas_csbmv.c
1.4	-- /work/grodgers/git/tr-aomp/TheRock/build/third-party/host-blas/build/build-openblas/interface/CMakeFiles/cblas_cspr2.c
1.4	-- /work/grodgers/git/tr-aomp/TheRock/build/third-party/host-blas/build/build-openblas/interface/CMakeFiles/cblas_ctbsv.c
1.4	-- /work/grodgers/git/tr-aomp/TheRock/build/third-party/host-blas/build/build-openblas/interface/CMakeFiles/cblas_ctbmv.c
1.4	-- /work/grodgers/git/tr-aomp/TheRock/build/third-party/host-blas/build/build-openblas/interface/CMakeFiles/cblas_ctpsv.c
1.4	-- /work/grodgers/git/tr-aomp/TheRock/build/third-party/host-blas/build/build-openblas/interface/CMakeFiles/cblas_ctpmv.c
1.4	-- /work/grodgers/git/tr-aomp/TheRock/build/third-party/host-blas/build/build-openblas/interface/CMakeFiles/cblas_zgemv.c
1.4	-- /work/grodgers/git/tr-aomp/TheRock/build/third-party/host-blas/build/build-openblas/interface/CMakeFiles/cblas_zger.c
1.4	-- /work/grodgers/git/tr-aomp/TheRock/build/third-party/host-blas/build/build-openblas/interface/CMakeFiles/cblas_ztrsv.c
1.4	-- /work/grodgers/git/tr-aomp/TheRock/build/third-party/host-blas/build/build-openblas/interface/CMakeFiles/cblas_ztrmv.c
1.4	-- /work/grodgers/git/tr-aomp/TheRock/build/third-party/host-blas/build/build-openblas/interface/CMakeFiles/cblas_zsyr2.c
1.4	-- /work/grodgers/git/tr-aomp/TheRock/build/third-party/host-blas/build/build-openblas/interface/CMakeFiles/cblas_zgbmv.c
1.4	-- /work/grodgers/git/tr-aomp/TheRock/build/third-party/host-blas/build/build-openblas/interface/CMakeFiles/cblas_zsbmv.c
1.4	-- /work/grodgers/git/tr-aomp/TheRock/build/third-party/host-blas/build/build-openblas/interface/CMakeFiles/cblas_zspr2.c
1.4	-- /work/grodgers/git/tr-aomp/TheRock/build/third-party/host-blas/build/build-openblas/interface/CMakeFiles/cblas_ztbsv.c
1.4	-- /work/grodgers/git/tr-aomp/TheRock/build/third-party/host-blas/build/build-openblas/interface/CMakeFiles/cblas_ztbmv.c
1.4	-- /work/grodgers/git/tr-aomp/TheRock/build/third-party/host-blas/build/build-openblas/interface/CMakeFiles/cblas_ztpsv.c
1.4	-- /work/grodgers/git/tr-aomp/TheRock/build/third-party/host-blas/build/build-openblas/interface/CMakeFiles/cblas_ztpmv.c
1.4	-- /work/grodgers/git/tr-aomp/TheRock/build/third-party/host-blas/build/build-openblas/interface/CMakeFiles/cblas_ssymv.c
1.4	-- /work/grodgers/git/tr-aomp/TheRock/build/third-party/host-blas/build/build-openblas/interface/CMakeFiles/cblas_ssyr.c
1.4	-- /work/grodgers/git/tr-aomp/TheRock/build/third-party/host-blas/build/build-openblas/interface/CMakeFiles/cblas_sspmv.c
1.4	-- /work/grodgers/git/tr-aomp/TheRock/build/third-party/host-blas/build/build-openblas/interface/CMakeFiles/cblas_sspr.c
1.4	-- /work/grodgers/git/tr-aomp/TheRock/build/third-party/host-blas/build/build-openblas/interface/CMakeFiles/cblas_dsymv.c
1.4	-- /work/grodgers/git/tr-aomp/TheRock/build/third-party/host-blas/build/build-openblas/interface/CMakeFiles/cblas_dsyr.c
1.4	-- /work/grodgers/git/tr-aomp/TheRock/build/third-party/host-blas/build/build-openblas/interface/CMakeFiles/cblas_dspmv.c
1.4	-- /work/grodgers/git/tr-aomp/TheRock/build/third-party/host-blas/build/build-openblas/interface/CMakeFiles/cblas_dspr.c
1.4	-- /work/grodgers/git/tr-aomp/TheRock/build/third-party/host-blas/build/build-openblas/interface/CMakeFiles/cblas_ssymv.c
1.4	-- /work/grodgers/git/tr-aomp/TheRock/build/third-party/host-blas/build/build-openblas/interface/CMakeFiles/cblas_ssyr.c
1.4	-- /work/grodgers/git/tr-aomp/TheRock/build/third-party/host-blas/build/build-openblas/interface/CMakeFiles/cblas_sspmv.c
1.4	-- /work/grodgers/git/tr-aomp/TheRock/build/third-party/host-blas/build/build-openblas/interface/CMakeFiles/cblas_sspr.c
1.4	-- /work/grodgers/git/tr-aomp/TheRock/build/third-party/host-blas/build/build-openblas/interface/CMakeFiles/cblas_dsymv.c
1.4	-- /work/grodgers/git/tr-aomp/TheRock/build/third-party/host-blas/build/build-openblas/interface/CMakeFiles/cblas_dsyr.c
1.4	-- /work/grodgers/git/tr-aomp/TheRock/build/third-party/host-blas/build/build-openblas/interface/CMakeFiles/cblas_dspmv.c
1.4	-- /work/grodgers/git/tr-aomp/TheRock/build/third-party/host-blas/build/build-openblas/interface/CMakeFiles/cblas_dspr.c
1.4	-- /work/grodgers/git/tr-aomp/TheRock/build/third-party/host-blas/build/build-openblas/interface/CMakeFiles/cblas_csymv.c
1.4	-- /work/grodgers/git/tr-aomp/TheRock/build/third-party/host-blas/build/build-openblas/interface/CMakeFiles/cblas_csyr.c
1.4	-- /work/grodgers/git/tr-aomp/TheRock/build/third-party/host-blas/build/build-openblas/interface/CMakeFiles/cblas_cspmv.c
1.4	-- /work/grodgers/git/tr-aomp/TheRock/build/third-party/host-blas/build/build-openblas/interface/CMakeFiles/cblas_cspr.c
1.4	-- /work/grodgers/git/tr-aomp/TheRock/build/third-party/host-blas/build/build-openblas/interface/CMakeFiles/cblas_zsymv.c
1.4	-- /work/grodgers/git/tr-aomp/TheRock/build/third-party/host-blas/build/build-openblas/interface/CMakeFiles/cblas_zsyr.c
1.4	-- /work/grodgers/git/tr-aomp/TheRock/build/third-party/host-blas/build/build-openblas/interface/CMakeFiles/cblas_zspmv.c
1.4	-- /work/grodgers/git/tr-aomp/TheRock/build/third-party/host-blas/build/build-openblas/interface/CMakeFiles/cblas_zspr.c
1.4	-- /work/grodgers/git/tr-aomp/TheRock/build/third-party/host-blas/build/build-openblas/interface/CMakeFiles/cblas_chemv.c
1.4	-- /work/grodgers/git/tr-aomp/TheRock/build/third-party/host-blas/build/build-openblas/interface/CMakeFiles/cblas_chbmv.c
1.4	-- /work/grodgers/git/tr-aomp/TheRock/build/third-party/host-blas/build/build-openblas/interface/CMakeFiles/cblas_cher.c
1.4	-- /work/grodgers/git/tr-aomp/TheRock/build/third-party/host-blas/build/build-openblas/interface/CMakeFiles/cblas_cher2.c
1.4	-- /work/grodgers/git/tr-aomp/TheRock/build/third-party/host-blas/build/build-openblas/interface/CMakeFiles/cblas_chpmv.c
1.4	-- /work/grodgers/git/tr-aomp/TheRock/build/third-party/host-blas/build/build-openblas/interface/CMakeFiles/cblas_chpr.c
1.4	-- /work/grodgers/git/tr-aomp/TheRock/build/third-party/host-blas/build/build-openblas/interface/CMakeFiles/cblas_chpr2.c
1.4	-- /work/grodgers/git/tr-aomp/TheRock/build/third-party/host-blas/build/build-openblas/interface/CMakeFiles/cblas_zhemv.c
1.4	-- /work/grodgers/git/tr-aomp/TheRock/build/third-party/host-blas/build/build-openblas/interface/CMakeFiles/cblas_zhbmv.c
1.4	-- /work/grodgers/git/tr-aomp/TheRock/build/third-party/host-blas/build/build-openblas/interface/CMakeFiles/cblas_zher.c
1.4	-- /work/grodgers/git/tr-aomp/TheRock/build/third-party/host-blas/build/build-openblas/interface/CMakeFiles/cblas_zher2.c
1.4	-- /work/grodgers/git/tr-aomp/TheRock/build/third-party/host-blas/build/build-openblas/interface/CMakeFiles/cblas_zhpmv.c
1.4	-- /work/grodgers/git/tr-aomp/TheRock/build/third-party/host-blas/build/build-openblas/interface/CMakeFiles/cblas_zhpr.c
1.4	-- /work/grodgers/git/tr-aomp/TheRock/build/third-party/host-blas/build/build-openblas/interface/CMakeFiles/cblas_zhpr2.c
1.4	-- /work/grodgers/git/tr-aomp/TheRock/build/third-party/host-blas/build/build-openblas/interface/CMakeFiles/cblas_sgemm.c
1.4	-- /work/grodgers/git/tr-aomp/TheRock/build/third-party/host-blas/build/build-openblas/interface/CMakeFiles/cblas_ssymm.c
1.4	-- /work/grodgers/git/tr-aomp/TheRock/build/third-party/host-blas/build/build-openblas/interface/CMakeFiles/cblas_strsm.c
1.4	-- /work/grodgers/git/tr-aomp/TheRock/build/third-party/host-blas/build/build-openblas/interface/CMakeFiles/cblas_ssyrk.c
1.4	-- /work/grodgers/git/tr-aomp/TheRock/build/third-party/host-blas/build/build-openblas/interface/CMakeFiles/cblas_ssyr2k.c
1.4	-- /work/grodgers/git/tr-aomp/TheRock/build/third-party/host-blas/build/build-openblas/interface/CMakeFiles/cblas_sgemmt.c
1.4	-- /work/grodgers/git/tr-aomp/TheRock/build/third-party/host-blas/build/build-openblas/interface/CMakeFiles/cblas_dgemm.c
1.4	-- /work/grodgers/git/tr-aomp/TheRock/build/third-party/host-blas/build/build-openblas/interface/CMakeFiles/cblas_dsymm.c
1.4	-- /work/grodgers/git/tr-aomp/TheRock/build/third-party/host-blas/build/build-openblas/interface/CMakeFiles/cblas_dtrsm.c
1.4	-- /work/grodgers/git/tr-aomp/TheRock/build/third-party/host-blas/build/build-openblas/interface/CMakeFiles/cblas_dsyrk.c
1.4	-- /work/grodgers/git/tr-aomp/TheRock/build/third-party/host-blas/build/build-openblas/interface/CMakeFiles/cblas_dsyr2k.c
1.4	-- /work/grodgers/git/tr-aomp/TheRock/build/third-party/host-blas/build/build-openblas/interface/CMakeFiles/cblas_dgemmt.c
1.4	-- /work/grodgers/git/tr-aomp/TheRock/build/third-party/host-blas/build/build-openblas/interface/CMakeFiles/cblas_cgemm.c
1.4	-- /work/grodgers/git/tr-aomp/TheRock/build/third-party/host-blas/build/build-openblas/interface/CMakeFiles/cblas_csymm.c
1.4	-- /work/grodgers/git/tr-aomp/TheRock/build/third-party/host-blas/build/build-openblas/interface/CMakeFiles/cblas_ctrsm.c
1.4	-- /work/grodgers/git/tr-aomp/TheRock/build/third-party/host-blas/build/build-openblas/interface/CMakeFiles/cblas_csyrk.c
1.4	-- /work/grodgers/git/tr-aomp/TheRock/build/third-party/host-blas/build/build-openblas/interface/CMakeFiles/cblas_csyr2k.c
1.4	-- /work/grodgers/git/tr-aomp/TheRock/build/third-party/host-blas/build/build-openblas/interface/CMakeFiles/cblas_cgemmt.c
1.4	-- /work/grodgers/git/tr-aomp/TheRock/build/third-party/host-blas/build/build-openblas/interface/CMakeFiles/cblas_zgemm.c
1.4	-- /work/grodgers/git/tr-aomp/TheRock/build/third-party/host-blas/build/build-openblas/interface/CMakeFiles/cblas_zsymm.c
1.4	-- /work/grodgers/git/tr-aomp/TheRock/build/third-party/host-blas/build/build-openblas/interface/CMakeFiles/cblas_ztrsm.c
1.4	-- /work/grodgers/git/tr-aomp/TheRock/build/third-party/host-blas/build/build-openblas/interface/CMakeFiles/cblas_zsyrk.c
1.4	-- /work/grodgers/git/tr-aomp/TheRock/build/third-party/host-blas/build/build-openblas/interface/CMakeFiles/cblas_zsyr2k.c
1.4	-- /work/grodgers/git/tr-aomp/TheRock/build/third-party/host-blas/build/build-openblas/interface/CMakeFiles/cblas_zgemmt.c
1.4	-- /work/grodgers/git/tr-aomp/TheRock/build/third-party/host-blas/build/build-openblas/interface/CMakeFiles/cblas_somatcopy.c
1.4	-- /work/grodgers/git/tr-aomp/TheRock/build/third-party/host-blas/build/build-openblas/interface/CMakeFiles/cblas_simatcopy.c
1.4	-- /work/grodgers/git/tr-aomp/TheRock/build/third-party/host-blas/build/build-openblas/interface/CMakeFiles/cblas_sgeadd.c
1.4	-- /work/grodgers/git/tr-aomp/TheRock/build/third-party/host-blas/build/build-openblas/interface/CMakeFiles/cblas_domatcopy.c
1.4	-- /work/grodgers/git/tr-aomp/TheRock/build/third-party/host-blas/build/build-openblas/interface/CMakeFiles/cblas_dimatcopy.c
1.4	-- /work/grodgers/git/tr-aomp/TheRock/build/third-party/host-blas/build/build-openblas/interface/CMakeFiles/cblas_dgeadd.c
1.4	-- /work/grodgers/git/tr-aomp/TheRock/build/third-party/host-blas/build/build-openblas/interface/CMakeFiles/cblas_comatcopy.c
1.4	-- /work/grodgers/git/tr-aomp/TheRock/build/third-party/host-blas/build/build-openblas/interface/CMakeFiles/cblas_cimatcopy.c
1.4	-- /work/grodgers/git/tr-aomp/TheRock/build/third-party/host-blas/build/build-openblas/interface/CMakeFiles/cblas_cgeadd.c
1.4	-- /work/grodgers/git/tr-aomp/TheRock/build/third-party/host-blas/build/build-openblas/interface/CMakeFiles/cblas_zomatcopy.c
1.4	-- /work/grodgers/git/tr-aomp/TheRock/build/third-party/host-blas/build/build-openblas/interface/CMakeFiles/cblas_zimatcopy.c
1.4	-- /work/grodgers/git/tr-aomp/TheRock/build/third-party/host-blas/build/build-openblas/interface/CMakeFiles/cblas_zgeadd.c
1.4	-- /work/grodgers/git/tr-aomp/TheRock/build/third-party/host-blas/build/build-openblas/interface/CMakeFiles/cblas_xerbla.c
1.4	-- /work/grodgers/git/tr-aomp/TheRock/build/third-party/host-blas/build/build-openblas/interface/CMakeFiles/cblas_sdsdot.c
1.4	-- /work/grodgers/git/tr-aomp/TheRock/build/third-party/host-blas/build/build-openblas/interface/CMakeFiles/cblas_sgemm_batch.c
1.4	-- /work/grodgers/git/tr-aomp/TheRock/build/third-party/host-blas/build/build-openblas/interface/CMakeFiles/cblas_dgemm_batch.c
1.4	-- /work/grodgers/git/tr-aomp/TheRock/build/third-party/host-blas/build/build-openblas/interface/CMakeFiles/cblas_cgemm_batch.c
1.4	-- /work/grodgers/git/tr-aomp/TheRock/build/third-party/host-blas/build/build-openblas/interface/CMakeFiles/cblas_zgemm_batch.c
1.4	-- /work/grodgers/git/tr-aomp/TheRock/build/third-party/host-blas/build/build-openblas/interface/CMakeFiles/cblas_dsdot.c
1.4	-- /work/grodgers/git/tr-aomp/TheRock/build/third-party/host-blas/build/build-openblas/interface/CMakeFiles/cblas_strmm.c
1.4	-- /work/grodgers/git/tr-aomp/TheRock/build/third-party/host-blas/build/build-openblas/interface/CMakeFiles/cblas_dtrmm.c
1.4	-- /work/grodgers/git/tr-aomp/TheRock/build/third-party/host-blas/build/build-openblas/interface/CMakeFiles/cblas_ctrmm.c
1.4	-- /work/grodgers/git/tr-aomp/TheRock/build/third-party/host-blas/build/build-openblas/interface/CMakeFiles/cblas_ztrmm.c
1.4	-- /work/grodgers/git/tr-aomp/TheRock/build/third-party/host-blas/build/build-openblas/interface/CMakeFiles/cblas_sgemmtr.c
1.4	-- /work/grodgers/git/tr-aomp/TheRock/build/third-party/host-blas/build/build-openblas/interface/CMakeFiles/cblas_dgemmtr.c
1.4	-- /work/grodgers/git/tr-aomp/TheRock/build/third-party/host-blas/build/build-openblas/interface/CMakeFiles/cblas_cgemmtr.c
1.4	-- /work/grodgers/git/tr-aomp/TheRock/build/third-party/host-blas/build/build-openblas/interface/CMakeFiles/cblas_zgemmtr.c
1.4	-- /work/grodgers/git/tr-aomp/TheRock/build/third-party/host-blas/build/build-openblas/interface/CMakeFiles/cblas_smax.c
1.4	-- /work/grodgers/git/tr-aomp/TheRock/build/third-party/host-blas/build/build-openblas/interface/CMakeFiles/cblas_dmax.c
1.4	-- /work/grodgers/git/tr-aomp/TheRock/build/third-party/host-blas/build/build-openblas/interface/CMakeFiles/cblas_cmax.c
1.4	-- /work/grodgers/git/tr-aomp/TheRock/build/third-party/host-blas/build/build-openblas/interface/CMakeFiles/cblas_zmax.c
1.4	-- /work/grodgers/git/tr-aomp/TheRock/build/third-party/host-blas/build/build-openblas/interface/CMakeFiles/cblas_samax.c
1.4	-- /work/grodgers/git/tr-aomp/TheRock/build/third-party/host-blas/build/build-openblas/interface/CMakeFiles/cblas_damax.c
1.4	-- /work/grodgers/git/tr-aomp/TheRock/build/third-party/host-blas/build/build-openblas/interface/CMakeFiles/cblas_camax.c
1.4	-- /work/grodgers/git/tr-aomp/TheRock/build/third-party/host-blas/build/build-openblas/interface/CMakeFiles/cblas_zamax.c
1.4	-- /work/grodgers/git/tr-aomp/TheRock/build/third-party/host-blas/build/build-openblas/interface/CMakeFiles/cblas_samin.c
1.4	-- /work/grodgers/git/tr-aomp/TheRock/build/third-party/host-blas/build/build-openblas/interface/CMakeFiles/cblas_damin.c
1.4	-- /work/grodgers/git/tr-aomp/TheRock/build/third-party/host-blas/build/build-openblas/interface/CMakeFiles/cblas_camin.c
1.4	-- /work/grodgers/git/tr-aomp/TheRock/build/third-party/host-blas/build/build-openblas/interface/CMakeFiles/cblas_zamin.c
1.4	-- /work/grodgers/git/tr-aomp/TheRock/build/third-party/host-blas/build/build-openblas/interface/CMakeFiles/cblas_smin.c
1.4	-- /work/grodgers/git/tr-aomp/TheRock/build/third-party/host-blas/build/build-openblas/interface/CMakeFiles/cblas_dmin.c
1.4	-- /work/grodgers/git/tr-aomp/TheRock/build/third-party/host-blas/build/build-openblas/interface/CMakeFiles/cblas_cmin.c
1.4	-- /work/grodgers/git/tr-aomp/TheRock/build/third-party/host-blas/build/build-openblas/interface/CMakeFiles/cblas_zmin.c
1.4	-- /work/grodgers/git/tr-aomp/TheRock/build/third-party/host-blas/build/build-openblas/interface/CMakeFiles/cblas_ismax.c
1.4	-- /work/grodgers/git/tr-aomp/TheRock/build/third-party/host-blas/build/build-openblas/interface/CMakeFiles/cblas_idmax.c
1.4	-- /work/grodgers/git/tr-aomp/TheRock/build/third-party/host-blas/build/build-openblas/interface/CMakeFiles/cblas_icmax.c
1.4	-- /work/grodgers/git/tr-aomp/TheRock/build/third-party/host-blas/build/build-openblas/interface/CMakeFiles/cblas_izmax.c
1.4	-- /work/grodgers/git/tr-aomp/TheRock/build/third-party/host-blas/build/build-openblas/interface/CMakeFiles/cblas_isamax.c
1.4	-- /work/grodgers/git/tr-aomp/TheRock/build/third-party/host-blas/build/build-openblas/interface/CMakeFiles/cblas_idamax.c
1.4	-- /work/grodgers/git/tr-aomp/TheRock/build/third-party/host-blas/build/build-openblas/interface/CMakeFiles/cblas_icamax.c
1.4	-- /work/grodgers/git/tr-aomp/TheRock/build/third-party/host-blas/build/build-openblas/interface/CMakeFiles/cblas_izamax.c
1.4	-- /work/grodgers/git/tr-aomp/TheRock/build/third-party/host-blas/build/build-openblas/interface/CMakeFiles/cblas_isamin.c
1.4	-- /work/grodgers/git/tr-aomp/TheRock/build/third-party/host-blas/build/build-openblas/interface/CMakeFiles/cblas_idamin.c
1.4	-- /work/grodgers/git/tr-aomp/TheRock/build/third-party/host-blas/build/build-openblas/interface/CMakeFiles/cblas_icamin.c
1.4	-- /work/grodgers/git/tr-aomp/TheRock/build/third-party/host-blas/build/build-openblas/interface/CMakeFiles/cblas_izamin.c
1.4	-- /work/grodgers/git/tr-aomp/TheRock/build/third-party/host-blas/build/build-openblas/interface/CMakeFiles/cblas_ismin.c
1.4	-- /work/grodgers/git/tr-aomp/TheRock/build/third-party/host-blas/build/build-openblas/interface/CMakeFiles/cblas_idmin.c
1.4	-- /work/grodgers/git/tr-aomp/TheRock/build/third-party/host-blas/build/build-openblas/interface/CMakeFiles/cblas_icmin.c
1.4	-- /work/grodgers/git/tr-aomp/TheRock/build/third-party/host-blas/build/build-openblas/interface/CMakeFiles/cblas_izmin.c
1.4	-- /work/grodgers/git/tr-aomp/TheRock/build/third-party/host-blas/build/build-openblas/interface/CMakeFiles/cblas_caxpyc.c
1.4	-- /work/grodgers/git/tr-aomp/TheRock/build/third-party/host-blas/build/build-openblas/interface/CMakeFiles/cblas_cgeru.c
1.4	-- /work/grodgers/git/tr-aomp/TheRock/build/third-party/host-blas/build/build-openblas/interface/CMakeFiles/cblas_cgerc.c
1.4	-- /work/grodgers/git/tr-aomp/TheRock/build/third-party/host-blas/build/build-openblas/interface/CMakeFiles/cblas_cdotc.c
1.4	-- /work/grodgers/git/tr-aomp/TheRock/build/third-party/host-blas/build/build-openblas/interface/CMakeFiles/cblas_cdotu.c
1.4	-- /work/grodgers/git/tr-aomp/TheRock/build/third-party/host-blas/build/build-openblas/interface/CMakeFiles/cblas_chemm.c
1.4	-- /work/grodgers/git/tr-aomp/TheRock/build/third-party/host-blas/build/build-openblas/interface/CMakeFiles/cblas_cherk.c
1.4	-- /work/grodgers/git/tr-aomp/TheRock/build/third-party/host-blas/build/build-openblas/interface/CMakeFiles/cblas_cher2k.c
1.4	-- /work/grodgers/git/tr-aomp/TheRock/build/third-party/host-blas/build/build-openblas/interface/CMakeFiles/cblas_cgemm3m.c
1.4	-- /work/grodgers/git/tr-aomp/TheRock/build/third-party/host-blas/build/build-openblas/interface/CMakeFiles/cblas_csscal.c
1.4	-- /work/grodgers/git/tr-aomp/TheRock/build/third-party/host-blas/build/build-openblas/interface/CMakeFiles/cblas_scnrm2.c
1.4	-- /work/grodgers/git/tr-aomp/TheRock/build/third-party/host-blas/build/build-openblas/interface/CMakeFiles/cblas_csrot.c
1.4	-- /work/grodgers/git/tr-aomp/TheRock/build/third-party/host-blas/build/build-openblas/interface/CMakeFiles/cblas_scamin.c
1.4	-- /work/grodgers/git/tr-aomp/TheRock/build/third-party/host-blas/build/build-openblas/interface/CMakeFiles/cblas_scamax.c
1.4	-- /work/grodgers/git/tr-aomp/TheRock/build/third-party/host-blas/build/build-openblas/interface/CMakeFiles/cblas_scasum.c
1.4	-- /work/grodgers/git/tr-aomp/TheRock/build/third-party/host-blas/build/build-openblas/interface/CMakeFiles/cblas_scsum.c
1.4	-- /work/grodgers/git/tr-aomp/TheRock/build/third-party/host-blas/build/build-openblas/interface/CMakeFiles/cblas_cgemm_batch.c
1.4	-- /work/grodgers/git/tr-aomp/TheRock/build/third-party/host-blas/build/build-openblas/interface/CMakeFiles/cblas_zaxpyc.c
1.4	-- /work/grodgers/git/tr-aomp/TheRock/build/third-party/host-blas/build/build-openblas/interface/CMakeFiles/cblas_zgeru.c
1.4	-- /work/grodgers/git/tr-aomp/TheRock/build/third-party/host-blas/build/build-openblas/interface/CMakeFiles/cblas_zgerc.c
1.4	-- /work/grodgers/git/tr-aomp/TheRock/build/third-party/host-blas/build/build-openblas/interface/CMakeFiles/cblas_zdotc.c
1.4	-- /work/grodgers/git/tr-aomp/TheRock/build/third-party/host-blas/build/build-openblas/interface/CMakeFiles/cblas_zdotu.c
1.4	-- /work/grodgers/git/tr-aomp/TheRock/build/third-party/host-blas/build/build-openblas/interface/CMakeFiles/cblas_zhemm.c
1.4	-- /work/grodgers/git/tr-aomp/TheRock/build/third-party/host-blas/build/build-openblas/interface/CMakeFiles/cblas_zherk.c
1.4	-- /work/grodgers/git/tr-aomp/TheRock/build/third-party/host-blas/build/build-openblas/interface/CMakeFiles/cblas_zher2k.c
1.4	-- /work/grodgers/git/tr-aomp/TheRock/build/third-party/host-blas/build/build-openblas/interface/CMakeFiles/cblas_zgemm3m.c
1.4	-- /work/grodgers/git/tr-aomp/TheRock/build/third-party/host-blas/build/build-openblas/interface/CMakeFiles/cblas_zdscal.c
1.4	-- /work/grodgers/git/tr-aomp/TheRock/build/third-party/host-blas/build/build-openblas/interface/CMakeFiles/cblas_dznrm2.c
1.4	-- /work/grodgers/git/tr-aomp/TheRock/build/third-party/host-blas/build/build-openblas/interface/CMakeFiles/cblas_zdrot.c
1.4	-- /work/grodgers/git/tr-aomp/TheRock/build/third-party/host-blas/build/build-openblas/interface/CMakeFiles/cblas_dzamin.c
1.4	-- /work/grodgers/git/tr-aomp/TheRock/build/third-party/host-blas/build/build-openblas/interface/CMakeFiles/cblas_dzamax.c
1.4	-- /work/grodgers/git/tr-aomp/TheRock/build/third-party/host-blas/build/build-openblas/interface/CMakeFiles/cblas_dzasum.c
1.4	-- /work/grodgers/git/tr-aomp/TheRock/build/third-party/host-blas/build/build-openblas/interface/CMakeFiles/cblas_dzsum.c
1.4	-- /work/grodgers/git/tr-aomp/TheRock/build/third-party/host-blas/build/build-openblas/interface/CMakeFiles/cblas_zgemm_batch.c
1.4	-- /work/grodgers/git/tr-aomp/TheRock/build/third-party/host-blas/build/build-openblas/interface/CMakeFiles/cblas_cdotu_sub.c
1.4	-- /work/grodgers/git/tr-aomp/TheRock/build/third-party/host-blas/build/build-openblas/interface/CMakeFiles/cblas_cdotc_sub.c
1.4	-- /work/grodgers/git/tr-aomp/TheRock/build/third-party/host-blas/build/build-openblas/interface/CMakeFiles/cblas_zdotu_sub.c
1.4	-- /work/grodgers/git/tr-aomp/TheRock/build/third-party/host-blas/build/build-openblas/interface/CMakeFiles/cblas_zdotc_sub.c
1.4	-- /work/grodgers/git/tr-aomp/TheRock/build/third-party/host-blas/build/build-openblas/interface/CMakeFiles/sgesv.c
1.4	-- /work/grodgers/git/tr-aomp/TheRock/build/third-party/host-blas/build/build-openblas/interface/CMakeFiles/dgesv.c
1.4	-- /work/grodgers/git/tr-aomp/TheRock/build/third-party/host-blas/build/build-openblas/interface/CMakeFiles/cgesv.c
1.4	-- /work/grodgers/git/tr-aomp/TheRock/build/third-party/host-blas/build/build-openblas/interface/CMakeFiles/zgesv.c
1.4	-- /work/grodgers/git/tr-aomp/TheRock/build/third-party/host-blas/build/build-openblas/interface/CMakeFiles/sgetrf.c
1.4	-- /work/grodgers/git/tr-aomp/TheRock/build/third-party/host-blas/build/build-openblas/interface/CMakeFiles/sgetrs.c
1.4	-- /work/grodgers/git/tr-aomp/TheRock/build/third-party/host-blas/build/build-openblas/interface/CMakeFiles/spotrf.c
1.4	-- /work/grodgers/git/tr-aomp/TheRock/build/third-party/host-blas/build/build-openblas/interface/CMakeFiles/sgetf2.c
1.4	-- /work/grodgers/git/tr-aomp/TheRock/build/third-party/host-blas/build/build-openblas/interface/CMakeFiles/spotf2.c
1.4	-- /work/grodgers/git/tr-aomp/TheRock/build/third-party/host-blas/build/build-openblas/interface/CMakeFiles/slaswp.c
1.4	-- /work/grodgers/git/tr-aomp/TheRock/build/third-party/host-blas/build/build-openblas/interface/CMakeFiles/slauu2.c
1.4	-- /work/grodgers/git/tr-aomp/TheRock/build/third-party/host-blas/build/build-openblas/interface/CMakeFiles/slauum.c
1.5	-- /work/grodgers/git/tr-aomp/TheRock/build/third-party/host-blas/build/build-openblas/interface/CMakeFiles/strti2.c
1.5	-- /work/grodgers/git/tr-aomp/TheRock/build/third-party/host-blas/build/build-openblas/interface/CMakeFiles/strtri.c
1.5	-- /work/grodgers/git/tr-aomp/TheRock/build/third-party/host-blas/build/build-openblas/interface/CMakeFiles/dgetrf.c
1.5	-- /work/grodgers/git/tr-aomp/TheRock/build/third-party/host-blas/build/build-openblas/interface/CMakeFiles/dgetrs.c
1.5	-- /work/grodgers/git/tr-aomp/TheRock/build/third-party/host-blas/build/build-openblas/interface/CMakeFiles/dpotrf.c
1.5	-- /work/grodgers/git/tr-aomp/TheRock/build/third-party/host-blas/build/build-openblas/interface/CMakeFiles/dgetf2.c
1.5	-- /work/grodgers/git/tr-aomp/TheRock/build/third-party/host-blas/build/build-openblas/interface/CMakeFiles/dpotf2.c
1.5	-- /work/grodgers/git/tr-aomp/TheRock/build/third-party/host-blas/build/build-openblas/interface/CMakeFiles/dlaswp.c
1.5	-- /work/grodgers/git/tr-aomp/TheRock/build/third-party/host-blas/build/build-openblas/interface/CMakeFiles/dlauu2.c
1.5	-- /work/grodgers/git/tr-aomp/TheRock/build/third-party/host-blas/build/build-openblas/interface/CMakeFiles/dlauum.c
1.5	-- /work/grodgers/git/tr-aomp/TheRock/build/third-party/host-blas/build/build-openblas/interface/CMakeFiles/dtrti2.c
1.5	-- /work/grodgers/git/tr-aomp/TheRock/build/third-party/host-blas/build/build-openblas/interface/CMakeFiles/dtrtri.c
1.5	-- /work/grodgers/git/tr-aomp/TheRock/build/third-party/host-blas/build/build-openblas/interface/CMakeFiles/cgetrf.c
1.5	-- /work/grodgers/git/tr-aomp/TheRock/build/third-party/host-blas/build/build-openblas/interface/CMakeFiles/cgetrs.c
1.5	-- /work/grodgers/git/tr-aomp/TheRock/build/third-party/host-blas/build/build-openblas/interface/CMakeFiles/cpotrf.c
1.5	-- /work/grodgers/git/tr-aomp/TheRock/build/third-party/host-blas/build/build-openblas/interface/CMakeFiles/cgetf2.c
1.5	-- /work/grodgers/git/tr-aomp/TheRock/build/third-party/host-blas/build/build-openblas/interface/CMakeFiles/cpotf2.c
1.5	-- /work/grodgers/git/tr-aomp/TheRock/build/third-party/host-blas/build/build-openblas/interface/CMakeFiles/claswp.c
1.5	-- /work/grodgers/git/tr-aomp/TheRock/build/third-party/host-blas/build/build-openblas/interface/CMakeFiles/clauu2.c
1.5	-- /work/grodgers/git/tr-aomp/TheRock/build/third-party/host-blas/build/build-openblas/interface/CMakeFiles/clauum.c
1.5	-- /work/grodgers/git/tr-aomp/TheRock/build/third-party/host-blas/build/build-openblas/interface/CMakeFiles/ctrti2.c
1.5	-- /work/grodgers/git/tr-aomp/TheRock/build/third-party/host-blas/build/build-openblas/interface/CMakeFiles/ctrtri.c
1.5	-- /work/grodgers/git/tr-aomp/TheRock/build/third-party/host-blas/build/build-openblas/interface/CMakeFiles/zgetrf.c
1.5	-- /work/grodgers/git/tr-aomp/TheRock/build/third-party/host-blas/build/build-openblas/interface/CMakeFiles/zgetrs.c
1.5	-- /work/grodgers/git/tr-aomp/TheRock/build/third-party/host-blas/build/build-openblas/interface/CMakeFiles/zpotrf.c
1.5	-- /work/grodgers/git/tr-aomp/TheRock/build/third-party/host-blas/build/build-openblas/interface/CMakeFiles/zgetf2.c
1.5	-- /work/grodgers/git/tr-aomp/TheRock/build/third-party/host-blas/build/build-openblas/interface/CMakeFiles/zpotf2.c
1.5	-- /work/grodgers/git/tr-aomp/TheRock/build/third-party/host-blas/build/build-openblas/interface/CMakeFiles/zlaswp.c
1.5	-- /work/grodgers/git/tr-aomp/TheRock/build/third-party/host-blas/build/build-openblas/interface/CMakeFiles/zlauu2.c
1.5	-- /work/grodgers/git/tr-aomp/TheRock/build/third-party/host-blas/build/build-openblas/interface/CMakeFiles/zlauum.c
1.5	-- /work/grodgers/git/tr-aomp/TheRock/build/third-party/host-blas/build/build-openblas/interface/CMakeFiles/ztrti2.c
1.5	-- /work/grodgers/git/tr-aomp/TheRock/build/third-party/host-blas/build/build-openblas/interface/CMakeFiles/ztrtri.c
1.5	-- /work/grodgers/git/tr-aomp/TheRock/build/third-party/host-blas/build/build-openblas/driver/level2/CMakeFiles/ssbmv_U.c
1.5	-- /work/grodgers/git/tr-aomp/TheRock/build/third-party/host-blas/build/build-openblas/driver/level2/CMakeFiles/dsbmv_U.c
1.5	-- /work/grodgers/git/tr-aomp/TheRock/build/third-party/host-blas/build/build-openblas/driver/level2/CMakeFiles/csbmv_U.c
1.5	-- /work/grodgers/git/tr-aomp/TheRock/build/third-party/host-blas/build/build-openblas/driver/level2/CMakeFiles/zsbmv_U.c
1.5	-- /work/grodgers/git/tr-aomp/TheRock/build/third-party/host-blas/build/build-openblas/driver/level2/CMakeFiles/sspmv_U.c
1.5	-- /work/grodgers/git/tr-aomp/TheRock/build/third-party/host-blas/build/build-openblas/driver/level2/CMakeFiles/dspmv_U.c
1.5	-- /work/grodgers/git/tr-aomp/TheRock/build/third-party/host-blas/build/build-openblas/driver/level2/CMakeFiles/cspmv_U.c
1.5	-- /work/grodgers/git/tr-aomp/TheRock/build/third-party/host-blas/build/build-openblas/driver/level2/CMakeFiles/zspmv_U.c
1.5	-- /work/grodgers/git/tr-aomp/TheRock/build/third-party/host-blas/build/build-openblas/driver/level2/CMakeFiles/sspr_U.c
1.5	-- /work/grodgers/git/tr-aomp/TheRock/build/third-party/host-blas/build/build-openblas/driver/level2/CMakeFiles/dspr_U.c
1.5	-- /work/grodgers/git/tr-aomp/TheRock/build/third-party/host-blas/build/build-openblas/driver/level2/CMakeFiles/cspr_U.c
1.5	-- /work/grodgers/git/tr-aomp/TheRock/build/third-party/host-blas/build/build-openblas/driver/level2/CMakeFiles/zspr_U.c
1.5	-- /work/grodgers/git/tr-aomp/TheRock/build/third-party/host-blas/build/build-openblas/driver/level2/CMakeFiles/sspr2_U.c
1.5	-- /work/grodgers/git/tr-aomp/TheRock/build/third-party/host-blas/build/build-openblas/driver/level2/CMakeFiles/dspr2_U.c
1.5	-- /work/grodgers/git/tr-aomp/TheRock/build/third-party/host-blas/build/build-openblas/driver/level2/CMakeFiles/cspr2_U.c
1.5	-- /work/grodgers/git/tr-aomp/TheRock/build/third-party/host-blas/build/build-openblas/driver/level2/CMakeFiles/zspr2_U.c
1.5	-- /work/grodgers/git/tr-aomp/TheRock/build/third-party/host-blas/build/build-openblas/driver/level2/CMakeFiles/ssyr_U.c
1.5	-- /work/grodgers/git/tr-aomp/TheRock/build/third-party/host-blas/build/build-openblas/driver/level2/CMakeFiles/dsyr_U.c
1.5	-- /work/grodgers/git/tr-aomp/TheRock/build/third-party/host-blas/build/build-openblas/driver/level2/CMakeFiles/csyr_U.c
1.5	-- /work/grodgers/git/tr-aomp/TheRock/build/third-party/host-blas/build/build-openblas/driver/level2/CMakeFiles/zsyr_U.c
1.5	-- /work/grodgers/git/tr-aomp/TheRock/build/third-party/host-blas/build/build-openblas/driver/level2/CMakeFiles/ssyr2_U.c
1.5	-- /work/grodgers/git/tr-aomp/TheRock/build/third-party/host-blas/build/build-openblas/driver/level2/CMakeFiles/dsyr2_U.c
1.5	-- /work/grodgers/git/tr-aomp/TheRock/build/third-party/host-blas/build/build-openblas/driver/level2/CMakeFiles/csyr2_U.c
1.5	-- /work/grodgers/git/tr-aomp/TheRock/build/third-party/host-blas/build/build-openblas/driver/level2/CMakeFiles/zsyr2_U.c
1.5	-- /work/grodgers/git/tr-aomp/TheRock/build/third-party/host-blas/build/build-openblas/driver/level2/CMakeFiles/ssbmv_L.c
1.5	-- /work/grodgers/git/tr-aomp/TheRock/build/third-party/host-blas/build/build-openblas/driver/level2/CMakeFiles/dsbmv_L.c
1.5	-- /work/grodgers/git/tr-aomp/TheRock/build/third-party/host-blas/build/build-openblas/driver/level2/CMakeFiles/csbmv_L.c
1.5	-- /work/grodgers/git/tr-aomp/TheRock/build/third-party/host-blas/build/build-openblas/driver/level2/CMakeFiles/zsbmv_L.c
1.5	-- /work/grodgers/git/tr-aomp/TheRock/build/third-party/host-blas/build/build-openblas/driver/level2/CMakeFiles/sspmv_L.c
1.5	-- /work/grodgers/git/tr-aomp/TheRock/build/third-party/host-blas/build/build-openblas/driver/level2/CMakeFiles/dspmv_L.c
1.5	-- /work/grodgers/git/tr-aomp/TheRock/build/third-party/host-blas/build/build-openblas/driver/level2/CMakeFiles/cspmv_L.c
1.5	-- /work/grodgers/git/tr-aomp/TheRock/build/third-party/host-blas/build/build-openblas/driver/level2/CMakeFiles/zspmv_L.c
1.5	-- /work/grodgers/git/tr-aomp/TheRock/build/third-party/host-blas/build/build-openblas/driver/level2/CMakeFiles/sspr_L.c
1.5	-- /work/grodgers/git/tr-aomp/TheRock/build/third-party/host-blas/build/build-openblas/driver/level2/CMakeFiles/dspr_L.c
1.5	-- /work/grodgers/git/tr-aomp/TheRock/build/third-party/host-blas/build/build-openblas/driver/level2/CMakeFiles/cspr_L.c
1.5	-- /work/grodgers/git/tr-aomp/TheRock/build/third-party/host-blas/build/build-openblas/driver/level2/CMakeFiles/zspr_L.c
1.5	-- /work/grodgers/git/tr-aomp/TheRock/build/third-party/host-blas/build/build-openblas/driver/level2/CMakeFiles/sspr2_L.c
1.5	-- /work/grodgers/git/tr-aomp/TheRock/build/third-party/host-blas/build/build-openblas/driver/level2/CMakeFiles/dspr2_L.c
1.5	-- /work/grodgers/git/tr-aomp/TheRock/build/third-party/host-blas/build/build-openblas/driver/level2/CMakeFiles/cspr2_L.c
1.5	-- /work/grodgers/git/tr-aomp/TheRock/build/third-party/host-blas/build/build-openblas/driver/level2/CMakeFiles/zspr2_L.c
1.5	-- /work/grodgers/git/tr-aomp/TheRock/build/third-party/host-blas/build/build-openblas/driver/level2/CMakeFiles/ssyr_L.c
1.5	-- /work/grodgers/git/tr-aomp/TheRock/build/third-party/host-blas/build/build-openblas/driver/level2/CMakeFiles/dsyr_L.c
1.5	-- /work/grodgers/git/tr-aomp/TheRock/build/third-party/host-blas/build/build-openblas/driver/level2/CMakeFiles/csyr_L.c
1.5	-- /work/grodgers/git/tr-aomp/TheRock/build/third-party/host-blas/build/build-openblas/driver/level2/CMakeFiles/zsyr_L.c
1.5	-- /work/grodgers/git/tr-aomp/TheRock/build/third-party/host-blas/build/build-openblas/driver/level2/CMakeFiles/ssyr2_L.c
1.5	-- /work/grodgers/git/tr-aomp/TheRock/build/third-party/host-blas/build/build-openblas/driver/level2/CMakeFiles/dsyr2_L.c
1.5	-- /work/grodgers/git/tr-aomp/TheRock/build/third-party/host-blas/build/build-openblas/driver/level2/CMakeFiles/csyr2_L.c
1.5	-- /work/grodgers/git/tr-aomp/TheRock/build/third-party/host-blas/build/build-openblas/driver/level2/CMakeFiles/zsyr2_L.c
1.5	-- /work/grodgers/git/tr-aomp/TheRock/build/third-party/host-blas/build/build-openblas/driver/level2/CMakeFiles/sgbmv_n.c
1.5	-- /work/grodgers/git/tr-aomp/TheRock/build/third-party/host-blas/build/build-openblas/driver/level2/CMakeFiles/dgbmv_n.c
1.5	-- /work/grodgers/git/tr-aomp/TheRock/build/third-party/host-blas/build/build-openblas/driver/level2/CMakeFiles/cgbmv_n.c
1.5	-- /work/grodgers/git/tr-aomp/TheRock/build/third-party/host-blas/build/build-openblas/driver/level2/CMakeFiles/zgbmv_n.c
1.5	-- /work/grodgers/git/tr-aomp/TheRock/build/third-party/host-blas/build/build-openblas/driver/level2/CMakeFiles/sgbmv_t.c
1.5	-- /work/grodgers/git/tr-aomp/TheRock/build/third-party/host-blas/build/build-openblas/driver/level2/CMakeFiles/dgbmv_t.c
1.5	-- /work/grodgers/git/tr-aomp/TheRock/build/third-party/host-blas/build/build-openblas/driver/level2/CMakeFiles/cgbmv_t.c
1.5	-- /work/grodgers/git/tr-aomp/TheRock/build/third-party/host-blas/build/build-openblas/driver/level2/CMakeFiles/zgbmv_t.c
1.5	-- /work/grodgers/git/tr-aomp/TheRock/build/third-party/host-blas/build/build-openblas/driver/level2/CMakeFiles/cgbmv_r.c
1.5	-- /work/grodgers/git/tr-aomp/TheRock/build/third-party/host-blas/build/build-openblas/driver/level2/CMakeFiles/zgbmv_r.c
1.5	-- /work/grodgers/git/tr-aomp/TheRock/build/third-party/host-blas/build/build-openblas/driver/level2/CMakeFiles/cgbmv_c.c
1.5	-- /work/grodgers/git/tr-aomp/TheRock/build/third-party/host-blas/build/build-openblas/driver/level2/CMakeFiles/zgbmv_c.c
1.5	-- /work/grodgers/git/tr-aomp/TheRock/build/third-party/host-blas/build/build-openblas/driver/level2/CMakeFiles/cgbmv_o.c
1.5	-- /work/grodgers/git/tr-aomp/TheRock/build/third-party/host-blas/build/build-openblas/driver/level2/CMakeFiles/zgbmv_o.c
1.5	-- /work/grodgers/git/tr-aomp/TheRock/build/third-party/host-blas/build/build-openblas/driver/level2/CMakeFiles/cgbmv_u.c
1.5	-- /work/grodgers/git/tr-aomp/TheRock/build/third-party/host-blas/build/build-openblas/driver/level2/CMakeFiles/zgbmv_u.c
1.5	-- /work/grodgers/git/tr-aomp/TheRock/build/third-party/host-blas/build/build-openblas/driver/level2/CMakeFiles/cgbmv_s.c
1.5	-- /work/grodgers/git/tr-aomp/TheRock/build/third-party/host-blas/build/build-openblas/driver/level2/CMakeFiles/zgbmv_s.c
1.5	-- /work/grodgers/git/tr-aomp/TheRock/build/third-party/host-blas/build/build-openblas/driver/level2/CMakeFiles/cgbmv_d.c
1.5	-- /work/grodgers/git/tr-aomp/TheRock/build/third-party/host-blas/build/build-openblas/driver/level2/CMakeFiles/zgbmv_d.c
1.5	-- /work/grodgers/git/tr-aomp/TheRock/build/third-party/host-blas/build/build-openblas/driver/level2/CMakeFiles/sgemv_thread_n.c
1.5	-- /work/grodgers/git/tr-aomp/TheRock/build/third-party/host-blas/build/build-openblas/driver/level2/CMakeFiles/sgemv_thread_t.c
1.5	-- /work/grodgers/git/tr-aomp/TheRock/build/third-party/host-blas/build/build-openblas/driver/level2/CMakeFiles/sgbmv_thread_n.c
1.5	-- /work/grodgers/git/tr-aomp/TheRock/build/third-party/host-blas/build/build-openblas/driver/level2/CMakeFiles/sgbmv_thread_t.c
1.5	-- /work/grodgers/git/tr-aomp/TheRock/build/third-party/host-blas/build/build-openblas/driver/level2/CMakeFiles/strmv_NUN.c
1.5	-- /work/grodgers/git/tr-aomp/TheRock/build/third-party/host-blas/build/build-openblas/driver/level2/CMakeFiles/strmv_NUU.c
1.5	-- /work/grodgers/git/tr-aomp/TheRock/build/third-party/host-blas/build/build-openblas/driver/level2/CMakeFiles/strmv_TLN.c
1.5	-- /work/grodgers/git/tr-aomp/TheRock/build/third-party/host-blas/build/build-openblas/driver/level2/CMakeFiles/strmv_TLU.c
1.5	-- /work/grodgers/git/tr-aomp/TheRock/build/third-party/host-blas/build/build-openblas/driver/level2/CMakeFiles/stbmv_NUN.c
1.5	-- /work/grodgers/git/tr-aomp/TheRock/build/third-party/host-blas/build/build-openblas/driver/level2/CMakeFiles/stbmv_NUU.c
1.5	-- /work/grodgers/git/tr-aomp/TheRock/build/third-party/host-blas/build/build-openblas/driver/level2/CMakeFiles/stbmv_TLN.c
1.5	-- /work/grodgers/git/tr-aomp/TheRock/build/third-party/host-blas/build/build-openblas/driver/level2/CMakeFiles/stbmv_TLU.c
1.5	-- /work/grodgers/git/tr-aomp/TheRock/build/third-party/host-blas/build/build-openblas/driver/level2/CMakeFiles/stbsv_NUN.c
1.5	-- /work/grodgers/git/tr-aomp/TheRock/build/third-party/host-blas/build/build-openblas/driver/level2/CMakeFiles/stbsv_NUU.c
1.5	-- /work/grodgers/git/tr-aomp/TheRock/build/third-party/host-blas/build/build-openblas/driver/level2/CMakeFiles/stbsv_TLN.c
1.5	-- /work/grodgers/git/tr-aomp/TheRock/build/third-party/host-blas/build/build-openblas/driver/level2/CMakeFiles/stbsv_TLU.c
1.5	-- /work/grodgers/git/tr-aomp/TheRock/build/third-party/host-blas/build/build-openblas/driver/level2/CMakeFiles/stpmv_NUN.c
1.5	-- /work/grodgers/git/tr-aomp/TheRock/build/third-party/host-blas/build/build-openblas/driver/level2/CMakeFiles/stpmv_NUU.c
1.5	-- /work/grodgers/git/tr-aomp/TheRock/build/third-party/host-blas/build/build-openblas/driver/level2/CMakeFiles/stpmv_TLN.c
1.5	-- /work/grodgers/git/tr-aomp/TheRock/build/third-party/host-blas/build/build-openblas/driver/level2/CMakeFiles/stpmv_TLU.c
1.5	-- /work/grodgers/git/tr-aomp/TheRock/build/third-party/host-blas/build/build-openblas/driver/level2/CMakeFiles/stpsv_NUN.c
1.5	-- /work/grodgers/git/tr-aomp/TheRock/build/third-party/host-blas/build/build-openblas/driver/level2/CMakeFiles/stpsv_NUU.c
1.5	-- /work/grodgers/git/tr-aomp/TheRock/build/third-party/host-blas/build/build-openblas/driver/level2/CMakeFiles/stpsv_TLN.c
1.5	-- /work/grodgers/git/tr-aomp/TheRock/build/third-party/host-blas/build/build-openblas/driver/level2/CMakeFiles/stpsv_TLU.c
1.5	-- /work/grodgers/git/tr-aomp/TheRock/build/third-party/host-blas/build/build-openblas/driver/level2/CMakeFiles/strsv_NUN.c
1.5	-- /work/grodgers/git/tr-aomp/TheRock/build/third-party/host-blas/build/build-openblas/driver/level2/CMakeFiles/strsv_NUU.c
1.5	-- /work/grodgers/git/tr-aomp/TheRock/build/third-party/host-blas/build/build-openblas/driver/level2/CMakeFiles/strsv_TLN.c
1.5	-- /work/grodgers/git/tr-aomp/TheRock/build/third-party/host-blas/build/build-openblas/driver/level2/CMakeFiles/strsv_TLU.c
1.5	-- /work/grodgers/git/tr-aomp/TheRock/build/third-party/host-blas/build/build-openblas/driver/level2/CMakeFiles/strmv_NLN.c
1.5	-- /work/grodgers/git/tr-aomp/TheRock/build/third-party/host-blas/build/build-openblas/driver/level2/CMakeFiles/strmv_NLU.c
1.5	-- /work/grodgers/git/tr-aomp/TheRock/build/third-party/host-blas/build/build-openblas/driver/level2/CMakeFiles/strmv_TUN.c
1.5	-- /work/grodgers/git/tr-aomp/TheRock/build/third-party/host-blas/build/build-openblas/driver/level2/CMakeFiles/strmv_TUU.c
1.5	-- /work/grodgers/git/tr-aomp/TheRock/build/third-party/host-blas/build/build-openblas/driver/level2/CMakeFiles/stbmv_NLN.c
1.5	-- /work/grodgers/git/tr-aomp/TheRock/build/third-party/host-blas/build/build-openblas/driver/level2/CMakeFiles/stbmv_NLU.c
1.5	-- /work/grodgers/git/tr-aomp/TheRock/build/third-party/host-blas/build/build-openblas/driver/level2/CMakeFiles/stbmv_TUN.c
1.5	-- /work/grodgers/git/tr-aomp/TheRock/build/third-party/host-blas/build/build-openblas/driver/level2/CMakeFiles/stbmv_TUU.c
1.5	-- /work/grodgers/git/tr-aomp/TheRock/build/third-party/host-blas/build/build-openblas/driver/level2/CMakeFiles/stbsv_NLN.c
1.5	-- /work/grodgers/git/tr-aomp/TheRock/build/third-party/host-blas/build/build-openblas/driver/level2/CMakeFiles/stbsv_NLU.c
1.5	-- /work/grodgers/git/tr-aomp/TheRock/build/third-party/host-blas/build/build-openblas/driver/level2/CMakeFiles/stbsv_TUN.c
1.5	-- /work/grodgers/git/tr-aomp/TheRock/build/third-party/host-blas/build/build-openblas/driver/level2/CMakeFiles/stbsv_TUU.c
1.5	-- /work/grodgers/git/tr-aomp/TheRock/build/third-party/host-blas/build/build-openblas/driver/level2/CMakeFiles/stpmv_NLN.c
1.5	-- /work/grodgers/git/tr-aomp/TheRock/build/third-party/host-blas/build/build-openblas/driver/level2/CMakeFiles/stpmv_NLU.c
1.5	-- /work/grodgers/git/tr-aomp/TheRock/build/third-party/host-blas/build/build-openblas/driver/level2/CMakeFiles/stpmv_TUN.c
1.5	-- /work/grodgers/git/tr-aomp/TheRock/build/third-party/host-blas/build/build-openblas/driver/level2/CMakeFiles/stpmv_TUU.c
1.5	-- /work/grodgers/git/tr-aomp/TheRock/build/third-party/host-blas/build/build-openblas/driver/level2/CMakeFiles/stpsv_NLN.c
1.5	-- /work/grodgers/git/tr-aomp/TheRock/build/third-party/host-blas/build/build-openblas/driver/level2/CMakeFiles/stpsv_NLU.c
1.5	-- /work/grodgers/git/tr-aomp/TheRock/build/third-party/host-blas/build/build-openblas/driver/level2/CMakeFiles/stpsv_TUN.c
1.5	-- /work/grodgers/git/tr-aomp/TheRock/build/third-party/host-blas/build/build-openblas/driver/level2/CMakeFiles/stpsv_TUU.c
1.5	-- /work/grodgers/git/tr-aomp/TheRock/build/third-party/host-blas/build/build-openblas/driver/level2/CMakeFiles/strsv_NLN.c
1.5	-- /work/grodgers/git/tr-aomp/TheRock/build/third-party/host-blas/build/build-openblas/driver/level2/CMakeFiles/strsv_NLU.c
1.5	-- /work/grodgers/git/tr-aomp/TheRock/build/third-party/host-blas/build/build-openblas/driver/level2/CMakeFiles/strsv_TUN.c
1.5	-- /work/grodgers/git/tr-aomp/TheRock/build/third-party/host-blas/build/build-openblas/driver/level2/CMakeFiles/strsv_TUU.c
1.5	-- /work/grodgers/git/tr-aomp/TheRock/build/third-party/host-blas/build/build-openblas/driver/level2/CMakeFiles/sger_thread.c
1.5	-- /work/grodgers/git/tr-aomp/TheRock/build/third-party/host-blas/build/build-openblas/driver/level2/CMakeFiles/strmv_thread_NUN.c
1.5	-- /work/grodgers/git/tr-aomp/TheRock/build/third-party/host-blas/build/build-openblas/driver/level2/CMakeFiles/strmv_thread_NLN.c
1.5	-- /work/grodgers/git/tr-aomp/TheRock/build/third-party/host-blas/build/build-openblas/driver/level2/CMakeFiles/strmv_thread_NUU.c
1.5	-- /work/grodgers/git/tr-aomp/TheRock/build/third-party/host-blas/build/build-openblas/driver/level2/CMakeFiles/strmv_thread_NLU.c
1.5	-- /work/grodgers/git/tr-aomp/TheRock/build/third-party/host-blas/build/build-openblas/driver/level2/CMakeFiles/strmv_thread_TUN.c
1.5	-- /work/grodgers/git/tr-aomp/TheRock/build/third-party/host-blas/build/build-openblas/driver/level2/CMakeFiles/strmv_thread_TLN.c
1.5	-- /work/grodgers/git/tr-aomp/TheRock/build/third-party/host-blas/build/build-openblas/driver/level2/CMakeFiles/strmv_thread_TUU.c
1.5	-- /work/grodgers/git/tr-aomp/TheRock/build/third-party/host-blas/build/build-openblas/driver/level2/CMakeFiles/strmv_thread_TLU.c
1.5	-- /work/grodgers/git/tr-aomp/TheRock/build/third-party/host-blas/build/build-openblas/driver/level2/CMakeFiles/stpmv_thread_NUN.c
1.5	-- /work/grodgers/git/tr-aomp/TheRock/build/third-party/host-blas/build/build-openblas/driver/level2/CMakeFiles/stpmv_thread_NLN.c
1.5	-- /work/grodgers/git/tr-aomp/TheRock/build/third-party/host-blas/build/build-openblas/driver/level2/CMakeFiles/stpmv_thread_NUU.c
1.5	-- /work/grodgers/git/tr-aomp/TheRock/build/third-party/host-blas/build/build-openblas/driver/level2/CMakeFiles/stpmv_thread_NLU.c
1.5	-- /work/grodgers/git/tr-aomp/TheRock/build/third-party/host-blas/build/build-openblas/driver/level2/CMakeFiles/stpmv_thread_TUN.c
1.5	-- /work/grodgers/git/tr-aomp/TheRock/build/third-party/host-blas/build/build-openblas/driver/level2/CMakeFiles/stpmv_thread_TLN.c
1.5	-- /work/grodgers/git/tr-aomp/TheRock/build/third-party/host-blas/build/build-openblas/driver/level2/CMakeFiles/stpmv_thread_TUU.c
1.5	-- /work/grodgers/git/tr-aomp/TheRock/build/third-party/host-blas/build/build-openblas/driver/level2/CMakeFiles/stpmv_thread_TLU.c
1.5	-- /work/grodgers/git/tr-aomp/TheRock/build/third-party/host-blas/build/build-openblas/driver/level2/CMakeFiles/stbmv_thread_NUN.c
1.5	-- /work/grodgers/git/tr-aomp/TheRock/build/third-party/host-blas/build/build-openblas/driver/level2/CMakeFiles/stbmv_thread_NLN.c
1.5	-- /work/grodgers/git/tr-aomp/TheRock/build/third-party/host-blas/build/build-openblas/driver/level2/CMakeFiles/stbmv_thread_NUU.c
1.5	-- /work/grodgers/git/tr-aomp/TheRock/build/third-party/host-blas/build/build-openblas/driver/level2/CMakeFiles/stbmv_thread_NLU.c
1.5	-- /work/grodgers/git/tr-aomp/TheRock/build/third-party/host-blas/build/build-openblas/driver/level2/CMakeFiles/stbmv_thread_TUN.c
1.5	-- /work/grodgers/git/tr-aomp/TheRock/build/third-party/host-blas/build/build-openblas/driver/level2/CMakeFiles/stbmv_thread_TLN.c
1.5	-- /work/grodgers/git/tr-aomp/TheRock/build/third-party/host-blas/build/build-openblas/driver/level2/CMakeFiles/stbmv_thread_TUU.c
1.5	-- /work/grodgers/git/tr-aomp/TheRock/build/third-party/host-blas/build/build-openblas/driver/level2/CMakeFiles/stbmv_thread_TLU.c
1.5	-- /work/grodgers/git/tr-aomp/TheRock/build/third-party/host-blas/build/build-openblas/driver/level2/CMakeFiles/dgemv_thread_n.c
1.5	-- /work/grodgers/git/tr-aomp/TheRock/build/third-party/host-blas/build/build-openblas/driver/level2/CMakeFiles/dgemv_thread_t.c
1.5	-- /work/grodgers/git/tr-aomp/TheRock/build/third-party/host-blas/build/build-openblas/driver/level2/CMakeFiles/dgbmv_thread_n.c
1.5	-- /work/grodgers/git/tr-aomp/TheRock/build/third-party/host-blas/build/build-openblas/driver/level2/CMakeFiles/dgbmv_thread_t.c
1.5	-- /work/grodgers/git/tr-aomp/TheRock/build/third-party/host-blas/build/build-openblas/driver/level2/CMakeFiles/dtrmv_NUN.c
1.5	-- /work/grodgers/git/tr-aomp/TheRock/build/third-party/host-blas/build/build-openblas/driver/level2/CMakeFiles/dtrmv_NUU.c
1.5	-- /work/grodgers/git/tr-aomp/TheRock/build/third-party/host-blas/build/build-openblas/driver/level2/CMakeFiles/dtrmv_TLN.c
1.5	-- /work/grodgers/git/tr-aomp/TheRock/build/third-party/host-blas/build/build-openblas/driver/level2/CMakeFiles/dtrmv_TLU.c
1.5	-- /work/grodgers/git/tr-aomp/TheRock/build/third-party/host-blas/build/build-openblas/driver/level2/CMakeFiles/dtbmv_NUN.c
1.5	-- /work/grodgers/git/tr-aomp/TheRock/build/third-party/host-blas/build/build-openblas/driver/level2/CMakeFiles/dtbmv_NUU.c
1.5	-- /work/grodgers/git/tr-aomp/TheRock/build/third-party/host-blas/build/build-openblas/driver/level2/CMakeFiles/dtbmv_TLN.c
1.5	-- /work/grodgers/git/tr-aomp/TheRock/build/third-party/host-blas/build/build-openblas/driver/level2/CMakeFiles/dtbmv_TLU.c
1.5	-- /work/grodgers/git/tr-aomp/TheRock/build/third-party/host-blas/build/build-openblas/driver/level2/CMakeFiles/dtbsv_NUN.c
1.5	-- /work/grodgers/git/tr-aomp/TheRock/build/third-party/host-blas/build/build-openblas/driver/level2/CMakeFiles/dtbsv_NUU.c
1.5	-- /work/grodgers/git/tr-aomp/TheRock/build/third-party/host-blas/build/build-openblas/driver/level2/CMakeFiles/dtbsv_TLN.c
1.5	-- /work/grodgers/git/tr-aomp/TheRock/build/third-party/host-blas/build/build-openblas/driver/level2/CMakeFiles/dtbsv_TLU.c
1.5	-- /work/grodgers/git/tr-aomp/TheRock/build/third-party/host-blas/build/build-openblas/driver/level2/CMakeFiles/dtpmv_NUN.c
1.5	-- /work/grodgers/git/tr-aomp/TheRock/build/third-party/host-blas/build/build-openblas/driver/level2/CMakeFiles/dtpmv_NUU.c
1.5	-- /work/grodgers/git/tr-aomp/TheRock/build/third-party/host-blas/build/build-openblas/driver/level2/CMakeFiles/dtpmv_TLN.c
1.5	-- /work/grodgers/git/tr-aomp/TheRock/build/third-party/host-blas/build/build-openblas/driver/level2/CMakeFiles/dtpmv_TLU.c
1.5	-- /work/grodgers/git/tr-aomp/TheRock/build/third-party/host-blas/build/build-openblas/driver/level2/CMakeFiles/dtpsv_NUN.c
1.5	-- /work/grodgers/git/tr-aomp/TheRock/build/third-party/host-blas/build/build-openblas/driver/level2/CMakeFiles/dtpsv_NUU.c
1.5	-- /work/grodgers/git/tr-aomp/TheRock/build/third-party/host-blas/build/build-openblas/driver/level2/CMakeFiles/dtpsv_TLN.c
1.5	-- /work/grodgers/git/tr-aomp/TheRock/build/third-party/host-blas/build/build-openblas/driver/level2/CMakeFiles/dtpsv_TLU.c
1.5	-- /work/grodgers/git/tr-aomp/TheRock/build/third-party/host-blas/build/build-openblas/driver/level2/CMakeFiles/dtrsv_NUN.c
1.5	-- /work/grodgers/git/tr-aomp/TheRock/build/third-party/host-blas/build/build-openblas/driver/level2/CMakeFiles/dtrsv_NUU.c
1.5	-- /work/grodgers/git/tr-aomp/TheRock/build/third-party/host-blas/build/build-openblas/driver/level2/CMakeFiles/dtrsv_TLN.c
1.5	-- /work/grodgers/git/tr-aomp/TheRock/build/third-party/host-blas/build/build-openblas/driver/level2/CMakeFiles/dtrsv_TLU.c
1.5	-- /work/grodgers/git/tr-aomp/TheRock/build/third-party/host-blas/build/build-openblas/driver/level2/CMakeFiles/dtrmv_NLN.c
1.5	-- /work/grodgers/git/tr-aomp/TheRock/build/third-party/host-blas/build/build-openblas/driver/level2/CMakeFiles/dtrmv_NLU.c
1.5	-- /work/grodgers/git/tr-aomp/TheRock/build/third-party/host-blas/build/build-openblas/driver/level2/CMakeFiles/dtrmv_TUN.c
1.5	-- /work/grodgers/git/tr-aomp/TheRock/build/third-party/host-blas/build/build-openblas/driver/level2/CMakeFiles/dtrmv_TUU.c
1.5	-- /work/grodgers/git/tr-aomp/TheRock/build/third-party/host-blas/build/build-openblas/driver/level2/CMakeFiles/dtbmv_NLN.c
1.5	-- /work/grodgers/git/tr-aomp/TheRock/build/third-party/host-blas/build/build-openblas/driver/level2/CMakeFiles/dtbmv_NLU.c
1.5	-- /work/grodgers/git/tr-aomp/TheRock/build/third-party/host-blas/build/build-openblas/driver/level2/CMakeFiles/dtbmv_TUN.c
1.5	-- /work/grodgers/git/tr-aomp/TheRock/build/third-party/host-blas/build/build-openblas/driver/level2/CMakeFiles/dtbmv_TUU.c
1.5	-- /work/grodgers/git/tr-aomp/TheRock/build/third-party/host-blas/build/build-openblas/driver/level2/CMakeFiles/dtbsv_NLN.c
1.5	-- /work/grodgers/git/tr-aomp/TheRock/build/third-party/host-blas/build/build-openblas/driver/level2/CMakeFiles/dtbsv_NLU.c
1.5	-- /work/grodgers/git/tr-aomp/TheRock/build/third-party/host-blas/build/build-openblas/driver/level2/CMakeFiles/dtbsv_TUN.c
1.5	-- /work/grodgers/git/tr-aomp/TheRock/build/third-party/host-blas/build/build-openblas/driver/level2/CMakeFiles/dtbsv_TUU.c
1.5	-- /work/grodgers/git/tr-aomp/TheRock/build/third-party/host-blas/build/build-openblas/driver/level2/CMakeFiles/dtpmv_NLN.c
1.5	-- /work/grodgers/git/tr-aomp/TheRock/build/third-party/host-blas/build/build-openblas/driver/level2/CMakeFiles/dtpmv_NLU.c
1.5	-- /work/grodgers/git/tr-aomp/TheRock/build/third-party/host-blas/build/build-openblas/driver/level2/CMakeFiles/dtpmv_TUN.c
1.5	-- /work/grodgers/git/tr-aomp/TheRock/build/third-party/host-blas/build/build-openblas/driver/level2/CMakeFiles/dtpmv_TUU.c
1.5	-- /work/grodgers/git/tr-aomp/TheRock/build/third-party/host-blas/build/build-openblas/driver/level2/CMakeFiles/dtpsv_NLN.c
1.5	-- /work/grodgers/git/tr-aomp/TheRock/build/third-party/host-blas/build/build-openblas/driver/level2/CMakeFiles/dtpsv_NLU.c
1.5	-- /work/grodgers/git/tr-aomp/TheRock/build/third-party/host-blas/build/build-openblas/driver/level2/CMakeFiles/dtpsv_TUN.c
1.5	-- /work/grodgers/git/tr-aomp/TheRock/build/third-party/host-blas/build/build-openblas/driver/level2/CMakeFiles/dtpsv_TUU.c
1.5	-- /work/grodgers/git/tr-aomp/TheRock/build/third-party/host-blas/build/build-openblas/driver/level2/CMakeFiles/dtrsv_NLN.c
1.5	-- /work/grodgers/git/tr-aomp/TheRock/build/third-party/host-blas/build/build-openblas/driver/level2/CMakeFiles/dtrsv_NLU.c
1.5	-- /work/grodgers/git/tr-aomp/TheRock/build/third-party/host-blas/build/build-openblas/driver/level2/CMakeFiles/dtrsv_TUN.c
1.5	-- /work/grodgers/git/tr-aomp/TheRock/build/third-party/host-blas/build/build-openblas/driver/level2/CMakeFiles/dtrsv_TUU.c
1.5	-- /work/grodgers/git/tr-aomp/TheRock/build/third-party/host-blas/build/build-openblas/driver/level2/CMakeFiles/dger_thread.c
1.5	-- /work/grodgers/git/tr-aomp/TheRock/build/third-party/host-blas/build/build-openblas/driver/level2/CMakeFiles/dtrmv_thread_NUN.c
1.5	-- /work/grodgers/git/tr-aomp/TheRock/build/third-party/host-blas/build/build-openblas/driver/level2/CMakeFiles/dtrmv_thread_NLN.c
1.5	-- /work/grodgers/git/tr-aomp/TheRock/build/third-party/host-blas/build/build-openblas/driver/level2/CMakeFiles/dtrmv_thread_NUU.c
1.5	-- /work/grodgers/git/tr-aomp/TheRock/build/third-party/host-blas/build/build-openblas/driver/level2/CMakeFiles/dtrmv_thread_NLU.c
1.5	-- /work/grodgers/git/tr-aomp/TheRock/build/third-party/host-blas/build/build-openblas/driver/level2/CMakeFiles/dtrmv_thread_TUN.c
1.5	-- /work/grodgers/git/tr-aomp/TheRock/build/third-party/host-blas/build/build-openblas/driver/level2/CMakeFiles/dtrmv_thread_TLN.c
1.5	-- /work/grodgers/git/tr-aomp/TheRock/build/third-party/host-blas/build/build-openblas/driver/level2/CMakeFiles/dtrmv_thread_TUU.c
1.5	-- /work/grodgers/git/tr-aomp/TheRock/build/third-party/host-blas/build/build-openblas/driver/level2/CMakeFiles/dtrmv_thread_TLU.c
1.5	-- /work/grodgers/git/tr-aomp/TheRock/build/third-party/host-blas/build/build-openblas/driver/level2/CMakeFiles/dtpmv_thread_NUN.c
1.5	-- /work/grodgers/git/tr-aomp/TheRock/build/third-party/host-blas/build/build-openblas/driver/level2/CMakeFiles/dtpmv_thread_NLN.c
1.5	-- /work/grodgers/git/tr-aomp/TheRock/build/third-party/host-blas/build/build-openblas/driver/level2/CMakeFiles/dtpmv_thread_NUU.c
1.5	-- /work/grodgers/git/tr-aomp/TheRock/build/third-party/host-blas/build/build-openblas/driver/level2/CMakeFiles/dtpmv_thread_NLU.c
1.5	-- /work/grodgers/git/tr-aomp/TheRock/build/third-party/host-blas/build/build-openblas/driver/level2/CMakeFiles/dtpmv_thread_TUN.c
1.5	-- /work/grodgers/git/tr-aomp/TheRock/build/third-party/host-blas/build/build-openblas/driver/level2/CMakeFiles/dtpmv_thread_TLN.c
1.5	-- /work/grodgers/git/tr-aomp/TheRock/build/third-party/host-blas/build/build-openblas/driver/level2/CMakeFiles/dtpmv_thread_TUU.c
1.5	-- /work/grodgers/git/tr-aomp/TheRock/build/third-party/host-blas/build/build-openblas/driver/level2/CMakeFiles/dtpmv_thread_TLU.c
1.5	-- /work/grodgers/git/tr-aomp/TheRock/build/third-party/host-blas/build/build-openblas/driver/level2/CMakeFiles/dtbmv_thread_NUN.c
1.5	-- /work/grodgers/git/tr-aomp/TheRock/build/third-party/host-blas/build/build-openblas/driver/level2/CMakeFiles/dtbmv_thread_NLN.c
1.5	-- /work/grodgers/git/tr-aomp/TheRock/build/third-party/host-blas/build/build-openblas/driver/level2/CMakeFiles/dtbmv_thread_NUU.c
1.5	-- /work/grodgers/git/tr-aomp/TheRock/build/third-party/host-blas/build/build-openblas/driver/level2/CMakeFiles/dtbmv_thread_NLU.c
1.5	-- /work/grodgers/git/tr-aomp/TheRock/build/third-party/host-blas/build/build-openblas/driver/level2/CMakeFiles/dtbmv_thread_TUN.c
1.5	-- /work/grodgers/git/tr-aomp/TheRock/build/third-party/host-blas/build/build-openblas/driver/level2/CMakeFiles/dtbmv_thread_TLN.c
1.5	-- /work/grodgers/git/tr-aomp/TheRock/build/third-party/host-blas/build/build-openblas/driver/level2/CMakeFiles/dtbmv_thread_TUU.c
1.5	-- /work/grodgers/git/tr-aomp/TheRock/build/third-party/host-blas/build/build-openblas/driver/level2/CMakeFiles/dtbmv_thread_TLU.c
1.5	-- /work/grodgers/git/tr-aomp/TheRock/build/third-party/host-blas/build/build-openblas/driver/level2/CMakeFiles/cgemv_thread_n.c
1.5	-- /work/grodgers/git/tr-aomp/TheRock/build/third-party/host-blas/build/build-openblas/driver/level2/CMakeFiles/cgemv_thread_t.c
1.5	-- /work/grodgers/git/tr-aomp/TheRock/build/third-party/host-blas/build/build-openblas/driver/level2/CMakeFiles/cgbmv_thread_n.c
1.5	-- /work/grodgers/git/tr-aomp/TheRock/build/third-party/host-blas/build/build-openblas/driver/level2/CMakeFiles/cgbmv_thread_t.c
1.5	-- /work/grodgers/git/tr-aomp/TheRock/build/third-party/host-blas/build/build-openblas/driver/level2/CMakeFiles/ctrmv_NUN.c
1.5	-- /work/grodgers/git/tr-aomp/TheRock/build/third-party/host-blas/build/build-openblas/driver/level2/CMakeFiles/ctrmv_NUU.c
1.5	-- /work/grodgers/git/tr-aomp/TheRock/build/third-party/host-blas/build/build-openblas/driver/level2/CMakeFiles/ctrmv_TLN.c
1.5	-- /work/grodgers/git/tr-aomp/TheRock/build/third-party/host-blas/build/build-openblas/driver/level2/CMakeFiles/ctrmv_TLU.c
1.5	-- /work/grodgers/git/tr-aomp/TheRock/build/third-party/host-blas/build/build-openblas/driver/level2/CMakeFiles/ctrmv_RUN.c
1.5	-- /work/grodgers/git/tr-aomp/TheRock/build/third-party/host-blas/build/build-openblas/driver/level2/CMakeFiles/ctrmv_RUU.c
1.5	-- /work/grodgers/git/tr-aomp/TheRock/build/third-party/host-blas/build/build-openblas/driver/level2/CMakeFiles/ctrmv_CLN.c
1.6	-- /work/grodgers/git/tr-aomp/TheRock/build/third-party/host-blas/build/build-openblas/driver/level2/CMakeFiles/ctrmv_CLU.c
1.6	-- /work/grodgers/git/tr-aomp/TheRock/build/third-party/host-blas/build/build-openblas/driver/level2/CMakeFiles/ctbmv_NUN.c
1.6	-- /work/grodgers/git/tr-aomp/TheRock/build/third-party/host-blas/build/build-openblas/driver/level2/CMakeFiles/ctbmv_NUU.c
1.6	-- /work/grodgers/git/tr-aomp/TheRock/build/third-party/host-blas/build/build-openblas/driver/level2/CMakeFiles/ctbmv_TLN.c
1.6	-- /work/grodgers/git/tr-aomp/TheRock/build/third-party/host-blas/build/build-openblas/driver/level2/CMakeFiles/ctbmv_TLU.c
1.6	-- /work/grodgers/git/tr-aomp/TheRock/build/third-party/host-blas/build/build-openblas/driver/level2/CMakeFiles/ctbmv_RUN.c
1.6	-- /work/grodgers/git/tr-aomp/TheRock/build/third-party/host-blas/build/build-openblas/driver/level2/CMakeFiles/ctbmv_RUU.c
1.6	-- /work/grodgers/git/tr-aomp/TheRock/build/third-party/host-blas/build/build-openblas/driver/level2/CMakeFiles/ctbmv_CLN.c
1.6	-- /work/grodgers/git/tr-aomp/TheRock/build/third-party/host-blas/build/build-openblas/driver/level2/CMakeFiles/ctbmv_CLU.c
1.6	-- /work/grodgers/git/tr-aomp/TheRock/build/third-party/host-blas/build/build-openblas/driver/level2/CMakeFiles/ctbsv_NUN.c
1.6	-- /work/grodgers/git/tr-aomp/TheRock/build/third-party/host-blas/build/build-openblas/driver/level2/CMakeFiles/ctbsv_NUU.c
1.6	-- /work/grodgers/git/tr-aomp/TheRock/build/third-party/host-blas/build/build-openblas/driver/level2/CMakeFiles/ctbsv_TLN.c
1.6	-- /work/grodgers/git/tr-aomp/TheRock/build/third-party/host-blas/build/build-openblas/driver/level2/CMakeFiles/ctbsv_TLU.c
1.6	-- /work/grodgers/git/tr-aomp/TheRock/build/third-party/host-blas/build/build-openblas/driver/level2/CMakeFiles/ctbsv_RUN.c
1.6	-- /work/grodgers/git/tr-aomp/TheRock/build/third-party/host-blas/build/build-openblas/driver/level2/CMakeFiles/ctbsv_RUU.c
1.6	-- /work/grodgers/git/tr-aomp/TheRock/build/third-party/host-blas/build/build-openblas/driver/level2/CMakeFiles/ctbsv_CLN.c
1.6	-- /work/grodgers/git/tr-aomp/TheRock/build/third-party/host-blas/build/build-openblas/driver/level2/CMakeFiles/ctbsv_CLU.c
1.6	-- /work/grodgers/git/tr-aomp/TheRock/build/third-party/host-blas/build/build-openblas/driver/level2/CMakeFiles/ctpmv_NUN.c
1.6	-- /work/grodgers/git/tr-aomp/TheRock/build/third-party/host-blas/build/build-openblas/driver/level2/CMakeFiles/ctpmv_NUU.c
1.6	-- /work/grodgers/git/tr-aomp/TheRock/build/third-party/host-blas/build/build-openblas/driver/level2/CMakeFiles/ctpmv_TLN.c
1.6	-- /work/grodgers/git/tr-aomp/TheRock/build/third-party/host-blas/build/build-openblas/driver/level2/CMakeFiles/ctpmv_TLU.c
1.6	-- /work/grodgers/git/tr-aomp/TheRock/build/third-party/host-blas/build/build-openblas/driver/level2/CMakeFiles/ctpmv_RUN.c
1.6	-- /work/grodgers/git/tr-aomp/TheRock/build/third-party/host-blas/build/build-openblas/driver/level2/CMakeFiles/ctpmv_RUU.c
1.6	-- /work/grodgers/git/tr-aomp/TheRock/build/third-party/host-blas/build/build-openblas/driver/level2/CMakeFiles/ctpmv_CLN.c
1.6	-- /work/grodgers/git/tr-aomp/TheRock/build/third-party/host-blas/build/build-openblas/driver/level2/CMakeFiles/ctpmv_CLU.c
1.6	-- /work/grodgers/git/tr-aomp/TheRock/build/third-party/host-blas/build/build-openblas/driver/level2/CMakeFiles/ctpsv_NUN.c
1.6	-- /work/grodgers/git/tr-aomp/TheRock/build/third-party/host-blas/build/build-openblas/driver/level2/CMakeFiles/ctpsv_NUU.c
1.6	-- /work/grodgers/git/tr-aomp/TheRock/build/third-party/host-blas/build/build-openblas/driver/level2/CMakeFiles/ctpsv_TLN.c
1.6	-- /work/grodgers/git/tr-aomp/TheRock/build/third-party/host-blas/build/build-openblas/driver/level2/CMakeFiles/ctpsv_TLU.c
1.6	-- /work/grodgers/git/tr-aomp/TheRock/build/third-party/host-blas/build/build-openblas/driver/level2/CMakeFiles/ctpsv_RUN.c
1.6	-- /work/grodgers/git/tr-aomp/TheRock/build/third-party/host-blas/build/build-openblas/driver/level2/CMakeFiles/ctpsv_RUU.c
1.6	-- /work/grodgers/git/tr-aomp/TheRock/build/third-party/host-blas/build/build-openblas/driver/level2/CMakeFiles/ctpsv_CLN.c
1.6	-- /work/grodgers/git/tr-aomp/TheRock/build/third-party/host-blas/build/build-openblas/driver/level2/CMakeFiles/ctpsv_CLU.c
1.6	-- /work/grodgers/git/tr-aomp/TheRock/build/third-party/host-blas/build/build-openblas/driver/level2/CMakeFiles/ctrsv_NUN.c
1.6	-- /work/grodgers/git/tr-aomp/TheRock/build/third-party/host-blas/build/build-openblas/driver/level2/CMakeFiles/ctrsv_NUU.c
1.6	-- /work/grodgers/git/tr-aomp/TheRock/build/third-party/host-blas/build/build-openblas/driver/level2/CMakeFiles/ctrsv_TLN.c
1.6	-- /work/grodgers/git/tr-aomp/TheRock/build/third-party/host-blas/build/build-openblas/driver/level2/CMakeFiles/ctrsv_TLU.c
1.6	-- /work/grodgers/git/tr-aomp/TheRock/build/third-party/host-blas/build/build-openblas/driver/level2/CMakeFiles/ctrsv_RUN.c
1.6	-- /work/grodgers/git/tr-aomp/TheRock/build/third-party/host-blas/build/build-openblas/driver/level2/CMakeFiles/ctrsv_RUU.c
1.6	-- /work/grodgers/git/tr-aomp/TheRock/build/third-party/host-blas/build/build-openblas/driver/level2/CMakeFiles/ctrsv_CLN.c
1.6	-- /work/grodgers/git/tr-aomp/TheRock/build/third-party/host-blas/build/build-openblas/driver/level2/CMakeFiles/ctrsv_CLU.c
1.6	-- /work/grodgers/git/tr-aomp/TheRock/build/third-party/host-blas/build/build-openblas/driver/level2/CMakeFiles/ctrmv_NLN.c
1.6	-- /work/grodgers/git/tr-aomp/TheRock/build/third-party/host-blas/build/build-openblas/driver/level2/CMakeFiles/ctrmv_NLU.c
1.6	-- /work/grodgers/git/tr-aomp/TheRock/build/third-party/host-blas/build/build-openblas/driver/level2/CMakeFiles/ctrmv_TUN.c
1.6	-- /work/grodgers/git/tr-aomp/TheRock/build/third-party/host-blas/build/build-openblas/driver/level2/CMakeFiles/ctrmv_TUU.c
1.6	-- /work/grodgers/git/tr-aomp/TheRock/build/third-party/host-blas/build/build-openblas/driver/level2/CMakeFiles/ctrmv_RLN.c
1.6	-- /work/grodgers/git/tr-aomp/TheRock/build/third-party/host-blas/build/build-openblas/driver/level2/CMakeFiles/ctrmv_RLU.c
1.6	-- /work/grodgers/git/tr-aomp/TheRock/build/third-party/host-blas/build/build-openblas/driver/level2/CMakeFiles/ctrmv_CUN.c
1.6	-- /work/grodgers/git/tr-aomp/TheRock/build/third-party/host-blas/build/build-openblas/driver/level2/CMakeFiles/ctrmv_CUU.c
1.6	-- /work/grodgers/git/tr-aomp/TheRock/build/third-party/host-blas/build/build-openblas/driver/level2/CMakeFiles/ctbmv_NLN.c
1.6	-- /work/grodgers/git/tr-aomp/TheRock/build/third-party/host-blas/build/build-openblas/driver/level2/CMakeFiles/ctbmv_NLU.c
1.6	-- /work/grodgers/git/tr-aomp/TheRock/build/third-party/host-blas/build/build-openblas/driver/level2/CMakeFiles/ctbmv_TUN.c
1.6	-- /work/grodgers/git/tr-aomp/TheRock/build/third-party/host-blas/build/build-openblas/driver/level2/CMakeFiles/ctbmv_TUU.c
1.6	-- /work/grodgers/git/tr-aomp/TheRock/build/third-party/host-blas/build/build-openblas/driver/level2/CMakeFiles/ctbmv_RLN.c
1.6	-- /work/grodgers/git/tr-aomp/TheRock/build/third-party/host-blas/build/build-openblas/driver/level2/CMakeFiles/ctbmv_RLU.c
1.6	-- /work/grodgers/git/tr-aomp/TheRock/build/third-party/host-blas/build/build-openblas/driver/level2/CMakeFiles/ctbmv_CUN.c
1.6	-- /work/grodgers/git/tr-aomp/TheRock/build/third-party/host-blas/build/build-openblas/driver/level2/CMakeFiles/ctbmv_CUU.c
1.6	-- /work/grodgers/git/tr-aomp/TheRock/build/third-party/host-blas/build/build-openblas/driver/level2/CMakeFiles/ctbsv_NLN.c
1.6	-- /work/grodgers/git/tr-aomp/TheRock/build/third-party/host-blas/build/build-openblas/driver/level2/CMakeFiles/ctbsv_NLU.c
1.6	-- /work/grodgers/git/tr-aomp/TheRock/build/third-party/host-blas/build/build-openblas/driver/level2/CMakeFiles/ctbsv_TUN.c
1.6	-- /work/grodgers/git/tr-aomp/TheRock/build/third-party/host-blas/build/build-openblas/driver/level2/CMakeFiles/ctbsv_TUU.c
1.6	-- /work/grodgers/git/tr-aomp/TheRock/build/third-party/host-blas/build/build-openblas/driver/level2/CMakeFiles/ctbsv_RLN.c
1.6	-- /work/grodgers/git/tr-aomp/TheRock/build/third-party/host-blas/build/build-openblas/driver/level2/CMakeFiles/ctbsv_RLU.c
1.6	-- /work/grodgers/git/tr-aomp/TheRock/build/third-party/host-blas/build/build-openblas/driver/level2/CMakeFiles/ctbsv_CUN.c
1.6	-- /work/grodgers/git/tr-aomp/TheRock/build/third-party/host-blas/build/build-openblas/driver/level2/CMakeFiles/ctbsv_CUU.c
1.6	-- /work/grodgers/git/tr-aomp/TheRock/build/third-party/host-blas/build/build-openblas/driver/level2/CMakeFiles/ctpmv_NLN.c
1.6	-- /work/grodgers/git/tr-aomp/TheRock/build/third-party/host-blas/build/build-openblas/driver/level2/CMakeFiles/ctpmv_NLU.c
1.6	-- /work/grodgers/git/tr-aomp/TheRock/build/third-party/host-blas/build/build-openblas/driver/level2/CMakeFiles/ctpmv_TUN.c
1.6	-- /work/grodgers/git/tr-aomp/TheRock/build/third-party/host-blas/build/build-openblas/driver/level2/CMakeFiles/ctpmv_TUU.c
1.6	-- /work/grodgers/git/tr-aomp/TheRock/build/third-party/host-blas/build/build-openblas/driver/level2/CMakeFiles/ctpmv_RLN.c
1.6	-- /work/grodgers/git/tr-aomp/TheRock/build/third-party/host-blas/build/build-openblas/driver/level2/CMakeFiles/ctpmv_RLU.c
1.6	-- /work/grodgers/git/tr-aomp/TheRock/build/third-party/host-blas/build/build-openblas/driver/level2/CMakeFiles/ctpmv_CUN.c
1.6	-- /work/grodgers/git/tr-aomp/TheRock/build/third-party/host-blas/build/build-openblas/driver/level2/CMakeFiles/ctpmv_CUU.c
1.6	-- /work/grodgers/git/tr-aomp/TheRock/build/third-party/host-blas/build/build-openblas/driver/level2/CMakeFiles/ctpsv_NLN.c
1.6	-- /work/grodgers/git/tr-aomp/TheRock/build/third-party/host-blas/build/build-openblas/driver/level2/CMakeFiles/ctpsv_NLU.c
1.6	-- /work/grodgers/git/tr-aomp/TheRock/build/third-party/host-blas/build/build-openblas/driver/level2/CMakeFiles/ctpsv_TUN.c
1.6	-- /work/grodgers/git/tr-aomp/TheRock/build/third-party/host-blas/build/build-openblas/driver/level2/CMakeFiles/ctpsv_TUU.c
1.6	-- /work/grodgers/git/tr-aomp/TheRock/build/third-party/host-blas/build/build-openblas/driver/level2/CMakeFiles/ctpsv_RLN.c
1.6	-- /work/grodgers/git/tr-aomp/TheRock/build/third-party/host-blas/build/build-openblas/driver/level2/CMakeFiles/ctpsv_RLU.c
1.6	-- /work/grodgers/git/tr-aomp/TheRock/build/third-party/host-blas/build/build-openblas/driver/level2/CMakeFiles/ctpsv_CUN.c
1.6	-- /work/grodgers/git/tr-aomp/TheRock/build/third-party/host-blas/build/build-openblas/driver/level2/CMakeFiles/ctpsv_CUU.c
1.6	-- /work/grodgers/git/tr-aomp/TheRock/build/third-party/host-blas/build/build-openblas/driver/level2/CMakeFiles/ctrsv_NLN.c
1.6	-- /work/grodgers/git/tr-aomp/TheRock/build/third-party/host-blas/build/build-openblas/driver/level2/CMakeFiles/ctrsv_NLU.c
1.6	-- /work/grodgers/git/tr-aomp/TheRock/build/third-party/host-blas/build/build-openblas/driver/level2/CMakeFiles/ctrsv_TUN.c
1.6	-- /work/grodgers/git/tr-aomp/TheRock/build/third-party/host-blas/build/build-openblas/driver/level2/CMakeFiles/ctrsv_TUU.c
1.6	-- /work/grodgers/git/tr-aomp/TheRock/build/third-party/host-blas/build/build-openblas/driver/level2/CMakeFiles/ctrsv_RLN.c
1.6	-- /work/grodgers/git/tr-aomp/TheRock/build/third-party/host-blas/build/build-openblas/driver/level2/CMakeFiles/ctrsv_RLU.c
1.6	-- /work/grodgers/git/tr-aomp/TheRock/build/third-party/host-blas/build/build-openblas/driver/level2/CMakeFiles/ctrsv_CUN.c
1.6	-- /work/grodgers/git/tr-aomp/TheRock/build/third-party/host-blas/build/build-openblas/driver/level2/CMakeFiles/ctrsv_CUU.c
1.6	-- /work/grodgers/git/tr-aomp/TheRock/build/third-party/host-blas/build/build-openblas/driver/level2/CMakeFiles/chbmv_U.c
1.6	-- /work/grodgers/git/tr-aomp/TheRock/build/third-party/host-blas/build/build-openblas/driver/level2/CMakeFiles/chbmv_L.c
1.6	-- /work/grodgers/git/tr-aomp/TheRock/build/third-party/host-blas/build/build-openblas/driver/level2/CMakeFiles/chbmv_V.c
1.6	-- /work/grodgers/git/tr-aomp/TheRock/build/third-party/host-blas/build/build-openblas/driver/level2/CMakeFiles/chbmv_M.c
1.6	-- /work/grodgers/git/tr-aomp/TheRock/build/third-party/host-blas/build/build-openblas/driver/level2/CMakeFiles/chpmv_U.c
1.6	-- /work/grodgers/git/tr-aomp/TheRock/build/third-party/host-blas/build/build-openblas/driver/level2/CMakeFiles/chpmv_L.c
1.6	-- /work/grodgers/git/tr-aomp/TheRock/build/third-party/host-blas/build/build-openblas/driver/level2/CMakeFiles/chpmv_V.c
1.6	-- /work/grodgers/git/tr-aomp/TheRock/build/third-party/host-blas/build/build-openblas/driver/level2/CMakeFiles/chpmv_M.c
1.6	-- /work/grodgers/git/tr-aomp/TheRock/build/third-party/host-blas/build/build-openblas/driver/level2/CMakeFiles/chpr_U.c
1.6	-- /work/grodgers/git/tr-aomp/TheRock/build/third-party/host-blas/build/build-openblas/driver/level2/CMakeFiles/chpr_L.c
1.6	-- /work/grodgers/git/tr-aomp/TheRock/build/third-party/host-blas/build/build-openblas/driver/level2/CMakeFiles/chpr_V.c
1.6	-- /work/grodgers/git/tr-aomp/TheRock/build/third-party/host-blas/build/build-openblas/driver/level2/CMakeFiles/chpr_M.c
1.6	-- /work/grodgers/git/tr-aomp/TheRock/build/third-party/host-blas/build/build-openblas/driver/level2/CMakeFiles/chpr2_U.c
1.6	-- /work/grodgers/git/tr-aomp/TheRock/build/third-party/host-blas/build/build-openblas/driver/level2/CMakeFiles/chpr2_L.c
1.6	-- /work/grodgers/git/tr-aomp/TheRock/build/third-party/host-blas/build/build-openblas/driver/level2/CMakeFiles/chpr2_V.c
1.6	-- /work/grodgers/git/tr-aomp/TheRock/build/third-party/host-blas/build/build-openblas/driver/level2/CMakeFiles/chpr2_M.c
1.6	-- /work/grodgers/git/tr-aomp/TheRock/build/third-party/host-blas/build/build-openblas/driver/level2/CMakeFiles/cher_U.c
1.6	-- /work/grodgers/git/tr-aomp/TheRock/build/third-party/host-blas/build/build-openblas/driver/level2/CMakeFiles/cher_L.c
1.6	-- /work/grodgers/git/tr-aomp/TheRock/build/third-party/host-blas/build/build-openblas/driver/level2/CMakeFiles/cher_V.c
1.6	-- /work/grodgers/git/tr-aomp/TheRock/build/third-party/host-blas/build/build-openblas/driver/level2/CMakeFiles/cher_M.c
1.6	-- /work/grodgers/git/tr-aomp/TheRock/build/third-party/host-blas/build/build-openblas/driver/level2/CMakeFiles/cher2_U.c
1.6	-- /work/grodgers/git/tr-aomp/TheRock/build/third-party/host-blas/build/build-openblas/driver/level2/CMakeFiles/cher2_L.c
1.6	-- /work/grodgers/git/tr-aomp/TheRock/build/third-party/host-blas/build/build-openblas/driver/level2/CMakeFiles/cher2_V.c
1.6	-- /work/grodgers/git/tr-aomp/TheRock/build/third-party/host-blas/build/build-openblas/driver/level2/CMakeFiles/cher2_M.c
1.6	-- /work/grodgers/git/tr-aomp/TheRock/build/third-party/host-blas/build/build-openblas/driver/level2/CMakeFiles/cgemv_thread_r.c
1.6	-- /work/grodgers/git/tr-aomp/TheRock/build/third-party/host-blas/build/build-openblas/driver/level2/CMakeFiles/cgemv_thread_c.c
1.6	-- /work/grodgers/git/tr-aomp/TheRock/build/third-party/host-blas/build/build-openblas/driver/level2/CMakeFiles/cgemv_thread_o.c
1.6	-- /work/grodgers/git/tr-aomp/TheRock/build/third-party/host-blas/build/build-openblas/driver/level2/CMakeFiles/cgemv_thread_u.c
1.6	-- /work/grodgers/git/tr-aomp/TheRock/build/third-party/host-blas/build/build-openblas/driver/level2/CMakeFiles/cgemv_thread_s.c
1.6	-- /work/grodgers/git/tr-aomp/TheRock/build/third-party/host-blas/build/build-openblas/driver/level2/CMakeFiles/cgemv_thread_d.c
1.6	-- /work/grodgers/git/tr-aomp/TheRock/build/third-party/host-blas/build/build-openblas/driver/level2/CMakeFiles/cgbmv_thread_r.c
1.6	-- /work/grodgers/git/tr-aomp/TheRock/build/third-party/host-blas/build/build-openblas/driver/level2/CMakeFiles/cgbmv_thread_c.c
1.6	-- /work/grodgers/git/tr-aomp/TheRock/build/third-party/host-blas/build/build-openblas/driver/level2/CMakeFiles/cgbmv_thread_o.c
1.6	-- /work/grodgers/git/tr-aomp/TheRock/build/third-party/host-blas/build/build-openblas/driver/level2/CMakeFiles/cgbmv_thread_u.c
1.6	-- /work/grodgers/git/tr-aomp/TheRock/build/third-party/host-blas/build/build-openblas/driver/level2/CMakeFiles/cgbmv_thread_s.c
1.6	-- /work/grodgers/git/tr-aomp/TheRock/build/third-party/host-blas/build/build-openblas/driver/level2/CMakeFiles/cgbmv_thread_d.c
1.6	-- /work/grodgers/git/tr-aomp/TheRock/build/third-party/host-blas/build/build-openblas/driver/level2/CMakeFiles/cger_thread_U.c
1.6	-- /work/grodgers/git/tr-aomp/TheRock/build/third-party/host-blas/build/build-openblas/driver/level2/CMakeFiles/cger_thread_C.c
1.6	-- /work/grodgers/git/tr-aomp/TheRock/build/third-party/host-blas/build/build-openblas/driver/level2/CMakeFiles/cger_thread_V.c
1.6	-- /work/grodgers/git/tr-aomp/TheRock/build/third-party/host-blas/build/build-openblas/driver/level2/CMakeFiles/cger_thread_D.c
1.6	-- /work/grodgers/git/tr-aomp/TheRock/build/third-party/host-blas/build/build-openblas/driver/level2/CMakeFiles/chbmv_thread_U.c
1.6	-- /work/grodgers/git/tr-aomp/TheRock/build/third-party/host-blas/build/build-openblas/driver/level2/CMakeFiles/chbmv_thread_L.c
1.6	-- /work/grodgers/git/tr-aomp/TheRock/build/third-party/host-blas/build/build-openblas/driver/level2/CMakeFiles/chbmv_thread_V.c
1.6	-- /work/grodgers/git/tr-aomp/TheRock/build/third-party/host-blas/build/build-openblas/driver/level2/CMakeFiles/chbmv_thread_M.c
1.6	-- /work/grodgers/git/tr-aomp/TheRock/build/third-party/host-blas/build/build-openblas/driver/level2/CMakeFiles/chpmv_thread_U.c
1.6	-- /work/grodgers/git/tr-aomp/TheRock/build/third-party/host-blas/build/build-openblas/driver/level2/CMakeFiles/chpmv_thread_L.c
1.6	-- /work/grodgers/git/tr-aomp/TheRock/build/third-party/host-blas/build/build-openblas/driver/level2/CMakeFiles/chpmv_thread_V.c
1.6	-- /work/grodgers/git/tr-aomp/TheRock/build/third-party/host-blas/build/build-openblas/driver/level2/CMakeFiles/chpmv_thread_M.c
1.6	-- /work/grodgers/git/tr-aomp/TheRock/build/third-party/host-blas/build/build-openblas/driver/level2/CMakeFiles/chpr_thread_U.c
1.6	-- /work/grodgers/git/tr-aomp/TheRock/build/third-party/host-blas/build/build-openblas/driver/level2/CMakeFiles/chpr_thread_L.c
1.6	-- /work/grodgers/git/tr-aomp/TheRock/build/third-party/host-blas/build/build-openblas/driver/level2/CMakeFiles/chpr_thread_V.c
1.6	-- /work/grodgers/git/tr-aomp/TheRock/build/third-party/host-blas/build/build-openblas/driver/level2/CMakeFiles/chpr_thread_M.c
1.6	-- /work/grodgers/git/tr-aomp/TheRock/build/third-party/host-blas/build/build-openblas/driver/level2/CMakeFiles/chpr2_thread_U.c
1.6	-- /work/grodgers/git/tr-aomp/TheRock/build/third-party/host-blas/build/build-openblas/driver/level2/CMakeFiles/chpr2_thread_L.c
1.6	-- /work/grodgers/git/tr-aomp/TheRock/build/third-party/host-blas/build/build-openblas/driver/level2/CMakeFiles/chpr2_thread_V.c
1.6	-- /work/grodgers/git/tr-aomp/TheRock/build/third-party/host-blas/build/build-openblas/driver/level2/CMakeFiles/chpr2_thread_M.c
1.6	-- /work/grodgers/git/tr-aomp/TheRock/build/third-party/host-blas/build/build-openblas/driver/level2/CMakeFiles/chemv_thread_U.c
1.6	-- /work/grodgers/git/tr-aomp/TheRock/build/third-party/host-blas/build/build-openblas/driver/level2/CMakeFiles/chemv_thread_L.c
1.6	-- /work/grodgers/git/tr-aomp/TheRock/build/third-party/host-blas/build/build-openblas/driver/level2/CMakeFiles/chemv_thread_V.c
1.6	-- /work/grodgers/git/tr-aomp/TheRock/build/third-party/host-blas/build/build-openblas/driver/level2/CMakeFiles/chemv_thread_M.c
1.6	-- /work/grodgers/git/tr-aomp/TheRock/build/third-party/host-blas/build/build-openblas/driver/level2/CMakeFiles/cher_thread_U.c
1.6	-- /work/grodgers/git/tr-aomp/TheRock/build/third-party/host-blas/build/build-openblas/driver/level2/CMakeFiles/cher_thread_L.c
1.6	-- /work/grodgers/git/tr-aomp/TheRock/build/third-party/host-blas/build/build-openblas/driver/level2/CMakeFiles/cher_thread_V.c
1.6	-- /work/grodgers/git/tr-aomp/TheRock/build/third-party/host-blas/build/build-openblas/driver/level2/CMakeFiles/cher_thread_M.c
1.6	-- /work/grodgers/git/tr-aomp/TheRock/build/third-party/host-blas/build/build-openblas/driver/level2/CMakeFiles/cher2_thread_U.c
1.6	-- /work/grodgers/git/tr-aomp/TheRock/build/third-party/host-blas/build/build-openblas/driver/level2/CMakeFiles/cher2_thread_L.c
1.6	-- /work/grodgers/git/tr-aomp/TheRock/build/third-party/host-blas/build/build-openblas/driver/level2/CMakeFiles/cher2_thread_V.c
1.6	-- /work/grodgers/git/tr-aomp/TheRock/build/third-party/host-blas/build/build-openblas/driver/level2/CMakeFiles/cher2_thread_M.c
1.6	-- /work/grodgers/git/tr-aomp/TheRock/build/third-party/host-blas/build/build-openblas/driver/level2/CMakeFiles/ctrmv_thread_NUN.c
1.6	-- /work/grodgers/git/tr-aomp/TheRock/build/third-party/host-blas/build/build-openblas/driver/level2/CMakeFiles/ctrmv_thread_NLN.c
1.6	-- /work/grodgers/git/tr-aomp/TheRock/build/third-party/host-blas/build/build-openblas/driver/level2/CMakeFiles/ctrmv_thread_NUU.c
1.6	-- /work/grodgers/git/tr-aomp/TheRock/build/third-party/host-blas/build/build-openblas/driver/level2/CMakeFiles/ctrmv_thread_NLU.c
1.6	-- /work/grodgers/git/tr-aomp/TheRock/build/third-party/host-blas/build/build-openblas/driver/level2/CMakeFiles/ctrmv_thread_TUN.c
1.6	-- /work/grodgers/git/tr-aomp/TheRock/build/third-party/host-blas/build/build-openblas/driver/level2/CMakeFiles/ctrmv_thread_TLN.c
1.6	-- /work/grodgers/git/tr-aomp/TheRock/build/third-party/host-blas/build/build-openblas/driver/level2/CMakeFiles/ctrmv_thread_TUU.c
1.6	-- /work/grodgers/git/tr-aomp/TheRock/build/third-party/host-blas/build/build-openblas/driver/level2/CMakeFiles/ctrmv_thread_TLU.c
1.6	-- /work/grodgers/git/tr-aomp/TheRock/build/third-party/host-blas/build/build-openblas/driver/level2/CMakeFiles/ctrmv_thread_RUN.c
1.6	-- /work/grodgers/git/tr-aomp/TheRock/build/third-party/host-blas/build/build-openblas/driver/level2/CMakeFiles/ctrmv_thread_RLN.c
1.6	-- /work/grodgers/git/tr-aomp/TheRock/build/third-party/host-blas/build/build-openblas/driver/level2/CMakeFiles/ctrmv_thread_RUU.c
1.6	-- /work/grodgers/git/tr-aomp/TheRock/build/third-party/host-blas/build/build-openblas/driver/level2/CMakeFiles/ctrmv_thread_RLU.c
1.6	-- /work/grodgers/git/tr-aomp/TheRock/build/third-party/host-blas/build/build-openblas/driver/level2/CMakeFiles/ctrmv_thread_CUN.c
1.6	-- /work/grodgers/git/tr-aomp/TheRock/build/third-party/host-blas/build/build-openblas/driver/level2/CMakeFiles/ctrmv_thread_CLN.c
1.6	-- /work/grodgers/git/tr-aomp/TheRock/build/third-party/host-blas/build/build-openblas/driver/level2/CMakeFiles/ctrmv_thread_CUU.c
1.6	-- /work/grodgers/git/tr-aomp/TheRock/build/third-party/host-blas/build/build-openblas/driver/level2/CMakeFiles/ctrmv_thread_CLU.c
1.6	-- /work/grodgers/git/tr-aomp/TheRock/build/third-party/host-blas/build/build-openblas/driver/level2/CMakeFiles/ctpmv_thread_NUN.c
1.6	-- /work/grodgers/git/tr-aomp/TheRock/build/third-party/host-blas/build/build-openblas/driver/level2/CMakeFiles/ctpmv_thread_NLN.c
1.6	-- /work/grodgers/git/tr-aomp/TheRock/build/third-party/host-blas/build/build-openblas/driver/level2/CMakeFiles/ctpmv_thread_NUU.c
1.6	-- /work/grodgers/git/tr-aomp/TheRock/build/third-party/host-blas/build/build-openblas/driver/level2/CMakeFiles/ctpmv_thread_NLU.c
1.6	-- /work/grodgers/git/tr-aomp/TheRock/build/third-party/host-blas/build/build-openblas/driver/level2/CMakeFiles/ctpmv_thread_TUN.c
1.6	-- /work/grodgers/git/tr-aomp/TheRock/build/third-party/host-blas/build/build-openblas/driver/level2/CMakeFiles/ctpmv_thread_TLN.c
1.6	-- /work/grodgers/git/tr-aomp/TheRock/build/third-party/host-blas/build/build-openblas/driver/level2/CMakeFiles/ctpmv_thread_TUU.c
1.6	-- /work/grodgers/git/tr-aomp/TheRock/build/third-party/host-blas/build/build-openblas/driver/level2/CMakeFiles/ctpmv_thread_TLU.c
1.6	-- /work/grodgers/git/tr-aomp/TheRock/build/third-party/host-blas/build/build-openblas/driver/level2/CMakeFiles/ctpmv_thread_RUN.c
1.6	-- /work/grodgers/git/tr-aomp/TheRock/build/third-party/host-blas/build/build-openblas/driver/level2/CMakeFiles/ctpmv_thread_RLN.c
1.6	-- /work/grodgers/git/tr-aomp/TheRock/build/third-party/host-blas/build/build-openblas/driver/level2/CMakeFiles/ctpmv_thread_RUU.c
1.6	-- /work/grodgers/git/tr-aomp/TheRock/build/third-party/host-blas/build/build-openblas/driver/level2/CMakeFiles/ctpmv_thread_RLU.c
1.6	-- /work/grodgers/git/tr-aomp/TheRock/build/third-party/host-blas/build/build-openblas/driver/level2/CMakeFiles/ctpmv_thread_CUN.c
1.6	-- /work/grodgers/git/tr-aomp/TheRock/build/third-party/host-blas/build/build-openblas/driver/level2/CMakeFiles/ctpmv_thread_CLN.c
1.6	-- /work/grodgers/git/tr-aomp/TheRock/build/third-party/host-blas/build/build-openblas/driver/level2/CMakeFiles/ctpmv_thread_CUU.c
1.6	-- /work/grodgers/git/tr-aomp/TheRock/build/third-party/host-blas/build/build-openblas/driver/level2/CMakeFiles/ctpmv_thread_CLU.c
1.6	-- /work/grodgers/git/tr-aomp/TheRock/build/third-party/host-blas/build/build-openblas/driver/level2/CMakeFiles/ctbmv_thread_NUN.c
1.6	-- /work/grodgers/git/tr-aomp/TheRock/build/third-party/host-blas/build/build-openblas/driver/level2/CMakeFiles/ctbmv_thread_NLN.c
1.6	-- /work/grodgers/git/tr-aomp/TheRock/build/third-party/host-blas/build/build-openblas/driver/level2/CMakeFiles/ctbmv_thread_NUU.c
1.6	-- /work/grodgers/git/tr-aomp/TheRock/build/third-party/host-blas/build/build-openblas/driver/level2/CMakeFiles/ctbmv_thread_NLU.c
1.6	-- /work/grodgers/git/tr-aomp/TheRock/build/third-party/host-blas/build/build-openblas/driver/level2/CMakeFiles/ctbmv_thread_TUN.c
1.6	-- /work/grodgers/git/tr-aomp/TheRock/build/third-party/host-blas/build/build-openblas/driver/level2/CMakeFiles/ctbmv_thread_TLN.c
1.6	-- /work/grodgers/git/tr-aomp/TheRock/build/third-party/host-blas/build/build-openblas/driver/level2/CMakeFiles/ctbmv_thread_TUU.c
1.6	-- /work/grodgers/git/tr-aomp/TheRock/build/third-party/host-blas/build/build-openblas/driver/level2/CMakeFiles/ctbmv_thread_TLU.c
1.6	-- /work/grodgers/git/tr-aomp/TheRock/build/third-party/host-blas/build/build-openblas/driver/level2/CMakeFiles/ctbmv_thread_RUN.c
1.6	-- /work/grodgers/git/tr-aomp/TheRock/build/third-party/host-blas/build/build-openblas/driver/level2/CMakeFiles/ctbmv_thread_RLN.c
1.6	-- /work/grodgers/git/tr-aomp/TheRock/build/third-party/host-blas/build/build-openblas/driver/level2/CMakeFiles/ctbmv_thread_RUU.c
1.6	-- /work/grodgers/git/tr-aomp/TheRock/build/third-party/host-blas/build/build-openblas/driver/level2/CMakeFiles/ctbmv_thread_RLU.c
1.6	-- /work/grodgers/git/tr-aomp/TheRock/build/third-party/host-blas/build/build-openblas/driver/level2/CMakeFiles/ctbmv_thread_CUN.c
1.6	-- /work/grodgers/git/tr-aomp/TheRock/build/third-party/host-blas/build/build-openblas/driver/level2/CMakeFiles/ctbmv_thread_CLN.c
1.6	-- /work/grodgers/git/tr-aomp/TheRock/build/third-party/host-blas/build/build-openblas/driver/level2/CMakeFiles/ctbmv_thread_CUU.c
1.6	-- /work/grodgers/git/tr-aomp/TheRock/build/third-party/host-blas/build/build-openblas/driver/level2/CMakeFiles/ctbmv_thread_CLU.c
1.6	-- /work/grodgers/git/tr-aomp/TheRock/build/third-party/host-blas/build/build-openblas/driver/level2/CMakeFiles/zgemv_thread_n.c
1.6	-- /work/grodgers/git/tr-aomp/TheRock/build/third-party/host-blas/build/build-openblas/driver/level2/CMakeFiles/zgemv_thread_t.c
1.7	-- /work/grodgers/git/tr-aomp/TheRock/build/third-party/host-blas/build/build-openblas/driver/level2/CMakeFiles/zgbmv_thread_n.c
1.7	-- /work/grodgers/git/tr-aomp/TheRock/build/third-party/host-blas/build/build-openblas/driver/level2/CMakeFiles/zgbmv_thread_t.c
1.7	-- /work/grodgers/git/tr-aomp/TheRock/build/third-party/host-blas/build/build-openblas/driver/level2/CMakeFiles/ztrmv_NUN.c
1.7	-- /work/grodgers/git/tr-aomp/TheRock/build/third-party/host-blas/build/build-openblas/driver/level2/CMakeFiles/ztrmv_NUU.c
1.7	-- /work/grodgers/git/tr-aomp/TheRock/build/third-party/host-blas/build/build-openblas/driver/level2/CMakeFiles/ztrmv_TLN.c
1.7	-- /work/grodgers/git/tr-aomp/TheRock/build/third-party/host-blas/build/build-openblas/driver/level2/CMakeFiles/ztrmv_TLU.c
1.7	-- /work/grodgers/git/tr-aomp/TheRock/build/third-party/host-blas/build/build-openblas/driver/level2/CMakeFiles/ztrmv_RUN.c
1.7	-- /work/grodgers/git/tr-aomp/TheRock/build/third-party/host-blas/build/build-openblas/driver/level2/CMakeFiles/ztrmv_RUU.c
1.7	-- /work/grodgers/git/tr-aomp/TheRock/build/third-party/host-blas/build/build-openblas/driver/level2/CMakeFiles/ztrmv_CLN.c
1.7	-- /work/grodgers/git/tr-aomp/TheRock/build/third-party/host-blas/build/build-openblas/driver/level2/CMakeFiles/ztrmv_CLU.c
1.7	-- /work/grodgers/git/tr-aomp/TheRock/build/third-party/host-blas/build/build-openblas/driver/level2/CMakeFiles/ztbmv_NUN.c
1.7	-- /work/grodgers/git/tr-aomp/TheRock/build/third-party/host-blas/build/build-openblas/driver/level2/CMakeFiles/ztbmv_NUU.c
1.7	-- /work/grodgers/git/tr-aomp/TheRock/build/third-party/host-blas/build/build-openblas/driver/level2/CMakeFiles/ztbmv_TLN.c
1.7	-- /work/grodgers/git/tr-aomp/TheRock/build/third-party/host-blas/build/build-openblas/driver/level2/CMakeFiles/ztbmv_TLU.c
1.7	-- /work/grodgers/git/tr-aomp/TheRock/build/third-party/host-blas/build/build-openblas/driver/level2/CMakeFiles/ztbmv_RUN.c
1.7	-- /work/grodgers/git/tr-aomp/TheRock/build/third-party/host-blas/build/build-openblas/driver/level2/CMakeFiles/ztbmv_RUU.c
1.7	-- /work/grodgers/git/tr-aomp/TheRock/build/third-party/host-blas/build/build-openblas/driver/level2/CMakeFiles/ztbmv_CLN.c
1.7	-- /work/grodgers/git/tr-aomp/TheRock/build/third-party/host-blas/build/build-openblas/driver/level2/CMakeFiles/ztbmv_CLU.c
1.7	-- /work/grodgers/git/tr-aomp/TheRock/build/third-party/host-blas/build/build-openblas/driver/level2/CMakeFiles/ztbsv_NUN.c
1.7	-- /work/grodgers/git/tr-aomp/TheRock/build/third-party/host-blas/build/build-openblas/driver/level2/CMakeFiles/ztbsv_NUU.c
1.7	-- /work/grodgers/git/tr-aomp/TheRock/build/third-party/host-blas/build/build-openblas/driver/level2/CMakeFiles/ztbsv_TLN.c
1.7	-- /work/grodgers/git/tr-aomp/TheRock/build/third-party/host-blas/build/build-openblas/driver/level2/CMakeFiles/ztbsv_TLU.c
1.7	-- /work/grodgers/git/tr-aomp/TheRock/build/third-party/host-blas/build/build-openblas/driver/level2/CMakeFiles/ztbsv_RUN.c
1.7	-- /work/grodgers/git/tr-aomp/TheRock/build/third-party/host-blas/build/build-openblas/driver/level2/CMakeFiles/ztbsv_RUU.c
1.7	-- /work/grodgers/git/tr-aomp/TheRock/build/third-party/host-blas/build/build-openblas/driver/level2/CMakeFiles/ztbsv_CLN.c
1.7	-- /work/grodgers/git/tr-aomp/TheRock/build/third-party/host-blas/build/build-openblas/driver/level2/CMakeFiles/ztbsv_CLU.c
1.7	-- /work/grodgers/git/tr-aomp/TheRock/build/third-party/host-blas/build/build-openblas/driver/level2/CMakeFiles/ztpmv_NUN.c
1.7	-- /work/grodgers/git/tr-aomp/TheRock/build/third-party/host-blas/build/build-openblas/driver/level2/CMakeFiles/ztpmv_NUU.c
1.7	-- /work/grodgers/git/tr-aomp/TheRock/build/third-party/host-blas/build/build-openblas/driver/level2/CMakeFiles/ztpmv_TLN.c
1.7	-- /work/grodgers/git/tr-aomp/TheRock/build/third-party/host-blas/build/build-openblas/driver/level2/CMakeFiles/ztpmv_TLU.c
1.7	-- /work/grodgers/git/tr-aomp/TheRock/build/third-party/host-blas/build/build-openblas/driver/level2/CMakeFiles/ztpmv_RUN.c
1.7	-- /work/grodgers/git/tr-aomp/TheRock/build/third-party/host-blas/build/build-openblas/driver/level2/CMakeFiles/ztpmv_RUU.c
1.7	-- /work/grodgers/git/tr-aomp/TheRock/build/third-party/host-blas/build/build-openblas/driver/level2/CMakeFiles/ztpmv_CLN.c
1.7	-- /work/grodgers/git/tr-aomp/TheRock/build/third-party/host-blas/build/build-openblas/driver/level2/CMakeFiles/ztpmv_CLU.c
1.7	-- /work/grodgers/git/tr-aomp/TheRock/build/third-party/host-blas/build/build-openblas/driver/level2/CMakeFiles/ztpsv_NUN.c
1.7	-- /work/grodgers/git/tr-aomp/TheRock/build/third-party/host-blas/build/build-openblas/driver/level2/CMakeFiles/ztpsv_NUU.c
1.7	-- /work/grodgers/git/tr-aomp/TheRock/build/third-party/host-blas/build/build-openblas/driver/level2/CMakeFiles/ztpsv_TLN.c
1.7	-- /work/grodgers/git/tr-aomp/TheRock/build/third-party/host-blas/build/build-openblas/driver/level2/CMakeFiles/ztpsv_TLU.c
1.7	-- /work/grodgers/git/tr-aomp/TheRock/build/third-party/host-blas/build/build-openblas/driver/level2/CMakeFiles/ztpsv_RUN.c
1.7	-- /work/grodgers/git/tr-aomp/TheRock/build/third-party/host-blas/build/build-openblas/driver/level2/CMakeFiles/ztpsv_RUU.c
1.7	-- /work/grodgers/git/tr-aomp/TheRock/build/third-party/host-blas/build/build-openblas/driver/level2/CMakeFiles/ztpsv_CLN.c
1.7	-- /work/grodgers/git/tr-aomp/TheRock/build/third-party/host-blas/build/build-openblas/driver/level2/CMakeFiles/ztpsv_CLU.c
1.7	-- /work/grodgers/git/tr-aomp/TheRock/build/third-party/host-blas/build/build-openblas/driver/level2/CMakeFiles/ztrsv_NUN.c
1.7	-- /work/grodgers/git/tr-aomp/TheRock/build/third-party/host-blas/build/build-openblas/driver/level2/CMakeFiles/ztrsv_NUU.c
1.7	-- /work/grodgers/git/tr-aomp/TheRock/build/third-party/host-blas/build/build-openblas/driver/level2/CMakeFiles/ztrsv_TLN.c
1.7	-- /work/grodgers/git/tr-aomp/TheRock/build/third-party/host-blas/build/build-openblas/driver/level2/CMakeFiles/ztrsv_TLU.c
1.7	-- /work/grodgers/git/tr-aomp/TheRock/build/third-party/host-blas/build/build-openblas/driver/level2/CMakeFiles/ztrsv_RUN.c
1.7	-- /work/grodgers/git/tr-aomp/TheRock/build/third-party/host-blas/build/build-openblas/driver/level2/CMakeFiles/ztrsv_RUU.c
1.7	-- /work/grodgers/git/tr-aomp/TheRock/build/third-party/host-blas/build/build-openblas/driver/level2/CMakeFiles/ztrsv_CLN.c
1.7	-- /work/grodgers/git/tr-aomp/TheRock/build/third-party/host-blas/build/build-openblas/driver/level2/CMakeFiles/ztrsv_CLU.c
1.7	-- /work/grodgers/git/tr-aomp/TheRock/build/third-party/host-blas/build/build-openblas/driver/level2/CMakeFiles/ztrmv_NLN.c
1.7	-- /work/grodgers/git/tr-aomp/TheRock/build/third-party/host-blas/build/build-openblas/driver/level2/CMakeFiles/ztrmv_NLU.c
1.7	-- /work/grodgers/git/tr-aomp/TheRock/build/third-party/host-blas/build/build-openblas/driver/level2/CMakeFiles/ztrmv_TUN.c
1.7	-- /work/grodgers/git/tr-aomp/TheRock/build/third-party/host-blas/build/build-openblas/driver/level2/CMakeFiles/ztrmv_TUU.c
1.7	-- /work/grodgers/git/tr-aomp/TheRock/build/third-party/host-blas/build/build-openblas/driver/level2/CMakeFiles/ztrmv_RLN.c
1.7	-- /work/grodgers/git/tr-aomp/TheRock/build/third-party/host-blas/build/build-openblas/driver/level2/CMakeFiles/ztrmv_RLU.c
1.7	-- /work/grodgers/git/tr-aomp/TheRock/build/third-party/host-blas/build/build-openblas/driver/level2/CMakeFiles/ztrmv_CUN.c
1.7	-- /work/grodgers/git/tr-aomp/TheRock/build/third-party/host-blas/build/build-openblas/driver/level2/CMakeFiles/ztrmv_CUU.c
1.7	-- /work/grodgers/git/tr-aomp/TheRock/build/third-party/host-blas/build/build-openblas/driver/level2/CMakeFiles/ztbmv_NLN.c
1.7	-- /work/grodgers/git/tr-aomp/TheRock/build/third-party/host-blas/build/build-openblas/driver/level2/CMakeFiles/ztbmv_NLU.c
1.7	-- /work/grodgers/git/tr-aomp/TheRock/build/third-party/host-blas/build/build-openblas/driver/level2/CMakeFiles/ztbmv_TUN.c
1.7	-- /work/grodgers/git/tr-aomp/TheRock/build/third-party/host-blas/build/build-openblas/driver/level2/CMakeFiles/ztbmv_TUU.c
1.7	-- /work/grodgers/git/tr-aomp/TheRock/build/third-party/host-blas/build/build-openblas/driver/level2/CMakeFiles/ztbmv_RLN.c
1.7	-- /work/grodgers/git/tr-aomp/TheRock/build/third-party/host-blas/build/build-openblas/driver/level2/CMakeFiles/ztbmv_RLU.c
1.7	-- /work/grodgers/git/tr-aomp/TheRock/build/third-party/host-blas/build/build-openblas/driver/level2/CMakeFiles/ztbmv_CUN.c
1.7	-- /work/grodgers/git/tr-aomp/TheRock/build/third-party/host-blas/build/build-openblas/driver/level2/CMakeFiles/ztbmv_CUU.c
1.7	-- /work/grodgers/git/tr-aomp/TheRock/build/third-party/host-blas/build/build-openblas/driver/level2/CMakeFiles/ztbsv_NLN.c
1.7	-- /work/grodgers/git/tr-aomp/TheRock/build/third-party/host-blas/build/build-openblas/driver/level2/CMakeFiles/ztbsv_NLU.c
1.7	-- /work/grodgers/git/tr-aomp/TheRock/build/third-party/host-blas/build/build-openblas/driver/level2/CMakeFiles/ztbsv_TUN.c
1.7	-- /work/grodgers/git/tr-aomp/TheRock/build/third-party/host-blas/build/build-openblas/driver/level2/CMakeFiles/ztbsv_TUU.c
1.7	-- /work/grodgers/git/tr-aomp/TheRock/build/third-party/host-blas/build/build-openblas/driver/level2/CMakeFiles/ztbsv_RLN.c
1.7	-- /work/grodgers/git/tr-aomp/TheRock/build/third-party/host-blas/build/build-openblas/driver/level2/CMakeFiles/ztbsv_RLU.c
1.7	-- /work/grodgers/git/tr-aomp/TheRock/build/third-party/host-blas/build/build-openblas/driver/level2/CMakeFiles/ztbsv_CUN.c
1.7	-- /work/grodgers/git/tr-aomp/TheRock/build/third-party/host-blas/build/build-openblas/driver/level2/CMakeFiles/ztbsv_CUU.c
1.7	-- /work/grodgers/git/tr-aomp/TheRock/build/third-party/host-blas/build/build-openblas/driver/level2/CMakeFiles/ztpmv_NLN.c
1.7	-- /work/grodgers/git/tr-aomp/TheRock/build/third-party/host-blas/build/build-openblas/driver/level2/CMakeFiles/ztpmv_NLU.c
1.7	-- /work/grodgers/git/tr-aomp/TheRock/build/third-party/host-blas/build/build-openblas/driver/level2/CMakeFiles/ztpmv_TUN.c
1.7	-- /work/grodgers/git/tr-aomp/TheRock/build/third-party/host-blas/build/build-openblas/driver/level2/CMakeFiles/ztpmv_TUU.c
1.7	-- /work/grodgers/git/tr-aomp/TheRock/build/third-party/host-blas/build/build-openblas/driver/level2/CMakeFiles/ztpmv_RLN.c
1.7	-- /work/grodgers/git/tr-aomp/TheRock/build/third-party/host-blas/build/build-openblas/driver/level2/CMakeFiles/ztpmv_RLU.c
1.7	-- /work/grodgers/git/tr-aomp/TheRock/build/third-party/host-blas/build/build-openblas/driver/level2/CMakeFiles/ztpmv_CUN.c
1.7	-- /work/grodgers/git/tr-aomp/TheRock/build/third-party/host-blas/build/build-openblas/driver/level2/CMakeFiles/ztpmv_CUU.c
1.7	-- /work/grodgers/git/tr-aomp/TheRock/build/third-party/host-blas/build/build-openblas/driver/level2/CMakeFiles/ztpsv_NLN.c
1.7	-- /work/grodgers/git/tr-aomp/TheRock/build/third-party/host-blas/build/build-openblas/driver/level2/CMakeFiles/ztpsv_NLU.c
1.7	-- /work/grodgers/git/tr-aomp/TheRock/build/third-party/host-blas/build/build-openblas/driver/level2/CMakeFiles/ztpsv_TUN.c
1.7	-- /work/grodgers/git/tr-aomp/TheRock/build/third-party/host-blas/build/build-openblas/driver/level2/CMakeFiles/ztpsv_TUU.c
1.7	-- /work/grodgers/git/tr-aomp/TheRock/build/third-party/host-blas/build/build-openblas/driver/level2/CMakeFiles/ztpsv_RLN.c
1.7	-- /work/grodgers/git/tr-aomp/TheRock/build/third-party/host-blas/build/build-openblas/driver/level2/CMakeFiles/ztpsv_RLU.c
1.7	-- /work/grodgers/git/tr-aomp/TheRock/build/third-party/host-blas/build/build-openblas/driver/level2/CMakeFiles/ztpsv_CUN.c
1.7	-- /work/grodgers/git/tr-aomp/TheRock/build/third-party/host-blas/build/build-openblas/driver/level2/CMakeFiles/ztpsv_CUU.c
1.7	-- /work/grodgers/git/tr-aomp/TheRock/build/third-party/host-blas/build/build-openblas/driver/level2/CMakeFiles/ztrsv_NLN.c
1.7	-- /work/grodgers/git/tr-aomp/TheRock/build/third-party/host-blas/build/build-openblas/driver/level2/CMakeFiles/ztrsv_NLU.c
1.7	-- /work/grodgers/git/tr-aomp/TheRock/build/third-party/host-blas/build/build-openblas/driver/level2/CMakeFiles/ztrsv_TUN.c
1.7	-- /work/grodgers/git/tr-aomp/TheRock/build/third-party/host-blas/build/build-openblas/driver/level2/CMakeFiles/ztrsv_TUU.c
1.7	-- /work/grodgers/git/tr-aomp/TheRock/build/third-party/host-blas/build/build-openblas/driver/level2/CMakeFiles/ztrsv_RLN.c
1.7	-- /work/grodgers/git/tr-aomp/TheRock/build/third-party/host-blas/build/build-openblas/driver/level2/CMakeFiles/ztrsv_RLU.c
1.7	-- /work/grodgers/git/tr-aomp/TheRock/build/third-party/host-blas/build/build-openblas/driver/level2/CMakeFiles/ztrsv_CUN.c
1.7	-- /work/grodgers/git/tr-aomp/TheRock/build/third-party/host-blas/build/build-openblas/driver/level2/CMakeFiles/ztrsv_CUU.c
1.7	-- /work/grodgers/git/tr-aomp/TheRock/build/third-party/host-blas/build/build-openblas/driver/level2/CMakeFiles/zhbmv_U.c
1.7	-- /work/grodgers/git/tr-aomp/TheRock/build/third-party/host-blas/build/build-openblas/driver/level2/CMakeFiles/zhbmv_L.c
1.7	-- /work/grodgers/git/tr-aomp/TheRock/build/third-party/host-blas/build/build-openblas/driver/level2/CMakeFiles/zhbmv_V.c
1.7	-- /work/grodgers/git/tr-aomp/TheRock/build/third-party/host-blas/build/build-openblas/driver/level2/CMakeFiles/zhbmv_M.c
1.7	-- /work/grodgers/git/tr-aomp/TheRock/build/third-party/host-blas/build/build-openblas/driver/level2/CMakeFiles/zhpmv_U.c
1.7	-- /work/grodgers/git/tr-aomp/TheRock/build/third-party/host-blas/build/build-openblas/driver/level2/CMakeFiles/zhpmv_L.c
1.7	-- /work/grodgers/git/tr-aomp/TheRock/build/third-party/host-blas/build/build-openblas/driver/level2/CMakeFiles/zhpmv_V.c
1.7	-- /work/grodgers/git/tr-aomp/TheRock/build/third-party/host-blas/build/build-openblas/driver/level2/CMakeFiles/zhpmv_M.c
1.7	-- /work/grodgers/git/tr-aomp/TheRock/build/third-party/host-blas/build/build-openblas/driver/level2/CMakeFiles/zhpr_U.c
1.7	-- /work/grodgers/git/tr-aomp/TheRock/build/third-party/host-blas/build/build-openblas/driver/level2/CMakeFiles/zhpr_L.c
1.7	-- /work/grodgers/git/tr-aomp/TheRock/build/third-party/host-blas/build/build-openblas/driver/level2/CMakeFiles/zhpr_V.c
1.7	-- /work/grodgers/git/tr-aomp/TheRock/build/third-party/host-blas/build/build-openblas/driver/level2/CMakeFiles/zhpr_M.c
1.7	-- /work/grodgers/git/tr-aomp/TheRock/build/third-party/host-blas/build/build-openblas/driver/level2/CMakeFiles/zhpr2_U.c
1.7	-- /work/grodgers/git/tr-aomp/TheRock/build/third-party/host-blas/build/build-openblas/driver/level2/CMakeFiles/zhpr2_L.c
1.7	-- /work/grodgers/git/tr-aomp/TheRock/build/third-party/host-blas/build/build-openblas/driver/level2/CMakeFiles/zhpr2_V.c
1.7	-- /work/grodgers/git/tr-aomp/TheRock/build/third-party/host-blas/build/build-openblas/driver/level2/CMakeFiles/zhpr2_M.c
1.7	-- /work/grodgers/git/tr-aomp/TheRock/build/third-party/host-blas/build/build-openblas/driver/level2/CMakeFiles/zher_U.c
1.7	-- /work/grodgers/git/tr-aomp/TheRock/build/third-party/host-blas/build/build-openblas/driver/level2/CMakeFiles/zher_L.c
1.7	-- /work/grodgers/git/tr-aomp/TheRock/build/third-party/host-blas/build/build-openblas/driver/level2/CMakeFiles/zher_V.c
1.7	-- /work/grodgers/git/tr-aomp/TheRock/build/third-party/host-blas/build/build-openblas/driver/level2/CMakeFiles/zher_M.c
1.7	-- /work/grodgers/git/tr-aomp/TheRock/build/third-party/host-blas/build/build-openblas/driver/level2/CMakeFiles/zher2_U.c
1.7	-- /work/grodgers/git/tr-aomp/TheRock/build/third-party/host-blas/build/build-openblas/driver/level2/CMakeFiles/zher2_L.c
1.7	-- /work/grodgers/git/tr-aomp/TheRock/build/third-party/host-blas/build/build-openblas/driver/level2/CMakeFiles/zher2_V.c
1.7	-- /work/grodgers/git/tr-aomp/TheRock/build/third-party/host-blas/build/build-openblas/driver/level2/CMakeFiles/zher2_M.c
1.7	-- /work/grodgers/git/tr-aomp/TheRock/build/third-party/host-blas/build/build-openblas/driver/level2/CMakeFiles/zgemv_thread_r.c
1.7	-- /work/grodgers/git/tr-aomp/TheRock/build/third-party/host-blas/build/build-openblas/driver/level2/CMakeFiles/zgemv_thread_c.c
1.7	-- /work/grodgers/git/tr-aomp/TheRock/build/third-party/host-blas/build/build-openblas/driver/level2/CMakeFiles/zgemv_thread_o.c
1.7	-- /work/grodgers/git/tr-aomp/TheRock/build/third-party/host-blas/build/build-openblas/driver/level2/CMakeFiles/zgemv_thread_u.c
1.7	-- /work/grodgers/git/tr-aomp/TheRock/build/third-party/host-blas/build/build-openblas/driver/level2/CMakeFiles/zgemv_thread_s.c
1.7	-- /work/grodgers/git/tr-aomp/TheRock/build/third-party/host-blas/build/build-openblas/driver/level2/CMakeFiles/zgemv_thread_d.c
1.7	-- /work/grodgers/git/tr-aomp/TheRock/build/third-party/host-blas/build/build-openblas/driver/level2/CMakeFiles/zgbmv_thread_r.c
1.7	-- /work/grodgers/git/tr-aomp/TheRock/build/third-party/host-blas/build/build-openblas/driver/level2/CMakeFiles/zgbmv_thread_c.c
1.7	-- /work/grodgers/git/tr-aomp/TheRock/build/third-party/host-blas/build/build-openblas/driver/level2/CMakeFiles/zgbmv_thread_o.c
1.7	-- /work/grodgers/git/tr-aomp/TheRock/build/third-party/host-blas/build/build-openblas/driver/level2/CMakeFiles/zgbmv_thread_u.c
1.7	-- /work/grodgers/git/tr-aomp/TheRock/build/third-party/host-blas/build/build-openblas/driver/level2/CMakeFiles/zgbmv_thread_s.c
1.7	-- /work/grodgers/git/tr-aomp/TheRock/build/third-party/host-blas/build/build-openblas/driver/level2/CMakeFiles/zgbmv_thread_d.c
1.7	-- /work/grodgers/git/tr-aomp/TheRock/build/third-party/host-blas/build/build-openblas/driver/level2/CMakeFiles/zger_thread_U.c
1.7	-- /work/grodgers/git/tr-aomp/TheRock/build/third-party/host-blas/build/build-openblas/driver/level2/CMakeFiles/zger_thread_C.c
1.7	-- /work/grodgers/git/tr-aomp/TheRock/build/third-party/host-blas/build/build-openblas/driver/level2/CMakeFiles/zger_thread_V.c
1.7	-- /work/grodgers/git/tr-aomp/TheRock/build/third-party/host-blas/build/build-openblas/driver/level2/CMakeFiles/zger_thread_D.c
1.7	-- /work/grodgers/git/tr-aomp/TheRock/build/third-party/host-blas/build/build-openblas/driver/level2/CMakeFiles/zhbmv_thread_U.c
1.7	-- /work/grodgers/git/tr-aomp/TheRock/build/third-party/host-blas/build/build-openblas/driver/level2/CMakeFiles/zhbmv_thread_L.c
1.7	-- /work/grodgers/git/tr-aomp/TheRock/build/third-party/host-blas/build/build-openblas/driver/level2/CMakeFiles/zhbmv_thread_V.c
1.7	-- /work/grodgers/git/tr-aomp/TheRock/build/third-party/host-blas/build/build-openblas/driver/level2/CMakeFiles/zhbmv_thread_M.c
1.7	-- /work/grodgers/git/tr-aomp/TheRock/build/third-party/host-blas/build/build-openblas/driver/level2/CMakeFiles/zhpmv_thread_U.c
1.7	-- /work/grodgers/git/tr-aomp/TheRock/build/third-party/host-blas/build/build-openblas/driver/level2/CMakeFiles/zhpmv_thread_L.c
1.7	-- /work/grodgers/git/tr-aomp/TheRock/build/third-party/host-blas/build/build-openblas/driver/level2/CMakeFiles/zhpmv_thread_V.c
1.7	-- /work/grodgers/git/tr-aomp/TheRock/build/third-party/host-blas/build/build-openblas/driver/level2/CMakeFiles/zhpmv_thread_M.c
1.7	-- /work/grodgers/git/tr-aomp/TheRock/build/third-party/host-blas/build/build-openblas/driver/level2/CMakeFiles/zhpr_thread_U.c
1.7	-- /work/grodgers/git/tr-aomp/TheRock/build/third-party/host-blas/build/build-openblas/driver/level2/CMakeFiles/zhpr_thread_L.c
1.7	-- /work/grodgers/git/tr-aomp/TheRock/build/third-party/host-blas/build/build-openblas/driver/level2/CMakeFiles/zhpr_thread_V.c
1.7	-- /work/grodgers/git/tr-aomp/TheRock/build/third-party/host-blas/build/build-openblas/driver/level2/CMakeFiles/zhpr_thread_M.c
1.7	-- /work/grodgers/git/tr-aomp/TheRock/build/third-party/host-blas/build/build-openblas/driver/level2/CMakeFiles/zhpr2_thread_U.c
1.7	-- /work/grodgers/git/tr-aomp/TheRock/build/third-party/host-blas/build/build-openblas/driver/level2/CMakeFiles/zhpr2_thread_L.c
1.7	-- /work/grodgers/git/tr-aomp/TheRock/build/third-party/host-blas/build/build-openblas/driver/level2/CMakeFiles/zhpr2_thread_V.c
1.7	-- /work/grodgers/git/tr-aomp/TheRock/build/third-party/host-blas/build/build-openblas/driver/level2/CMakeFiles/zhpr2_thread_M.c
1.7	-- /work/grodgers/git/tr-aomp/TheRock/build/third-party/host-blas/build/build-openblas/driver/level2/CMakeFiles/zhemv_thread_U.c
1.7	-- /work/grodgers/git/tr-aomp/TheRock/build/third-party/host-blas/build/build-openblas/driver/level2/CMakeFiles/zhemv_thread_L.c
1.7	-- /work/grodgers/git/tr-aomp/TheRock/build/third-party/host-blas/build/build-openblas/driver/level2/CMakeFiles/zhemv_thread_V.c
1.7	-- /work/grodgers/git/tr-aomp/TheRock/build/third-party/host-blas/build/build-openblas/driver/level2/CMakeFiles/zhemv_thread_M.c
1.7	-- /work/grodgers/git/tr-aomp/TheRock/build/third-party/host-blas/build/build-openblas/driver/level2/CMakeFiles/zher_thread_U.c
1.7	-- /work/grodgers/git/tr-aomp/TheRock/build/third-party/host-blas/build/build-openblas/driver/level2/CMakeFiles/zher_thread_L.c
1.7	-- /work/grodgers/git/tr-aomp/TheRock/build/third-party/host-blas/build/build-openblas/driver/level2/CMakeFiles/zher_thread_V.c
1.7	-- /work/grodgers/git/tr-aomp/TheRock/build/third-party/host-blas/build/build-openblas/driver/level2/CMakeFiles/zher_thread_M.c
1.7	-- /work/grodgers/git/tr-aomp/TheRock/build/third-party/host-blas/build/build-openblas/driver/level2/CMakeFiles/zher2_thread_U.c
1.7	-- /work/grodgers/git/tr-aomp/TheRock/build/third-party/host-blas/build/build-openblas/driver/level2/CMakeFiles/zher2_thread_L.c
1.7	-- /work/grodgers/git/tr-aomp/TheRock/build/third-party/host-blas/build/build-openblas/driver/level2/CMakeFiles/zher2_thread_V.c
1.7	-- /work/grodgers/git/tr-aomp/TheRock/build/third-party/host-blas/build/build-openblas/driver/level2/CMakeFiles/zher2_thread_M.c
1.7	-- /work/grodgers/git/tr-aomp/TheRock/build/third-party/host-blas/build/build-openblas/driver/level2/CMakeFiles/ztrmv_thread_NUN.c
1.7	-- /work/grodgers/git/tr-aomp/TheRock/build/third-party/host-blas/build/build-openblas/driver/level2/CMakeFiles/ztrmv_thread_NLN.c
1.7	-- /work/grodgers/git/tr-aomp/TheRock/build/third-party/host-blas/build/build-openblas/driver/level2/CMakeFiles/ztrmv_thread_NUU.c
1.7	-- /work/grodgers/git/tr-aomp/TheRock/build/third-party/host-blas/build/build-openblas/driver/level2/CMakeFiles/ztrmv_thread_NLU.c
1.7	-- /work/grodgers/git/tr-aomp/TheRock/build/third-party/host-blas/build/build-openblas/driver/level2/CMakeFiles/ztrmv_thread_TUN.c
1.7	-- /work/grodgers/git/tr-aomp/TheRock/build/third-party/host-blas/build/build-openblas/driver/level2/CMakeFiles/ztrmv_thread_TLN.c
1.7	-- /work/grodgers/git/tr-aomp/TheRock/build/third-party/host-blas/build/build-openblas/driver/level2/CMakeFiles/ztrmv_thread_TUU.c
1.7	-- /work/grodgers/git/tr-aomp/TheRock/build/third-party/host-blas/build/build-openblas/driver/level2/CMakeFiles/ztrmv_thread_TLU.c
1.7	-- /work/grodgers/git/tr-aomp/TheRock/build/third-party/host-blas/build/build-openblas/driver/level2/CMakeFiles/ztrmv_thread_RUN.c
1.7	-- /work/grodgers/git/tr-aomp/TheRock/build/third-party/host-blas/build/build-openblas/driver/level2/CMakeFiles/ztrmv_thread_RLN.c
1.7	-- /work/grodgers/git/tr-aomp/TheRock/build/third-party/host-blas/build/build-openblas/driver/level2/CMakeFiles/ztrmv_thread_RUU.c
1.7	-- /work/grodgers/git/tr-aomp/TheRock/build/third-party/host-blas/build/build-openblas/driver/level2/CMakeFiles/ztrmv_thread_RLU.c
1.8	-- /work/grodgers/git/tr-aomp/TheRock/build/third-party/host-blas/build/build-openblas/driver/level2/CMakeFiles/ztrmv_thread_CUN.c
1.8	-- /work/grodgers/git/tr-aomp/TheRock/build/third-party/host-blas/build/build-openblas/driver/level2/CMakeFiles/ztrmv_thread_CLN.c
1.8	-- /work/grodgers/git/tr-aomp/TheRock/build/third-party/host-blas/build/build-openblas/driver/level2/CMakeFiles/ztrmv_thread_CUU.c
1.8	-- /work/grodgers/git/tr-aomp/TheRock/build/third-party/host-blas/build/build-openblas/driver/level2/CMakeFiles/ztrmv_thread_CLU.c
1.8	-- /work/grodgers/git/tr-aomp/TheRock/build/third-party/host-blas/build/build-openblas/driver/level2/CMakeFiles/ztpmv_thread_NUN.c
1.8	-- /work/grodgers/git/tr-aomp/TheRock/build/third-party/host-blas/build/build-openblas/driver/level2/CMakeFiles/ztpmv_thread_NLN.c
1.8	-- /work/grodgers/git/tr-aomp/TheRock/build/third-party/host-blas/build/build-openblas/driver/level2/CMakeFiles/ztpmv_thread_NUU.c
1.8	-- /work/grodgers/git/tr-aomp/TheRock/build/third-party/host-blas/build/build-openblas/driver/level2/CMakeFiles/ztpmv_thread_NLU.c
1.8	-- /work/grodgers/git/tr-aomp/TheRock/build/third-party/host-blas/build/build-openblas/driver/level2/CMakeFiles/ztpmv_thread_TUN.c
1.8	-- /work/grodgers/git/tr-aomp/TheRock/build/third-party/host-blas/build/build-openblas/driver/level2/CMakeFiles/ztpmv_thread_TLN.c
1.8	-- /work/grodgers/git/tr-aomp/TheRock/build/third-party/host-blas/build/build-openblas/driver/level2/CMakeFiles/ztpmv_thread_TUU.c
1.8	-- /work/grodgers/git/tr-aomp/TheRock/build/third-party/host-blas/build/build-openblas/driver/level2/CMakeFiles/ztpmv_thread_TLU.c
1.8	-- /work/grodgers/git/tr-aomp/TheRock/build/third-party/host-blas/build/build-openblas/driver/level2/CMakeFiles/ztpmv_thread_RUN.c
1.8	-- /work/grodgers/git/tr-aomp/TheRock/build/third-party/host-blas/build/build-openblas/driver/level2/CMakeFiles/ztpmv_thread_RLN.c
1.8	-- /work/grodgers/git/tr-aomp/TheRock/build/third-party/host-blas/build/build-openblas/driver/level2/CMakeFiles/ztpmv_thread_RUU.c
1.8	-- /work/grodgers/git/tr-aomp/TheRock/build/third-party/host-blas/build/build-openblas/driver/level2/CMakeFiles/ztpmv_thread_RLU.c
1.8	-- /work/grodgers/git/tr-aomp/TheRock/build/third-party/host-blas/build/build-openblas/driver/level2/CMakeFiles/ztpmv_thread_CUN.c
1.8	-- /work/grodgers/git/tr-aomp/TheRock/build/third-party/host-blas/build/build-openblas/driver/level2/CMakeFiles/ztpmv_thread_CLN.c
1.8	-- /work/grodgers/git/tr-aomp/TheRock/build/third-party/host-blas/build/build-openblas/driver/level2/CMakeFiles/ztpmv_thread_CUU.c
1.8	-- /work/grodgers/git/tr-aomp/TheRock/build/third-party/host-blas/build/build-openblas/driver/level2/CMakeFiles/ztpmv_thread_CLU.c
1.8	-- /work/grodgers/git/tr-aomp/TheRock/build/third-party/host-blas/build/build-openblas/driver/level2/CMakeFiles/ztbmv_thread_NUN.c
1.8	-- /work/grodgers/git/tr-aomp/TheRock/build/third-party/host-blas/build/build-openblas/driver/level2/CMakeFiles/ztbmv_thread_NLN.c
1.8	-- /work/grodgers/git/tr-aomp/TheRock/build/third-party/host-blas/build/build-openblas/driver/level2/CMakeFiles/ztbmv_thread_NUU.c
1.8	-- /work/grodgers/git/tr-aomp/TheRock/build/third-party/host-blas/build/build-openblas/driver/level2/CMakeFiles/ztbmv_thread_NLU.c
1.8	-- /work/grodgers/git/tr-aomp/TheRock/build/third-party/host-blas/build/build-openblas/driver/level2/CMakeFiles/ztbmv_thread_TUN.c
1.8	-- /work/grodgers/git/tr-aomp/TheRock/build/third-party/host-blas/build/build-openblas/driver/level2/CMakeFiles/ztbmv_thread_TLN.c
1.8	-- /work/grodgers/git/tr-aomp/TheRock/build/third-party/host-blas/build/build-openblas/driver/level2/CMakeFiles/ztbmv_thread_TUU.c
1.8	-- /work/grodgers/git/tr-aomp/TheRock/build/third-party/host-blas/build/build-openblas/driver/level2/CMakeFiles/ztbmv_thread_TLU.c
1.8	-- /work/grodgers/git/tr-aomp/TheRock/build/third-party/host-blas/build/build-openblas/driver/level2/CMakeFiles/ztbmv_thread_RUN.c
1.8	-- /work/grodgers/git/tr-aomp/TheRock/build/third-party/host-blas/build/build-openblas/driver/level2/CMakeFiles/ztbmv_thread_RLN.c
1.8	-- /work/grodgers/git/tr-aomp/TheRock/build/third-party/host-blas/build/build-openblas/driver/level2/CMakeFiles/ztbmv_thread_RUU.c
1.8	-- /work/grodgers/git/tr-aomp/TheRock/build/third-party/host-blas/build/build-openblas/driver/level2/CMakeFiles/ztbmv_thread_RLU.c
1.8	-- /work/grodgers/git/tr-aomp/TheRock/build/third-party/host-blas/build/build-openblas/driver/level2/CMakeFiles/ztbmv_thread_CUN.c
1.8	-- /work/grodgers/git/tr-aomp/TheRock/build/third-party/host-blas/build/build-openblas/driver/level2/CMakeFiles/ztbmv_thread_CLN.c
1.8	-- /work/grodgers/git/tr-aomp/TheRock/build/third-party/host-blas/build/build-openblas/driver/level2/CMakeFiles/ztbmv_thread_CUU.c
1.8	-- /work/grodgers/git/tr-aomp/TheRock/build/third-party/host-blas/build/build-openblas/driver/level2/CMakeFiles/ztbmv_thread_CLU.c
1.8	-- /work/grodgers/git/tr-aomp/TheRock/build/third-party/host-blas/build/build-openblas/driver/level2/CMakeFiles/ssymv_thread_U.c
1.8	-- /work/grodgers/git/tr-aomp/TheRock/build/third-party/host-blas/build/build-openblas/driver/level2/CMakeFiles/dsymv_thread_U.c
1.8	-- /work/grodgers/git/tr-aomp/TheRock/build/third-party/host-blas/build/build-openblas/driver/level2/CMakeFiles/csymv_thread_U.c
1.8	-- /work/grodgers/git/tr-aomp/TheRock/build/third-party/host-blas/build/build-openblas/driver/level2/CMakeFiles/zsymv_thread_U.c
1.8	-- /work/grodgers/git/tr-aomp/TheRock/build/third-party/host-blas/build/build-openblas/driver/level2/CMakeFiles/ssyr_thread_U.c
1.8	-- /work/grodgers/git/tr-aomp/TheRock/build/third-party/host-blas/build/build-openblas/driver/level2/CMakeFiles/dsyr_thread_U.c
1.8	-- /work/grodgers/git/tr-aomp/TheRock/build/third-party/host-blas/build/build-openblas/driver/level2/CMakeFiles/csyr_thread_U.c
1.8	-- /work/grodgers/git/tr-aomp/TheRock/build/third-party/host-blas/build/build-openblas/driver/level2/CMakeFiles/zsyr_thread_U.c
1.8	-- /work/grodgers/git/tr-aomp/TheRock/build/third-party/host-blas/build/build-openblas/driver/level2/CMakeFiles/ssyr2_thread_U.c
1.8	-- /work/grodgers/git/tr-aomp/TheRock/build/third-party/host-blas/build/build-openblas/driver/level2/CMakeFiles/dsyr2_thread_U.c
1.8	-- /work/grodgers/git/tr-aomp/TheRock/build/third-party/host-blas/build/build-openblas/driver/level2/CMakeFiles/csyr2_thread_U.c
1.8	-- /work/grodgers/git/tr-aomp/TheRock/build/third-party/host-blas/build/build-openblas/driver/level2/CMakeFiles/zsyr2_thread_U.c
1.8	-- /work/grodgers/git/tr-aomp/TheRock/build/third-party/host-blas/build/build-openblas/driver/level2/CMakeFiles/sspr_thread_U.c
1.8	-- /work/grodgers/git/tr-aomp/TheRock/build/third-party/host-blas/build/build-openblas/driver/level2/CMakeFiles/dspr_thread_U.c
1.8	-- /work/grodgers/git/tr-aomp/TheRock/build/third-party/host-blas/build/build-openblas/driver/level2/CMakeFiles/cspr_thread_U.c
1.8	-- /work/grodgers/git/tr-aomp/TheRock/build/third-party/host-blas/build/build-openblas/driver/level2/CMakeFiles/zspr_thread_U.c
1.8	-- /work/grodgers/git/tr-aomp/TheRock/build/third-party/host-blas/build/build-openblas/driver/level2/CMakeFiles/sspr2_thread_U.c
1.8	-- /work/grodgers/git/tr-aomp/TheRock/build/third-party/host-blas/build/build-openblas/driver/level2/CMakeFiles/dspr2_thread_U.c
1.8	-- /work/grodgers/git/tr-aomp/TheRock/build/third-party/host-blas/build/build-openblas/driver/level2/CMakeFiles/cspr2_thread_U.c
1.8	-- /work/grodgers/git/tr-aomp/TheRock/build/third-party/host-blas/build/build-openblas/driver/level2/CMakeFiles/zspr2_thread_U.c
1.8	-- /work/grodgers/git/tr-aomp/TheRock/build/third-party/host-blas/build/build-openblas/driver/level2/CMakeFiles/sspmv_thread_U.c
1.8	-- /work/grodgers/git/tr-aomp/TheRock/build/third-party/host-blas/build/build-openblas/driver/level2/CMakeFiles/dspmv_thread_U.c
1.8	-- /work/grodgers/git/tr-aomp/TheRock/build/third-party/host-blas/build/build-openblas/driver/level2/CMakeFiles/cspmv_thread_U.c
1.8	-- /work/grodgers/git/tr-aomp/TheRock/build/third-party/host-blas/build/build-openblas/driver/level2/CMakeFiles/zspmv_thread_U.c
1.8	-- /work/grodgers/git/tr-aomp/TheRock/build/third-party/host-blas/build/build-openblas/driver/level2/CMakeFiles/ssbmv_thread_U.c
1.8	-- /work/grodgers/git/tr-aomp/TheRock/build/third-party/host-blas/build/build-openblas/driver/level2/CMakeFiles/dsbmv_thread_U.c
1.8	-- /work/grodgers/git/tr-aomp/TheRock/build/third-party/host-blas/build/build-openblas/driver/level2/CMakeFiles/csbmv_thread_U.c
1.8	-- /work/grodgers/git/tr-aomp/TheRock/build/third-party/host-blas/build/build-openblas/driver/level2/CMakeFiles/zsbmv_thread_U.c
1.8	-- /work/grodgers/git/tr-aomp/TheRock/build/third-party/host-blas/build/build-openblas/driver/level2/CMakeFiles/ssymv_thread_L.c
1.8	-- /work/grodgers/git/tr-aomp/TheRock/build/third-party/host-blas/build/build-openblas/driver/level2/CMakeFiles/dsymv_thread_L.c
1.8	-- /work/grodgers/git/tr-aomp/TheRock/build/third-party/host-blas/build/build-openblas/driver/level2/CMakeFiles/csymv_thread_L.c
1.8	-- /work/grodgers/git/tr-aomp/TheRock/build/third-party/host-blas/build/build-openblas/driver/level2/CMakeFiles/zsymv_thread_L.c
1.8	-- /work/grodgers/git/tr-aomp/TheRock/build/third-party/host-blas/build/build-openblas/driver/level2/CMakeFiles/ssyr_thread_L.c
1.8	-- /work/grodgers/git/tr-aomp/TheRock/build/third-party/host-blas/build/build-openblas/driver/level2/CMakeFiles/dsyr_thread_L.c
1.8	-- /work/grodgers/git/tr-aomp/TheRock/build/third-party/host-blas/build/build-openblas/driver/level2/CMakeFiles/csyr_thread_L.c
1.8	-- /work/grodgers/git/tr-aomp/TheRock/build/third-party/host-blas/build/build-openblas/driver/level2/CMakeFiles/zsyr_thread_L.c
1.8	-- /work/grodgers/git/tr-aomp/TheRock/build/third-party/host-blas/build/build-openblas/driver/level2/CMakeFiles/ssyr2_thread_L.c
1.8	-- /work/grodgers/git/tr-aomp/TheRock/build/third-party/host-blas/build/build-openblas/driver/level2/CMakeFiles/dsyr2_thread_L.c
1.8	-- /work/grodgers/git/tr-aomp/TheRock/build/third-party/host-blas/build/build-openblas/driver/level2/CMakeFiles/csyr2_thread_L.c
1.8	-- /work/grodgers/git/tr-aomp/TheRock/build/third-party/host-blas/build/build-openblas/driver/level2/CMakeFiles/zsyr2_thread_L.c
1.8	-- /work/grodgers/git/tr-aomp/TheRock/build/third-party/host-blas/build/build-openblas/driver/level2/CMakeFiles/sspr_thread_L.c
1.8	-- /work/grodgers/git/tr-aomp/TheRock/build/third-party/host-blas/build/build-openblas/driver/level2/CMakeFiles/dspr_thread_L.c
1.8	-- /work/grodgers/git/tr-aomp/TheRock/build/third-party/host-blas/build/build-openblas/driver/level2/CMakeFiles/cspr_thread_L.c
1.8	-- /work/grodgers/git/tr-aomp/TheRock/build/third-party/host-blas/build/build-openblas/driver/level2/CMakeFiles/zspr_thread_L.c
1.8	-- /work/grodgers/git/tr-aomp/TheRock/build/third-party/host-blas/build/build-openblas/driver/level2/CMakeFiles/sspr2_thread_L.c
1.8	-- /work/grodgers/git/tr-aomp/TheRock/build/third-party/host-blas/build/build-openblas/driver/level2/CMakeFiles/dspr2_thread_L.c
1.8	-- /work/grodgers/git/tr-aomp/TheRock/build/third-party/host-blas/build/build-openblas/driver/level2/CMakeFiles/cspr2_thread_L.c
1.8	-- /work/grodgers/git/tr-aomp/TheRock/build/third-party/host-blas/build/build-openblas/driver/level2/CMakeFiles/zspr2_thread_L.c
1.8	-- /work/grodgers/git/tr-aomp/TheRock/build/third-party/host-blas/build/build-openblas/driver/level2/CMakeFiles/sspmv_thread_L.c
1.8	-- /work/grodgers/git/tr-aomp/TheRock/build/third-party/host-blas/build/build-openblas/driver/level2/CMakeFiles/dspmv_thread_L.c
1.8	-- /work/grodgers/git/tr-aomp/TheRock/build/third-party/host-blas/build/build-openblas/driver/level2/CMakeFiles/cspmv_thread_L.c
1.8	-- /work/grodgers/git/tr-aomp/TheRock/build/third-party/host-blas/build/build-openblas/driver/level2/CMakeFiles/zspmv_thread_L.c
1.8	-- /work/grodgers/git/tr-aomp/TheRock/build/third-party/host-blas/build/build-openblas/driver/level2/CMakeFiles/ssbmv_thread_L.c
1.8	-- /work/grodgers/git/tr-aomp/TheRock/build/third-party/host-blas/build/build-openblas/driver/level2/CMakeFiles/dsbmv_thread_L.c
1.8	-- /work/grodgers/git/tr-aomp/TheRock/build/third-party/host-blas/build/build-openblas/driver/level2/CMakeFiles/csbmv_thread_L.c
1.8	-- /work/grodgers/git/tr-aomp/TheRock/build/third-party/host-blas/build/build-openblas/driver/level2/CMakeFiles/zsbmv_thread_L.c
1.8	-- /work/grodgers/git/tr-aomp/TheRock/build/third-party/host-blas/build/build-openblas/driver/level3/CMakeFiles/sgemm_nn.c
1.8	-- /work/grodgers/git/tr-aomp/TheRock/build/third-party/host-blas/build/build-openblas/driver/level3/CMakeFiles/dgemm_nn.c
1.8	-- /work/grodgers/git/tr-aomp/TheRock/build/third-party/host-blas/build/build-openblas/driver/level3/CMakeFiles/cgemm_nn.c
1.8	-- /work/grodgers/git/tr-aomp/TheRock/build/third-party/host-blas/build/build-openblas/driver/level3/CMakeFiles/zgemm_nn.c
1.8	-- /work/grodgers/git/tr-aomp/TheRock/build/third-party/host-blas/build/build-openblas/driver/level3/CMakeFiles/sgemm_thread_nn.c
1.8	-- /work/grodgers/git/tr-aomp/TheRock/build/third-party/host-blas/build/build-openblas/driver/level3/CMakeFiles/dgemm_thread_nn.c
1.8	-- /work/grodgers/git/tr-aomp/TheRock/build/third-party/host-blas/build/build-openblas/driver/level3/CMakeFiles/cgemm_thread_nn.c
1.8	-- /work/grodgers/git/tr-aomp/TheRock/build/third-party/host-blas/build/build-openblas/driver/level3/CMakeFiles/zgemm_thread_nn.c
1.8	-- /work/grodgers/git/tr-aomp/TheRock/build/third-party/host-blas/build/build-openblas/driver/level3/CMakeFiles/sgemm_nt.c
1.8	-- /work/grodgers/git/tr-aomp/TheRock/build/third-party/host-blas/build/build-openblas/driver/level3/CMakeFiles/dgemm_nt.c
1.8	-- /work/grodgers/git/tr-aomp/TheRock/build/third-party/host-blas/build/build-openblas/driver/level3/CMakeFiles/cgemm_nt.c
1.8	-- /work/grodgers/git/tr-aomp/TheRock/build/third-party/host-blas/build/build-openblas/driver/level3/CMakeFiles/zgemm_nt.c
1.8	-- /work/grodgers/git/tr-aomp/TheRock/build/third-party/host-blas/build/build-openblas/driver/level3/CMakeFiles/sgemm_thread_nt.c
1.8	-- /work/grodgers/git/tr-aomp/TheRock/build/third-party/host-blas/build/build-openblas/driver/level3/CMakeFiles/dgemm_thread_nt.c
1.8	-- /work/grodgers/git/tr-aomp/TheRock/build/third-party/host-blas/build/build-openblas/driver/level3/CMakeFiles/cgemm_thread_nt.c
1.8	-- /work/grodgers/git/tr-aomp/TheRock/build/third-party/host-blas/build/build-openblas/driver/level3/CMakeFiles/zgemm_thread_nt.c
1.8	-- /work/grodgers/git/tr-aomp/TheRock/build/third-party/host-blas/build/build-openblas/driver/level3/CMakeFiles/sgemm_tn.c
1.8	-- /work/grodgers/git/tr-aomp/TheRock/build/third-party/host-blas/build/build-openblas/driver/level3/CMakeFiles/dgemm_tn.c
1.8	-- /work/grodgers/git/tr-aomp/TheRock/build/third-party/host-blas/build/build-openblas/driver/level3/CMakeFiles/cgemm_tn.c
1.8	-- /work/grodgers/git/tr-aomp/TheRock/build/third-party/host-blas/build/build-openblas/driver/level3/CMakeFiles/zgemm_tn.c
1.8	-- /work/grodgers/git/tr-aomp/TheRock/build/third-party/host-blas/build/build-openblas/driver/level3/CMakeFiles/sgemm_thread_tn.c
1.8	-- /work/grodgers/git/tr-aomp/TheRock/build/third-party/host-blas/build/build-openblas/driver/level3/CMakeFiles/dgemm_thread_tn.c
1.8	-- /work/grodgers/git/tr-aomp/TheRock/build/third-party/host-blas/build/build-openblas/driver/level3/CMakeFiles/cgemm_thread_tn.c
1.8	-- /work/grodgers/git/tr-aomp/TheRock/build/third-party/host-blas/build/build-openblas/driver/level3/CMakeFiles/zgemm_thread_tn.c
1.8	-- /work/grodgers/git/tr-aomp/TheRock/build/third-party/host-blas/build/build-openblas/driver/level3/CMakeFiles/sgemm_tt.c
1.8	-- /work/grodgers/git/tr-aomp/TheRock/build/third-party/host-blas/build/build-openblas/driver/level3/CMakeFiles/dgemm_tt.c
1.8	-- /work/grodgers/git/tr-aomp/TheRock/build/third-party/host-blas/build/build-openblas/driver/level3/CMakeFiles/cgemm_tt.c
1.8	-- /work/grodgers/git/tr-aomp/TheRock/build/third-party/host-blas/build/build-openblas/driver/level3/CMakeFiles/zgemm_tt.c
1.8	-- /work/grodgers/git/tr-aomp/TheRock/build/third-party/host-blas/build/build-openblas/driver/level3/CMakeFiles/sgemm_thread_tt.c
1.8	-- /work/grodgers/git/tr-aomp/TheRock/build/third-party/host-blas/build/build-openblas/driver/level3/CMakeFiles/dgemm_thread_tt.c
1.8	-- /work/grodgers/git/tr-aomp/TheRock/build/third-party/host-blas/build/build-openblas/driver/level3/CMakeFiles/cgemm_thread_tt.c
1.8	-- /work/grodgers/git/tr-aomp/TheRock/build/third-party/host-blas/build/build-openblas/driver/level3/CMakeFiles/zgemm_thread_tt.c
1.8	-- /work/grodgers/git/tr-aomp/TheRock/build/third-party/host-blas/build/build-openblas/driver/level3/CMakeFiles/strmm_LNLN.c
1.8	-- /work/grodgers/git/tr-aomp/TheRock/build/third-party/host-blas/build/build-openblas/driver/level3/CMakeFiles/dtrmm_LNLN.c
1.8	-- /work/grodgers/git/tr-aomp/TheRock/build/third-party/host-blas/build/build-openblas/driver/level3/CMakeFiles/ctrmm_LNLN.c
1.8	-- /work/grodgers/git/tr-aomp/TheRock/build/third-party/host-blas/build/build-openblas/driver/level3/CMakeFiles/ztrmm_LNLN.c
1.8	-- /work/grodgers/git/tr-aomp/TheRock/build/third-party/host-blas/build/build-openblas/driver/level3/CMakeFiles/strmm_LNUN.c
1.8	-- /work/grodgers/git/tr-aomp/TheRock/build/third-party/host-blas/build/build-openblas/driver/level3/CMakeFiles/dtrmm_LNUN.c
1.8	-- /work/grodgers/git/tr-aomp/TheRock/build/third-party/host-blas/build/build-openblas/driver/level3/CMakeFiles/ctrmm_LNUN.c
1.8	-- /work/grodgers/git/tr-aomp/TheRock/build/third-party/host-blas/build/build-openblas/driver/level3/CMakeFiles/ztrmm_LNUN.c
1.8	-- /work/grodgers/git/tr-aomp/TheRock/build/third-party/host-blas/build/build-openblas/driver/level3/CMakeFiles/strmm_LNLU.c
1.8	-- /work/grodgers/git/tr-aomp/TheRock/build/third-party/host-blas/build/build-openblas/driver/level3/CMakeFiles/dtrmm_LNLU.c
1.8	-- /work/grodgers/git/tr-aomp/TheRock/build/third-party/host-blas/build/build-openblas/driver/level3/CMakeFiles/ctrmm_LNLU.c
1.8	-- /work/grodgers/git/tr-aomp/TheRock/build/third-party/host-blas/build/build-openblas/driver/level3/CMakeFiles/ztrmm_LNLU.c
1.8	-- /work/grodgers/git/tr-aomp/TheRock/build/third-party/host-blas/build/build-openblas/driver/level3/CMakeFiles/strmm_LNUU.c
1.8	-- /work/grodgers/git/tr-aomp/TheRock/build/third-party/host-blas/build/build-openblas/driver/level3/CMakeFiles/dtrmm_LNUU.c
1.8	-- /work/grodgers/git/tr-aomp/TheRock/build/third-party/host-blas/build/build-openblas/driver/level3/CMakeFiles/ctrmm_LNUU.c
1.8	-- /work/grodgers/git/tr-aomp/TheRock/build/third-party/host-blas/build/build-openblas/driver/level3/CMakeFiles/ztrmm_LNUU.c
1.8	-- /work/grodgers/git/tr-aomp/TheRock/build/third-party/host-blas/build/build-openblas/driver/level3/CMakeFiles/strmm_LTLN.c
1.8	-- /work/grodgers/git/tr-aomp/TheRock/build/third-party/host-blas/build/build-openblas/driver/level3/CMakeFiles/dtrmm_LTLN.c
1.8	-- /work/grodgers/git/tr-aomp/TheRock/build/third-party/host-blas/build/build-openblas/driver/level3/CMakeFiles/ctrmm_LTLN.c
1.8	-- /work/grodgers/git/tr-aomp/TheRock/build/third-party/host-blas/build/build-openblas/driver/level3/CMakeFiles/ztrmm_LTLN.c
1.8	-- /work/grodgers/git/tr-aomp/TheRock/build/third-party/host-blas/build/build-openblas/driver/level3/CMakeFiles/strmm_LTUN.c
1.8	-- /work/grodgers/git/tr-aomp/TheRock/build/third-party/host-blas/build/build-openblas/driver/level3/CMakeFiles/dtrmm_LTUN.c
1.8	-- /work/grodgers/git/tr-aomp/TheRock/build/third-party/host-blas/build/build-openblas/driver/level3/CMakeFiles/ctrmm_LTUN.c
1.8	-- /work/grodgers/git/tr-aomp/TheRock/build/third-party/host-blas/build/build-openblas/driver/level3/CMakeFiles/ztrmm_LTUN.c
1.8	-- /work/grodgers/git/tr-aomp/TheRock/build/third-party/host-blas/build/build-openblas/driver/level3/CMakeFiles/strmm_LTLU.c
1.8	-- /work/grodgers/git/tr-aomp/TheRock/build/third-party/host-blas/build/build-openblas/driver/level3/CMakeFiles/dtrmm_LTLU.c
1.8	-- /work/grodgers/git/tr-aomp/TheRock/build/third-party/host-blas/build/build-openblas/driver/level3/CMakeFiles/ctrmm_LTLU.c
1.8	-- /work/grodgers/git/tr-aomp/TheRock/build/third-party/host-blas/build/build-openblas/driver/level3/CMakeFiles/ztrmm_LTLU.c
1.8	-- /work/grodgers/git/tr-aomp/TheRock/build/third-party/host-blas/build/build-openblas/driver/level3/CMakeFiles/strmm_LTUU.c
1.8	-- /work/grodgers/git/tr-aomp/TheRock/build/third-party/host-blas/build/build-openblas/driver/level3/CMakeFiles/dtrmm_LTUU.c
1.8	-- /work/grodgers/git/tr-aomp/TheRock/build/third-party/host-blas/build/build-openblas/driver/level3/CMakeFiles/ctrmm_LTUU.c
1.8	-- /work/grodgers/git/tr-aomp/TheRock/build/third-party/host-blas/build/build-openblas/driver/level3/CMakeFiles/ztrmm_LTUU.c
1.8	-- /work/grodgers/git/tr-aomp/TheRock/build/third-party/host-blas/build/build-openblas/driver/level3/CMakeFiles/strmm_RNLN.c
1.8	-- /work/grodgers/git/tr-aomp/TheRock/build/third-party/host-blas/build/build-openblas/driver/level3/CMakeFiles/dtrmm_RNLN.c
1.8	-- /work/grodgers/git/tr-aomp/TheRock/build/third-party/host-blas/build/build-openblas/driver/level3/CMakeFiles/ctrmm_RNLN.c
1.8	-- /work/grodgers/git/tr-aomp/TheRock/build/third-party/host-blas/build/build-openblas/driver/level3/CMakeFiles/ztrmm_RNLN.c
1.8	-- /work/grodgers/git/tr-aomp/TheRock/build/third-party/host-blas/build/build-openblas/driver/level3/CMakeFiles/strmm_RNUN.c
1.8	-- /work/grodgers/git/tr-aomp/TheRock/build/third-party/host-blas/build/build-openblas/driver/level3/CMakeFiles/dtrmm_RNUN.c
1.8	-- /work/grodgers/git/tr-aomp/TheRock/build/third-party/host-blas/build/build-openblas/driver/level3/CMakeFiles/ctrmm_RNUN.c
1.8	-- /work/grodgers/git/tr-aomp/TheRock/build/third-party/host-blas/build/build-openblas/driver/level3/CMakeFiles/ztrmm_RNUN.c
1.8	-- /work/grodgers/git/tr-aomp/TheRock/build/third-party/host-blas/build/build-openblas/driver/level3/CMakeFiles/strmm_RNLU.c
1.8	-- /work/grodgers/git/tr-aomp/TheRock/build/third-party/host-blas/build/build-openblas/driver/level3/CMakeFiles/dtrmm_RNLU.c
1.8	-- /work/grodgers/git/tr-aomp/TheRock/build/third-party/host-blas/build/build-openblas/driver/level3/CMakeFiles/ctrmm_RNLU.c
1.8	-- /work/grodgers/git/tr-aomp/TheRock/build/third-party/host-blas/build/build-openblas/driver/level3/CMakeFiles/ztrmm_RNLU.c
1.8	-- /work/grodgers/git/tr-aomp/TheRock/build/third-party/host-blas/build/build-openblas/driver/level3/CMakeFiles/strmm_RNUU.c
1.8	-- /work/grodgers/git/tr-aomp/TheRock/build/third-party/host-blas/build/build-openblas/driver/level3/CMakeFiles/dtrmm_RNUU.c
1.8	-- /work/grodgers/git/tr-aomp/TheRock/build/third-party/host-blas/build/build-openblas/driver/level3/CMakeFiles/ctrmm_RNUU.c
1.8	-- /work/grodgers/git/tr-aomp/TheRock/build/third-party/host-blas/build/build-openblas/driver/level3/CMakeFiles/ztrmm_RNUU.c
1.8	-- /work/grodgers/git/tr-aomp/TheRock/build/third-party/host-blas/build/build-openblas/driver/level3/CMakeFiles/strmm_RTLN.c
1.8	-- /work/grodgers/git/tr-aomp/TheRock/build/third-party/host-blas/build/build-openblas/driver/level3/CMakeFiles/dtrmm_RTLN.c
1.8	-- /work/grodgers/git/tr-aomp/TheRock/build/third-party/host-blas/build/build-openblas/driver/level3/CMakeFiles/ctrmm_RTLN.c
1.8	-- /work/grodgers/git/tr-aomp/TheRock/build/third-party/host-blas/build/build-openblas/driver/level3/CMakeFiles/ztrmm_RTLN.c
1.8	-- /work/grodgers/git/tr-aomp/TheRock/build/third-party/host-blas/build/build-openblas/driver/level3/CMakeFiles/strmm_RTUN.c
1.8	-- /work/grodgers/git/tr-aomp/TheRock/build/third-party/host-blas/build/build-openblas/driver/level3/CMakeFiles/dtrmm_RTUN.c
1.8	-- /work/grodgers/git/tr-aomp/TheRock/build/third-party/host-blas/build/build-openblas/driver/level3/CMakeFiles/ctrmm_RTUN.c
1.8	-- /work/grodgers/git/tr-aomp/TheRock/build/third-party/host-blas/build/build-openblas/driver/level3/CMakeFiles/ztrmm_RTUN.c
1.8	-- /work/grodgers/git/tr-aomp/TheRock/build/third-party/host-blas/build/build-openblas/driver/level3/CMakeFiles/strmm_RTLU.c
1.8	-- /work/grodgers/git/tr-aomp/TheRock/build/third-party/host-blas/build/build-openblas/driver/level3/CMakeFiles/dtrmm_RTLU.c
1.8	-- /work/grodgers/git/tr-aomp/TheRock/build/third-party/host-blas/build/build-openblas/driver/level3/CMakeFiles/ctrmm_RTLU.c
1.8	-- /work/grodgers/git/tr-aomp/TheRock/build/third-party/host-blas/build/build-openblas/driver/level3/CMakeFiles/ztrmm_RTLU.c
1.8	-- /work/grodgers/git/tr-aomp/TheRock/build/third-party/host-blas/build/build-openblas/driver/level3/CMakeFiles/strmm_RTUU.c
1.8	-- /work/grodgers/git/tr-aomp/TheRock/build/third-party/host-blas/build/build-openblas/driver/level3/CMakeFiles/dtrmm_RTUU.c
1.8	-- /work/grodgers/git/tr-aomp/TheRock/build/third-party/host-blas/build/build-openblas/driver/level3/CMakeFiles/ctrmm_RTUU.c
1.8	-- /work/grodgers/git/tr-aomp/TheRock/build/third-party/host-blas/build/build-openblas/driver/level3/CMakeFiles/ztrmm_RTUU.c
1.8	-- /work/grodgers/git/tr-aomp/TheRock/build/third-party/host-blas/build/build-openblas/driver/level3/CMakeFiles/strsm_LNLN.c
1.8	-- /work/grodgers/git/tr-aomp/TheRock/build/third-party/host-blas/build/build-openblas/driver/level3/CMakeFiles/dtrsm_LNLN.c
1.8	-- /work/grodgers/git/tr-aomp/TheRock/build/third-party/host-blas/build/build-openblas/driver/level3/CMakeFiles/ctrsm_LNLN.c
1.8	-- /work/grodgers/git/tr-aomp/TheRock/build/third-party/host-blas/build/build-openblas/driver/level3/CMakeFiles/ztrsm_LNLN.c
1.8	-- /work/grodgers/git/tr-aomp/TheRock/build/third-party/host-blas/build/build-openblas/driver/level3/CMakeFiles/strsm_LNUN.c
1.8	-- /work/grodgers/git/tr-aomp/TheRock/build/third-party/host-blas/build/build-openblas/driver/level3/CMakeFiles/dtrsm_LNUN.c
1.8	-- /work/grodgers/git/tr-aomp/TheRock/build/third-party/host-blas/build/build-openblas/driver/level3/CMakeFiles/ctrsm_LNUN.c
1.8	-- /work/grodgers/git/tr-aomp/TheRock/build/third-party/host-blas/build/build-openblas/driver/level3/CMakeFiles/ztrsm_LNUN.c
1.8	-- /work/grodgers/git/tr-aomp/TheRock/build/third-party/host-blas/build/build-openblas/driver/level3/CMakeFiles/strsm_LNLU.c
1.8	-- /work/grodgers/git/tr-aomp/TheRock/build/third-party/host-blas/build/build-openblas/driver/level3/CMakeFiles/dtrsm_LNLU.c
1.8	-- /work/grodgers/git/tr-aomp/TheRock/build/third-party/host-blas/build/build-openblas/driver/level3/CMakeFiles/ctrsm_LNLU.c
1.8	-- /work/grodgers/git/tr-aomp/TheRock/build/third-party/host-blas/build/build-openblas/driver/level3/CMakeFiles/ztrsm_LNLU.c
1.8	-- /work/grodgers/git/tr-aomp/TheRock/build/third-party/host-blas/build/build-openblas/driver/level3/CMakeFiles/strsm_LNUU.c
1.8	-- /work/grodgers/git/tr-aomp/TheRock/build/third-party/host-blas/build/build-openblas/driver/level3/CMakeFiles/dtrsm_LNUU.c
1.8	-- /work/grodgers/git/tr-aomp/TheRock/build/third-party/host-blas/build/build-openblas/driver/level3/CMakeFiles/ctrsm_LNUU.c
1.8	-- /work/grodgers/git/tr-aomp/TheRock/build/third-party/host-blas/build/build-openblas/driver/level3/CMakeFiles/ztrsm_LNUU.c
1.8	-- /work/grodgers/git/tr-aomp/TheRock/build/third-party/host-blas/build/build-openblas/driver/level3/CMakeFiles/strsm_LTLN.c
1.8	-- /work/grodgers/git/tr-aomp/TheRock/build/third-party/host-blas/build/build-openblas/driver/level3/CMakeFiles/dtrsm_LTLN.c
1.8	-- /work/grodgers/git/tr-aomp/TheRock/build/third-party/host-blas/build/build-openblas/driver/level3/CMakeFiles/ctrsm_LTLN.c
1.8	-- /work/grodgers/git/tr-aomp/TheRock/build/third-party/host-blas/build/build-openblas/driver/level3/CMakeFiles/ztrsm_LTLN.c
1.8	-- /work/grodgers/git/tr-aomp/TheRock/build/third-party/host-blas/build/build-openblas/driver/level3/CMakeFiles/strsm_LTUN.c
1.8	-- /work/grodgers/git/tr-aomp/TheRock/build/third-party/host-blas/build/build-openblas/driver/level3/CMakeFiles/dtrsm_LTUN.c
1.8	-- /work/grodgers/git/tr-aomp/TheRock/build/third-party/host-blas/build/build-openblas/driver/level3/CMakeFiles/ctrsm_LTUN.c
1.8	-- /work/grodgers/git/tr-aomp/TheRock/build/third-party/host-blas/build/build-openblas/driver/level3/CMakeFiles/ztrsm_LTUN.c
1.8	-- /work/grodgers/git/tr-aomp/TheRock/build/third-party/host-blas/build/build-openblas/driver/level3/CMakeFiles/strsm_LTLU.c
1.8	-- /work/grodgers/git/tr-aomp/TheRock/build/third-party/host-blas/build/build-openblas/driver/level3/CMakeFiles/dtrsm_LTLU.c
1.8	-- /work/grodgers/git/tr-aomp/TheRock/build/third-party/host-blas/build/build-openblas/driver/level3/CMakeFiles/ctrsm_LTLU.c
1.8	-- /work/grodgers/git/tr-aomp/TheRock/build/third-party/host-blas/build/build-openblas/driver/level3/CMakeFiles/ztrsm_LTLU.c
1.8	-- /work/grodgers/git/tr-aomp/TheRock/build/third-party/host-blas/build/build-openblas/driver/level3/CMakeFiles/strsm_LTUU.c
1.8	-- /work/grodgers/git/tr-aomp/TheRock/build/third-party/host-blas/build/build-openblas/driver/level3/CMakeFiles/dtrsm_LTUU.c
1.8	-- /work/grodgers/git/tr-aomp/TheRock/build/third-party/host-blas/build/build-openblas/driver/level3/CMakeFiles/ctrsm_LTUU.c
1.8	-- /work/grodgers/git/tr-aomp/TheRock/build/third-party/host-blas/build/build-openblas/driver/level3/CMakeFiles/ztrsm_LTUU.c
1.8	-- /work/grodgers/git/tr-aomp/TheRock/build/third-party/host-blas/build/build-openblas/driver/level3/CMakeFiles/strsm_RNLN.c
1.8	-- /work/grodgers/git/tr-aomp/TheRock/build/third-party/host-blas/build/build-openblas/driver/level3/CMakeFiles/dtrsm_RNLN.c
1.8	-- /work/grodgers/git/tr-aomp/TheRock/build/third-party/host-blas/build/build-openblas/driver/level3/CMakeFiles/ctrsm_RNLN.c
1.8	-- /work/grodgers/git/tr-aomp/TheRock/build/third-party/host-blas/build/build-openblas/driver/level3/CMakeFiles/ztrsm_RNLN.c
1.8	-- /work/grodgers/git/tr-aomp/TheRock/build/third-party/host-blas/build/build-openblas/driver/level3/CMakeFiles/strsm_RNUN.c
1.8	-- /work/grodgers/git/tr-aomp/TheRock/build/third-party/host-blas/build/build-openblas/driver/level3/CMakeFiles/dtrsm_RNUN.c
1.8	-- /work/grodgers/git/tr-aomp/TheRock/build/third-party/host-blas/build/build-openblas/driver/level3/CMakeFiles/ctrsm_RNUN.c
1.8	-- /work/grodgers/git/tr-aomp/TheRock/build/third-party/host-blas/build/build-openblas/driver/level3/CMakeFiles/ztrsm_RNUN.c
1.8	-- /work/grodgers/git/tr-aomp/TheRock/build/third-party/host-blas/build/build-openblas/driver/level3/CMakeFiles/strsm_RNLU.c
1.8	-- /work/grodgers/git/tr-aomp/TheRock/build/third-party/host-blas/build/build-openblas/driver/level3/CMakeFiles/dtrsm_RNLU.c
1.8	-- /work/grodgers/git/tr-aomp/TheRock/build/third-party/host-blas/build/build-openblas/driver/level3/CMakeFiles/ctrsm_RNLU.c
1.8	-- /work/grodgers/git/tr-aomp/TheRock/build/third-party/host-blas/build/build-openblas/driver/level3/CMakeFiles/ztrsm_RNLU.c
1.8	-- /work/grodgers/git/tr-aomp/TheRock/build/third-party/host-blas/build/build-openblas/driver/level3/CMakeFiles/strsm_RNUU.c
1.8	-- /work/grodgers/git/tr-aomp/TheRock/build/third-party/host-blas/build/build-openblas/driver/level3/CMakeFiles/dtrsm_RNUU.c
1.8	-- /work/grodgers/git/tr-aomp/TheRock/build/third-party/host-blas/build/build-openblas/driver/level3/CMakeFiles/ctrsm_RNUU.c
1.8	-- /work/grodgers/git/tr-aomp/TheRock/build/third-party/host-blas/build/build-openblas/driver/level3/CMakeFiles/ztrsm_RNUU.c
1.8	-- /work/grodgers/git/tr-aomp/TheRock/build/third-party/host-blas/build/build-openblas/driver/level3/CMakeFiles/strsm_RTLN.c
1.8	-- /work/grodgers/git/tr-aomp/TheRock/build/third-party/host-blas/build/build-openblas/driver/level3/CMakeFiles/dtrsm_RTLN.c
1.8	-- /work/grodgers/git/tr-aomp/TheRock/build/third-party/host-blas/build/build-openblas/driver/level3/CMakeFiles/ctrsm_RTLN.c
1.8	-- /work/grodgers/git/tr-aomp/TheRock/build/third-party/host-blas/build/build-openblas/driver/level3/CMakeFiles/ztrsm_RTLN.c
1.8	-- /work/grodgers/git/tr-aomp/TheRock/build/third-party/host-blas/build/build-openblas/driver/level3/CMakeFiles/strsm_RTUN.c
1.8	-- /work/grodgers/git/tr-aomp/TheRock/build/third-party/host-blas/build/build-openblas/driver/level3/CMakeFiles/dtrsm_RTUN.c
1.8	-- /work/grodgers/git/tr-aomp/TheRock/build/third-party/host-blas/build/build-openblas/driver/level3/CMakeFiles/ctrsm_RTUN.c
1.8	-- /work/grodgers/git/tr-aomp/TheRock/build/third-party/host-blas/build/build-openblas/driver/level3/CMakeFiles/ztrsm_RTUN.c
1.8	-- /work/grodgers/git/tr-aomp/TheRock/build/third-party/host-blas/build/build-openblas/driver/level3/CMakeFiles/strsm_RTLU.c
1.8	-- /work/grodgers/git/tr-aomp/TheRock/build/third-party/host-blas/build/build-openblas/driver/level3/CMakeFiles/dtrsm_RTLU.c
1.8	-- /work/grodgers/git/tr-aomp/TheRock/build/third-party/host-blas/build/build-openblas/driver/level3/CMakeFiles/ctrsm_RTLU.c
1.8	-- /work/grodgers/git/tr-aomp/TheRock/build/third-party/host-blas/build/build-openblas/driver/level3/CMakeFiles/ztrsm_RTLU.c
1.8	-- /work/grodgers/git/tr-aomp/TheRock/build/third-party/host-blas/build/build-openblas/driver/level3/CMakeFiles/strsm_RTUU.c
1.8	-- /work/grodgers/git/tr-aomp/TheRock/build/third-party/host-blas/build/build-openblas/driver/level3/CMakeFiles/dtrsm_RTUU.c
1.8	-- /work/grodgers/git/tr-aomp/TheRock/build/third-party/host-blas/build/build-openblas/driver/level3/CMakeFiles/ctrsm_RTUU.c
1.8	-- /work/grodgers/git/tr-aomp/TheRock/build/third-party/host-blas/build/build-openblas/driver/level3/CMakeFiles/ztrsm_RTUU.c
1.8	-- /work/grodgers/git/tr-aomp/TheRock/build/third-party/host-blas/build/build-openblas/driver/level3/CMakeFiles/ssymm_LU.c
1.8	-- /work/grodgers/git/tr-aomp/TheRock/build/third-party/host-blas/build/build-openblas/driver/level3/CMakeFiles/dsymm_LU.c
1.8	-- /work/grodgers/git/tr-aomp/TheRock/build/third-party/host-blas/build/build-openblas/driver/level3/CMakeFiles/csymm_LU.c
1.8	-- /work/grodgers/git/tr-aomp/TheRock/build/third-party/host-blas/build/build-openblas/driver/level3/CMakeFiles/zsymm_LU.c
1.8	-- /work/grodgers/git/tr-aomp/TheRock/build/third-party/host-blas/build/build-openblas/driver/level3/CMakeFiles/ssymm_RU.c
1.8	-- /work/grodgers/git/tr-aomp/TheRock/build/third-party/host-blas/build/build-openblas/driver/level3/CMakeFiles/dsymm_RU.c
1.8	-- /work/grodgers/git/tr-aomp/TheRock/build/third-party/host-blas/build/build-openblas/driver/level3/CMakeFiles/csymm_RU.c
1.8	-- /work/grodgers/git/tr-aomp/TheRock/build/third-party/host-blas/build/build-openblas/driver/level3/CMakeFiles/zsymm_RU.c
1.8	-- /work/grodgers/git/tr-aomp/TheRock/build/third-party/host-blas/build/build-openblas/driver/level3/CMakeFiles/ssymm_LL.c
1.8	-- /work/grodgers/git/tr-aomp/TheRock/build/third-party/host-blas/build/build-openblas/driver/level3/CMakeFiles/dsymm_LL.c
1.8	-- /work/grodgers/git/tr-aomp/TheRock/build/third-party/host-blas/build/build-openblas/driver/level3/CMakeFiles/csymm_LL.c
1.8	-- /work/grodgers/git/tr-aomp/TheRock/build/third-party/host-blas/build/build-openblas/driver/level3/CMakeFiles/zsymm_LL.c
1.8	-- /work/grodgers/git/tr-aomp/TheRock/build/third-party/host-blas/build/build-openblas/driver/level3/CMakeFiles/ssymm_RL.c
1.8	-- /work/grodgers/git/tr-aomp/TheRock/build/third-party/host-blas/build/build-openblas/driver/level3/CMakeFiles/dsymm_RL.c
1.8	-- /work/grodgers/git/tr-aomp/TheRock/build/third-party/host-blas/build/build-openblas/driver/level3/CMakeFiles/csymm_RL.c
1.8	-- /work/grodgers/git/tr-aomp/TheRock/build/third-party/host-blas/build/build-openblas/driver/level3/CMakeFiles/zsymm_RL.c
1.8	-- /work/grodgers/git/tr-aomp/TheRock/build/third-party/host-blas/build/build-openblas/driver/level3/CMakeFiles/ssyrk_UN.c
1.8	-- /work/grodgers/git/tr-aomp/TheRock/build/third-party/host-blas/build/build-openblas/driver/level3/CMakeFiles/dsyrk_UN.c
1.8	-- /work/grodgers/git/tr-aomp/TheRock/build/third-party/host-blas/build/build-openblas/driver/level3/CMakeFiles/csyrk_UN.c
1.8	-- /work/grodgers/git/tr-aomp/TheRock/build/third-party/host-blas/build/build-openblas/driver/level3/CMakeFiles/zsyrk_UN.c
1.8	-- /work/grodgers/git/tr-aomp/TheRock/build/third-party/host-blas/build/build-openblas/driver/level3/CMakeFiles/ssyrk_LN.c
1.8	-- /work/grodgers/git/tr-aomp/TheRock/build/third-party/host-blas/build/build-openblas/driver/level3/CMakeFiles/dsyrk_LN.c
1.8	-- /work/grodgers/git/tr-aomp/TheRock/build/third-party/host-blas/build/build-openblas/driver/level3/CMakeFiles/csyrk_LN.c
1.8	-- /work/grodgers/git/tr-aomp/TheRock/build/third-party/host-blas/build/build-openblas/driver/level3/CMakeFiles/zsyrk_LN.c
1.8	-- /work/grodgers/git/tr-aomp/TheRock/build/third-party/host-blas/build/build-openblas/driver/level3/CMakeFiles/ssyrk_UT.c
1.8	-- /work/grodgers/git/tr-aomp/TheRock/build/third-party/host-blas/build/build-openblas/driver/level3/CMakeFiles/dsyrk_UT.c
1.8	-- /work/grodgers/git/tr-aomp/TheRock/build/third-party/host-blas/build/build-openblas/driver/level3/CMakeFiles/csyrk_UT.c
1.8	-- /work/grodgers/git/tr-aomp/TheRock/build/third-party/host-blas/build/build-openblas/driver/level3/CMakeFiles/zsyrk_UT.c
1.8	-- /work/grodgers/git/tr-aomp/TheRock/build/third-party/host-blas/build/build-openblas/driver/level3/CMakeFiles/ssyrk_LT.c
1.8	-- /work/grodgers/git/tr-aomp/TheRock/build/third-party/host-blas/build/build-openblas/driver/level3/CMakeFiles/dsyrk_LT.c
1.8	-- /work/grodgers/git/tr-aomp/TheRock/build/third-party/host-blas/build/build-openblas/driver/level3/CMakeFiles/csyrk_LT.c
1.8	-- /work/grodgers/git/tr-aomp/TheRock/build/third-party/host-blas/build/build-openblas/driver/level3/CMakeFiles/zsyrk_LT.c
1.8	-- /work/grodgers/git/tr-aomp/TheRock/build/third-party/host-blas/build/build-openblas/driver/level3/CMakeFiles/ssyr2k_UN.c
1.8	-- /work/grodgers/git/tr-aomp/TheRock/build/third-party/host-blas/build/build-openblas/driver/level3/CMakeFiles/dsyr2k_UN.c
1.8	-- /work/grodgers/git/tr-aomp/TheRock/build/third-party/host-blas/build/build-openblas/driver/level3/CMakeFiles/csyr2k_UN.c
1.8	-- /work/grodgers/git/tr-aomp/TheRock/build/third-party/host-blas/build/build-openblas/driver/level3/CMakeFiles/zsyr2k_UN.c
1.8	-- /work/grodgers/git/tr-aomp/TheRock/build/third-party/host-blas/build/build-openblas/driver/level3/CMakeFiles/ssyr2k_LN.c
1.9	-- /work/grodgers/git/tr-aomp/TheRock/build/third-party/host-blas/build/build-openblas/driver/level3/CMakeFiles/dsyr2k_LN.c
1.9	-- /work/grodgers/git/tr-aomp/TheRock/build/third-party/host-blas/build/build-openblas/driver/level3/CMakeFiles/csyr2k_LN.c
1.9	-- /work/grodgers/git/tr-aomp/TheRock/build/third-party/host-blas/build/build-openblas/driver/level3/CMakeFiles/zsyr2k_LN.c
1.9	-- /work/grodgers/git/tr-aomp/TheRock/build/third-party/host-blas/build/build-openblas/driver/level3/CMakeFiles/ssyr2k_UT.c
1.9	-- /work/grodgers/git/tr-aomp/TheRock/build/third-party/host-blas/build/build-openblas/driver/level3/CMakeFiles/dsyr2k_UT.c
1.9	-- /work/grodgers/git/tr-aomp/TheRock/build/third-party/host-blas/build/build-openblas/driver/level3/CMakeFiles/csyr2k_UT.c
1.9	-- /work/grodgers/git/tr-aomp/TheRock/build/third-party/host-blas/build/build-openblas/driver/level3/CMakeFiles/zsyr2k_UT.c
1.9	-- /work/grodgers/git/tr-aomp/TheRock/build/third-party/host-blas/build/build-openblas/driver/level3/CMakeFiles/ssyr2k_LT.c
1.9	-- /work/grodgers/git/tr-aomp/TheRock/build/third-party/host-blas/build/build-openblas/driver/level3/CMakeFiles/dsyr2k_LT.c
1.9	-- /work/grodgers/git/tr-aomp/TheRock/build/third-party/host-blas/build/build-openblas/driver/level3/CMakeFiles/csyr2k_LT.c
1.9	-- /work/grodgers/git/tr-aomp/TheRock/build/third-party/host-blas/build/build-openblas/driver/level3/CMakeFiles/zsyr2k_LT.c
1.9	-- /work/grodgers/git/tr-aomp/TheRock/build/third-party/host-blas/build/build-openblas/driver/level3/CMakeFiles/ssyrk_kernel_U.c
1.9	-- /work/grodgers/git/tr-aomp/TheRock/build/third-party/host-blas/build/build-openblas/driver/level3/CMakeFiles/dsyrk_kernel_U.c
1.9	-- /work/grodgers/git/tr-aomp/TheRock/build/third-party/host-blas/build/build-openblas/driver/level3/CMakeFiles/csyrk_kernel_U.c
1.9	-- /work/grodgers/git/tr-aomp/TheRock/build/third-party/host-blas/build/build-openblas/driver/level3/CMakeFiles/zsyrk_kernel_U.c
1.9	-- /work/grodgers/git/tr-aomp/TheRock/build/third-party/host-blas/build/build-openblas/driver/level3/CMakeFiles/ssyrk_kernel_L.c
1.9	-- /work/grodgers/git/tr-aomp/TheRock/build/third-party/host-blas/build/build-openblas/driver/level3/CMakeFiles/dsyrk_kernel_L.c
1.9	-- /work/grodgers/git/tr-aomp/TheRock/build/third-party/host-blas/build/build-openblas/driver/level3/CMakeFiles/csyrk_kernel_L.c
1.9	-- /work/grodgers/git/tr-aomp/TheRock/build/third-party/host-blas/build/build-openblas/driver/level3/CMakeFiles/zsyrk_kernel_L.c
1.9	-- /work/grodgers/git/tr-aomp/TheRock/build/third-party/host-blas/build/build-openblas/driver/level3/CMakeFiles/ssyr2k_kernel_U.c
1.9	-- /work/grodgers/git/tr-aomp/TheRock/build/third-party/host-blas/build/build-openblas/driver/level3/CMakeFiles/dsyr2k_kernel_U.c
1.9	-- /work/grodgers/git/tr-aomp/TheRock/build/third-party/host-blas/build/build-openblas/driver/level3/CMakeFiles/csyr2k_kernel_U.c
1.9	-- /work/grodgers/git/tr-aomp/TheRock/build/third-party/host-blas/build/build-openblas/driver/level3/CMakeFiles/zsyr2k_kernel_U.c
1.9	-- /work/grodgers/git/tr-aomp/TheRock/build/third-party/host-blas/build/build-openblas/driver/level3/CMakeFiles/ssyr2k_kernel_L.c
1.9	-- /work/grodgers/git/tr-aomp/TheRock/build/third-party/host-blas/build/build-openblas/driver/level3/CMakeFiles/dsyr2k_kernel_L.c
1.9	-- /work/grodgers/git/tr-aomp/TheRock/build/third-party/host-blas/build/build-openblas/driver/level3/CMakeFiles/csyr2k_kernel_L.c
1.9	-- /work/grodgers/git/tr-aomp/TheRock/build/third-party/host-blas/build/build-openblas/driver/level3/CMakeFiles/zsyr2k_kernel_L.c
1.9	-- /work/grodgers/git/tr-aomp/TheRock/build/third-party/host-blas/build/build-openblas/driver/level3/CMakeFiles/gemm_thread_m.c
1.9	-- /work/grodgers/git/tr-aomp/TheRock/build/third-party/host-blas/build/build-openblas/driver/level3/CMakeFiles/gemm_thread_n.c
1.9	-- /work/grodgers/git/tr-aomp/TheRock/build/third-party/host-blas/build/build-openblas/driver/level3/CMakeFiles/gemm_thread_mn.c
1.9	-- /work/grodgers/git/tr-aomp/TheRock/build/third-party/host-blas/build/build-openblas/driver/level3/CMakeFiles/gemm_thread_variable.c
1.9	-- /work/grodgers/git/tr-aomp/TheRock/build/third-party/host-blas/build/build-openblas/driver/level3/CMakeFiles/syrk_thread.c
1.9	-- /work/grodgers/git/tr-aomp/TheRock/build/third-party/host-blas/build/build-openblas/driver/level3/CMakeFiles/ssyrk_thread_UN.c
1.9	-- /work/grodgers/git/tr-aomp/TheRock/build/third-party/host-blas/build/build-openblas/driver/level3/CMakeFiles/dsyrk_thread_UN.c
1.9	-- /work/grodgers/git/tr-aomp/TheRock/build/third-party/host-blas/build/build-openblas/driver/level3/CMakeFiles/csyrk_thread_UN.c
1.9	-- /work/grodgers/git/tr-aomp/TheRock/build/third-party/host-blas/build/build-openblas/driver/level3/CMakeFiles/zsyrk_thread_UN.c
1.9	-- /work/grodgers/git/tr-aomp/TheRock/build/third-party/host-blas/build/build-openblas/driver/level3/CMakeFiles/ssyrk_thread_LN.c
1.9	-- /work/grodgers/git/tr-aomp/TheRock/build/third-party/host-blas/build/build-openblas/driver/level3/CMakeFiles/dsyrk_thread_LN.c
1.9	-- /work/grodgers/git/tr-aomp/TheRock/build/third-party/host-blas/build/build-openblas/driver/level3/CMakeFiles/csyrk_thread_LN.c
1.9	-- /work/grodgers/git/tr-aomp/TheRock/build/third-party/host-blas/build/build-openblas/driver/level3/CMakeFiles/zsyrk_thread_LN.c
1.9	-- /work/grodgers/git/tr-aomp/TheRock/build/third-party/host-blas/build/build-openblas/driver/level3/CMakeFiles/ssyrk_thread_UT.c
1.9	-- /work/grodgers/git/tr-aomp/TheRock/build/third-party/host-blas/build/build-openblas/driver/level3/CMakeFiles/dsyrk_thread_UT.c
1.9	-- /work/grodgers/git/tr-aomp/TheRock/build/third-party/host-blas/build/build-openblas/driver/level3/CMakeFiles/csyrk_thread_UT.c
1.9	-- /work/grodgers/git/tr-aomp/TheRock/build/third-party/host-blas/build/build-openblas/driver/level3/CMakeFiles/zsyrk_thread_UT.c
1.9	-- /work/grodgers/git/tr-aomp/TheRock/build/third-party/host-blas/build/build-openblas/driver/level3/CMakeFiles/ssyrk_thread_LT.c
1.9	-- /work/grodgers/git/tr-aomp/TheRock/build/third-party/host-blas/build/build-openblas/driver/level3/CMakeFiles/dsyrk_thread_LT.c
1.9	-- /work/grodgers/git/tr-aomp/TheRock/build/third-party/host-blas/build/build-openblas/driver/level3/CMakeFiles/csyrk_thread_LT.c
1.9	-- /work/grodgers/git/tr-aomp/TheRock/build/third-party/host-blas/build/build-openblas/driver/level3/CMakeFiles/zsyrk_thread_LT.c
1.9	-- /work/grodgers/git/tr-aomp/TheRock/build/third-party/host-blas/build/build-openblas/driver/level3/CMakeFiles/ssymm_thread_LU.c
1.9	-- /work/grodgers/git/tr-aomp/TheRock/build/third-party/host-blas/build/build-openblas/driver/level3/CMakeFiles/dsymm_thread_LU.c
1.9	-- /work/grodgers/git/tr-aomp/TheRock/build/third-party/host-blas/build/build-openblas/driver/level3/CMakeFiles/csymm_thread_LU.c
1.9	-- /work/grodgers/git/tr-aomp/TheRock/build/third-party/host-blas/build/build-openblas/driver/level3/CMakeFiles/zsymm_thread_LU.c
1.9	-- /work/grodgers/git/tr-aomp/TheRock/build/third-party/host-blas/build/build-openblas/driver/level3/CMakeFiles/ssymm_thread_RU.c
1.9	-- /work/grodgers/git/tr-aomp/TheRock/build/third-party/host-blas/build/build-openblas/driver/level3/CMakeFiles/dsymm_thread_RU.c
1.9	-- /work/grodgers/git/tr-aomp/TheRock/build/third-party/host-blas/build/build-openblas/driver/level3/CMakeFiles/csymm_thread_RU.c
1.9	-- /work/grodgers/git/tr-aomp/TheRock/build/third-party/host-blas/build/build-openblas/driver/level3/CMakeFiles/zsymm_thread_RU.c
1.9	-- /work/grodgers/git/tr-aomp/TheRock/build/third-party/host-blas/build/build-openblas/driver/level3/CMakeFiles/ssymm_thread_LL.c
1.9	-- /work/grodgers/git/tr-aomp/TheRock/build/third-party/host-blas/build/build-openblas/driver/level3/CMakeFiles/dsymm_thread_LL.c
1.9	-- /work/grodgers/git/tr-aomp/TheRock/build/third-party/host-blas/build/build-openblas/driver/level3/CMakeFiles/csymm_thread_LL.c
1.9	-- /work/grodgers/git/tr-aomp/TheRock/build/third-party/host-blas/build/build-openblas/driver/level3/CMakeFiles/zsymm_thread_LL.c
1.9	-- /work/grodgers/git/tr-aomp/TheRock/build/third-party/host-blas/build/build-openblas/driver/level3/CMakeFiles/ssymm_thread_RL.c
1.9	-- /work/grodgers/git/tr-aomp/TheRock/build/third-party/host-blas/build/build-openblas/driver/level3/CMakeFiles/dsymm_thread_RL.c
1.9	-- /work/grodgers/git/tr-aomp/TheRock/build/third-party/host-blas/build/build-openblas/driver/level3/CMakeFiles/csymm_thread_RL.c
1.9	-- /work/grodgers/git/tr-aomp/TheRock/build/third-party/host-blas/build/build-openblas/driver/level3/CMakeFiles/zsymm_thread_RL.c
1.9	-- /work/grodgers/git/tr-aomp/TheRock/build/third-party/host-blas/build/build-openblas/driver/level3/CMakeFiles/sgemm_batch_thread.c
1.9	-- /work/grodgers/git/tr-aomp/TheRock/build/third-party/host-blas/build/build-openblas/driver/level3/CMakeFiles/dgemm_batch_thread.c
1.9	-- /work/grodgers/git/tr-aomp/TheRock/build/third-party/host-blas/build/build-openblas/driver/level3/CMakeFiles/cgemm_batch_thread.c
1.9	-- /work/grodgers/git/tr-aomp/TheRock/build/third-party/host-blas/build/build-openblas/driver/level3/CMakeFiles/cherk_kernel_UN.c
1.9	-- /work/grodgers/git/tr-aomp/TheRock/build/third-party/host-blas/build/build-openblas/driver/level3/CMakeFiles/cherk_kernel_LN.c
1.9	-- /work/grodgers/git/tr-aomp/TheRock/build/third-party/host-blas/build/build-openblas/driver/level3/CMakeFiles/cherk_kernel_UC.c
1.9	-- /work/grodgers/git/tr-aomp/TheRock/build/third-party/host-blas/build/build-openblas/driver/level3/CMakeFiles/cherk_kernel_LC.c
1.9	-- /work/grodgers/git/tr-aomp/TheRock/build/third-party/host-blas/build/build-openblas/driver/level3/CMakeFiles/cherk_UN.c
1.9	-- /work/grodgers/git/tr-aomp/TheRock/build/third-party/host-blas/build/build-openblas/driver/level3/CMakeFiles/cherk_LN.c
1.9	-- /work/grodgers/git/tr-aomp/TheRock/build/third-party/host-blas/build/build-openblas/driver/level3/CMakeFiles/cherk_UC.c
1.9	-- /work/grodgers/git/tr-aomp/TheRock/build/third-party/host-blas/build/build-openblas/driver/level3/CMakeFiles/cherk_LC.c
1.9	-- /work/grodgers/git/tr-aomp/TheRock/build/third-party/host-blas/build/build-openblas/driver/level3/CMakeFiles/ctrmm_LRLN.c
1.9	-- /work/grodgers/git/tr-aomp/TheRock/build/third-party/host-blas/build/build-openblas/driver/level3/CMakeFiles/ctrmm_LRUN.c
1.9	-- /work/grodgers/git/tr-aomp/TheRock/build/third-party/host-blas/build/build-openblas/driver/level3/CMakeFiles/ctrmm_LRLU.c
1.9	-- /work/grodgers/git/tr-aomp/TheRock/build/third-party/host-blas/build/build-openblas/driver/level3/CMakeFiles/ctrmm_LRUU.c
1.9	-- /work/grodgers/git/tr-aomp/TheRock/build/third-party/host-blas/build/build-openblas/driver/level3/CMakeFiles/ctrmm_LCLN.c
1.9	-- /work/grodgers/git/tr-aomp/TheRock/build/third-party/host-blas/build/build-openblas/driver/level3/CMakeFiles/ctrmm_LCUN.c
1.9	-- /work/grodgers/git/tr-aomp/TheRock/build/third-party/host-blas/build/build-openblas/driver/level3/CMakeFiles/ctrmm_LCLU.c
1.9	-- /work/grodgers/git/tr-aomp/TheRock/build/third-party/host-blas/build/build-openblas/driver/level3/CMakeFiles/ctrmm_LCUU.c
1.9	-- /work/grodgers/git/tr-aomp/TheRock/build/third-party/host-blas/build/build-openblas/driver/level3/CMakeFiles/ctrmm_RRLN.c
1.9	-- /work/grodgers/git/tr-aomp/TheRock/build/third-party/host-blas/build/build-openblas/driver/level3/CMakeFiles/ctrmm_RRUN.c
1.9	-- /work/grodgers/git/tr-aomp/TheRock/build/third-party/host-blas/build/build-openblas/driver/level3/CMakeFiles/ctrmm_RRLU.c
1.9	-- /work/grodgers/git/tr-aomp/TheRock/build/third-party/host-blas/build/build-openblas/driver/level3/CMakeFiles/ctrmm_RRUU.c
1.9	-- /work/grodgers/git/tr-aomp/TheRock/build/third-party/host-blas/build/build-openblas/driver/level3/CMakeFiles/ctrmm_RCLN.c
1.9	-- /work/grodgers/git/tr-aomp/TheRock/build/third-party/host-blas/build/build-openblas/driver/level3/CMakeFiles/ctrmm_RCUN.c
1.9	-- /work/grodgers/git/tr-aomp/TheRock/build/third-party/host-blas/build/build-openblas/driver/level3/CMakeFiles/ctrmm_RCLU.c
1.9	-- /work/grodgers/git/tr-aomp/TheRock/build/third-party/host-blas/build/build-openblas/driver/level3/CMakeFiles/ctrmm_RCUU.c
1.9	-- /work/grodgers/git/tr-aomp/TheRock/build/third-party/host-blas/build/build-openblas/driver/level3/CMakeFiles/ctrsm_LRLN.c
1.9	-- /work/grodgers/git/tr-aomp/TheRock/build/third-party/host-blas/build/build-openblas/driver/level3/CMakeFiles/ctrsm_LRUN.c
1.9	-- /work/grodgers/git/tr-aomp/TheRock/build/third-party/host-blas/build/build-openblas/driver/level3/CMakeFiles/ctrsm_LRLU.c
1.9	-- /work/grodgers/git/tr-aomp/TheRock/build/third-party/host-blas/build/build-openblas/driver/level3/CMakeFiles/ctrsm_LRUU.c
1.9	-- /work/grodgers/git/tr-aomp/TheRock/build/third-party/host-blas/build/build-openblas/driver/level3/CMakeFiles/ctrsm_LCLN.c
1.9	-- /work/grodgers/git/tr-aomp/TheRock/build/third-party/host-blas/build/build-openblas/driver/level3/CMakeFiles/ctrsm_LCUN.c
1.9	-- /work/grodgers/git/tr-aomp/TheRock/build/third-party/host-blas/build/build-openblas/driver/level3/CMakeFiles/ctrsm_LCLU.c
1.9	-- /work/grodgers/git/tr-aomp/TheRock/build/third-party/host-blas/build/build-openblas/driver/level3/CMakeFiles/ctrsm_LCUU.c
1.9	-- /work/grodgers/git/tr-aomp/TheRock/build/third-party/host-blas/build/build-openblas/driver/level3/CMakeFiles/ctrsm_RRLN.c
1.9	-- /work/grodgers/git/tr-aomp/TheRock/build/third-party/host-blas/build/build-openblas/driver/level3/CMakeFiles/ctrsm_RRUN.c
1.9	-- /work/grodgers/git/tr-aomp/TheRock/build/third-party/host-blas/build/build-openblas/driver/level3/CMakeFiles/ctrsm_RRLU.c
1.9	-- /work/grodgers/git/tr-aomp/TheRock/build/third-party/host-blas/build/build-openblas/driver/level3/CMakeFiles/ctrsm_RRUU.c
1.9	-- /work/grodgers/git/tr-aomp/TheRock/build/third-party/host-blas/build/build-openblas/driver/level3/CMakeFiles/ctrsm_RCLN.c
1.9	-- /work/grodgers/git/tr-aomp/TheRock/build/third-party/host-blas/build/build-openblas/driver/level3/CMakeFiles/ctrsm_RCUN.c
1.9	-- /work/grodgers/git/tr-aomp/TheRock/build/third-party/host-blas/build/build-openblas/driver/level3/CMakeFiles/ctrsm_RCLU.c
1.9	-- /work/grodgers/git/tr-aomp/TheRock/build/third-party/host-blas/build/build-openblas/driver/level3/CMakeFiles/ctrsm_RCUU.c
1.9	-- /work/grodgers/git/tr-aomp/TheRock/build/third-party/host-blas/build/build-openblas/driver/level3/CMakeFiles/chemm_LU.c
1.9	-- /work/grodgers/git/tr-aomp/TheRock/build/third-party/host-blas/build/build-openblas/driver/level3/CMakeFiles/chemm_LL.c
1.9	-- /work/grodgers/git/tr-aomp/TheRock/build/third-party/host-blas/build/build-openblas/driver/level3/CMakeFiles/chemm_RU.c
1.9	-- /work/grodgers/git/tr-aomp/TheRock/build/third-party/host-blas/build/build-openblas/driver/level3/CMakeFiles/chemm_RL.c
1.9	-- /work/grodgers/git/tr-aomp/TheRock/build/third-party/host-blas/build/build-openblas/driver/level3/CMakeFiles/cher2k_kernel_UN.c
1.9	-- /work/grodgers/git/tr-aomp/TheRock/build/third-party/host-blas/build/build-openblas/driver/level3/CMakeFiles/cher2k_kernel_LN.c
1.9	-- /work/grodgers/git/tr-aomp/TheRock/build/third-party/host-blas/build/build-openblas/driver/level3/CMakeFiles/cher2k_kernel_UC.c
1.9	-- /work/grodgers/git/tr-aomp/TheRock/build/third-party/host-blas/build/build-openblas/driver/level3/CMakeFiles/cher2k_kernel_LC.c
1.9	-- /work/grodgers/git/tr-aomp/TheRock/build/third-party/host-blas/build/build-openblas/driver/level3/CMakeFiles/cher2k_UN.c
1.9	-- /work/grodgers/git/tr-aomp/TheRock/build/third-party/host-blas/build/build-openblas/driver/level3/CMakeFiles/cher2k_UC.c
1.9	-- /work/grodgers/git/tr-aomp/TheRock/build/third-party/host-blas/build/build-openblas/driver/level3/CMakeFiles/cher2k_LN.c
1.9	-- /work/grodgers/git/tr-aomp/TheRock/build/third-party/host-blas/build/build-openblas/driver/level3/CMakeFiles/cher2k_LC.c
1.9	-- /work/grodgers/git/tr-aomp/TheRock/build/third-party/host-blas/build/build-openblas/driver/level3/CMakeFiles/cherk_thread_UN.c
1.9	-- /work/grodgers/git/tr-aomp/TheRock/build/third-party/host-blas/build/build-openblas/driver/level3/CMakeFiles/cherk_thread_LN.c
1.9	-- /work/grodgers/git/tr-aomp/TheRock/build/third-party/host-blas/build/build-openblas/driver/level3/CMakeFiles/cherk_thread_UC.c
1.9	-- /work/grodgers/git/tr-aomp/TheRock/build/third-party/host-blas/build/build-openblas/driver/level3/CMakeFiles/cherk_thread_LC.c
1.9	-- /work/grodgers/git/tr-aomp/TheRock/build/third-party/host-blas/build/build-openblas/driver/level3/CMakeFiles/chemm_thread_LU.c
1.9	-- /work/grodgers/git/tr-aomp/TheRock/build/third-party/host-blas/build/build-openblas/driver/level3/CMakeFiles/chemm_thread_LL.c
1.9	-- /work/grodgers/git/tr-aomp/TheRock/build/third-party/host-blas/build/build-openblas/driver/level3/CMakeFiles/chemm_thread_RU.c
1.9	-- /work/grodgers/git/tr-aomp/TheRock/build/third-party/host-blas/build/build-openblas/driver/level3/CMakeFiles/chemm_thread_RL.c
1.9	-- /work/grodgers/git/tr-aomp/TheRock/build/third-party/host-blas/build/build-openblas/driver/level3/CMakeFiles/cher2k_UN.c
1.9	-- /work/grodgers/git/tr-aomp/TheRock/build/third-party/host-blas/build/build-openblas/driver/level3/CMakeFiles/cher2k_UC.c
1.9	-- /work/grodgers/git/tr-aomp/TheRock/build/third-party/host-blas/build/build-openblas/driver/level3/CMakeFiles/cher2k_LN.c
1.9	-- /work/grodgers/git/tr-aomp/TheRock/build/third-party/host-blas/build/build-openblas/driver/level3/CMakeFiles/cher2k_LC.c
1.9	-- /work/grodgers/git/tr-aomp/TheRock/build/third-party/host-blas/build/build-openblas/driver/level3/CMakeFiles/cgemm_rn.c
1.9	-- /work/grodgers/git/tr-aomp/TheRock/build/third-party/host-blas/build/build-openblas/driver/level3/CMakeFiles/cgemm3m_rn.c
1.9	-- /work/grodgers/git/tr-aomp/TheRock/build/third-party/host-blas/build/build-openblas/driver/level3/CMakeFiles/cgemm_thread_rn.c
1.9	-- /work/grodgers/git/tr-aomp/TheRock/build/third-party/host-blas/build/build-openblas/driver/level3/CMakeFiles/cgemm3m_thread_rn.c
1.9	-- /work/grodgers/git/tr-aomp/TheRock/build/third-party/host-blas/build/build-openblas/driver/level3/CMakeFiles/cgemm_cn.c
1.9	-- /work/grodgers/git/tr-aomp/TheRock/build/third-party/host-blas/build/build-openblas/driver/level3/CMakeFiles/cgemm3m_cn.c
1.9	-- /work/grodgers/git/tr-aomp/TheRock/build/third-party/host-blas/build/build-openblas/driver/level3/CMakeFiles/cgemm_thread_cn.c
1.9	-- /work/grodgers/git/tr-aomp/TheRock/build/third-party/host-blas/build/build-openblas/driver/level3/CMakeFiles/cgemm3m_thread_cn.c
1.9	-- /work/grodgers/git/tr-aomp/TheRock/build/third-party/host-blas/build/build-openblas/driver/level3/CMakeFiles/cgemm_rt.c
1.9	-- /work/grodgers/git/tr-aomp/TheRock/build/third-party/host-blas/build/build-openblas/driver/level3/CMakeFiles/cgemm3m_rt.c
1.9	-- /work/grodgers/git/tr-aomp/TheRock/build/third-party/host-blas/build/build-openblas/driver/level3/CMakeFiles/cgemm_thread_rt.c
1.9	-- /work/grodgers/git/tr-aomp/TheRock/build/third-party/host-blas/build/build-openblas/driver/level3/CMakeFiles/cgemm3m_thread_rt.c
1.9	-- /work/grodgers/git/tr-aomp/TheRock/build/third-party/host-blas/build/build-openblas/driver/level3/CMakeFiles/cgemm_ct.c
1.9	-- /work/grodgers/git/tr-aomp/TheRock/build/third-party/host-blas/build/build-openblas/driver/level3/CMakeFiles/cgemm3m_ct.c
1.9	-- /work/grodgers/git/tr-aomp/TheRock/build/third-party/host-blas/build/build-openblas/driver/level3/CMakeFiles/cgemm_thread_ct.c
1.9	-- /work/grodgers/git/tr-aomp/TheRock/build/third-party/host-blas/build/build-openblas/driver/level3/CMakeFiles/cgemm3m_thread_ct.c
1.9	-- /work/grodgers/git/tr-aomp/TheRock/build/third-party/host-blas/build/build-openblas/driver/level3/CMakeFiles/cgemm_nr.c
1.9	-- /work/grodgers/git/tr-aomp/TheRock/build/third-party/host-blas/build/build-openblas/driver/level3/CMakeFiles/cgemm3m_nr.c
1.9	-- /work/grodgers/git/tr-aomp/TheRock/build/third-party/host-blas/build/build-openblas/driver/level3/CMakeFiles/cgemm_thread_nr.c
1.9	-- /work/grodgers/git/tr-aomp/TheRock/build/third-party/host-blas/build/build-openblas/driver/level3/CMakeFiles/cgemm3m_thread_nr.c
1.9	-- /work/grodgers/git/tr-aomp/TheRock/build/third-party/host-blas/build/build-openblas/driver/level3/CMakeFiles/cgemm_tr.c
1.9	-- /work/grodgers/git/tr-aomp/TheRock/build/third-party/host-blas/build/build-openblas/driver/level3/CMakeFiles/cgemm3m_tr.c
1.9	-- /work/grodgers/git/tr-aomp/TheRock/build/third-party/host-blas/build/build-openblas/driver/level3/CMakeFiles/cgemm_thread_tr.c
1.9	-- /work/grodgers/git/tr-aomp/TheRock/build/third-party/host-blas/build/build-openblas/driver/level3/CMakeFiles/cgemm3m_thread_tr.c
1.9	-- /work/grodgers/git/tr-aomp/TheRock/build/third-party/host-blas/build/build-openblas/driver/level3/CMakeFiles/cgemm_rr.c
1.9	-- /work/grodgers/git/tr-aomp/TheRock/build/third-party/host-blas/build/build-openblas/driver/level3/CMakeFiles/cgemm3m_rr.c
1.9	-- /work/grodgers/git/tr-aomp/TheRock/build/third-party/host-blas/build/build-openblas/driver/level3/CMakeFiles/cgemm_thread_rr.c
1.9	-- /work/grodgers/git/tr-aomp/TheRock/build/third-party/host-blas/build/build-openblas/driver/level3/CMakeFiles/cgemm3m_thread_rr.c
1.9	-- /work/grodgers/git/tr-aomp/TheRock/build/third-party/host-blas/build/build-openblas/driver/level3/CMakeFiles/cgemm_cr.c
1.9	-- /work/grodgers/git/tr-aomp/TheRock/build/third-party/host-blas/build/build-openblas/driver/level3/CMakeFiles/cgemm3m_cr.c
1.9	-- /work/grodgers/git/tr-aomp/TheRock/build/third-party/host-blas/build/build-openblas/driver/level3/CMakeFiles/cgemm_thread_cr.c
1.9	-- /work/grodgers/git/tr-aomp/TheRock/build/third-party/host-blas/build/build-openblas/driver/level3/CMakeFiles/cgemm3m_thread_cr.c
1.9	-- /work/grodgers/git/tr-aomp/TheRock/build/third-party/host-blas/build/build-openblas/driver/level3/CMakeFiles/cgemm_nc.c
1.9	-- /work/grodgers/git/tr-aomp/TheRock/build/third-party/host-blas/build/build-openblas/driver/level3/CMakeFiles/cgemm3m_nc.c
1.9	-- /work/grodgers/git/tr-aomp/TheRock/build/third-party/host-blas/build/build-openblas/driver/level3/CMakeFiles/cgemm_thread_nc.c
1.9	-- /work/grodgers/git/tr-aomp/TheRock/build/third-party/host-blas/build/build-openblas/driver/level3/CMakeFiles/cgemm3m_thread_nc.c
1.9	-- /work/grodgers/git/tr-aomp/TheRock/build/third-party/host-blas/build/build-openblas/driver/level3/CMakeFiles/cgemm_tc.c
1.9	-- /work/grodgers/git/tr-aomp/TheRock/build/third-party/host-blas/build/build-openblas/driver/level3/CMakeFiles/cgemm3m_tc.c
1.9	-- /work/grodgers/git/tr-aomp/TheRock/build/third-party/host-blas/build/build-openblas/driver/level3/CMakeFiles/cgemm_thread_tc.c
1.9	-- /work/grodgers/git/tr-aomp/TheRock/build/third-party/host-blas/build/build-openblas/driver/level3/CMakeFiles/cgemm3m_thread_tc.c
1.9	-- /work/grodgers/git/tr-aomp/TheRock/build/third-party/host-blas/build/build-openblas/driver/level3/CMakeFiles/cgemm_rc.c
1.9	-- /work/grodgers/git/tr-aomp/TheRock/build/third-party/host-blas/build/build-openblas/driver/level3/CMakeFiles/cgemm3m_rc.c
1.9	-- /work/grodgers/git/tr-aomp/TheRock/build/third-party/host-blas/build/build-openblas/driver/level3/CMakeFiles/cgemm_thread_rc.c
1.9	-- /work/grodgers/git/tr-aomp/TheRock/build/third-party/host-blas/build/build-openblas/driver/level3/CMakeFiles/cgemm3m_thread_rc.c
1.9	-- /work/grodgers/git/tr-aomp/TheRock/build/third-party/host-blas/build/build-openblas/driver/level3/CMakeFiles/cgemm_cc.c
1.9	-- /work/grodgers/git/tr-aomp/TheRock/build/third-party/host-blas/build/build-openblas/driver/level3/CMakeFiles/cgemm3m_cc.c
1.9	-- /work/grodgers/git/tr-aomp/TheRock/build/third-party/host-blas/build/build-openblas/driver/level3/CMakeFiles/cgemm_thread_cc.c
1.9	-- /work/grodgers/git/tr-aomp/TheRock/build/third-party/host-blas/build/build-openblas/driver/level3/CMakeFiles/cgemm3m_thread_cc.c
1.9	-- /work/grodgers/git/tr-aomp/TheRock/build/third-party/host-blas/build/build-openblas/driver/level3/CMakeFiles/cgemm3m_nn.c
1.9	-- /work/grodgers/git/tr-aomp/TheRock/build/third-party/host-blas/build/build-openblas/driver/level3/CMakeFiles/cgemm3m_thread_nn.c
1.9	-- /work/grodgers/git/tr-aomp/TheRock/build/third-party/host-blas/build/build-openblas/driver/level3/CMakeFiles/cgemm3m_nt.c
1.9	-- /work/grodgers/git/tr-aomp/TheRock/build/third-party/host-blas/build/build-openblas/driver/level3/CMakeFiles/cgemm3m_thread_nt.c
1.9	-- /work/grodgers/git/tr-aomp/TheRock/build/third-party/host-blas/build/build-openblas/driver/level3/CMakeFiles/cgemm3m_tn.c
1.9	-- /work/grodgers/git/tr-aomp/TheRock/build/third-party/host-blas/build/build-openblas/driver/level3/CMakeFiles/cgemm3m_thread_tn.c
1.9	-- /work/grodgers/git/tr-aomp/TheRock/build/third-party/host-blas/build/build-openblas/driver/level3/CMakeFiles/cgemm3m_tt.c
1.9	-- /work/grodgers/git/tr-aomp/TheRock/build/third-party/host-blas/build/build-openblas/driver/level3/CMakeFiles/cgemm3m_thread_tt.c
1.9	-- /work/grodgers/git/tr-aomp/TheRock/build/third-party/host-blas/build/build-openblas/driver/level3/CMakeFiles/zgemm_batch_thread.c
1.9	-- /work/grodgers/git/tr-aomp/TheRock/build/third-party/host-blas/build/build-openblas/driver/level3/CMakeFiles/zherk_kernel_UN.c
1.9	-- /work/grodgers/git/tr-aomp/TheRock/build/third-party/host-blas/build/build-openblas/driver/level3/CMakeFiles/zherk_kernel_LN.c
1.9	-- /work/grodgers/git/tr-aomp/TheRock/build/third-party/host-blas/build/build-openblas/driver/level3/CMakeFiles/zherk_kernel_UC.c
1.9	-- /work/grodgers/git/tr-aomp/TheRock/build/third-party/host-blas/build/build-openblas/driver/level3/CMakeFiles/zherk_kernel_LC.c
1.9	-- /work/grodgers/git/tr-aomp/TheRock/build/third-party/host-blas/build/build-openblas/driver/level3/CMakeFiles/zherk_UN.c
1.9	-- /work/grodgers/git/tr-aomp/TheRock/build/third-party/host-blas/build/build-openblas/driver/level3/CMakeFiles/zherk_LN.c
1.9	-- /work/grodgers/git/tr-aomp/TheRock/build/third-party/host-blas/build/build-openblas/driver/level3/CMakeFiles/zherk_UC.c
1.9	-- /work/grodgers/git/tr-aomp/TheRock/build/third-party/host-blas/build/build-openblas/driver/level3/CMakeFiles/zherk_LC.c
1.9	-- /work/grodgers/git/tr-aomp/TheRock/build/third-party/host-blas/build/build-openblas/driver/level3/CMakeFiles/ztrmm_LRLN.c
1.9	-- /work/grodgers/git/tr-aomp/TheRock/build/third-party/host-blas/build/build-openblas/driver/level3/CMakeFiles/ztrmm_LRUN.c
1.9	-- /work/grodgers/git/tr-aomp/TheRock/build/third-party/host-blas/build/build-openblas/driver/level3/CMakeFiles/ztrmm_LRLU.c
1.9	-- /work/grodgers/git/tr-aomp/TheRock/build/third-party/host-blas/build/build-openblas/driver/level3/CMakeFiles/ztrmm_LRUU.c
1.9	-- /work/grodgers/git/tr-aomp/TheRock/build/third-party/host-blas/build/build-openblas/driver/level3/CMakeFiles/ztrmm_LCLN.c
1.9	-- /work/grodgers/git/tr-aomp/TheRock/build/third-party/host-blas/build/build-openblas/driver/level3/CMakeFiles/ztrmm_LCUN.c
1.9	-- /work/grodgers/git/tr-aomp/TheRock/build/third-party/host-blas/build/build-openblas/driver/level3/CMakeFiles/ztrmm_LCLU.c
1.9	-- /work/grodgers/git/tr-aomp/TheRock/build/third-party/host-blas/build/build-openblas/driver/level3/CMakeFiles/ztrmm_LCUU.c
1.9	-- /work/grodgers/git/tr-aomp/TheRock/build/third-party/host-blas/build/build-openblas/driver/level3/CMakeFiles/ztrmm_RRLN.c
1.9	-- /work/grodgers/git/tr-aomp/TheRock/build/third-party/host-blas/build/build-openblas/driver/level3/CMakeFiles/ztrmm_RRUN.c
1.9	-- /work/grodgers/git/tr-aomp/TheRock/build/third-party/host-blas/build/build-openblas/driver/level3/CMakeFiles/ztrmm_RRLU.c
1.9	-- /work/grodgers/git/tr-aomp/TheRock/build/third-party/host-blas/build/build-openblas/driver/level3/CMakeFiles/ztrmm_RRUU.c
1.9	-- /work/grodgers/git/tr-aomp/TheRock/build/third-party/host-blas/build/build-openblas/driver/level3/CMakeFiles/ztrmm_RCLN.c
1.9	-- /work/grodgers/git/tr-aomp/TheRock/build/third-party/host-blas/build/build-openblas/driver/level3/CMakeFiles/ztrmm_RCUN.c
1.9	-- /work/grodgers/git/tr-aomp/TheRock/build/third-party/host-blas/build/build-openblas/driver/level3/CMakeFiles/ztrmm_RCLU.c
1.9	-- /work/grodgers/git/tr-aomp/TheRock/build/third-party/host-blas/build/build-openblas/driver/level3/CMakeFiles/ztrmm_RCUU.c
1.9	-- /work/grodgers/git/tr-aomp/TheRock/build/third-party/host-blas/build/build-openblas/driver/level3/CMakeFiles/ztrsm_LRLN.c
1.9	-- /work/grodgers/git/tr-aomp/TheRock/build/third-party/host-blas/build/build-openblas/driver/level3/CMakeFiles/ztrsm_LRUN.c
1.9	-- /work/grodgers/git/tr-aomp/TheRock/build/third-party/host-blas/build/build-openblas/driver/level3/CMakeFiles/ztrsm_LRLU.c
1.9	-- /work/grodgers/git/tr-aomp/TheRock/build/third-party/host-blas/build/build-openblas/driver/level3/CMakeFiles/ztrsm_LRUU.c
1.9	-- /work/grodgers/git/tr-aomp/TheRock/build/third-party/host-blas/build/build-openblas/driver/level3/CMakeFiles/ztrsm_LCLN.c
1.9	-- /work/grodgers/git/tr-aomp/TheRock/build/third-party/host-blas/build/build-openblas/driver/level3/CMakeFiles/ztrsm_LCUN.c
1.9	-- /work/grodgers/git/tr-aomp/TheRock/build/third-party/host-blas/build/build-openblas/driver/level3/CMakeFiles/ztrsm_LCLU.c
1.9	-- /work/grodgers/git/tr-aomp/TheRock/build/third-party/host-blas/build/build-openblas/driver/level3/CMakeFiles/ztrsm_LCUU.c
1.9	-- /work/grodgers/git/tr-aomp/TheRock/build/third-party/host-blas/build/build-openblas/driver/level3/CMakeFiles/ztrsm_RRLN.c
1.9	-- /work/grodgers/git/tr-aomp/TheRock/build/third-party/host-blas/build/build-openblas/driver/level3/CMakeFiles/ztrsm_RRUN.c
1.9	-- /work/grodgers/git/tr-aomp/TheRock/build/third-party/host-blas/build/build-openblas/driver/level3/CMakeFiles/ztrsm_RRLU.c
1.9	-- /work/grodgers/git/tr-aomp/TheRock/build/third-party/host-blas/build/build-openblas/driver/level3/CMakeFiles/ztrsm_RRUU.c
1.9	-- /work/grodgers/git/tr-aomp/TheRock/build/third-party/host-blas/build/build-openblas/driver/level3/CMakeFiles/ztrsm_RCLN.c
1.9	-- /work/grodgers/git/tr-aomp/TheRock/build/third-party/host-blas/build/build-openblas/driver/level3/CMakeFiles/ztrsm_RCUN.c
1.9	-- /work/grodgers/git/tr-aomp/TheRock/build/third-party/host-blas/build/build-openblas/driver/level3/CMakeFiles/ztrsm_RCLU.c
1.9	-- /work/grodgers/git/tr-aomp/TheRock/build/third-party/host-blas/build/build-openblas/driver/level3/CMakeFiles/ztrsm_RCUU.c
1.9	-- /work/grodgers/git/tr-aomp/TheRock/build/third-party/host-blas/build/build-openblas/driver/level3/CMakeFiles/zhemm_LU.c
1.9	-- /work/grodgers/git/tr-aomp/TheRock/build/third-party/host-blas/build/build-openblas/driver/level3/CMakeFiles/zhemm_LL.c
1.9	-- /work/grodgers/git/tr-aomp/TheRock/build/third-party/host-blas/build/build-openblas/driver/level3/CMakeFiles/zhemm_RU.c
1.9	-- /work/grodgers/git/tr-aomp/TheRock/build/third-party/host-blas/build/build-openblas/driver/level3/CMakeFiles/zhemm_RL.c
1.9	-- /work/grodgers/git/tr-aomp/TheRock/build/third-party/host-blas/build/build-openblas/driver/level3/CMakeFiles/zher2k_kernel_UN.c
1.9	-- /work/grodgers/git/tr-aomp/TheRock/build/third-party/host-blas/build/build-openblas/driver/level3/CMakeFiles/zher2k_kernel_LN.c
2.0	-- /work/grodgers/git/tr-aomp/TheRock/build/third-party/host-blas/build/build-openblas/driver/level3/CMakeFiles/zher2k_kernel_UC.c
2.0	-- /work/grodgers/git/tr-aomp/TheRock/build/third-party/host-blas/build/build-openblas/driver/level3/CMakeFiles/zher2k_kernel_LC.c
2.0	-- /work/grodgers/git/tr-aomp/TheRock/build/third-party/host-blas/build/build-openblas/driver/level3/CMakeFiles/zher2k_UN.c
2.0	-- /work/grodgers/git/tr-aomp/TheRock/build/third-party/host-blas/build/build-openblas/driver/level3/CMakeFiles/zher2k_UC.c
2.0	-- /work/grodgers/git/tr-aomp/TheRock/build/third-party/host-blas/build/build-openblas/driver/level3/CMakeFiles/zher2k_LN.c
2.0	-- /work/grodgers/git/tr-aomp/TheRock/build/third-party/host-blas/build/build-openblas/driver/level3/CMakeFiles/zher2k_LC.c
2.0	-- /work/grodgers/git/tr-aomp/TheRock/build/third-party/host-blas/build/build-openblas/driver/level3/CMakeFiles/zherk_thread_UN.c
2.0	-- /work/grodgers/git/tr-aomp/TheRock/build/third-party/host-blas/build/build-openblas/driver/level3/CMakeFiles/zherk_thread_LN.c
2.0	-- /work/grodgers/git/tr-aomp/TheRock/build/third-party/host-blas/build/build-openblas/driver/level3/CMakeFiles/zherk_thread_UC.c
2.0	-- /work/grodgers/git/tr-aomp/TheRock/build/third-party/host-blas/build/build-openblas/driver/level3/CMakeFiles/zherk_thread_LC.c
2.0	-- /work/grodgers/git/tr-aomp/TheRock/build/third-party/host-blas/build/build-openblas/driver/level3/CMakeFiles/zhemm_thread_LU.c
2.0	-- /work/grodgers/git/tr-aomp/TheRock/build/third-party/host-blas/build/build-openblas/driver/level3/CMakeFiles/zhemm_thread_LL.c
2.0	-- /work/grodgers/git/tr-aomp/TheRock/build/third-party/host-blas/build/build-openblas/driver/level3/CMakeFiles/zhemm_thread_RU.c
2.0	-- /work/grodgers/git/tr-aomp/TheRock/build/third-party/host-blas/build/build-openblas/driver/level3/CMakeFiles/zhemm_thread_RL.c
2.0	-- /work/grodgers/git/tr-aomp/TheRock/build/third-party/host-blas/build/build-openblas/driver/level3/CMakeFiles/zher2k_UN.c
2.0	-- /work/grodgers/git/tr-aomp/TheRock/build/third-party/host-blas/build/build-openblas/driver/level3/CMakeFiles/zher2k_UC.c
2.0	-- /work/grodgers/git/tr-aomp/TheRock/build/third-party/host-blas/build/build-openblas/driver/level3/CMakeFiles/zher2k_LN.c
2.0	-- /work/grodgers/git/tr-aomp/TheRock/build/third-party/host-blas/build/build-openblas/driver/level3/CMakeFiles/zher2k_LC.c
2.0	-- /work/grodgers/git/tr-aomp/TheRock/build/third-party/host-blas/build/build-openblas/driver/level3/CMakeFiles/zgemm_rn.c
2.0	-- /work/grodgers/git/tr-aomp/TheRock/build/third-party/host-blas/build/build-openblas/driver/level3/CMakeFiles/zgemm3m_rn.c
2.0	-- /work/grodgers/git/tr-aomp/TheRock/build/third-party/host-blas/build/build-openblas/driver/level3/CMakeFiles/zgemm_thread_rn.c
2.0	-- /work/grodgers/git/tr-aomp/TheRock/build/third-party/host-blas/build/build-openblas/driver/level3/CMakeFiles/zgemm3m_thread_rn.c
2.0	-- /work/grodgers/git/tr-aomp/TheRock/build/third-party/host-blas/build/build-openblas/driver/level3/CMakeFiles/zgemm_cn.c
2.0	-- /work/grodgers/git/tr-aomp/TheRock/build/third-party/host-blas/build/build-openblas/driver/level3/CMakeFiles/zgemm3m_cn.c
2.0	-- /work/grodgers/git/tr-aomp/TheRock/build/third-party/host-blas/build/build-openblas/driver/level3/CMakeFiles/zgemm_thread_cn.c
2.0	-- /work/grodgers/git/tr-aomp/TheRock/build/third-party/host-blas/build/build-openblas/driver/level3/CMakeFiles/zgemm3m_thread_cn.c
2.0	-- /work/grodgers/git/tr-aomp/TheRock/build/third-party/host-blas/build/build-openblas/driver/level3/CMakeFiles/zgemm_rt.c
2.0	-- /work/grodgers/git/tr-aomp/TheRock/build/third-party/host-blas/build/build-openblas/driver/level3/CMakeFiles/zgemm3m_rt.c
2.0	-- /work/grodgers/git/tr-aomp/TheRock/build/third-party/host-blas/build/build-openblas/driver/level3/CMakeFiles/zgemm_thread_rt.c
2.0	-- /work/grodgers/git/tr-aomp/TheRock/build/third-party/host-blas/build/build-openblas/driver/level3/CMakeFiles/zgemm3m_thread_rt.c
2.0	-- /work/grodgers/git/tr-aomp/TheRock/build/third-party/host-blas/build/build-openblas/driver/level3/CMakeFiles/zgemm_ct.c
2.0	-- /work/grodgers/git/tr-aomp/TheRock/build/third-party/host-blas/build/build-openblas/driver/level3/CMakeFiles/zgemm3m_ct.c
2.0	-- /work/grodgers/git/tr-aomp/TheRock/build/third-party/host-blas/build/build-openblas/driver/level3/CMakeFiles/zgemm_thread_ct.c
2.0	-- /work/grodgers/git/tr-aomp/TheRock/build/third-party/host-blas/build/build-openblas/driver/level3/CMakeFiles/zgemm3m_thread_ct.c
2.0	-- /work/grodgers/git/tr-aomp/TheRock/build/third-party/host-blas/build/build-openblas/driver/level3/CMakeFiles/zgemm_nr.c
2.0	-- /work/grodgers/git/tr-aomp/TheRock/build/third-party/host-blas/build/build-openblas/driver/level3/CMakeFiles/zgemm3m_nr.c
2.0	-- /work/grodgers/git/tr-aomp/TheRock/build/third-party/host-blas/build/build-openblas/driver/level3/CMakeFiles/zgemm_thread_nr.c
2.0	-- /work/grodgers/git/tr-aomp/TheRock/build/third-party/host-blas/build/build-openblas/driver/level3/CMakeFiles/zgemm3m_thread_nr.c
2.0	-- /work/grodgers/git/tr-aomp/TheRock/build/third-party/host-blas/build/build-openblas/driver/level3/CMakeFiles/zgemm_tr.c
2.0	-- /work/grodgers/git/tr-aomp/TheRock/build/third-party/host-blas/build/build-openblas/driver/level3/CMakeFiles/zgemm3m_tr.c
2.0	-- /work/grodgers/git/tr-aomp/TheRock/build/third-party/host-blas/build/build-openblas/driver/level3/CMakeFiles/zgemm_thread_tr.c
2.0	-- /work/grodgers/git/tr-aomp/TheRock/build/third-party/host-blas/build/build-openblas/driver/level3/CMakeFiles/zgemm3m_thread_tr.c
2.0	-- /work/grodgers/git/tr-aomp/TheRock/build/third-party/host-blas/build/build-openblas/driver/level3/CMakeFiles/zgemm_rr.c
2.0	-- /work/grodgers/git/tr-aomp/TheRock/build/third-party/host-blas/build/build-openblas/driver/level3/CMakeFiles/zgemm3m_rr.c
2.0	-- /work/grodgers/git/tr-aomp/TheRock/build/third-party/host-blas/build/build-openblas/driver/level3/CMakeFiles/zgemm_thread_rr.c
2.0	-- /work/grodgers/git/tr-aomp/TheRock/build/third-party/host-blas/build/build-openblas/driver/level3/CMakeFiles/zgemm3m_thread_rr.c
2.0	-- /work/grodgers/git/tr-aomp/TheRock/build/third-party/host-blas/build/build-openblas/driver/level3/CMakeFiles/zgemm_cr.c
2.0	-- /work/grodgers/git/tr-aomp/TheRock/build/third-party/host-blas/build/build-openblas/driver/level3/CMakeFiles/zgemm3m_cr.c
2.0	-- /work/grodgers/git/tr-aomp/TheRock/build/third-party/host-blas/build/build-openblas/driver/level3/CMakeFiles/zgemm_thread_cr.c
2.0	-- /work/grodgers/git/tr-aomp/TheRock/build/third-party/host-blas/build/build-openblas/driver/level3/CMakeFiles/zgemm3m_thread_cr.c
2.0	-- /work/grodgers/git/tr-aomp/TheRock/build/third-party/host-blas/build/build-openblas/driver/level3/CMakeFiles/zgemm_nc.c
2.0	-- /work/grodgers/git/tr-aomp/TheRock/build/third-party/host-blas/build/build-openblas/driver/level3/CMakeFiles/zgemm3m_nc.c
2.0	-- /work/grodgers/git/tr-aomp/TheRock/build/third-party/host-blas/build/build-openblas/driver/level3/CMakeFiles/zgemm_thread_nc.c
2.0	-- /work/grodgers/git/tr-aomp/TheRock/build/third-party/host-blas/build/build-openblas/driver/level3/CMakeFiles/zgemm3m_thread_nc.c
2.0	-- /work/grodgers/git/tr-aomp/TheRock/build/third-party/host-blas/build/build-openblas/driver/level3/CMakeFiles/zgemm_tc.c
2.0	-- /work/grodgers/git/tr-aomp/TheRock/build/third-party/host-blas/build/build-openblas/driver/level3/CMakeFiles/zgemm3m_tc.c
2.0	-- /work/grodgers/git/tr-aomp/TheRock/build/third-party/host-blas/build/build-openblas/driver/level3/CMakeFiles/zgemm_thread_tc.c
2.0	-- /work/grodgers/git/tr-aomp/TheRock/build/third-party/host-blas/build/build-openblas/driver/level3/CMakeFiles/zgemm3m_thread_tc.c
2.0	-- /work/grodgers/git/tr-aomp/TheRock/build/third-party/host-blas/build/build-openblas/driver/level3/CMakeFiles/zgemm_rc.c
2.0	-- /work/grodgers/git/tr-aomp/TheRock/build/third-party/host-blas/build/build-openblas/driver/level3/CMakeFiles/zgemm3m_rc.c
2.0	-- /work/grodgers/git/tr-aomp/TheRock/build/third-party/host-blas/build/build-openblas/driver/level3/CMakeFiles/zgemm_thread_rc.c
2.0	-- /work/grodgers/git/tr-aomp/TheRock/build/third-party/host-blas/build/build-openblas/driver/level3/CMakeFiles/zgemm3m_thread_rc.c
2.0	-- /work/grodgers/git/tr-aomp/TheRock/build/third-party/host-blas/build/build-openblas/driver/level3/CMakeFiles/zgemm_cc.c
2.0	-- /work/grodgers/git/tr-aomp/TheRock/build/third-party/host-blas/build/build-openblas/driver/level3/CMakeFiles/zgemm3m_cc.c
2.0	-- /work/grodgers/git/tr-aomp/TheRock/build/third-party/host-blas/build/build-openblas/driver/level3/CMakeFiles/zgemm_thread_cc.c
2.0	-- /work/grodgers/git/tr-aomp/TheRock/build/third-party/host-blas/build/build-openblas/driver/level3/CMakeFiles/zgemm3m_thread_cc.c
2.0	-- /work/grodgers/git/tr-aomp/TheRock/build/third-party/host-blas/build/build-openblas/driver/level3/CMakeFiles/zgemm3m_nn.c
2.0	-- /work/grodgers/git/tr-aomp/TheRock/build/third-party/host-blas/build/build-openblas/driver/level3/CMakeFiles/zgemm3m_thread_nn.c
2.0	-- /work/grodgers/git/tr-aomp/TheRock/build/third-party/host-blas/build/build-openblas/driver/level3/CMakeFiles/zgemm3m_nt.c
2.0	-- /work/grodgers/git/tr-aomp/TheRock/build/third-party/host-blas/build/build-openblas/driver/level3/CMakeFiles/zgemm3m_thread_nt.c
2.0	-- /work/grodgers/git/tr-aomp/TheRock/build/third-party/host-blas/build/build-openblas/driver/level3/CMakeFiles/zgemm3m_tn.c
2.0	-- /work/grodgers/git/tr-aomp/TheRock/build/third-party/host-blas/build/build-openblas/driver/level3/CMakeFiles/zgemm3m_thread_tn.c
2.0	-- /work/grodgers/git/tr-aomp/TheRock/build/third-party/host-blas/build/build-openblas/driver/level3/CMakeFiles/zgemm3m_tt.c
2.0	-- /work/grodgers/git/tr-aomp/TheRock/build/third-party/host-blas/build/build-openblas/driver/level3/CMakeFiles/zgemm3m_thread_tt.c
2.0	-- /work/grodgers/git/tr-aomp/TheRock/build/third-party/host-blas/build/build-openblas/driver/others/CMakeFiles/c_abs.c
2.0	-- /work/grodgers/git/tr-aomp/TheRock/build/third-party/host-blas/build/build-openblas/driver/others/CMakeFiles/z_abs.c
2.0	-- /work/grodgers/git/tr-aomp/TheRock/build/third-party/host-blas/build/build-openblas/driver/others/CMakeFiles/openblas_get_config.c
2.0	-- /work/grodgers/git/tr-aomp/TheRock/build/third-party/host-blas/build/build-openblas/driver/others/CMakeFiles/openblas_get_parallel.c
2.0	-- Reading vars from /work/grodgers/git/tr-aomp/TheRock/build/third-party/host-blas/source/kernel/x86_64/KERNEL...
2.0	-- Reading vars from /work/grodgers/git/tr-aomp/TheRock/build/third-party/host-blas/source/kernel/x86_64/KERNEL.COOPERLAKE...
2.0	-- Reading vars from /work/grodgers/git/tr-aomp/TheRock/build/third-party/host-blas/source/kernel/x86_64/KERNEL.SKYLAKEX...
2.0	-- Reading vars from /work/grodgers/git/tr-aomp/TheRock/build/third-party/host-blas/source/kernel/x86_64/KERNEL.HASWELL...
2.0	-- /work/grodgers/git/tr-aomp/TheRock/build/third-party/host-blas/build/build-openblas/kernel/CMakeFiles/lsame.c
2.0	-- /work/grodgers/git/tr-aomp/TheRock/build/third-party/host-blas/build/build-openblas/kernel/CMakeFiles/scabs1.c
2.0	-- /work/grodgers/git/tr-aomp/TheRock/build/third-party/host-blas/build/build-openblas/kernel/CMakeFiles/dcabs1.c
2.0	-- /work/grodgers/git/tr-aomp/TheRock/build/third-party/host-blas/build/build-openblas/kernel/CMakeFiles/samax_k.S
2.0	-- /work/grodgers/git/tr-aomp/TheRock/build/third-party/host-blas/build/build-openblas/kernel/CMakeFiles/samin_k.S
2.0	-- /work/grodgers/git/tr-aomp/TheRock/build/third-party/host-blas/build/build-openblas/kernel/CMakeFiles/smax_k.S
2.0	-- /work/grodgers/git/tr-aomp/TheRock/build/third-party/host-blas/build/build-openblas/kernel/CMakeFiles/smin_k.S
2.0	-- /work/grodgers/git/tr-aomp/TheRock/build/third-party/host-blas/build/build-openblas/kernel/CMakeFiles/isamax_k.S
2.0	-- /work/grodgers/git/tr-aomp/TheRock/build/third-party/host-blas/build/build-openblas/kernel/CMakeFiles/isamin_k.S
2.0	-- /work/grodgers/git/tr-aomp/TheRock/build/third-party/host-blas/build/build-openblas/kernel/CMakeFiles/ismax_k.S
2.0	-- /work/grodgers/git/tr-aomp/TheRock/build/third-party/host-blas/build/build-openblas/kernel/CMakeFiles/ismin_k.S
2.0	-- /work/grodgers/git/tr-aomp/TheRock/build/third-party/host-blas/build/build-openblas/kernel/CMakeFiles/sasum_k.c
2.0	-- /work/grodgers/git/tr-aomp/TheRock/build/third-party/host-blas/build/build-openblas/kernel/CMakeFiles/saxpy_k.c
2.0	-- /work/grodgers/git/tr-aomp/TheRock/build/third-party/host-blas/build/build-openblas/kernel/CMakeFiles/scopy_k.S
2.0	-- /work/grodgers/git/tr-aomp/TheRock/build/third-party/host-blas/build/build-openblas/kernel/CMakeFiles/snrm2_k.S
2.0	-- /work/grodgers/git/tr-aomp/TheRock/build/third-party/host-blas/build/build-openblas/kernel/CMakeFiles/srot_k.c
2.0	-- /work/grodgers/git/tr-aomp/TheRock/build/third-party/host-blas/build/build-openblas/kernel/CMakeFiles/sscal_k.c
2.0	-- /work/grodgers/git/tr-aomp/TheRock/build/third-party/host-blas/build/build-openblas/kernel/CMakeFiles/sswap_k.S
2.0	-- /work/grodgers/git/tr-aomp/TheRock/build/third-party/host-blas/build/build-openblas/kernel/CMakeFiles/saxpby_k.c
2.0	-- /work/grodgers/git/tr-aomp/TheRock/build/third-party/host-blas/build/build-openblas/kernel/CMakeFiles/ssum_k.c
2.0	-- /work/grodgers/git/tr-aomp/TheRock/build/third-party/host-blas/build/build-openblas/kernel/CMakeFiles/sdot_k.c
2.0	-- /work/grodgers/git/tr-aomp/TheRock/build/third-party/host-blas/build/build-openblas/kernel/CMakeFiles/damax_k.S
2.0	-- /work/grodgers/git/tr-aomp/TheRock/build/third-party/host-blas/build/build-openblas/kernel/CMakeFiles/damin_k.S
2.0	-- /work/grodgers/git/tr-aomp/TheRock/build/third-party/host-blas/build/build-openblas/kernel/CMakeFiles/dmax_k.S
2.0	-- /work/grodgers/git/tr-aomp/TheRock/build/third-party/host-blas/build/build-openblas/kernel/CMakeFiles/dmin_k.S
2.0	-- /work/grodgers/git/tr-aomp/TheRock/build/third-party/host-blas/build/build-openblas/kernel/CMakeFiles/idamax_k.S
2.0	-- /work/grodgers/git/tr-aomp/TheRock/build/third-party/host-blas/build/build-openblas/kernel/CMakeFiles/idamin_k.S
2.0	-- /work/grodgers/git/tr-aomp/TheRock/build/third-party/host-blas/build/build-openblas/kernel/CMakeFiles/idmax_k.S
2.0	-- /work/grodgers/git/tr-aomp/TheRock/build/third-party/host-blas/build/build-openblas/kernel/CMakeFiles/idmin_k.S
2.0	-- /work/grodgers/git/tr-aomp/TheRock/build/third-party/host-blas/build/build-openblas/kernel/CMakeFiles/dasum_k.c
2.0	-- /work/grodgers/git/tr-aomp/TheRock/build/third-party/host-blas/build/build-openblas/kernel/CMakeFiles/daxpy_k.c
2.0	-- /work/grodgers/git/tr-aomp/TheRock/build/third-party/host-blas/build/build-openblas/kernel/CMakeFiles/dcopy_k.S
2.0	-- /work/grodgers/git/tr-aomp/TheRock/build/third-party/host-blas/build/build-openblas/kernel/CMakeFiles/dnrm2_k.S
2.0	-- /work/grodgers/git/tr-aomp/TheRock/build/third-party/host-blas/build/build-openblas/kernel/CMakeFiles/drot_k.c
2.0	-- /work/grodgers/git/tr-aomp/TheRock/build/third-party/host-blas/build/build-openblas/kernel/CMakeFiles/dscal_k.c
2.0	-- /work/grodgers/git/tr-aomp/TheRock/build/third-party/host-blas/build/build-openblas/kernel/CMakeFiles/dswap_k.S
2.0	-- /work/grodgers/git/tr-aomp/TheRock/build/third-party/host-blas/build/build-openblas/kernel/CMakeFiles/daxpby_k.c
2.0	-- /work/grodgers/git/tr-aomp/TheRock/build/third-party/host-blas/build/build-openblas/kernel/CMakeFiles/dsum_k.c
2.0	-- /work/grodgers/git/tr-aomp/TheRock/build/third-party/host-blas/build/build-openblas/kernel/CMakeFiles/ddot_k.c
2.0	-- /work/grodgers/git/tr-aomp/TheRock/build/third-party/host-blas/build/build-openblas/kernel/CMakeFiles/camax_k.S
2.0	-- /work/grodgers/git/tr-aomp/TheRock/build/third-party/host-blas/build/build-openblas/kernel/CMakeFiles/camin_k.S
2.0	-- /work/grodgers/git/tr-aomp/TheRock/build/third-party/host-blas/build/build-openblas/kernel/CMakeFiles/icamax_k.S
2.0	-- /work/grodgers/git/tr-aomp/TheRock/build/third-party/host-blas/build/build-openblas/kernel/CMakeFiles/icamin_k.S
2.0	-- /work/grodgers/git/tr-aomp/TheRock/build/third-party/host-blas/build/build-openblas/kernel/CMakeFiles/casum_k.c
2.0	-- /work/grodgers/git/tr-aomp/TheRock/build/third-party/host-blas/build/build-openblas/kernel/CMakeFiles/caxpy_k.c
2.0	-- /work/grodgers/git/tr-aomp/TheRock/build/third-party/host-blas/build/build-openblas/kernel/CMakeFiles/ccopy_k.S
2.0	-- /work/grodgers/git/tr-aomp/TheRock/build/third-party/host-blas/build/build-openblas/kernel/CMakeFiles/cnrm2_k.S
2.0	-- /work/grodgers/git/tr-aomp/TheRock/build/third-party/host-blas/build/build-openblas/kernel/CMakeFiles/crot_k.S
2.0	-- /work/grodgers/git/tr-aomp/TheRock/build/third-party/host-blas/build/build-openblas/kernel/CMakeFiles/cscal_k.c
2.0	-- /work/grodgers/git/tr-aomp/TheRock/build/third-party/host-blas/build/build-openblas/kernel/CMakeFiles/cswap_k.S
2.0	-- /work/grodgers/git/tr-aomp/TheRock/build/third-party/host-blas/build/build-openblas/kernel/CMakeFiles/caxpby_k.c
2.0	-- /work/grodgers/git/tr-aomp/TheRock/build/third-party/host-blas/build/build-openblas/kernel/CMakeFiles/csum_k.c
2.0	-- /work/grodgers/git/tr-aomp/TheRock/build/third-party/host-blas/build/build-openblas/kernel/CMakeFiles/caxpyc_k.c
2.0	-- /work/grodgers/git/tr-aomp/TheRock/build/third-party/host-blas/build/build-openblas/kernel/CMakeFiles/cdotu_k.c
2.0	-- /work/grodgers/git/tr-aomp/TheRock/build/third-party/host-blas/build/build-openblas/kernel/CMakeFiles/cdotc_k.c
2.0	-- /work/grodgers/git/tr-aomp/TheRock/build/third-party/host-blas/build/build-openblas/kernel/CMakeFiles/csrot_k.S
2.0	-- /work/grodgers/git/tr-aomp/TheRock/build/third-party/host-blas/build/build-openblas/kernel/CMakeFiles/zamax_k.S
2.0	-- /work/grodgers/git/tr-aomp/TheRock/build/third-party/host-blas/build/build-openblas/kernel/CMakeFiles/zamin_k.S
2.0	-- /work/grodgers/git/tr-aomp/TheRock/build/third-party/host-blas/build/build-openblas/kernel/CMakeFiles/izamax_k.S
2.0	-- /work/grodgers/git/tr-aomp/TheRock/build/third-party/host-blas/build/build-openblas/kernel/CMakeFiles/izamin_k.S
2.0	-- /work/grodgers/git/tr-aomp/TheRock/build/third-party/host-blas/build/build-openblas/kernel/CMakeFiles/zasum_k.c
2.0	-- /work/grodgers/git/tr-aomp/TheRock/build/third-party/host-blas/build/build-openblas/kernel/CMakeFiles/zaxpy_k.c
2.0	-- /work/grodgers/git/tr-aomp/TheRock/build/third-party/host-blas/build/build-openblas/kernel/CMakeFiles/zcopy_k.S
2.0	-- /work/grodgers/git/tr-aomp/TheRock/build/third-party/host-blas/build/build-openblas/kernel/CMakeFiles/znrm2_k.S
2.0	-- /work/grodgers/git/tr-aomp/TheRock/build/third-party/host-blas/build/build-openblas/kernel/CMakeFiles/zrot_k.S
2.0	-- /work/grodgers/git/tr-aomp/TheRock/build/third-party/host-blas/build/build-openblas/kernel/CMakeFiles/zscal_k.c
2.0	-- /work/grodgers/git/tr-aomp/TheRock/build/third-party/host-blas/build/build-openblas/kernel/CMakeFiles/zswap_k.S
2.0	-- /work/grodgers/git/tr-aomp/TheRock/build/third-party/host-blas/build/build-openblas/kernel/CMakeFiles/zaxpby_k.c
2.0	-- /work/grodgers/git/tr-aomp/TheRock/build/third-party/host-blas/build/build-openblas/kernel/CMakeFiles/zsum_k.c
2.0	-- /work/grodgers/git/tr-aomp/TheRock/build/third-party/host-blas/build/build-openblas/kernel/CMakeFiles/zaxpyc_k.c
2.0	-- /work/grodgers/git/tr-aomp/TheRock/build/third-party/host-blas/build/build-openblas/kernel/CMakeFiles/zdotu_k.c
2.0	-- /work/grodgers/git/tr-aomp/TheRock/build/third-party/host-blas/build/build-openblas/kernel/CMakeFiles/zdotc_k.c
2.0	-- /work/grodgers/git/tr-aomp/TheRock/build/third-party/host-blas/build/build-openblas/kernel/CMakeFiles/zdrot_k.S
2.0	-- /work/grodgers/git/tr-aomp/TheRock/build/third-party/host-blas/build/build-openblas/kernel/CMakeFiles/dsdot_k.c
2.0	-- /work/grodgers/git/tr-aomp/TheRock/build/third-party/host-blas/build/build-openblas/kernel/CMakeFiles/sdsdot_k.c
2.0	-- /work/grodgers/git/tr-aomp/TheRock/build/third-party/host-blas/build/build-openblas/kernel/CMakeFiles/ssymv_U.c
2.0	-- /work/grodgers/git/tr-aomp/TheRock/build/third-party/host-blas/build/build-openblas/kernel/CMakeFiles/dsymv_U.c
2.0	-- /work/grodgers/git/tr-aomp/TheRock/build/third-party/host-blas/build/build-openblas/kernel/CMakeFiles/csymv_U.c
2.0	-- /work/grodgers/git/tr-aomp/TheRock/build/third-party/host-blas/build/build-openblas/kernel/CMakeFiles/zsymv_U.c
2.0	-- /work/grodgers/git/tr-aomp/TheRock/build/third-party/host-blas/build/build-openblas/kernel/CMakeFiles/ssymv_L.c
2.0	-- /work/grodgers/git/tr-aomp/TheRock/build/third-party/host-blas/build/build-openblas/kernel/CMakeFiles/dsymv_L.c
2.0	-- /work/grodgers/git/tr-aomp/TheRock/build/third-party/host-blas/build/build-openblas/kernel/CMakeFiles/csymv_L.c
2.0	-- /work/grodgers/git/tr-aomp/TheRock/build/third-party/host-blas/build/build-openblas/kernel/CMakeFiles/zsymv_L.c
2.0	-- /work/grodgers/git/tr-aomp/TheRock/build/third-party/host-blas/build/build-openblas/kernel/CMakeFiles/sger_k.c
2.0	-- /work/grodgers/git/tr-aomp/TheRock/build/third-party/host-blas/build/build-openblas/kernel/CMakeFiles/dger_k.c
2.0	-- /work/grodgers/git/tr-aomp/TheRock/build/third-party/host-blas/build/build-openblas/kernel/CMakeFiles/cger_k.c
2.0	-- /work/grodgers/git/tr-aomp/TheRock/build/third-party/host-blas/build/build-openblas/kernel/CMakeFiles/zger_k.c
2.0	-- /work/grodgers/git/tr-aomp/TheRock/build/third-party/host-blas/build/build-openblas/kernel/CMakeFiles/sgemv_n.c
2.0	-- /work/grodgers/git/tr-aomp/TheRock/build/third-party/host-blas/build/build-openblas/kernel/CMakeFiles/sgemv_t.c
2.0	-- /work/grodgers/git/tr-aomp/TheRock/build/third-party/host-blas/build/build-openblas/kernel/CMakeFiles/dgemv_n.c
2.0	-- /work/grodgers/git/tr-aomp/TheRock/build/third-party/host-blas/build/build-openblas/kernel/CMakeFiles/dgemv_t.c
2.0	-- /work/grodgers/git/tr-aomp/TheRock/build/third-party/host-blas/build/build-openblas/kernel/CMakeFiles/cgeru_k.c
2.0	-- /work/grodgers/git/tr-aomp/TheRock/build/third-party/host-blas/build/build-openblas/kernel/CMakeFiles/cgerc_k.c
2.0	-- /work/grodgers/git/tr-aomp/TheRock/build/third-party/host-blas/build/build-openblas/kernel/CMakeFiles/cgerv_k.c
2.0	-- /work/grodgers/git/tr-aomp/TheRock/build/third-party/host-blas/build/build-openblas/kernel/CMakeFiles/cgerd_k.c
2.0	-- /work/grodgers/git/tr-aomp/TheRock/build/third-party/host-blas/build/build-openblas/kernel/CMakeFiles/cgemv_n.c
2.0	-- /work/grodgers/git/tr-aomp/TheRock/build/third-party/host-blas/build/build-openblas/kernel/CMakeFiles/cgemv_t.c
2.0	-- /work/grodgers/git/tr-aomp/TheRock/build/third-party/host-blas/build/build-openblas/kernel/CMakeFiles/cgemv_r.c
2.0	-- /work/grodgers/git/tr-aomp/TheRock/build/third-party/host-blas/build/build-openblas/kernel/CMakeFiles/cgemv_c.c
2.0	-- /work/grodgers/git/tr-aomp/TheRock/build/third-party/host-blas/build/build-openblas/kernel/CMakeFiles/cgemv_o.c
2.0	-- /work/grodgers/git/tr-aomp/TheRock/build/third-party/host-blas/build/build-openblas/kernel/CMakeFiles/cgemv_u.c
2.0	-- /work/grodgers/git/tr-aomp/TheRock/build/third-party/host-blas/build/build-openblas/kernel/CMakeFiles/cgemv_s.c
2.0	-- /work/grodgers/git/tr-aomp/TheRock/build/third-party/host-blas/build/build-openblas/kernel/CMakeFiles/cgemv_d.c
2.0	-- /work/grodgers/git/tr-aomp/TheRock/build/third-party/host-blas/build/build-openblas/kernel/CMakeFiles/chemv_U.c
2.0	-- /work/grodgers/git/tr-aomp/TheRock/build/third-party/host-blas/build/build-openblas/kernel/CMakeFiles/chemv_L.c
2.0	-- /work/grodgers/git/tr-aomp/TheRock/build/third-party/host-blas/build/build-openblas/kernel/CMakeFiles/chemv_V.c
2.0	-- /work/grodgers/git/tr-aomp/TheRock/build/third-party/host-blas/build/build-openblas/kernel/CMakeFiles/chemv_M.c
2.0	-- /work/grodgers/git/tr-aomp/TheRock/build/third-party/host-blas/build/build-openblas/kernel/CMakeFiles/zgeru_k.c
2.0	-- /work/grodgers/git/tr-aomp/TheRock/build/third-party/host-blas/build/build-openblas/kernel/CMakeFiles/zgerc_k.c
2.0	-- /work/grodgers/git/tr-aomp/TheRock/build/third-party/host-blas/build/build-openblas/kernel/CMakeFiles/zgerv_k.c
2.0	-- /work/grodgers/git/tr-aomp/TheRock/build/third-party/host-blas/build/build-openblas/kernel/CMakeFiles/zgerd_k.c
2.0	-- /work/grodgers/git/tr-aomp/TheRock/build/third-party/host-blas/build/build-openblas/kernel/CMakeFiles/zgemv_n.c
2.0	-- /work/grodgers/git/tr-aomp/TheRock/build/third-party/host-blas/build/build-openblas/kernel/CMakeFiles/zgemv_t.c
2.0	-- /work/grodgers/git/tr-aomp/TheRock/build/third-party/host-blas/build/build-openblas/kernel/CMakeFiles/zgemv_r.c
2.0	-- /work/grodgers/git/tr-aomp/TheRock/build/third-party/host-blas/build/build-openblas/kernel/CMakeFiles/zgemv_c.c
2.0	-- /work/grodgers/git/tr-aomp/TheRock/build/third-party/host-blas/build/build-openblas/kernel/CMakeFiles/zgemv_o.c
2.0	-- /work/grodgers/git/tr-aomp/TheRock/build/third-party/host-blas/build/build-openblas/kernel/CMakeFiles/zgemv_u.c
2.0	-- /work/grodgers/git/tr-aomp/TheRock/build/third-party/host-blas/build/build-openblas/kernel/CMakeFiles/zgemv_s.c
2.0	-- /work/grodgers/git/tr-aomp/TheRock/build/third-party/host-blas/build/build-openblas/kernel/CMakeFiles/zgemv_d.c
2.0	-- /work/grodgers/git/tr-aomp/TheRock/build/third-party/host-blas/build/build-openblas/kernel/CMakeFiles/zhemv_U.S
2.0	-- /work/grodgers/git/tr-aomp/TheRock/build/third-party/host-blas/build/build-openblas/kernel/CMakeFiles/zhemv_L.S
2.0	-- /work/grodgers/git/tr-aomp/TheRock/build/third-party/host-blas/build/build-openblas/kernel/CMakeFiles/zhemv_V.c
2.0	-- /work/grodgers/git/tr-aomp/TheRock/build/third-party/host-blas/build/build-openblas/kernel/CMakeFiles/zhemv_M.c
2.0	-- /work/grodgers/git/tr-aomp/TheRock/build/third-party/host-blas/build/build-openblas/kernel/CMakeFiles/sgemm_direct.c
2.0	-- /work/grodgers/git/tr-aomp/TheRock/build/third-party/host-blas/build/build-openblas/kernel/CMakeFiles/sgemm_direct_performant.c
2.0	-- /work/grodgers/git/tr-aomp/TheRock/build/third-party/host-blas/build/build-openblas/kernel/CMakeFiles/sgemm_kernel.c
2.0	-- /work/grodgers/git/tr-aomp/TheRock/build/third-party/host-blas/build/build-openblas/kernel/CMakeFiles/dgemm_kernel.c
2.0	-- /work/grodgers/git/tr-aomp/TheRock/build/third-party/host-blas/build/build-openblas/kernel/CMakeFiles/sgemm_incopy.c
2.0	-- /work/grodgers/git/tr-aomp/TheRock/build/third-party/host-blas/build/build-openblas/kernel/CMakeFiles/sgemm_itcopy.c
2.0	-- /work/grodgers/git/tr-aomp/TheRock/build/third-party/host-blas/build/build-openblas/kernel/CMakeFiles/sgemm_oncopy.c
2.0	-- /work/grodgers/git/tr-aomp/TheRock/build/third-party/host-blas/build/build-openblas/kernel/CMakeFiles/sgemm_otcopy.c
2.0	-- /work/grodgers/git/tr-aomp/TheRock/build/third-party/host-blas/build/build-openblas/kernel/CMakeFiles/sgemm_beta.c
2.0	-- /work/grodgers/git/tr-aomp/TheRock/build/third-party/host-blas/build/build-openblas/kernel/CMakeFiles/strmm_kernel_RN.c
2.1	-- /work/grodgers/git/tr-aomp/TheRock/build/third-party/host-blas/build/build-openblas/kernel/CMakeFiles/strmm_kernel_LN.c
2.1	-- /work/grodgers/git/tr-aomp/TheRock/build/third-party/host-blas/build/build-openblas/kernel/CMakeFiles/strmm_kernel_RT.c
2.1	-- /work/grodgers/git/tr-aomp/TheRock/build/third-party/host-blas/build/build-openblas/kernel/CMakeFiles/strmm_kernel_LT.c
2.1	-- /work/grodgers/git/tr-aomp/TheRock/build/third-party/host-blas/build/build-openblas/kernel/CMakeFiles/ssymm_outcopy.c
2.1	-- /work/grodgers/git/tr-aomp/TheRock/build/third-party/host-blas/build/build-openblas/kernel/CMakeFiles/ssymm_iutcopy.c
2.1	-- /work/grodgers/git/tr-aomp/TheRock/build/third-party/host-blas/build/build-openblas/kernel/CMakeFiles/ssymm_oltcopy.c
2.1	-- /work/grodgers/git/tr-aomp/TheRock/build/third-party/host-blas/build/build-openblas/kernel/CMakeFiles/ssymm_iltcopy.c
2.1	-- /work/grodgers/git/tr-aomp/TheRock/build/third-party/host-blas/build/build-openblas/kernel/CMakeFiles/strmm_iunucopy.c
2.1	-- /work/grodgers/git/tr-aomp/TheRock/build/third-party/host-blas/build/build-openblas/kernel/CMakeFiles/strmm_iunncopy.c
2.1	-- /work/grodgers/git/tr-aomp/TheRock/build/third-party/host-blas/build/build-openblas/kernel/CMakeFiles/strmm_ounucopy.c
2.1	-- /work/grodgers/git/tr-aomp/TheRock/build/third-party/host-blas/build/build-openblas/kernel/CMakeFiles/strmm_ounncopy.c
2.1	-- /work/grodgers/git/tr-aomp/TheRock/build/third-party/host-blas/build/build-openblas/kernel/CMakeFiles/strmm_ilnucopy.c
2.1	-- /work/grodgers/git/tr-aomp/TheRock/build/third-party/host-blas/build/build-openblas/kernel/CMakeFiles/strmm_ilnncopy.c
2.1	-- /work/grodgers/git/tr-aomp/TheRock/build/third-party/host-blas/build/build-openblas/kernel/CMakeFiles/strmm_olnucopy.c
2.1	-- /work/grodgers/git/tr-aomp/TheRock/build/third-party/host-blas/build/build-openblas/kernel/CMakeFiles/strmm_olnncopy.c
2.1	-- /work/grodgers/git/tr-aomp/TheRock/build/third-party/host-blas/build/build-openblas/kernel/CMakeFiles/strmm_iutucopy.c
2.1	-- /work/grodgers/git/tr-aomp/TheRock/build/third-party/host-blas/build/build-openblas/kernel/CMakeFiles/strmm_iutncopy.c
2.1	-- /work/grodgers/git/tr-aomp/TheRock/build/third-party/host-blas/build/build-openblas/kernel/CMakeFiles/strmm_outucopy.c
2.1	-- /work/grodgers/git/tr-aomp/TheRock/build/third-party/host-blas/build/build-openblas/kernel/CMakeFiles/strmm_outncopy.c
2.1	-- /work/grodgers/git/tr-aomp/TheRock/build/third-party/host-blas/build/build-openblas/kernel/CMakeFiles/strmm_iltucopy.c
2.1	-- /work/grodgers/git/tr-aomp/TheRock/build/third-party/host-blas/build/build-openblas/kernel/CMakeFiles/strmm_iltncopy.c
2.1	-- /work/grodgers/git/tr-aomp/TheRock/build/third-party/host-blas/build/build-openblas/kernel/CMakeFiles/strmm_oltucopy.c
2.1	-- /work/grodgers/git/tr-aomp/TheRock/build/third-party/host-blas/build/build-openblas/kernel/CMakeFiles/strmm_oltncopy.c
2.1	-- /work/grodgers/git/tr-aomp/TheRock/build/third-party/host-blas/build/build-openblas/kernel/CMakeFiles/strsm_iunucopy.c
2.1	-- /work/grodgers/git/tr-aomp/TheRock/build/third-party/host-blas/build/build-openblas/kernel/CMakeFiles/strsm_iunncopy.c
2.1	-- /work/grodgers/git/tr-aomp/TheRock/build/third-party/host-blas/build/build-openblas/kernel/CMakeFiles/strsm_ounucopy.c
2.1	-- /work/grodgers/git/tr-aomp/TheRock/build/third-party/host-blas/build/build-openblas/kernel/CMakeFiles/strsm_ounncopy.c
2.1	-- /work/grodgers/git/tr-aomp/TheRock/build/third-party/host-blas/build/build-openblas/kernel/CMakeFiles/strsm_ilnucopy.c
2.1	-- /work/grodgers/git/tr-aomp/TheRock/build/third-party/host-blas/build/build-openblas/kernel/CMakeFiles/strsm_ilnncopy.c
2.1	-- /work/grodgers/git/tr-aomp/TheRock/build/third-party/host-blas/build/build-openblas/kernel/CMakeFiles/strsm_olnucopy.c
2.1	-- /work/grodgers/git/tr-aomp/TheRock/build/third-party/host-blas/build/build-openblas/kernel/CMakeFiles/strsm_olnncopy.c
2.1	-- /work/grodgers/git/tr-aomp/TheRock/build/third-party/host-blas/build/build-openblas/kernel/CMakeFiles/strsm_iutucopy.c
2.1	-- /work/grodgers/git/tr-aomp/TheRock/build/third-party/host-blas/build/build-openblas/kernel/CMakeFiles/strsm_iutncopy.c
2.1	-- /work/grodgers/git/tr-aomp/TheRock/build/third-party/host-blas/build/build-openblas/kernel/CMakeFiles/strsm_outucopy.c
2.1	-- /work/grodgers/git/tr-aomp/TheRock/build/third-party/host-blas/build/build-openblas/kernel/CMakeFiles/strsm_outncopy.c
2.1	-- /work/grodgers/git/tr-aomp/TheRock/build/third-party/host-blas/build/build-openblas/kernel/CMakeFiles/strsm_iltucopy.c
2.1	-- /work/grodgers/git/tr-aomp/TheRock/build/third-party/host-blas/build/build-openblas/kernel/CMakeFiles/strsm_iltncopy.c
2.1	-- /work/grodgers/git/tr-aomp/TheRock/build/third-party/host-blas/build/build-openblas/kernel/CMakeFiles/strsm_oltucopy.c
2.1	-- /work/grodgers/git/tr-aomp/TheRock/build/third-party/host-blas/build/build-openblas/kernel/CMakeFiles/strsm_oltncopy.c
2.1	-- /work/grodgers/git/tr-aomp/TheRock/build/third-party/host-blas/build/build-openblas/kernel/CMakeFiles/strsm_kernel_LN.c
2.1	-- /work/grodgers/git/tr-aomp/TheRock/build/third-party/host-blas/build/build-openblas/kernel/CMakeFiles/strsm_kernel_LT.c
2.1	-- /work/grodgers/git/tr-aomp/TheRock/build/third-party/host-blas/build/build-openblas/kernel/CMakeFiles/strsm_kernel_RN.c
2.1	-- /work/grodgers/git/tr-aomp/TheRock/build/third-party/host-blas/build/build-openblas/kernel/CMakeFiles/strsm_kernel_RT.c
2.1	-- /work/grodgers/git/tr-aomp/TheRock/build/third-party/host-blas/build/build-openblas/kernel/CMakeFiles/sgemm_small_matrix_permit.c
2.1	-- /work/grodgers/git/tr-aomp/TheRock/build/third-party/host-blas/build/build-openblas/kernel/CMakeFiles/sgemm_small_kernel_nn.c
2.1	-- /work/grodgers/git/tr-aomp/TheRock/build/third-party/host-blas/build/build-openblas/kernel/CMakeFiles/sgemm_small_kernel_nt.c
2.1	-- /work/grodgers/git/tr-aomp/TheRock/build/third-party/host-blas/build/build-openblas/kernel/CMakeFiles/sgemm_small_kernel_tn.c
2.1	-- /work/grodgers/git/tr-aomp/TheRock/build/third-party/host-blas/build/build-openblas/kernel/CMakeFiles/sgemm_small_kernel_tt.c
2.1	-- /work/grodgers/git/tr-aomp/TheRock/build/third-party/host-blas/build/build-openblas/kernel/CMakeFiles/sgemm_small_kernel_b0_nn.c
2.1	-- /work/grodgers/git/tr-aomp/TheRock/build/third-party/host-blas/build/build-openblas/kernel/CMakeFiles/sgemm_small_kernel_b0_nt.c
2.1	-- /work/grodgers/git/tr-aomp/TheRock/build/third-party/host-blas/build/build-openblas/kernel/CMakeFiles/sgemm_small_kernel_b0_tn.c
2.1	-- /work/grodgers/git/tr-aomp/TheRock/build/third-party/host-blas/build/build-openblas/kernel/CMakeFiles/sgemm_small_kernel_b0_tt.c
2.1	-- /work/grodgers/git/tr-aomp/TheRock/build/third-party/host-blas/build/build-openblas/kernel/CMakeFiles/somatcopy_k_cn.c
2.1	-- /work/grodgers/git/tr-aomp/TheRock/build/third-party/host-blas/build/build-openblas/kernel/CMakeFiles/somatcopy_k_rn.c
2.1	-- /work/grodgers/git/tr-aomp/TheRock/build/third-party/host-blas/build/build-openblas/kernel/CMakeFiles/somatcopy_k_ct.c
2.1	-- /work/grodgers/git/tr-aomp/TheRock/build/third-party/host-blas/build/build-openblas/kernel/CMakeFiles/somatcopy_k_rt.c
2.1	-- /work/grodgers/git/tr-aomp/TheRock/build/third-party/host-blas/build/build-openblas/kernel/CMakeFiles/simatcopy_k_cn.c
2.1	-- /work/grodgers/git/tr-aomp/TheRock/build/third-party/host-blas/build/build-openblas/kernel/CMakeFiles/simatcopy_k_rn.c
2.1	-- /work/grodgers/git/tr-aomp/TheRock/build/third-party/host-blas/build/build-openblas/kernel/CMakeFiles/simatcopy_k_ct.c
2.1	-- /work/grodgers/git/tr-aomp/TheRock/build/third-party/host-blas/build/build-openblas/kernel/CMakeFiles/simatcopy_k_rt.c
2.1	-- /work/grodgers/git/tr-aomp/TheRock/build/third-party/host-blas/build/build-openblas/kernel/CMakeFiles/sgeadd_k.c
2.1	-- /work/grodgers/git/tr-aomp/TheRock/build/third-party/host-blas/build/build-openblas/kernel/CMakeFiles/dgemm_incopy.c
2.1	-- /work/grodgers/git/tr-aomp/TheRock/build/third-party/host-blas/build/build-openblas/kernel/CMakeFiles/dgemm_itcopy.c
2.1	-- /work/grodgers/git/tr-aomp/TheRock/build/third-party/host-blas/build/build-openblas/kernel/CMakeFiles/dgemm_oncopy.c
2.1	-- /work/grodgers/git/tr-aomp/TheRock/build/third-party/host-blas/build/build-openblas/kernel/CMakeFiles/dgemm_otcopy.c
2.1	-- /work/grodgers/git/tr-aomp/TheRock/build/third-party/host-blas/build/build-openblas/kernel/CMakeFiles/dgemm_beta.c
2.1	-- /work/grodgers/git/tr-aomp/TheRock/build/third-party/host-blas/build/build-openblas/kernel/CMakeFiles/dtrmm_kernel_RN.c
2.1	-- /work/grodgers/git/tr-aomp/TheRock/build/third-party/host-blas/build/build-openblas/kernel/CMakeFiles/dtrmm_kernel_LN.c
2.1	-- /work/grodgers/git/tr-aomp/TheRock/build/third-party/host-blas/build/build-openblas/kernel/CMakeFiles/dtrmm_kernel_RT.c
2.1	-- /work/grodgers/git/tr-aomp/TheRock/build/third-party/host-blas/build/build-openblas/kernel/CMakeFiles/dtrmm_kernel_LT.c
2.1	-- /work/grodgers/git/tr-aomp/TheRock/build/third-party/host-blas/build/build-openblas/kernel/CMakeFiles/dsymm_outcopy.c
2.1	-- /work/grodgers/git/tr-aomp/TheRock/build/third-party/host-blas/build/build-openblas/kernel/CMakeFiles/dsymm_iutcopy.c
2.1	-- /work/grodgers/git/tr-aomp/TheRock/build/third-party/host-blas/build/build-openblas/kernel/CMakeFiles/dsymm_oltcopy.c
2.1	-- /work/grodgers/git/tr-aomp/TheRock/build/third-party/host-blas/build/build-openblas/kernel/CMakeFiles/dsymm_iltcopy.c
2.1	-- /work/grodgers/git/tr-aomp/TheRock/build/third-party/host-blas/build/build-openblas/kernel/CMakeFiles/dtrmm_iunucopy.c
2.1	-- /work/grodgers/git/tr-aomp/TheRock/build/third-party/host-blas/build/build-openblas/kernel/CMakeFiles/dtrmm_iunncopy.c
2.1	-- /work/grodgers/git/tr-aomp/TheRock/build/third-party/host-blas/build/build-openblas/kernel/CMakeFiles/dtrmm_ounucopy.c
2.1	-- /work/grodgers/git/tr-aomp/TheRock/build/third-party/host-blas/build/build-openblas/kernel/CMakeFiles/dtrmm_ounncopy.c
2.1	-- /work/grodgers/git/tr-aomp/TheRock/build/third-party/host-blas/build/build-openblas/kernel/CMakeFiles/dtrmm_ilnucopy.c
2.1	-- /work/grodgers/git/tr-aomp/TheRock/build/third-party/host-blas/build/build-openblas/kernel/CMakeFiles/dtrmm_ilnncopy.c
2.1	-- /work/grodgers/git/tr-aomp/TheRock/build/third-party/host-blas/build/build-openblas/kernel/CMakeFiles/dtrmm_olnucopy.c
2.1	-- /work/grodgers/git/tr-aomp/TheRock/build/third-party/host-blas/build/build-openblas/kernel/CMakeFiles/dtrmm_olnncopy.c
2.1	-- /work/grodgers/git/tr-aomp/TheRock/build/third-party/host-blas/build/build-openblas/kernel/CMakeFiles/dtrmm_iutucopy.c
2.1	-- /work/grodgers/git/tr-aomp/TheRock/build/third-party/host-blas/build/build-openblas/kernel/CMakeFiles/dtrmm_iutncopy.c
2.1	-- /work/grodgers/git/tr-aomp/TheRock/build/third-party/host-blas/build/build-openblas/kernel/CMakeFiles/dtrmm_outucopy.c
2.1	-- /work/grodgers/git/tr-aomp/TheRock/build/third-party/host-blas/build/build-openblas/kernel/CMakeFiles/dtrmm_outncopy.c
2.1	-- /work/grodgers/git/tr-aomp/TheRock/build/third-party/host-blas/build/build-openblas/kernel/CMakeFiles/dtrmm_iltucopy.c
2.1	-- /work/grodgers/git/tr-aomp/TheRock/build/third-party/host-blas/build/build-openblas/kernel/CMakeFiles/dtrmm_iltncopy.c
2.1	-- /work/grodgers/git/tr-aomp/TheRock/build/third-party/host-blas/build/build-openblas/kernel/CMakeFiles/dtrmm_oltucopy.c
2.1	-- /work/grodgers/git/tr-aomp/TheRock/build/third-party/host-blas/build/build-openblas/kernel/CMakeFiles/dtrmm_oltncopy.c
2.1	-- /work/grodgers/git/tr-aomp/TheRock/build/third-party/host-blas/build/build-openblas/kernel/CMakeFiles/dtrsm_iunucopy.c
2.1	-- /work/grodgers/git/tr-aomp/TheRock/build/third-party/host-blas/build/build-openblas/kernel/CMakeFiles/dtrsm_iunncopy.c
2.1	-- /work/grodgers/git/tr-aomp/TheRock/build/third-party/host-blas/build/build-openblas/kernel/CMakeFiles/dtrsm_ounucopy.c
2.1	-- /work/grodgers/git/tr-aomp/TheRock/build/third-party/host-blas/build/build-openblas/kernel/CMakeFiles/dtrsm_ounncopy.c
2.1	-- /work/grodgers/git/tr-aomp/TheRock/build/third-party/host-blas/build/build-openblas/kernel/CMakeFiles/dtrsm_ilnucopy.c
2.1	-- /work/grodgers/git/tr-aomp/TheRock/build/third-party/host-blas/build/build-openblas/kernel/CMakeFiles/dtrsm_ilnncopy.c
2.1	-- /work/grodgers/git/tr-aomp/TheRock/build/third-party/host-blas/build/build-openblas/kernel/CMakeFiles/dtrsm_olnucopy.c
2.1	-- /work/grodgers/git/tr-aomp/TheRock/build/third-party/host-blas/build/build-openblas/kernel/CMakeFiles/dtrsm_olnncopy.c
2.1	-- /work/grodgers/git/tr-aomp/TheRock/build/third-party/host-blas/build/build-openblas/kernel/CMakeFiles/dtrsm_iutucopy.c
2.1	-- /work/grodgers/git/tr-aomp/TheRock/build/third-party/host-blas/build/build-openblas/kernel/CMakeFiles/dtrsm_iutncopy.c
2.1	-- /work/grodgers/git/tr-aomp/TheRock/build/third-party/host-blas/build/build-openblas/kernel/CMakeFiles/dtrsm_outucopy.c
2.1	-- /work/grodgers/git/tr-aomp/TheRock/build/third-party/host-blas/build/build-openblas/kernel/CMakeFiles/dtrsm_outncopy.c
2.1	-- /work/grodgers/git/tr-aomp/TheRock/build/third-party/host-blas/build/build-openblas/kernel/CMakeFiles/dtrsm_iltucopy.c
2.1	-- /work/grodgers/git/tr-aomp/TheRock/build/third-party/host-blas/build/build-openblas/kernel/CMakeFiles/dtrsm_iltncopy.c
2.1	-- /work/grodgers/git/tr-aomp/TheRock/build/third-party/host-blas/build/build-openblas/kernel/CMakeFiles/dtrsm_oltucopy.c
2.1	-- /work/grodgers/git/tr-aomp/TheRock/build/third-party/host-blas/build/build-openblas/kernel/CMakeFiles/dtrsm_oltncopy.c
2.1	-- /work/grodgers/git/tr-aomp/TheRock/build/third-party/host-blas/build/build-openblas/kernel/CMakeFiles/dtrsm_kernel_LN.c
2.1	-- /work/grodgers/git/tr-aomp/TheRock/build/third-party/host-blas/build/build-openblas/kernel/CMakeFiles/dtrsm_kernel_LT.c
2.1	-- /work/grodgers/git/tr-aomp/TheRock/build/third-party/host-blas/build/build-openblas/kernel/CMakeFiles/dtrsm_kernel_RN.c
2.1	-- /work/grodgers/git/tr-aomp/TheRock/build/third-party/host-blas/build/build-openblas/kernel/CMakeFiles/dtrsm_kernel_RT.c
2.1	-- /work/grodgers/git/tr-aomp/TheRock/build/third-party/host-blas/build/build-openblas/kernel/CMakeFiles/dgemm_small_matrix_permit.c
2.1	-- /work/grodgers/git/tr-aomp/TheRock/build/third-party/host-blas/build/build-openblas/kernel/CMakeFiles/dgemm_small_kernel_nn.c
2.1	-- /work/grodgers/git/tr-aomp/TheRock/build/third-party/host-blas/build/build-openblas/kernel/CMakeFiles/dgemm_small_kernel_nt.c
2.1	-- /work/grodgers/git/tr-aomp/TheRock/build/third-party/host-blas/build/build-openblas/kernel/CMakeFiles/dgemm_small_kernel_tn.c
2.1	-- /work/grodgers/git/tr-aomp/TheRock/build/third-party/host-blas/build/build-openblas/kernel/CMakeFiles/dgemm_small_kernel_tt.c
2.1	-- /work/grodgers/git/tr-aomp/TheRock/build/third-party/host-blas/build/build-openblas/kernel/CMakeFiles/dgemm_small_kernel_b0_nn.c
2.1	-- /work/grodgers/git/tr-aomp/TheRock/build/third-party/host-blas/build/build-openblas/kernel/CMakeFiles/dgemm_small_kernel_b0_nt.c
2.1	-- /work/grodgers/git/tr-aomp/TheRock/build/third-party/host-blas/build/build-openblas/kernel/CMakeFiles/dgemm_small_kernel_b0_tn.c
2.1	-- /work/grodgers/git/tr-aomp/TheRock/build/third-party/host-blas/build/build-openblas/kernel/CMakeFiles/dgemm_small_kernel_b0_tt.c
2.1	-- /work/grodgers/git/tr-aomp/TheRock/build/third-party/host-blas/build/build-openblas/kernel/CMakeFiles/domatcopy_k_cn.c
2.1	-- /work/grodgers/git/tr-aomp/TheRock/build/third-party/host-blas/build/build-openblas/kernel/CMakeFiles/domatcopy_k_rn.c
2.1	-- /work/grodgers/git/tr-aomp/TheRock/build/third-party/host-blas/build/build-openblas/kernel/CMakeFiles/domatcopy_k_ct.c
2.1	-- /work/grodgers/git/tr-aomp/TheRock/build/third-party/host-blas/build/build-openblas/kernel/CMakeFiles/domatcopy_k_rt.c
2.1	-- /work/grodgers/git/tr-aomp/TheRock/build/third-party/host-blas/build/build-openblas/kernel/CMakeFiles/dimatcopy_k_cn.c
2.1	-- /work/grodgers/git/tr-aomp/TheRock/build/third-party/host-blas/build/build-openblas/kernel/CMakeFiles/dimatcopy_k_rn.c
2.1	-- /work/grodgers/git/tr-aomp/TheRock/build/third-party/host-blas/build/build-openblas/kernel/CMakeFiles/dimatcopy_k_ct.c
2.1	-- /work/grodgers/git/tr-aomp/TheRock/build/third-party/host-blas/build/build-openblas/kernel/CMakeFiles/dimatcopy_k_rt.c
2.1	-- /work/grodgers/git/tr-aomp/TheRock/build/third-party/host-blas/build/build-openblas/kernel/CMakeFiles/dgeadd_k.c
2.1	-- /work/grodgers/git/tr-aomp/TheRock/build/third-party/host-blas/build/build-openblas/kernel/CMakeFiles/cgemm_incopy.c
2.1	-- /work/grodgers/git/tr-aomp/TheRock/build/third-party/host-blas/build/build-openblas/kernel/CMakeFiles/cgemm_itcopy.c
2.1	-- /work/grodgers/git/tr-aomp/TheRock/build/third-party/host-blas/build/build-openblas/kernel/CMakeFiles/cgemm_oncopy.c
2.1	-- /work/grodgers/git/tr-aomp/TheRock/build/third-party/host-blas/build/build-openblas/kernel/CMakeFiles/cgemm_otcopy.c
2.1	-- /work/grodgers/git/tr-aomp/TheRock/build/third-party/host-blas/build/build-openblas/kernel/CMakeFiles/cgemm_beta.S
2.1	-- /work/grodgers/git/tr-aomp/TheRock/build/third-party/host-blas/build/build-openblas/kernel/CMakeFiles/cgemm_kernel_n.c
2.1	-- /work/grodgers/git/tr-aomp/TheRock/build/third-party/host-blas/build/build-openblas/kernel/CMakeFiles/cgemm_kernel_l.c
2.1	-- /work/grodgers/git/tr-aomp/TheRock/build/third-party/host-blas/build/build-openblas/kernel/CMakeFiles/cgemm_kernel_r.c
2.1	-- /work/grodgers/git/tr-aomp/TheRock/build/third-party/host-blas/build/build-openblas/kernel/CMakeFiles/cgemm_kernel_b.c
2.1	-- /work/grodgers/git/tr-aomp/TheRock/build/third-party/host-blas/build/build-openblas/kernel/CMakeFiles/ctrmm_kernel_LN.S
2.1	-- /work/grodgers/git/tr-aomp/TheRock/build/third-party/host-blas/build/build-openblas/kernel/CMakeFiles/ctrmm_kernel_LT.S
2.1	-- /work/grodgers/git/tr-aomp/TheRock/build/third-party/host-blas/build/build-openblas/kernel/CMakeFiles/ctrmm_kernel_LR.S
2.1	-- /work/grodgers/git/tr-aomp/TheRock/build/third-party/host-blas/build/build-openblas/kernel/CMakeFiles/ctrmm_kernel_LC.S
2.1	-- /work/grodgers/git/tr-aomp/TheRock/build/third-party/host-blas/build/build-openblas/kernel/CMakeFiles/ctrmm_kernel_RN.S
2.1	-- /work/grodgers/git/tr-aomp/TheRock/build/third-party/host-blas/build/build-openblas/kernel/CMakeFiles/ctrmm_kernel_RT.S
2.1	-- /work/grodgers/git/tr-aomp/TheRock/build/third-party/host-blas/build/build-openblas/kernel/CMakeFiles/ctrmm_kernel_RR.S
2.1	-- /work/grodgers/git/tr-aomp/TheRock/build/third-party/host-blas/build/build-openblas/kernel/CMakeFiles/ctrmm_kernel_RC.S
2.1	-- /work/grodgers/git/tr-aomp/TheRock/build/third-party/host-blas/build/build-openblas/kernel/CMakeFiles/ctrsm_kernel_LR.c
2.1	-- /work/grodgers/git/tr-aomp/TheRock/build/third-party/host-blas/build/build-openblas/kernel/CMakeFiles/ctrsm_kernel_LC.c
2.1	-- /work/grodgers/git/tr-aomp/TheRock/build/third-party/host-blas/build/build-openblas/kernel/CMakeFiles/ctrsm_kernel_RR.c
2.1	-- /work/grodgers/git/tr-aomp/TheRock/build/third-party/host-blas/build/build-openblas/kernel/CMakeFiles/ctrsm_kernel_RC.c
2.1	-- /work/grodgers/git/tr-aomp/TheRock/build/third-party/host-blas/build/build-openblas/kernel/CMakeFiles/chemm_iutcopy.c
2.1	-- /work/grodgers/git/tr-aomp/TheRock/build/third-party/host-blas/build/build-openblas/kernel/CMakeFiles/chemm_iltcopy.c
2.1	-- /work/grodgers/git/tr-aomp/TheRock/build/third-party/host-blas/build/build-openblas/kernel/CMakeFiles/chemm_outcopy.c
2.1	-- /work/grodgers/git/tr-aomp/TheRock/build/third-party/host-blas/build/build-openblas/kernel/CMakeFiles/chemm_oltcopy.c
2.1	-- /work/grodgers/git/tr-aomp/TheRock/build/third-party/host-blas/build/build-openblas/kernel/CMakeFiles/csymm_outcopy.c
2.1	-- /work/grodgers/git/tr-aomp/TheRock/build/third-party/host-blas/build/build-openblas/kernel/CMakeFiles/csymm_iutcopy.c
2.1	-- /work/grodgers/git/tr-aomp/TheRock/build/third-party/host-blas/build/build-openblas/kernel/CMakeFiles/csymm_oltcopy.c
2.1	-- /work/grodgers/git/tr-aomp/TheRock/build/third-party/host-blas/build/build-openblas/kernel/CMakeFiles/csymm_iltcopy.c
2.1	-- /work/grodgers/git/tr-aomp/TheRock/build/third-party/host-blas/build/build-openblas/kernel/CMakeFiles/ctrmm_iunucopy.c
2.1	-- /work/grodgers/git/tr-aomp/TheRock/build/third-party/host-blas/build/build-openblas/kernel/CMakeFiles/ctrmm_iunncopy.c
2.1	-- /work/grodgers/git/tr-aomp/TheRock/build/third-party/host-blas/build/build-openblas/kernel/CMakeFiles/ctrmm_ounucopy.c
2.1	-- /work/grodgers/git/tr-aomp/TheRock/build/third-party/host-blas/build/build-openblas/kernel/CMakeFiles/ctrmm_ounncopy.c
2.1	-- /work/grodgers/git/tr-aomp/TheRock/build/third-party/host-blas/build/build-openblas/kernel/CMakeFiles/ctrmm_ilnucopy.c
2.1	-- /work/grodgers/git/tr-aomp/TheRock/build/third-party/host-blas/build/build-openblas/kernel/CMakeFiles/ctrmm_ilnncopy.c
2.1	-- /work/grodgers/git/tr-aomp/TheRock/build/third-party/host-blas/build/build-openblas/kernel/CMakeFiles/ctrmm_olnucopy.c
2.1	-- /work/grodgers/git/tr-aomp/TheRock/build/third-party/host-blas/build/build-openblas/kernel/CMakeFiles/ctrmm_olnncopy.c
2.1	-- /work/grodgers/git/tr-aomp/TheRock/build/third-party/host-blas/build/build-openblas/kernel/CMakeFiles/ctrmm_iutucopy.c
2.1	-- /work/grodgers/git/tr-aomp/TheRock/build/third-party/host-blas/build/build-openblas/kernel/CMakeFiles/ctrmm_iutncopy.c
2.1	-- /work/grodgers/git/tr-aomp/TheRock/build/third-party/host-blas/build/build-openblas/kernel/CMakeFiles/ctrmm_outucopy.c
2.1	-- /work/grodgers/git/tr-aomp/TheRock/build/third-party/host-blas/build/build-openblas/kernel/CMakeFiles/ctrmm_outncopy.c
2.1	-- /work/grodgers/git/tr-aomp/TheRock/build/third-party/host-blas/build/build-openblas/kernel/CMakeFiles/ctrmm_iltucopy.c
2.1	-- /work/grodgers/git/tr-aomp/TheRock/build/third-party/host-blas/build/build-openblas/kernel/CMakeFiles/ctrmm_iltncopy.c
2.1	-- /work/grodgers/git/tr-aomp/TheRock/build/third-party/host-blas/build/build-openblas/kernel/CMakeFiles/ctrmm_oltucopy.c
2.1	-- /work/grodgers/git/tr-aomp/TheRock/build/third-party/host-blas/build/build-openblas/kernel/CMakeFiles/ctrmm_oltncopy.c
2.1	-- /work/grodgers/git/tr-aomp/TheRock/build/third-party/host-blas/build/build-openblas/kernel/CMakeFiles/ctrsm_iunucopy.c
2.1	-- /work/grodgers/git/tr-aomp/TheRock/build/third-party/host-blas/build/build-openblas/kernel/CMakeFiles/ctrsm_iunncopy.c
2.1	-- /work/grodgers/git/tr-aomp/TheRock/build/third-party/host-blas/build/build-openblas/kernel/CMakeFiles/ctrsm_ounucopy.c
2.1	-- /work/grodgers/git/tr-aomp/TheRock/build/third-party/host-blas/build/build-openblas/kernel/CMakeFiles/ctrsm_ounncopy.c
2.1	-- /work/grodgers/git/tr-aomp/TheRock/build/third-party/host-blas/build/build-openblas/kernel/CMakeFiles/ctrsm_ilnucopy.c
2.1	-- /work/grodgers/git/tr-aomp/TheRock/build/third-party/host-blas/build/build-openblas/kernel/CMakeFiles/ctrsm_ilnncopy.c
2.1	-- /work/grodgers/git/tr-aomp/TheRock/build/third-party/host-blas/build/build-openblas/kernel/CMakeFiles/ctrsm_olnucopy.c
2.1	-- /work/grodgers/git/tr-aomp/TheRock/build/third-party/host-blas/build/build-openblas/kernel/CMakeFiles/ctrsm_olnncopy.c
2.1	-- /work/grodgers/git/tr-aomp/TheRock/build/third-party/host-blas/build/build-openblas/kernel/CMakeFiles/ctrsm_iutucopy.c
2.1	-- /work/grodgers/git/tr-aomp/TheRock/build/third-party/host-blas/build/build-openblas/kernel/CMakeFiles/ctrsm_iutncopy.c
2.1	-- /work/grodgers/git/tr-aomp/TheRock/build/third-party/host-blas/build/build-openblas/kernel/CMakeFiles/ctrsm_outucopy.c
2.1	-- /work/grodgers/git/tr-aomp/TheRock/build/third-party/host-blas/build/build-openblas/kernel/CMakeFiles/ctrsm_outncopy.c
2.1	-- /work/grodgers/git/tr-aomp/TheRock/build/third-party/host-blas/build/build-openblas/kernel/CMakeFiles/ctrsm_iltucopy.c
2.1	-- /work/grodgers/git/tr-aomp/TheRock/build/third-party/host-blas/build/build-openblas/kernel/CMakeFiles/ctrsm_iltncopy.c
2.1	-- /work/grodgers/git/tr-aomp/TheRock/build/third-party/host-blas/build/build-openblas/kernel/CMakeFiles/ctrsm_oltucopy.c
2.1	-- /work/grodgers/git/tr-aomp/TheRock/build/third-party/host-blas/build/build-openblas/kernel/CMakeFiles/ctrsm_oltncopy.c
2.1	-- /work/grodgers/git/tr-aomp/TheRock/build/third-party/host-blas/build/build-openblas/kernel/CMakeFiles/cgemm3m_kernel.c
2.1	-- /work/grodgers/git/tr-aomp/TheRock/build/third-party/host-blas/build/build-openblas/kernel/CMakeFiles/cgemm3m_oncopyb.c
2.1	-- /work/grodgers/git/tr-aomp/TheRock/build/third-party/host-blas/build/build-openblas/kernel/CMakeFiles/cgemm3m_oncopyr.c
2.1	-- /work/grodgers/git/tr-aomp/TheRock/build/third-party/host-blas/build/build-openblas/kernel/CMakeFiles/cgemm3m_oncopyi.c
2.1	-- /work/grodgers/git/tr-aomp/TheRock/build/third-party/host-blas/build/build-openblas/kernel/CMakeFiles/cgemm3m_otcopyb.c
2.1	-- /work/grodgers/git/tr-aomp/TheRock/build/third-party/host-blas/build/build-openblas/kernel/CMakeFiles/cgemm3m_otcopyr.c
2.1	-- /work/grodgers/git/tr-aomp/TheRock/build/third-party/host-blas/build/build-openblas/kernel/CMakeFiles/cgemm3m_otcopyi.c
2.1	-- /work/grodgers/git/tr-aomp/TheRock/build/third-party/host-blas/build/build-openblas/kernel/CMakeFiles/cgemm3m_incopyb.c
2.1	-- /work/grodgers/git/tr-aomp/TheRock/build/third-party/host-blas/build/build-openblas/kernel/CMakeFiles/cgemm3m_incopyr.c
2.1	-- /work/grodgers/git/tr-aomp/TheRock/build/third-party/host-blas/build/build-openblas/kernel/CMakeFiles/cgemm3m_incopyi.c
2.1	-- /work/grodgers/git/tr-aomp/TheRock/build/third-party/host-blas/build/build-openblas/kernel/CMakeFiles/cgemm3m_itcopyb.c
2.1	-- /work/grodgers/git/tr-aomp/TheRock/build/third-party/host-blas/build/build-openblas/kernel/CMakeFiles/cgemm3m_itcopyr.c
2.1	-- /work/grodgers/git/tr-aomp/TheRock/build/third-party/host-blas/build/build-openblas/kernel/CMakeFiles/cgemm3m_itcopyi.c
2.1	-- /work/grodgers/git/tr-aomp/TheRock/build/third-party/host-blas/build/build-openblas/kernel/CMakeFiles/csymm3m_oucopyb.c
2.1	-- /work/grodgers/git/tr-aomp/TheRock/build/third-party/host-blas/build/build-openblas/kernel/CMakeFiles/csymm3m_oucopyr.c
2.1	-- /work/grodgers/git/tr-aomp/TheRock/build/third-party/host-blas/build/build-openblas/kernel/CMakeFiles/csymm3m_oucopyi.c
2.1	-- /work/grodgers/git/tr-aomp/TheRock/build/third-party/host-blas/build/build-openblas/kernel/CMakeFiles/csymm3m_olcopyb.c
2.1	-- /work/grodgers/git/tr-aomp/TheRock/build/third-party/host-blas/build/build-openblas/kernel/CMakeFiles/csymm3m_olcopyr.c
2.1	-- /work/grodgers/git/tr-aomp/TheRock/build/third-party/host-blas/build/build-openblas/kernel/CMakeFiles/csymm3m_olcopyi.c
2.1	-- /work/grodgers/git/tr-aomp/TheRock/build/third-party/host-blas/build/build-openblas/kernel/CMakeFiles/csymm3m_iucopyb.c
2.1	-- /work/grodgers/git/tr-aomp/TheRock/build/third-party/host-blas/build/build-openblas/kernel/CMakeFiles/csymm3m_iucopyr.c
2.1	-- /work/grodgers/git/tr-aomp/TheRock/build/third-party/host-blas/build/build-openblas/kernel/CMakeFiles/csymm3m_iucopyi.c
2.1	-- /work/grodgers/git/tr-aomp/TheRock/build/third-party/host-blas/build/build-openblas/kernel/CMakeFiles/csymm3m_ilcopyb.c
2.1	-- /work/grodgers/git/tr-aomp/TheRock/build/third-party/host-blas/build/build-openblas/kernel/CMakeFiles/csymm3m_ilcopyr.c
2.1	-- /work/grodgers/git/tr-aomp/TheRock/build/third-party/host-blas/build/build-openblas/kernel/CMakeFiles/csymm3m_ilcopyi.c
2.1	-- /work/grodgers/git/tr-aomp/TheRock/build/third-party/host-blas/build/build-openblas/kernel/CMakeFiles/chemm3m_oucopyb.c
2.1	-- /work/grodgers/git/tr-aomp/TheRock/build/third-party/host-blas/build/build-openblas/kernel/CMakeFiles/chemm3m_oucopyr.c
2.1	-- /work/grodgers/git/tr-aomp/TheRock/build/third-party/host-blas/build/build-openblas/kernel/CMakeFiles/chemm3m_oucopyi.c
2.1	-- /work/grodgers/git/tr-aomp/TheRock/build/third-party/host-blas/build/build-openblas/kernel/CMakeFiles/chemm3m_olcopyb.c
2.1	-- /work/grodgers/git/tr-aomp/TheRock/build/third-party/host-blas/build/build-openblas/kernel/CMakeFiles/chemm3m_olcopyr.c
2.1	-- /work/grodgers/git/tr-aomp/TheRock/build/third-party/host-blas/build/build-openblas/kernel/CMakeFiles/chemm3m_olcopyi.c
2.1	-- /work/grodgers/git/tr-aomp/TheRock/build/third-party/host-blas/build/build-openblas/kernel/CMakeFiles/chemm3m_iucopyb.c
2.1	-- /work/grodgers/git/tr-aomp/TheRock/build/third-party/host-blas/build/build-openblas/kernel/CMakeFiles/chemm3m_iucopyr.c
2.1	-- /work/grodgers/git/tr-aomp/TheRock/build/third-party/host-blas/build/build-openblas/kernel/CMakeFiles/chemm3m_iucopyi.c
2.1	-- /work/grodgers/git/tr-aomp/TheRock/build/third-party/host-blas/build/build-openblas/kernel/CMakeFiles/chemm3m_ilcopyb.c
2.1	-- /work/grodgers/git/tr-aomp/TheRock/build/third-party/host-blas/build/build-openblas/kernel/CMakeFiles/chemm3m_ilcopyr.c
2.1	-- /work/grodgers/git/tr-aomp/TheRock/build/third-party/host-blas/build/build-openblas/kernel/CMakeFiles/chemm3m_ilcopyi.c
2.1	-- /work/grodgers/git/tr-aomp/TheRock/build/third-party/host-blas/build/build-openblas/kernel/CMakeFiles/ctrsm_kernel_LN.c
2.1	-- /work/grodgers/git/tr-aomp/TheRock/build/third-party/host-blas/build/build-openblas/kernel/CMakeFiles/ctrsm_kernel_LT.c
2.1	-- /work/grodgers/git/tr-aomp/TheRock/build/third-party/host-blas/build/build-openblas/kernel/CMakeFiles/ctrsm_kernel_RN.c
2.1	-- /work/grodgers/git/tr-aomp/TheRock/build/third-party/host-blas/build/build-openblas/kernel/CMakeFiles/ctrsm_kernel_RT.c
2.1	-- /work/grodgers/git/tr-aomp/TheRock/build/third-party/host-blas/build/build-openblas/kernel/CMakeFiles/cgemm_small_matrix_permit.c
2.1	-- /work/grodgers/git/tr-aomp/TheRock/build/third-party/host-blas/build/build-openblas/kernel/CMakeFiles/cgemm_small_kernel_nn.c
2.1	-- /work/grodgers/git/tr-aomp/TheRock/build/third-party/host-blas/build/build-openblas/kernel/CMakeFiles/cgemm_small_kernel_nr.c
2.1	-- /work/grodgers/git/tr-aomp/TheRock/build/third-party/host-blas/build/build-openblas/kernel/CMakeFiles/cgemm_small_kernel_rn.c
2.1	-- /work/grodgers/git/tr-aomp/TheRock/build/third-party/host-blas/build/build-openblas/kernel/CMakeFiles/cgemm_small_kernel_rr.c
2.1	-- /work/grodgers/git/tr-aomp/TheRock/build/third-party/host-blas/build/build-openblas/kernel/CMakeFiles/cgemm_small_kernel_nt.c
2.1	-- /work/grodgers/git/tr-aomp/TheRock/build/third-party/host-blas/build/build-openblas/kernel/CMakeFiles/cgemm_small_kernel_nc.c
2.1	-- /work/grodgers/git/tr-aomp/TheRock/build/third-party/host-blas/build/build-openblas/kernel/CMakeFiles/cgemm_small_kernel_rt.c
2.1	-- /work/grodgers/git/tr-aomp/TheRock/build/third-party/host-blas/build/build-openblas/kernel/CMakeFiles/cgemm_small_kernel_rc.c
2.1	-- /work/grodgers/git/tr-aomp/TheRock/build/third-party/host-blas/build/build-openblas/kernel/CMakeFiles/cgemm_small_kernel_tn.c
2.1	-- /work/grodgers/git/tr-aomp/TheRock/build/third-party/host-blas/build/build-openblas/kernel/CMakeFiles/cgemm_small_kernel_tr.c
2.1	-- /work/grodgers/git/tr-aomp/TheRock/build/third-party/host-blas/build/build-openblas/kernel/CMakeFiles/cgemm_small_kernel_cn.c
2.1	-- /work/grodgers/git/tr-aomp/TheRock/build/third-party/host-blas/build/build-openblas/kernel/CMakeFiles/cgemm_small_kernel_cr.c
2.1	-- /work/grodgers/git/tr-aomp/TheRock/build/third-party/host-blas/build/build-openblas/kernel/CMakeFiles/cgemm_small_kernel_tt.c
2.1	-- /work/grodgers/git/tr-aomp/TheRock/build/third-party/host-blas/build/build-openblas/kernel/CMakeFiles/cgemm_small_kernel_tc.c
2.1	-- /work/grodgers/git/tr-aomp/TheRock/build/third-party/host-blas/build/build-openblas/kernel/CMakeFiles/cgemm_small_kernel_ct.c
2.1	-- /work/grodgers/git/tr-aomp/TheRock/build/third-party/host-blas/build/build-openblas/kernel/CMakeFiles/cgemm_small_kernel_cc.c
2.1	-- /work/grodgers/git/tr-aomp/TheRock/build/third-party/host-blas/build/build-openblas/kernel/CMakeFiles/cgemm_small_kernel_b0_nn.c
2.1	-- /work/grodgers/git/tr-aomp/TheRock/build/third-party/host-blas/build/build-openblas/kernel/CMakeFiles/cgemm_small_kernel_b0_nr.c
2.1	-- /work/grodgers/git/tr-aomp/TheRock/build/third-party/host-blas/build/build-openblas/kernel/CMakeFiles/cgemm_small_kernel_b0_rn.c
2.1	-- /work/grodgers/git/tr-aomp/TheRock/build/third-party/host-blas/build/build-openblas/kernel/CMakeFiles/cgemm_small_kernel_b0_rr.c
2.1	-- /work/grodgers/git/tr-aomp/TheRock/build/third-party/host-blas/build/build-openblas/kernel/CMakeFiles/cgemm_small_kernel_b0_nt.c
2.1	-- /work/grodgers/git/tr-aomp/TheRock/build/third-party/host-blas/build/build-openblas/kernel/CMakeFiles/cgemm_small_kernel_b0_nc.c
2.1	-- /work/grodgers/git/tr-aomp/TheRock/build/third-party/host-blas/build/build-openblas/kernel/CMakeFiles/cgemm_small_kernel_b0_rt.c
2.1	-- /work/grodgers/git/tr-aomp/TheRock/build/third-party/host-blas/build/build-openblas/kernel/CMakeFiles/cgemm_small_kernel_b0_rc.c
2.1	-- /work/grodgers/git/tr-aomp/TheRock/build/third-party/host-blas/build/build-openblas/kernel/CMakeFiles/cgemm_small_kernel_b0_tn.c
2.1	-- /work/grodgers/git/tr-aomp/TheRock/build/third-party/host-blas/build/build-openblas/kernel/CMakeFiles/cgemm_small_kernel_b0_tr.c
2.1	-- /work/grodgers/git/tr-aomp/TheRock/build/third-party/host-blas/build/build-openblas/kernel/CMakeFiles/cgemm_small_kernel_b0_cn.c
2.1	-- /work/grodgers/git/tr-aomp/TheRock/build/third-party/host-blas/build/build-openblas/kernel/CMakeFiles/cgemm_small_kernel_b0_cr.c
2.2	-- /work/grodgers/git/tr-aomp/TheRock/build/third-party/host-blas/build/build-openblas/kernel/CMakeFiles/cgemm_small_kernel_b0_tt.c
2.2	-- /work/grodgers/git/tr-aomp/TheRock/build/third-party/host-blas/build/build-openblas/kernel/CMakeFiles/cgemm_small_kernel_b0_tc.c
2.2	-- /work/grodgers/git/tr-aomp/TheRock/build/third-party/host-blas/build/build-openblas/kernel/CMakeFiles/cgemm_small_kernel_b0_ct.c
2.2	-- /work/grodgers/git/tr-aomp/TheRock/build/third-party/host-blas/build/build-openblas/kernel/CMakeFiles/cgemm_small_kernel_b0_cc.c
2.2	-- /work/grodgers/git/tr-aomp/TheRock/build/third-party/host-blas/build/build-openblas/kernel/CMakeFiles/comatcopy_k_cn.c
2.2	-- /work/grodgers/git/tr-aomp/TheRock/build/third-party/host-blas/build/build-openblas/kernel/CMakeFiles/comatcopy_k_rn.c
2.2	-- /work/grodgers/git/tr-aomp/TheRock/build/third-party/host-blas/build/build-openblas/kernel/CMakeFiles/comatcopy_k_ct.c
2.2	-- /work/grodgers/git/tr-aomp/TheRock/build/third-party/host-blas/build/build-openblas/kernel/CMakeFiles/comatcopy_k_rt.c
2.2	-- /work/grodgers/git/tr-aomp/TheRock/build/third-party/host-blas/build/build-openblas/kernel/CMakeFiles/comatcopy_k_cnc.c
2.2	-- /work/grodgers/git/tr-aomp/TheRock/build/third-party/host-blas/build/build-openblas/kernel/CMakeFiles/comatcopy_k_rnc.c
2.2	-- /work/grodgers/git/tr-aomp/TheRock/build/third-party/host-blas/build/build-openblas/kernel/CMakeFiles/comatcopy_k_ctc.c
2.2	-- /work/grodgers/git/tr-aomp/TheRock/build/third-party/host-blas/build/build-openblas/kernel/CMakeFiles/comatcopy_k_rtc.c
2.2	-- /work/grodgers/git/tr-aomp/TheRock/build/third-party/host-blas/build/build-openblas/kernel/CMakeFiles/cimatcopy_k_cn.c
2.2	-- /work/grodgers/git/tr-aomp/TheRock/build/third-party/host-blas/build/build-openblas/kernel/CMakeFiles/cimatcopy_k_rn.c
2.2	-- /work/grodgers/git/tr-aomp/TheRock/build/third-party/host-blas/build/build-openblas/kernel/CMakeFiles/cimatcopy_k_ct.c
2.2	-- /work/grodgers/git/tr-aomp/TheRock/build/third-party/host-blas/build/build-openblas/kernel/CMakeFiles/cimatcopy_k_rt.c
2.2	-- /work/grodgers/git/tr-aomp/TheRock/build/third-party/host-blas/build/build-openblas/kernel/CMakeFiles/cimatcopy_k_cnc.c
2.2	-- /work/grodgers/git/tr-aomp/TheRock/build/third-party/host-blas/build/build-openblas/kernel/CMakeFiles/cimatcopy_k_rnc.c
2.2	-- /work/grodgers/git/tr-aomp/TheRock/build/third-party/host-blas/build/build-openblas/kernel/CMakeFiles/cimatcopy_k_ctc.c
2.2	-- /work/grodgers/git/tr-aomp/TheRock/build/third-party/host-blas/build/build-openblas/kernel/CMakeFiles/cimatcopy_k_rtc.c
2.2	-- /work/grodgers/git/tr-aomp/TheRock/build/third-party/host-blas/build/build-openblas/kernel/CMakeFiles/cgeadd_k.c
2.2	-- /work/grodgers/git/tr-aomp/TheRock/build/third-party/host-blas/build/build-openblas/kernel/CMakeFiles/zgemm_incopy.c
2.2	-- /work/grodgers/git/tr-aomp/TheRock/build/third-party/host-blas/build/build-openblas/kernel/CMakeFiles/zgemm_itcopy.c
2.2	-- /work/grodgers/git/tr-aomp/TheRock/build/third-party/host-blas/build/build-openblas/kernel/CMakeFiles/zgemm_oncopy.c
2.2	-- /work/grodgers/git/tr-aomp/TheRock/build/third-party/host-blas/build/build-openblas/kernel/CMakeFiles/zgemm_otcopy.c
2.2	-- /work/grodgers/git/tr-aomp/TheRock/build/third-party/host-blas/build/build-openblas/kernel/CMakeFiles/zgemm_beta.S
2.2	-- /work/grodgers/git/tr-aomp/TheRock/build/third-party/host-blas/build/build-openblas/kernel/CMakeFiles/zgemm_kernel_n.c
2.2	-- /work/grodgers/git/tr-aomp/TheRock/build/third-party/host-blas/build/build-openblas/kernel/CMakeFiles/zgemm_kernel_l.c
2.2	-- /work/grodgers/git/tr-aomp/TheRock/build/third-party/host-blas/build/build-openblas/kernel/CMakeFiles/zgemm_kernel_r.c
2.2	-- /work/grodgers/git/tr-aomp/TheRock/build/third-party/host-blas/build/build-openblas/kernel/CMakeFiles/zgemm_kernel_b.c
2.2	-- /work/grodgers/git/tr-aomp/TheRock/build/third-party/host-blas/build/build-openblas/kernel/CMakeFiles/ztrmm_kernel_LN.S
2.2	-- /work/grodgers/git/tr-aomp/TheRock/build/third-party/host-blas/build/build-openblas/kernel/CMakeFiles/ztrmm_kernel_LT.S
2.2	-- /work/grodgers/git/tr-aomp/TheRock/build/third-party/host-blas/build/build-openblas/kernel/CMakeFiles/ztrmm_kernel_LR.S
2.2	-- /work/grodgers/git/tr-aomp/TheRock/build/third-party/host-blas/build/build-openblas/kernel/CMakeFiles/ztrmm_kernel_LC.S
2.2	-- /work/grodgers/git/tr-aomp/TheRock/build/third-party/host-blas/build/build-openblas/kernel/CMakeFiles/ztrmm_kernel_RN.S
2.2	-- /work/grodgers/git/tr-aomp/TheRock/build/third-party/host-blas/build/build-openblas/kernel/CMakeFiles/ztrmm_kernel_RT.S
2.2	-- /work/grodgers/git/tr-aomp/TheRock/build/third-party/host-blas/build/build-openblas/kernel/CMakeFiles/ztrmm_kernel_RR.S
2.2	-- /work/grodgers/git/tr-aomp/TheRock/build/third-party/host-blas/build/build-openblas/kernel/CMakeFiles/ztrmm_kernel_RC.S
2.2	-- /work/grodgers/git/tr-aomp/TheRock/build/third-party/host-blas/build/build-openblas/kernel/CMakeFiles/ztrsm_kernel_LR.c
2.2	-- /work/grodgers/git/tr-aomp/TheRock/build/third-party/host-blas/build/build-openblas/kernel/CMakeFiles/ztrsm_kernel_LC.c
2.2	-- /work/grodgers/git/tr-aomp/TheRock/build/third-party/host-blas/build/build-openblas/kernel/CMakeFiles/ztrsm_kernel_RR.c
2.2	-- /work/grodgers/git/tr-aomp/TheRock/build/third-party/host-blas/build/build-openblas/kernel/CMakeFiles/ztrsm_kernel_RC.c
2.2	-- /work/grodgers/git/tr-aomp/TheRock/build/third-party/host-blas/build/build-openblas/kernel/CMakeFiles/zhemm_iutcopy.c
2.2	-- /work/grodgers/git/tr-aomp/TheRock/build/third-party/host-blas/build/build-openblas/kernel/CMakeFiles/zhemm_iltcopy.c
2.2	-- /work/grodgers/git/tr-aomp/TheRock/build/third-party/host-blas/build/build-openblas/kernel/CMakeFiles/zhemm_outcopy.c
2.2	-- /work/grodgers/git/tr-aomp/TheRock/build/third-party/host-blas/build/build-openblas/kernel/CMakeFiles/zhemm_oltcopy.c
2.2	-- /work/grodgers/git/tr-aomp/TheRock/build/third-party/host-blas/build/build-openblas/kernel/CMakeFiles/zsymm_outcopy.c
2.2	-- /work/grodgers/git/tr-aomp/TheRock/build/third-party/host-blas/build/build-openblas/kernel/CMakeFiles/zsymm_iutcopy.c
2.2	-- /work/grodgers/git/tr-aomp/TheRock/build/third-party/host-blas/build/build-openblas/kernel/CMakeFiles/zsymm_oltcopy.c
2.2	-- /work/grodgers/git/tr-aomp/TheRock/build/third-party/host-blas/build/build-openblas/kernel/CMakeFiles/zsymm_iltcopy.c
2.2	-- /work/grodgers/git/tr-aomp/TheRock/build/third-party/host-blas/build/build-openblas/kernel/CMakeFiles/ztrmm_iunucopy.c
2.2	-- /work/grodgers/git/tr-aomp/TheRock/build/third-party/host-blas/build/build-openblas/kernel/CMakeFiles/ztrmm_iunncopy.c
2.2	-- /work/grodgers/git/tr-aomp/TheRock/build/third-party/host-blas/build/build-openblas/kernel/CMakeFiles/ztrmm_ounucopy.c
2.2	-- /work/grodgers/git/tr-aomp/TheRock/build/third-party/host-blas/build/build-openblas/kernel/CMakeFiles/ztrmm_ounncopy.c
2.2	-- /work/grodgers/git/tr-aomp/TheRock/build/third-party/host-blas/build/build-openblas/kernel/CMakeFiles/ztrmm_ilnucopy.c
2.2	-- /work/grodgers/git/tr-aomp/TheRock/build/third-party/host-blas/build/build-openblas/kernel/CMakeFiles/ztrmm_ilnncopy.c
2.2	-- /work/grodgers/git/tr-aomp/TheRock/build/third-party/host-blas/build/build-openblas/kernel/CMakeFiles/ztrmm_olnucopy.c
2.2	-- /work/grodgers/git/tr-aomp/TheRock/build/third-party/host-blas/build/build-openblas/kernel/CMakeFiles/ztrmm_olnncopy.c
2.2	-- /work/grodgers/git/tr-aomp/TheRock/build/third-party/host-blas/build/build-openblas/kernel/CMakeFiles/ztrmm_iutucopy.c
2.2	-- /work/grodgers/git/tr-aomp/TheRock/build/third-party/host-blas/build/build-openblas/kernel/CMakeFiles/ztrmm_iutncopy.c
2.2	-- /work/grodgers/git/tr-aomp/TheRock/build/third-party/host-blas/build/build-openblas/kernel/CMakeFiles/ztrmm_outucopy.c
2.2	-- /work/grodgers/git/tr-aomp/TheRock/build/third-party/host-blas/build/build-openblas/kernel/CMakeFiles/ztrmm_outncopy.c
2.2	-- /work/grodgers/git/tr-aomp/TheRock/build/third-party/host-blas/build/build-openblas/kernel/CMakeFiles/ztrmm_iltucopy.c
2.2	-- /work/grodgers/git/tr-aomp/TheRock/build/third-party/host-blas/build/build-openblas/kernel/CMakeFiles/ztrmm_iltncopy.c
2.2	-- /work/grodgers/git/tr-aomp/TheRock/build/third-party/host-blas/build/build-openblas/kernel/CMakeFiles/ztrmm_oltucopy.c
2.2	-- /work/grodgers/git/tr-aomp/TheRock/build/third-party/host-blas/build/build-openblas/kernel/CMakeFiles/ztrmm_oltncopy.c
2.2	-- /work/grodgers/git/tr-aomp/TheRock/build/third-party/host-blas/build/build-openblas/kernel/CMakeFiles/ztrsm_iunucopy.c
2.2	-- /work/grodgers/git/tr-aomp/TheRock/build/third-party/host-blas/build/build-openblas/kernel/CMakeFiles/ztrsm_iunncopy.c
2.2	-- /work/grodgers/git/tr-aomp/TheRock/build/third-party/host-blas/build/build-openblas/kernel/CMakeFiles/ztrsm_ounucopy.c
2.2	-- /work/grodgers/git/tr-aomp/TheRock/build/third-party/host-blas/build/build-openblas/kernel/CMakeFiles/ztrsm_ounncopy.c
2.2	-- /work/grodgers/git/tr-aomp/TheRock/build/third-party/host-blas/build/build-openblas/kernel/CMakeFiles/ztrsm_ilnucopy.c
2.2	-- /work/grodgers/git/tr-aomp/TheRock/build/third-party/host-blas/build/build-openblas/kernel/CMakeFiles/ztrsm_ilnncopy.c
2.2	-- /work/grodgers/git/tr-aomp/TheRock/build/third-party/host-blas/build/build-openblas/kernel/CMakeFiles/ztrsm_olnucopy.c
2.2	-- /work/grodgers/git/tr-aomp/TheRock/build/third-party/host-blas/build/build-openblas/kernel/CMakeFiles/ztrsm_olnncopy.c
2.2	-- /work/grodgers/git/tr-aomp/TheRock/build/third-party/host-blas/build/build-openblas/kernel/CMakeFiles/ztrsm_iutucopy.c
2.2	-- /work/grodgers/git/tr-aomp/TheRock/build/third-party/host-blas/build/build-openblas/kernel/CMakeFiles/ztrsm_iutncopy.c
2.2	-- /work/grodgers/git/tr-aomp/TheRock/build/third-party/host-blas/build/build-openblas/kernel/CMakeFiles/ztrsm_outucopy.c
2.2	-- /work/grodgers/git/tr-aomp/TheRock/build/third-party/host-blas/build/build-openblas/kernel/CMakeFiles/ztrsm_outncopy.c
2.2	-- /work/grodgers/git/tr-aomp/TheRock/build/third-party/host-blas/build/build-openblas/kernel/CMakeFiles/ztrsm_iltucopy.c
2.2	-- /work/grodgers/git/tr-aomp/TheRock/build/third-party/host-blas/build/build-openblas/kernel/CMakeFiles/ztrsm_iltncopy.c
2.2	-- /work/grodgers/git/tr-aomp/TheRock/build/third-party/host-blas/build/build-openblas/kernel/CMakeFiles/ztrsm_oltucopy.c
2.2	-- /work/grodgers/git/tr-aomp/TheRock/build/third-party/host-blas/build/build-openblas/kernel/CMakeFiles/ztrsm_oltncopy.c
2.2	-- /work/grodgers/git/tr-aomp/TheRock/build/third-party/host-blas/build/build-openblas/kernel/CMakeFiles/zgemm3m_kernel.c
2.2	-- /work/grodgers/git/tr-aomp/TheRock/build/third-party/host-blas/build/build-openblas/kernel/CMakeFiles/zgemm3m_oncopyb.c
2.2	-- /work/grodgers/git/tr-aomp/TheRock/build/third-party/host-blas/build/build-openblas/kernel/CMakeFiles/zgemm3m_oncopyr.c
2.2	-- /work/grodgers/git/tr-aomp/TheRock/build/third-party/host-blas/build/build-openblas/kernel/CMakeFiles/zgemm3m_oncopyi.c
2.2	-- /work/grodgers/git/tr-aomp/TheRock/build/third-party/host-blas/build/build-openblas/kernel/CMakeFiles/zgemm3m_otcopyb.c
2.2	-- /work/grodgers/git/tr-aomp/TheRock/build/third-party/host-blas/build/build-openblas/kernel/CMakeFiles/zgemm3m_otcopyr.c
2.2	-- /work/grodgers/git/tr-aomp/TheRock/build/third-party/host-blas/build/build-openblas/kernel/CMakeFiles/zgemm3m_otcopyi.c
2.2	-- /work/grodgers/git/tr-aomp/TheRock/build/third-party/host-blas/build/build-openblas/kernel/CMakeFiles/zgemm3m_incopyb.c
2.2	-- /work/grodgers/git/tr-aomp/TheRock/build/third-party/host-blas/build/build-openblas/kernel/CMakeFiles/zgemm3m_incopyr.c
2.2	-- /work/grodgers/git/tr-aomp/TheRock/build/third-party/host-blas/build/build-openblas/kernel/CMakeFiles/zgemm3m_incopyi.c
2.2	-- /work/grodgers/git/tr-aomp/TheRock/build/third-party/host-blas/build/build-openblas/kernel/CMakeFiles/zgemm3m_itcopyb.c
2.2	-- /work/grodgers/git/tr-aomp/TheRock/build/third-party/host-blas/build/build-openblas/kernel/CMakeFiles/zgemm3m_itcopyr.c
2.2	-- /work/grodgers/git/tr-aomp/TheRock/build/third-party/host-blas/build/build-openblas/kernel/CMakeFiles/zgemm3m_itcopyi.c
2.2	-- /work/grodgers/git/tr-aomp/TheRock/build/third-party/host-blas/build/build-openblas/kernel/CMakeFiles/zsymm3m_oucopyb.c
2.2	-- /work/grodgers/git/tr-aomp/TheRock/build/third-party/host-blas/build/build-openblas/kernel/CMakeFiles/zsymm3m_oucopyr.c
2.2	-- /work/grodgers/git/tr-aomp/TheRock/build/third-party/host-blas/build/build-openblas/kernel/CMakeFiles/zsymm3m_oucopyi.c
2.2	-- /work/grodgers/git/tr-aomp/TheRock/build/third-party/host-blas/build/build-openblas/kernel/CMakeFiles/zsymm3m_olcopyb.c
2.2	-- /work/grodgers/git/tr-aomp/TheRock/build/third-party/host-blas/build/build-openblas/kernel/CMakeFiles/zsymm3m_olcopyr.c
2.2	-- /work/grodgers/git/tr-aomp/TheRock/build/third-party/host-blas/build/build-openblas/kernel/CMakeFiles/zsymm3m_olcopyi.c
2.2	-- /work/grodgers/git/tr-aomp/TheRock/build/third-party/host-blas/build/build-openblas/kernel/CMakeFiles/zsymm3m_iucopyb.c
2.2	-- /work/grodgers/git/tr-aomp/TheRock/build/third-party/host-blas/build/build-openblas/kernel/CMakeFiles/zsymm3m_iucopyr.c
2.2	-- /work/grodgers/git/tr-aomp/TheRock/build/third-party/host-blas/build/build-openblas/kernel/CMakeFiles/zsymm3m_iucopyi.c
2.2	-- /work/grodgers/git/tr-aomp/TheRock/build/third-party/host-blas/build/build-openblas/kernel/CMakeFiles/zsymm3m_ilcopyb.c
2.2	-- /work/grodgers/git/tr-aomp/TheRock/build/third-party/host-blas/build/build-openblas/kernel/CMakeFiles/zsymm3m_ilcopyr.c
2.2	-- /work/grodgers/git/tr-aomp/TheRock/build/third-party/host-blas/build/build-openblas/kernel/CMakeFiles/zsymm3m_ilcopyi.c
2.2	-- /work/grodgers/git/tr-aomp/TheRock/build/third-party/host-blas/build/build-openblas/kernel/CMakeFiles/zhemm3m_oucopyb.c
2.2	-- /work/grodgers/git/tr-aomp/TheRock/build/third-party/host-blas/build/build-openblas/kernel/CMakeFiles/zhemm3m_oucopyr.c
2.2	-- /work/grodgers/git/tr-aomp/TheRock/build/third-party/host-blas/build/build-openblas/kernel/CMakeFiles/zhemm3m_oucopyi.c
2.2	-- /work/grodgers/git/tr-aomp/TheRock/build/third-party/host-blas/build/build-openblas/kernel/CMakeFiles/zhemm3m_olcopyb.c
2.2	-- /work/grodgers/git/tr-aomp/TheRock/build/third-party/host-blas/build/build-openblas/kernel/CMakeFiles/zhemm3m_olcopyr.c
2.2	-- /work/grodgers/git/tr-aomp/TheRock/build/third-party/host-blas/build/build-openblas/kernel/CMakeFiles/zhemm3m_olcopyi.c
2.2	-- /work/grodgers/git/tr-aomp/TheRock/build/third-party/host-blas/build/build-openblas/kernel/CMakeFiles/zhemm3m_iucopyb.c
2.2	-- /work/grodgers/git/tr-aomp/TheRock/build/third-party/host-blas/build/build-openblas/kernel/CMakeFiles/zhemm3m_iucopyr.c
2.2	-- /work/grodgers/git/tr-aomp/TheRock/build/third-party/host-blas/build/build-openblas/kernel/CMakeFiles/zhemm3m_iucopyi.c
2.2	-- /work/grodgers/git/tr-aomp/TheRock/build/third-party/host-blas/build/build-openblas/kernel/CMakeFiles/zhemm3m_ilcopyb.c
2.2	-- /work/grodgers/git/tr-aomp/TheRock/build/third-party/host-blas/build/build-openblas/kernel/CMakeFiles/zhemm3m_ilcopyr.c
2.2	-- /work/grodgers/git/tr-aomp/TheRock/build/third-party/host-blas/build/build-openblas/kernel/CMakeFiles/zhemm3m_ilcopyi.c
2.2	-- /work/grodgers/git/tr-aomp/TheRock/build/third-party/host-blas/build/build-openblas/kernel/CMakeFiles/ztrsm_kernel_LN.c
2.2	-- /work/grodgers/git/tr-aomp/TheRock/build/third-party/host-blas/build/build-openblas/kernel/CMakeFiles/ztrsm_kernel_LT.c
2.2	-- /work/grodgers/git/tr-aomp/TheRock/build/third-party/host-blas/build/build-openblas/kernel/CMakeFiles/ztrsm_kernel_RN.c
2.2	-- /work/grodgers/git/tr-aomp/TheRock/build/third-party/host-blas/build/build-openblas/kernel/CMakeFiles/ztrsm_kernel_RT.c
2.2	-- /work/grodgers/git/tr-aomp/TheRock/build/third-party/host-blas/build/build-openblas/kernel/CMakeFiles/zgemm_small_matrix_permit.c
2.2	-- /work/grodgers/git/tr-aomp/TheRock/build/third-party/host-blas/build/build-openblas/kernel/CMakeFiles/zgemm_small_kernel_nn.c
2.2	-- /work/grodgers/git/tr-aomp/TheRock/build/third-party/host-blas/build/build-openblas/kernel/CMakeFiles/zgemm_small_kernel_nr.c
2.2	-- /work/grodgers/git/tr-aomp/TheRock/build/third-party/host-blas/build/build-openblas/kernel/CMakeFiles/zgemm_small_kernel_rn.c
2.2	-- /work/grodgers/git/tr-aomp/TheRock/build/third-party/host-blas/build/build-openblas/kernel/CMakeFiles/zgemm_small_kernel_rr.c
2.2	-- /work/grodgers/git/tr-aomp/TheRock/build/third-party/host-blas/build/build-openblas/kernel/CMakeFiles/zgemm_small_kernel_nt.c
2.2	-- /work/grodgers/git/tr-aomp/TheRock/build/third-party/host-blas/build/build-openblas/kernel/CMakeFiles/zgemm_small_kernel_nc.c
2.2	-- /work/grodgers/git/tr-aomp/TheRock/build/third-party/host-blas/build/build-openblas/kernel/CMakeFiles/zgemm_small_kernel_rt.c
2.2	-- /work/grodgers/git/tr-aomp/TheRock/build/third-party/host-blas/build/build-openblas/kernel/CMakeFiles/zgemm_small_kernel_rc.c
2.2	-- /work/grodgers/git/tr-aomp/TheRock/build/third-party/host-blas/build/build-openblas/kernel/CMakeFiles/zgemm_small_kernel_tn.c
2.2	-- /work/grodgers/git/tr-aomp/TheRock/build/third-party/host-blas/build/build-openblas/kernel/CMakeFiles/zgemm_small_kernel_tr.c
2.2	-- /work/grodgers/git/tr-aomp/TheRock/build/third-party/host-blas/build/build-openblas/kernel/CMakeFiles/zgemm_small_kernel_cn.c
2.2	-- /work/grodgers/git/tr-aomp/TheRock/build/third-party/host-blas/build/build-openblas/kernel/CMakeFiles/zgemm_small_kernel_cr.c
2.2	-- /work/grodgers/git/tr-aomp/TheRock/build/third-party/host-blas/build/build-openblas/kernel/CMakeFiles/zgemm_small_kernel_tt.c
2.2	-- /work/grodgers/git/tr-aomp/TheRock/build/third-party/host-blas/build/build-openblas/kernel/CMakeFiles/zgemm_small_kernel_tc.c
2.2	-- /work/grodgers/git/tr-aomp/TheRock/build/third-party/host-blas/build/build-openblas/kernel/CMakeFiles/zgemm_small_kernel_ct.c
2.2	-- /work/grodgers/git/tr-aomp/TheRock/build/third-party/host-blas/build/build-openblas/kernel/CMakeFiles/zgemm_small_kernel_cc.c
2.2	-- /work/grodgers/git/tr-aomp/TheRock/build/third-party/host-blas/build/build-openblas/kernel/CMakeFiles/zgemm_small_kernel_b0_nn.c
2.2	-- /work/grodgers/git/tr-aomp/TheRock/build/third-party/host-blas/build/build-openblas/kernel/CMakeFiles/zgemm_small_kernel_b0_nr.c
2.2	-- /work/grodgers/git/tr-aomp/TheRock/build/third-party/host-blas/build/build-openblas/kernel/CMakeFiles/zgemm_small_kernel_b0_rn.c
2.2	-- /work/grodgers/git/tr-aomp/TheRock/build/third-party/host-blas/build/build-openblas/kernel/CMakeFiles/zgemm_small_kernel_b0_rr.c
2.2	-- /work/grodgers/git/tr-aomp/TheRock/build/third-party/host-blas/build/build-openblas/kernel/CMakeFiles/zgemm_small_kernel_b0_nt.c
2.2	-- /work/grodgers/git/tr-aomp/TheRock/build/third-party/host-blas/build/build-openblas/kernel/CMakeFiles/zgemm_small_kernel_b0_nc.c
2.2	-- /work/grodgers/git/tr-aomp/TheRock/build/third-party/host-blas/build/build-openblas/kernel/CMakeFiles/zgemm_small_kernel_b0_rt.c
2.2	-- /work/grodgers/git/tr-aomp/TheRock/build/third-party/host-blas/build/build-openblas/kernel/CMakeFiles/zgemm_small_kernel_b0_rc.c
2.2	-- /work/grodgers/git/tr-aomp/TheRock/build/third-party/host-blas/build/build-openblas/kernel/CMakeFiles/zgemm_small_kernel_b0_tn.c
2.2	-- /work/grodgers/git/tr-aomp/TheRock/build/third-party/host-blas/build/build-openblas/kernel/CMakeFiles/zgemm_small_kernel_b0_tr.c
2.2	-- /work/grodgers/git/tr-aomp/TheRock/build/third-party/host-blas/build/build-openblas/kernel/CMakeFiles/zgemm_small_kernel_b0_cn.c
2.2	-- /work/grodgers/git/tr-aomp/TheRock/build/third-party/host-blas/build/build-openblas/kernel/CMakeFiles/zgemm_small_kernel_b0_cr.c
2.2	-- /work/grodgers/git/tr-aomp/TheRock/build/third-party/host-blas/build/build-openblas/kernel/CMakeFiles/zgemm_small_kernel_b0_tt.c
2.2	-- /work/grodgers/git/tr-aomp/TheRock/build/third-party/host-blas/build/build-openblas/kernel/CMakeFiles/zgemm_small_kernel_b0_tc.c
2.2	-- /work/grodgers/git/tr-aomp/TheRock/build/third-party/host-blas/build/build-openblas/kernel/CMakeFiles/zgemm_small_kernel_b0_ct.c
2.2	-- /work/grodgers/git/tr-aomp/TheRock/build/third-party/host-blas/build/build-openblas/kernel/CMakeFiles/zgemm_small_kernel_b0_cc.c
2.2	-- /work/grodgers/git/tr-aomp/TheRock/build/third-party/host-blas/build/build-openblas/kernel/CMakeFiles/zomatcopy_k_cn.c
2.2	-- /work/grodgers/git/tr-aomp/TheRock/build/third-party/host-blas/build/build-openblas/kernel/CMakeFiles/zomatcopy_k_rn.c
2.2	-- /work/grodgers/git/tr-aomp/TheRock/build/third-party/host-blas/build/build-openblas/kernel/CMakeFiles/zomatcopy_k_ct.c
2.2	-- /work/grodgers/git/tr-aomp/TheRock/build/third-party/host-blas/build/build-openblas/kernel/CMakeFiles/zomatcopy_k_rt.c
2.2	-- /work/grodgers/git/tr-aomp/TheRock/build/third-party/host-blas/build/build-openblas/kernel/CMakeFiles/zomatcopy_k_cnc.c
2.2	-- /work/grodgers/git/tr-aomp/TheRock/build/third-party/host-blas/build/build-openblas/kernel/CMakeFiles/zomatcopy_k_rnc.c
2.2	-- /work/grodgers/git/tr-aomp/TheRock/build/third-party/host-blas/build/build-openblas/kernel/CMakeFiles/zomatcopy_k_ctc.c
2.2	-- /work/grodgers/git/tr-aomp/TheRock/build/third-party/host-blas/build/build-openblas/kernel/CMakeFiles/zomatcopy_k_rtc.c
2.2	-- /work/grodgers/git/tr-aomp/TheRock/build/third-party/host-blas/build/build-openblas/kernel/CMakeFiles/zimatcopy_k_cn.c
2.2	-- /work/grodgers/git/tr-aomp/TheRock/build/third-party/host-blas/build/build-openblas/kernel/CMakeFiles/zimatcopy_k_rn.c
2.2	-- /work/grodgers/git/tr-aomp/TheRock/build/third-party/host-blas/build/build-openblas/kernel/CMakeFiles/zimatcopy_k_ct.c
2.2	-- /work/grodgers/git/tr-aomp/TheRock/build/third-party/host-blas/build/build-openblas/kernel/CMakeFiles/zimatcopy_k_rt.c
2.2	-- /work/grodgers/git/tr-aomp/TheRock/build/third-party/host-blas/build/build-openblas/kernel/CMakeFiles/zimatcopy_k_cnc.c
2.2	-- /work/grodgers/git/tr-aomp/TheRock/build/third-party/host-blas/build/build-openblas/kernel/CMakeFiles/zimatcopy_k_rnc.c
2.2	-- /work/grodgers/git/tr-aomp/TheRock/build/third-party/host-blas/build/build-openblas/kernel/CMakeFiles/zimatcopy_k_ctc.c
2.2	-- /work/grodgers/git/tr-aomp/TheRock/build/third-party/host-blas/build/build-openblas/kernel/CMakeFiles/zimatcopy_k_rtc.c
2.2	-- /work/grodgers/git/tr-aomp/TheRock/build/third-party/host-blas/build/build-openblas/kernel/CMakeFiles/zgeadd_k.c
2.2	-- /work/grodgers/git/tr-aomp/TheRock/build/third-party/host-blas/build/build-openblas/kernel/CMakeFiles/sneg_tcopy.c
2.2	-- /work/grodgers/git/tr-aomp/TheRock/build/third-party/host-blas/build/build-openblas/kernel/CMakeFiles/slaswp_ncopy.c
2.2	-- /work/grodgers/git/tr-aomp/TheRock/build/third-party/host-blas/build/build-openblas/kernel/CMakeFiles/dneg_tcopy.c
2.2	-- /work/grodgers/git/tr-aomp/TheRock/build/third-party/host-blas/build/build-openblas/kernel/CMakeFiles/dlaswp_ncopy.c
2.2	-- /work/grodgers/git/tr-aomp/TheRock/build/third-party/host-blas/build/build-openblas/kernel/CMakeFiles/cneg_tcopy.c
2.2	-- /work/grodgers/git/tr-aomp/TheRock/build/third-party/host-blas/build/build-openblas/kernel/CMakeFiles/claswp_ncopy.c
2.2	-- /work/grodgers/git/tr-aomp/TheRock/build/third-party/host-blas/build/build-openblas/kernel/CMakeFiles/zneg_tcopy.c
2.2	-- /work/grodgers/git/tr-aomp/TheRock/build/third-party/host-blas/build/build-openblas/kernel/CMakeFiles/zlaswp_ncopy.c
2.2	-- /work/grodgers/git/tr-aomp/TheRock/build/third-party/host-blas/build/build-openblas/lapack/CMakeFiles/spotrf_U_single.c
2.2	-- /work/grodgers/git/tr-aomp/TheRock/build/third-party/host-blas/build/build-openblas/lapack/CMakeFiles/spotrf_L_single.c
2.2	-- /work/grodgers/git/tr-aomp/TheRock/build/third-party/host-blas/build/build-openblas/lapack/CMakeFiles/slauum_U_single.c
2.2	-- /work/grodgers/git/tr-aomp/TheRock/build/third-party/host-blas/build/build-openblas/lapack/CMakeFiles/slauum_L_single.c
2.2	-- /work/grodgers/git/tr-aomp/TheRock/build/third-party/host-blas/build/build-openblas/lapack/CMakeFiles/dpotrf_U_single.c
2.2	-- /work/grodgers/git/tr-aomp/TheRock/build/third-party/host-blas/build/build-openblas/lapack/CMakeFiles/dpotrf_L_single.c
2.2	-- /work/grodgers/git/tr-aomp/TheRock/build/third-party/host-blas/build/build-openblas/lapack/CMakeFiles/dlauum_U_single.c
2.2	-- /work/grodgers/git/tr-aomp/TheRock/build/third-party/host-blas/build/build-openblas/lapack/CMakeFiles/dlauum_L_single.c
2.2	-- /work/grodgers/git/tr-aomp/TheRock/build/third-party/host-blas/build/build-openblas/lapack/CMakeFiles/cpotrf_U_single.c
2.2	-- /work/grodgers/git/tr-aomp/TheRock/build/third-party/host-blas/build/build-openblas/lapack/CMakeFiles/cpotrf_L_single.c
2.2	-- /work/grodgers/git/tr-aomp/TheRock/build/third-party/host-blas/build/build-openblas/lapack/CMakeFiles/clauum_U_single.c
2.2	-- /work/grodgers/git/tr-aomp/TheRock/build/third-party/host-blas/build/build-openblas/lapack/CMakeFiles/clauum_L_single.c
2.2	-- /work/grodgers/git/tr-aomp/TheRock/build/third-party/host-blas/build/build-openblas/lapack/CMakeFiles/zpotrf_U_single.c
2.2	-- /work/grodgers/git/tr-aomp/TheRock/build/third-party/host-blas/build/build-openblas/lapack/CMakeFiles/zpotrf_L_single.c
2.2	-- /work/grodgers/git/tr-aomp/TheRock/build/third-party/host-blas/build/build-openblas/lapack/CMakeFiles/zlauum_U_single.c
2.2	-- /work/grodgers/git/tr-aomp/TheRock/build/third-party/host-blas/build/build-openblas/lapack/CMakeFiles/zlauum_L_single.c
2.2	-- /work/grodgers/git/tr-aomp/TheRock/build/third-party/host-blas/build/build-openblas/lapack/CMakeFiles/sgetf2_k.c
2.2	-- /work/grodgers/git/tr-aomp/TheRock/build/third-party/host-blas/build/build-openblas/lapack/CMakeFiles/slauu2_U.c
2.2	-- /work/grodgers/git/tr-aomp/TheRock/build/third-party/host-blas/build/build-openblas/lapack/CMakeFiles/slauu2_L.c
2.2	-- /work/grodgers/git/tr-aomp/TheRock/build/third-party/host-blas/build/build-openblas/lapack/CMakeFiles/spotf2_U.c
2.2	-- /work/grodgers/git/tr-aomp/TheRock/build/third-party/host-blas/build/build-openblas/lapack/CMakeFiles/spotf2_L.c
2.2	-- /work/grodgers/git/tr-aomp/TheRock/build/third-party/host-blas/build/build-openblas/lapack/CMakeFiles/dgetf2_k.c
2.2	-- /work/grodgers/git/tr-aomp/TheRock/build/third-party/host-blas/build/build-openblas/lapack/CMakeFiles/dlauu2_U.c
2.2	-- /work/grodgers/git/tr-aomp/TheRock/build/third-party/host-blas/build/build-openblas/lapack/CMakeFiles/dlauu2_L.c
2.2	-- /work/grodgers/git/tr-aomp/TheRock/build/third-party/host-blas/build/build-openblas/lapack/CMakeFiles/dpotf2_U.c
2.2	-- /work/grodgers/git/tr-aomp/TheRock/build/third-party/host-blas/build/build-openblas/lapack/CMakeFiles/dpotf2_L.c
2.2	-- /work/grodgers/git/tr-aomp/TheRock/build/third-party/host-blas/build/build-openblas/lapack/CMakeFiles/cgetf2_k.c
2.2	-- /work/grodgers/git/tr-aomp/TheRock/build/third-party/host-blas/build/build-openblas/lapack/CMakeFiles/clauu2_U.c
2.2	-- /work/grodgers/git/tr-aomp/TheRock/build/third-party/host-blas/build/build-openblas/lapack/CMakeFiles/clauu2_L.c
2.2	-- /work/grodgers/git/tr-aomp/TheRock/build/third-party/host-blas/build/build-openblas/lapack/CMakeFiles/cpotf2_U.c
2.2	-- /work/grodgers/git/tr-aomp/TheRock/build/third-party/host-blas/build/build-openblas/lapack/CMakeFiles/cpotf2_L.c
2.2	-- /work/grodgers/git/tr-aomp/TheRock/build/third-party/host-blas/build/build-openblas/lapack/CMakeFiles/zgetf2_k.c
2.2	-- /work/grodgers/git/tr-aomp/TheRock/build/third-party/host-blas/build/build-openblas/lapack/CMakeFiles/zlauu2_U.c
2.2	-- /work/grodgers/git/tr-aomp/TheRock/build/third-party/host-blas/build/build-openblas/lapack/CMakeFiles/zlauu2_L.c
2.2	-- /work/grodgers/git/tr-aomp/TheRock/build/third-party/host-blas/build/build-openblas/lapack/CMakeFiles/zpotf2_U.c
2.2	-- /work/grodgers/git/tr-aomp/TheRock/build/third-party/host-blas/build/build-openblas/lapack/CMakeFiles/zpotf2_L.c
2.2	-- /work/grodgers/git/tr-aomp/TheRock/build/third-party/host-blas/build/build-openblas/lapack/CMakeFiles/slaswp_plus.c
2.2	-- /work/grodgers/git/tr-aomp/TheRock/build/third-party/host-blas/build/build-openblas/lapack/CMakeFiles/dlaswp_plus.c
2.2	-- /work/grodgers/git/tr-aomp/TheRock/build/third-party/host-blas/build/build-openblas/lapack/CMakeFiles/claswp_plus.c
2.2	-- /work/grodgers/git/tr-aomp/TheRock/build/third-party/host-blas/build/build-openblas/lapack/CMakeFiles/zlaswp_plus.c
2.2	-- /work/grodgers/git/tr-aomp/TheRock/build/third-party/host-blas/build/build-openblas/lapack/CMakeFiles/slaswp_minus.c
2.2	-- /work/grodgers/git/tr-aomp/TheRock/build/third-party/host-blas/build/build-openblas/lapack/CMakeFiles/dlaswp_minus.c
2.2	-- /work/grodgers/git/tr-aomp/TheRock/build/third-party/host-blas/build/build-openblas/lapack/CMakeFiles/claswp_minus.c
2.2	-- /work/grodgers/git/tr-aomp/TheRock/build/third-party/host-blas/build/build-openblas/lapack/CMakeFiles/zlaswp_minus.c
2.2	-- /work/grodgers/git/tr-aomp/TheRock/build/third-party/host-blas/build/build-openblas/lapack/CMakeFiles/sgetrf_single.c
2.2	-- /work/grodgers/git/tr-aomp/TheRock/build/third-party/host-blas/build/build-openblas/lapack/CMakeFiles/dgetrf_single.c
2.2	-- /work/grodgers/git/tr-aomp/TheRock/build/third-party/host-blas/build/build-openblas/lapack/CMakeFiles/cgetrf_single.c
2.2	-- /work/grodgers/git/tr-aomp/TheRock/build/third-party/host-blas/build/build-openblas/lapack/CMakeFiles/zgetrf_single.c
2.2	-- /work/grodgers/git/tr-aomp/TheRock/build/third-party/host-blas/build/build-openblas/lapack/CMakeFiles/sgetrf_parallel.c
2.2	-- /work/grodgers/git/tr-aomp/TheRock/build/third-party/host-blas/build/build-openblas/lapack/CMakeFiles/dgetrf_parallel.c
2.2	-- /work/grodgers/git/tr-aomp/TheRock/build/third-party/host-blas/build/build-openblas/lapack/CMakeFiles/cgetrf_parallel.c
2.2	-- /work/grodgers/git/tr-aomp/TheRock/build/third-party/host-blas/build/build-openblas/lapack/CMakeFiles/zgetrf_parallel.c
2.2	-- /work/grodgers/git/tr-aomp/TheRock/build/third-party/host-blas/build/build-openblas/lapack/CMakeFiles/slauum_U_parallel.c
2.2	-- /work/grodgers/git/tr-aomp/TheRock/build/third-party/host-blas/build/build-openblas/lapack/CMakeFiles/slauum_L_parallel.c
2.2	-- /work/grodgers/git/tr-aomp/TheRock/build/third-party/host-blas/build/build-openblas/lapack/CMakeFiles/spotrf_U_parallel.c
2.2	-- /work/grodgers/git/tr-aomp/TheRock/build/third-party/host-blas/build/build-openblas/lapack/CMakeFiles/spotrf_L_parallel.c
2.2	-- /work/grodgers/git/tr-aomp/TheRock/build/third-party/host-blas/build/build-openblas/lapack/CMakeFiles/dlauum_U_parallel.c
2.2	-- /work/grodgers/git/tr-aomp/TheRock/build/third-party/host-blas/build/build-openblas/lapack/CMakeFiles/dlauum_L_parallel.c
2.2	-- /work/grodgers/git/tr-aomp/TheRock/build/third-party/host-blas/build/build-openblas/lapack/CMakeFiles/dpotrf_U_parallel.c
2.2	-- /work/grodgers/git/tr-aomp/TheRock/build/third-party/host-blas/build/build-openblas/lapack/CMakeFiles/dpotrf_L_parallel.c
2.2	-- /work/grodgers/git/tr-aomp/TheRock/build/third-party/host-blas/build/build-openblas/lapack/CMakeFiles/clauum_U_parallel.c
2.2	-- /work/grodgers/git/tr-aomp/TheRock/build/third-party/host-blas/build/build-openblas/lapack/CMakeFiles/clauum_L_parallel.c
2.2	-- /work/grodgers/git/tr-aomp/TheRock/build/third-party/host-blas/build/build-openblas/lapack/CMakeFiles/cpotrf_U_parallel.c
2.2	-- /work/grodgers/git/tr-aomp/TheRock/build/third-party/host-blas/build/build-openblas/lapack/CMakeFiles/cpotrf_L_parallel.c
2.2	-- /work/grodgers/git/tr-aomp/TheRock/build/third-party/host-blas/build/build-openblas/lapack/CMakeFiles/zlauum_U_parallel.c
2.2	-- /work/grodgers/git/tr-aomp/TheRock/build/third-party/host-blas/build/build-openblas/lapack/CMakeFiles/zlauum_L_parallel.c
2.2	-- /work/grodgers/git/tr-aomp/TheRock/build/third-party/host-blas/build/build-openblas/lapack/CMakeFiles/zpotrf_U_parallel.c
2.2	-- /work/grodgers/git/tr-aomp/TheRock/build/third-party/host-blas/build/build-openblas/lapack/CMakeFiles/zpotrf_L_parallel.c
2.2	-- /work/grodgers/git/tr-aomp/TheRock/build/third-party/host-blas/build/build-openblas/lapack/CMakeFiles/sgetrs_N_single.c
2.2	-- /work/grodgers/git/tr-aomp/TheRock/build/third-party/host-blas/build/build-openblas/lapack/CMakeFiles/sgetrs_N_parallel.c
2.2	-- /work/grodgers/git/tr-aomp/TheRock/build/third-party/host-blas/build/build-openblas/lapack/CMakeFiles/sgetrs_T_single.c
2.2	-- /work/grodgers/git/tr-aomp/TheRock/build/third-party/host-blas/build/build-openblas/lapack/CMakeFiles/sgetrs_T_parallel.c
2.2	-- /work/grodgers/git/tr-aomp/TheRock/build/third-party/host-blas/build/build-openblas/lapack/CMakeFiles/dgetrs_N_single.c
2.2	-- /work/grodgers/git/tr-aomp/TheRock/build/third-party/host-blas/build/build-openblas/lapack/CMakeFiles/dgetrs_N_parallel.c
2.3	-- /work/grodgers/git/tr-aomp/TheRock/build/third-party/host-blas/build/build-openblas/lapack/CMakeFiles/dgetrs_T_single.c
2.3	-- /work/grodgers/git/tr-aomp/TheRock/build/third-party/host-blas/build/build-openblas/lapack/CMakeFiles/dgetrs_T_parallel.c
2.3	-- /work/grodgers/git/tr-aomp/TheRock/build/third-party/host-blas/build/build-openblas/lapack/CMakeFiles/cgetrs_N_single.c
2.3	-- /work/grodgers/git/tr-aomp/TheRock/build/third-party/host-blas/build/build-openblas/lapack/CMakeFiles/cgetrs_T_single.c
2.3	-- /work/grodgers/git/tr-aomp/TheRock/build/third-party/host-blas/build/build-openblas/lapack/CMakeFiles/cgetrs_R_single.c
2.3	-- /work/grodgers/git/tr-aomp/TheRock/build/third-party/host-blas/build/build-openblas/lapack/CMakeFiles/cgetrs_C_single.c
2.3	-- /work/grodgers/git/tr-aomp/TheRock/build/third-party/host-blas/build/build-openblas/lapack/CMakeFiles/cgetrs_N_parallel.c
2.3	-- /work/grodgers/git/tr-aomp/TheRock/build/third-party/host-blas/build/build-openblas/lapack/CMakeFiles/cgetrs_T_parallel.c
2.3	-- /work/grodgers/git/tr-aomp/TheRock/build/third-party/host-blas/build/build-openblas/lapack/CMakeFiles/cgetrs_R_parallel.c
2.3	-- /work/grodgers/git/tr-aomp/TheRock/build/third-party/host-blas/build/build-openblas/lapack/CMakeFiles/cgetrs_C_parallel.c
2.3	-- /work/grodgers/git/tr-aomp/TheRock/build/third-party/host-blas/build/build-openblas/lapack/CMakeFiles/zgetrs_N_single.c
2.3	-- /work/grodgers/git/tr-aomp/TheRock/build/third-party/host-blas/build/build-openblas/lapack/CMakeFiles/zgetrs_T_single.c
2.3	-- /work/grodgers/git/tr-aomp/TheRock/build/third-party/host-blas/build/build-openblas/lapack/CMakeFiles/zgetrs_R_single.c
2.3	-- /work/grodgers/git/tr-aomp/TheRock/build/third-party/host-blas/build/build-openblas/lapack/CMakeFiles/zgetrs_C_single.c
2.3	-- /work/grodgers/git/tr-aomp/TheRock/build/third-party/host-blas/build/build-openblas/lapack/CMakeFiles/zgetrs_N_parallel.c
2.3	-- /work/grodgers/git/tr-aomp/TheRock/build/third-party/host-blas/build/build-openblas/lapack/CMakeFiles/zgetrs_T_parallel.c
2.3	-- /work/grodgers/git/tr-aomp/TheRock/build/third-party/host-blas/build/build-openblas/lapack/CMakeFiles/zgetrs_R_parallel.c
2.3	-- /work/grodgers/git/tr-aomp/TheRock/build/third-party/host-blas/build/build-openblas/lapack/CMakeFiles/zgetrs_C_parallel.c
2.3	-- /work/grodgers/git/tr-aomp/TheRock/build/third-party/host-blas/build/build-openblas/lapack/CMakeFiles/strtri_UN_single.c
2.3	-- /work/grodgers/git/tr-aomp/TheRock/build/third-party/host-blas/build/build-openblas/lapack/CMakeFiles/dtrtri_UN_single.c
2.3	-- /work/grodgers/git/tr-aomp/TheRock/build/third-party/host-blas/build/build-openblas/lapack/CMakeFiles/ctrtri_UN_single.c
2.3	-- /work/grodgers/git/tr-aomp/TheRock/build/third-party/host-blas/build/build-openblas/lapack/CMakeFiles/ztrtri_UN_single.c
2.3	-- /work/grodgers/git/tr-aomp/TheRock/build/third-party/host-blas/build/build-openblas/lapack/CMakeFiles/strtri_LN_single.c
2.3	-- /work/grodgers/git/tr-aomp/TheRock/build/third-party/host-blas/build/build-openblas/lapack/CMakeFiles/dtrtri_LN_single.c
2.3	-- /work/grodgers/git/tr-aomp/TheRock/build/third-party/host-blas/build/build-openblas/lapack/CMakeFiles/ctrtri_LN_single.c
2.3	-- /work/grodgers/git/tr-aomp/TheRock/build/third-party/host-blas/build/build-openblas/lapack/CMakeFiles/ztrtri_LN_single.c
2.3	-- /work/grodgers/git/tr-aomp/TheRock/build/third-party/host-blas/build/build-openblas/lapack/CMakeFiles/strtri_UN_parallel.c
2.3	-- /work/grodgers/git/tr-aomp/TheRock/build/third-party/host-blas/build/build-openblas/lapack/CMakeFiles/dtrtri_UN_parallel.c
2.3	-- /work/grodgers/git/tr-aomp/TheRock/build/third-party/host-blas/build/build-openblas/lapack/CMakeFiles/ctrtri_UN_parallel.c
2.3	-- /work/grodgers/git/tr-aomp/TheRock/build/third-party/host-blas/build/build-openblas/lapack/CMakeFiles/ztrtri_UN_parallel.c
2.3	-- /work/grodgers/git/tr-aomp/TheRock/build/third-party/host-blas/build/build-openblas/lapack/CMakeFiles/strtri_LN_parallel.c
2.3	-- /work/grodgers/git/tr-aomp/TheRock/build/third-party/host-blas/build/build-openblas/lapack/CMakeFiles/dtrtri_LN_parallel.c
2.3	-- /work/grodgers/git/tr-aomp/TheRock/build/third-party/host-blas/build/build-openblas/lapack/CMakeFiles/ctrtri_LN_parallel.c
2.3	-- /work/grodgers/git/tr-aomp/TheRock/build/third-party/host-blas/build/build-openblas/lapack/CMakeFiles/ztrtri_LN_parallel.c
2.3	-- /work/grodgers/git/tr-aomp/TheRock/build/third-party/host-blas/build/build-openblas/lapack/CMakeFiles/strtri_UU_single.c
2.3	-- /work/grodgers/git/tr-aomp/TheRock/build/third-party/host-blas/build/build-openblas/lapack/CMakeFiles/dtrtri_UU_single.c
2.3	-- /work/grodgers/git/tr-aomp/TheRock/build/third-party/host-blas/build/build-openblas/lapack/CMakeFiles/ctrtri_UU_single.c
2.3	-- /work/grodgers/git/tr-aomp/TheRock/build/third-party/host-blas/build/build-openblas/lapack/CMakeFiles/ztrtri_UU_single.c
2.3	-- /work/grodgers/git/tr-aomp/TheRock/build/third-party/host-blas/build/build-openblas/lapack/CMakeFiles/strtri_LU_single.c
2.3	-- /work/grodgers/git/tr-aomp/TheRock/build/third-party/host-blas/build/build-openblas/lapack/CMakeFiles/dtrtri_LU_single.c
2.3	-- /work/grodgers/git/tr-aomp/TheRock/build/third-party/host-blas/build/build-openblas/lapack/CMakeFiles/ctrtri_LU_single.c
2.3	-- /work/grodgers/git/tr-aomp/TheRock/build/third-party/host-blas/build/build-openblas/lapack/CMakeFiles/ztrtri_LU_single.c
2.3	-- /work/grodgers/git/tr-aomp/TheRock/build/third-party/host-blas/build/build-openblas/lapack/CMakeFiles/strtri_UU_parallel.c
2.3	-- /work/grodgers/git/tr-aomp/TheRock/build/third-party/host-blas/build/build-openblas/lapack/CMakeFiles/dtrtri_UU_parallel.c
2.3	-- /work/grodgers/git/tr-aomp/TheRock/build/third-party/host-blas/build/build-openblas/lapack/CMakeFiles/ctrtri_UU_parallel.c
2.3	-- /work/grodgers/git/tr-aomp/TheRock/build/third-party/host-blas/build/build-openblas/lapack/CMakeFiles/ztrtri_UU_parallel.c
2.3	-- /work/grodgers/git/tr-aomp/TheRock/build/third-party/host-blas/build/build-openblas/lapack/CMakeFiles/strtri_LU_parallel.c
2.3	-- /work/grodgers/git/tr-aomp/TheRock/build/third-party/host-blas/build/build-openblas/lapack/CMakeFiles/dtrtri_LU_parallel.c
2.3	-- /work/grodgers/git/tr-aomp/TheRock/build/third-party/host-blas/build/build-openblas/lapack/CMakeFiles/ctrtri_LU_parallel.c
2.3	-- /work/grodgers/git/tr-aomp/TheRock/build/third-party/host-blas/build/build-openblas/lapack/CMakeFiles/ztrtri_LU_parallel.c
2.3	-- /work/grodgers/git/tr-aomp/TheRock/build/third-party/host-blas/build/build-openblas/lapack/CMakeFiles/strti2_UN.c
2.3	-- /work/grodgers/git/tr-aomp/TheRock/build/third-party/host-blas/build/build-openblas/lapack/CMakeFiles/dtrti2_UN.c
2.3	-- /work/grodgers/git/tr-aomp/TheRock/build/third-party/host-blas/build/build-openblas/lapack/CMakeFiles/ctrti2_UN.c
2.3	-- /work/grodgers/git/tr-aomp/TheRock/build/third-party/host-blas/build/build-openblas/lapack/CMakeFiles/ztrti2_UN.c
2.3	-- /work/grodgers/git/tr-aomp/TheRock/build/third-party/host-blas/build/build-openblas/lapack/CMakeFiles/strti2_LN.c
2.3	-- /work/grodgers/git/tr-aomp/TheRock/build/third-party/host-blas/build/build-openblas/lapack/CMakeFiles/dtrti2_LN.c
2.3	-- /work/grodgers/git/tr-aomp/TheRock/build/third-party/host-blas/build/build-openblas/lapack/CMakeFiles/ctrti2_LN.c
2.3	-- /work/grodgers/git/tr-aomp/TheRock/build/third-party/host-blas/build/build-openblas/lapack/CMakeFiles/ztrti2_LN.c
2.3	-- /work/grodgers/git/tr-aomp/TheRock/build/third-party/host-blas/build/build-openblas/lapack/CMakeFiles/strti2_UU.c
2.3	-- /work/grodgers/git/tr-aomp/TheRock/build/third-party/host-blas/build/build-openblas/lapack/CMakeFiles/dtrti2_UU.c
2.3	-- /work/grodgers/git/tr-aomp/TheRock/build/third-party/host-blas/build/build-openblas/lapack/CMakeFiles/ctrti2_UU.c
2.3	-- /work/grodgers/git/tr-aomp/TheRock/build/third-party/host-blas/build/build-openblas/lapack/CMakeFiles/ztrti2_UU.c
2.3	-- /work/grodgers/git/tr-aomp/TheRock/build/third-party/host-blas/build/build-openblas/lapack/CMakeFiles/strti2_LU.c
2.3	-- /work/grodgers/git/tr-aomp/TheRock/build/third-party/host-blas/build/build-openblas/lapack/CMakeFiles/dtrti2_LU.c
2.3	-- /work/grodgers/git/tr-aomp/TheRock/build/third-party/host-blas/build/build-openblas/lapack/CMakeFiles/ctrti2_LU.c
2.3	-- /work/grodgers/git/tr-aomp/TheRock/build/third-party/host-blas/build/build-openblas/lapack/CMakeFiles/ztrti2_LU.c
2.3	-- c lapack
2.3	-- Building deprecated routines
2.3	-- Building Single Precision
2.3	-- Building Double Precision
2.3	-- Building Single Precision Complex
2.3	-- Building Double Precision Complex
2.6	-- Performing Test CMAKE_HAVE_LIBC_PTHREAD
2.7	-- Performing Test CMAKE_HAVE_LIBC_PTHREAD - Success
2.7	-- Found Threads: TRUE  
2.7	-- Generating openblas_config.h in lib/host-math/include/openblas
2.7	-- Generating f77blas.h in lib/host-math/include/openblas
2.7	-- Generating cblas.h in lib/host-math/include/openblas
2.7	-- Copying LAPACKE header files to lib/host-math/include/openblas
2.7	-- Set RPATH $ORIGIN/../lib on openblas_utest
2.7	-- Set RPATH $ORIGIN/../lib on openblas_utest_ext
2.7	-- Set RPATH $ORIGIN/../lib on sblat1
2.7	-- Set RPATH $ORIGIN/../lib on sblat2
2.7	-- Set RPATH $ORIGIN/../lib on sblat3
2.7	-- Set RPATH $ORIGIN/../lib on dblat1
2.7	-- Set RPATH $ORIGIN/../lib on dblat2
2.7	-- Set RPATH $ORIGIN/../lib on dblat3
2.7	-- Set RPATH $ORIGIN/../lib on cblat1
2.7	-- Set RPATH $ORIGIN/../lib on cblat2
2.7	-- Set RPATH $ORIGIN/../lib on cblat3
2.7	-- Set RPATH $ORIGIN/../lib on zblat1
2.7	-- Set RPATH $ORIGIN/../lib on zblat2
2.7	-- Set RPATH $ORIGIN/../lib on zblat3
2.7	-- Set RPATH $ORIGIN/../lib on cblat3_3m
2.7	-- Set RPATH $ORIGIN/../lib on zblat3_3m
2.7	-- Set RPATH $ORIGIN/../lib on xscblat1
2.7	-- Set RPATH $ORIGIN/../lib on xscblat2
2.7	-- Set RPATH $ORIGIN/../lib on xscblat3
2.7	-- Set RPATH $ORIGIN/../lib on xdcblat1
2.7	-- Set RPATH $ORIGIN/../lib on xdcblat2
2.7	-- Set RPATH $ORIGIN/../lib on xdcblat3
2.7	-- Set RPATH $ORIGIN/../lib on xccblat1
2.7	-- Set RPATH $ORIGIN/../lib on xccblat2
2.7	-- Set RPATH $ORIGIN/../lib on xccblat3
2.7	-- Set RPATH $ORIGIN/../lib on xccblat3_3m
2.7	-- Set RPATH $ORIGIN/../lib on xzcblat1
2.7	-- Set RPATH $ORIGIN/../lib on xzcblat2
2.7	-- Set RPATH $ORIGIN/../lib on xzcblat3
2.7	-- Set RPATH $ORIGIN/../lib on xzcblat3_3m
2.7	-- Set RPATH $ORIGIN on openblas_shared
2.7	-- Configuring done (2.7s)
3.5	-- Generating done (0.4s)
3.5	CMake Warning:
3.5	  Manually-specified variables were not used by the project:
3.5	
3.5	    THEROCK_STAGE_INSTALL_ROOT
3.5	
3.5	
3.5	-- Build files have been written to: /work/grodgers/git/tr-aomp/TheRock/build/third-party/host-blas/build
END	1757693411.2041101	3.5873844623565674	0
